run_dir	mtime	git_commit	seed	generations	wikitext2	c4	kl	cost_bits	run_name	search_type	error
/home/jovyan/evopress/outputs/experiments/attention_scope_smoke_joint_mistral_s0.25_attention3.0_g10_o8_seed0	2026-06-29T16:26:52	c84d60bf370ced1d8fafc636a851347e761db7bb	0	10	17.34375		1.0830078125		attention_scope_smoke_joint_mistral_s0.25_attention3.0_g10_o8_seed0	joint_depth_quant	
/home/jovyan/evopress/outputs/experiments/attention_scope_smoke_quant_mistral_attention3.0_g10_o8_seed0	2026-06-29T16:19:52	c84d60bf370ced1d8fafc636a851347e761db7bb	0	10	6.1875		0.042327880859375		attention_scope_smoke_quant_mistral_attention3.0_g10_o8_seed0	quant_only	
/home/jovyan/evopress/outputs/experiments/debug_adaptive_mutation_tiny_pat1_seed0	2026-06-15T11:45:58	dee8ba4780c30c0d29d4633f8f5b7db3cb6c2023	0	5	15.046875		0.368408203125		debug_adaptive_mutation_tiny_pat1_seed0	joint_depth_quant	
/home/jovyan/evopress/outputs/experiments/debug_interaction_aware_mistral_qproj_s025_g5_o8_seed0	2026-07-01T20:09:17	343d63d6188102e6913d93ba9ac7b1c30cff401e	0	5	18.796875		0.841796875		debug_interaction_aware_mistral_qproj_s025_g5_o8_seed0	joint_depth_quant	
/home/jovyan/evopress/outputs/experiments/debug_jointaware_joint_mistral_s0.25_qproj3.0_g2_o8_seed0	2026-06-14T22:30:19	b1cff56242b9e9f7da31e5aa5375bb8aed6b8b2a	0	2	18.796875		1.1103515625		debug_jointaware_joint_mistral_s0.25_qproj3.0_g2_o8_seed0	joint_depth_quant	
/home/jovyan/evopress/outputs/experiments/debug_jointaware_provenance_tiny_p025_seed0	2026-06-15T10:53:09	3e29766f7c2293accef6ee653086b4806a2e6ef8	0	2	14.578125		0.37255859375		debug_jointaware_provenance_tiny_p025_seed0	joint_depth_quant	
/home/jovyan/evopress/outputs/experiments/debug_reporting_depth_mistral_seed0	2026-06-10T17:56:26	21e227e6cd6a4c6d45edbd38393085b6a01c1016	0	2	11.875		0.48095703125		debug_reporting_depth_mistral_seed0	depth_only	
/home/jovyan/evopress/outputs/experiments/debug_reporting_depth_tiny_seed0	2026-06-10T14:42:57	a2d1982847e6dc6a98f06b338f5d6fccb87072f5	0	2	14.46875		0.311279296875		debug_reporting_depth_tiny_seed0	depth_only	
/home/jovyan/evopress/outputs/experiments/debug_reporting_joint_mistral_seed0_retry1	2026-06-14T12:32:22	138f4b48e36a6a2d920bdb3bacff49b1a947e0c3	0	2	11.71875		0.41455078125		debug_reporting_joint_mistral_seed0_retry1	joint_depth_quant	
/home/jovyan/evopress/outputs/experiments/debug_reporting_joint_tiny_seed0	2026-06-10T17:30:04	28b727e5cd1af916747459bf4c1fb64d863ab405	0	2	14.8671875		0.3681640625		debug_reporting_joint_tiny_seed0	joint_depth_quant	
/home/jovyan/evopress/outputs/experiments/debug_reporting_quant_mistral_seed0	2026-06-14T12:50:35	f429d7441c8163dee5aca9d85e49947202d53c07	0	2	7.17578125		0.00444793701171875		debug_reporting_quant_mistral_seed0	quant_only	
/home/jovyan/evopress/outputs/experiments/debug_reporting_quant_tiny_seed0	2026-06-10T16:34:26	10c34336b77dfc940546d38ef0f682e757a66923	0	2	10.6640625		0.00899505615234375		debug_reporting_quant_tiny_seed0	quant_only	
/home/jovyan/evopress/outputs/experiments/debug_standard_mistral_qproj_s025_g5_o8_seed0	2026-07-01T20:00:13	343d63d6188102e6913d93ba9ac7b1c30cff401e	0	5	18.078125		0.96533203125		debug_standard_mistral_qproj_s025_g5_o8_seed0	joint_depth_quant	
/home/jovyan/evopress/outputs/experiments/pilot_component_crossover_mistral_qproj_s025_g5_o8_p4_c025_seed0	2026-08-02T17:30:12	cdeeedddc095fa001522b71e167d84eb7344e423	0	5	19.390625		1.00390625		pilot_component_crossover_mistral_qproj_s025_g5_o8_p4_c025_seed0	joint_depth_quant	
/home/jovyan/evopress/outputs/experiments/pilot_seq_depth_to_joint_warm_mistral_s0.25_qproj3.0_g2_o4_seed0	2026-07-29T11:06:23	92003c0b82e2a02655ee42ae9871753075ce7600	0	2	11.96875		0.7080078125		pilot_seq_depth_to_joint_warm_mistral_s0.25_qproj3.0_g2_o4_seed0	joint_depth_quant	
/home/jovyan/evopress/outputs/experiments/pilot_seq_depth_to_quant_frozen_mistral_s0.25_qproj3.0_g2_o4_seed0	2026-07-28T17:19:08	92003c0b82e2a02655ee42ae9871753075ce7600	0	2	11.9921875		0.708984375		pilot_seq_depth_to_quant_frozen_mistral_s0.25_qproj3.0_g2_o4_seed0	joint_depth_quant	
/home/jovyan/evopress/outputs/experiments/pilot_seq_quant_to_depth_frozen_mistral_s0.25_qproj3.0_g2_o4_seed0	2026-07-29T11:47:02	92003c0b82e2a02655ee42ae9871753075ce7600	0	2	109.4375		2.99609375		pilot_seq_quant_to_depth_frozen_mistral_s0.25_qproj3.0_g2_o4_seed0	joint_depth_quant	
/home/jovyan/evopress/outputs/experiments/pilot_seq_quant_to_joint_warm_mistral_s0.25_qproj3.0_g2_o4_seed0	2026-07-29T11:51:24	92003c0b82e2a02655ee42ae9871753075ce7600	0	2	132.5		3.21484375		pilot_seq_quant_to_joint_warm_mistral_s0.25_qproj3.0_g2_o4_seed0	joint_depth_quant	
/home/jovyan/evopress/outputs/experiments/screen_adaptive_tiny_pat3_max3_g20_o8_seed0	2026-06-15T11:56:07	aa445b1b5de62f9c34d257add3ccbdbcb227a01c	0	20	10.921875		0.222900390625		screen_adaptive_tiny_pat3_max3_g20_o8_seed0	joint_depth_quant	
/home/jovyan/evopress/outputs/experiments/screen_adaptive_tiny_pat3_max3_g20_o8_seed1	2026-06-15T11:59:38	aa445b1b5de62f9c34d257add3ccbdbcb227a01c	1	20	11.03125		0.253662109375		screen_adaptive_tiny_pat3_max3_g20_o8_seed1	joint_depth_quant	
/home/jovyan/evopress/outputs/experiments/screen_adaptive_tiny_pat3_max3_g20_o8_seed2	2026-06-15T12:03:10	aa445b1b5de62f9c34d257add3ccbdbcb227a01c	2	20	11.0078125		0.2288818359375		screen_adaptive_tiny_pat3_max3_g20_o8_seed2	joint_depth_quant	
/home/jovyan/evopress/outputs/experiments/screen_coarsetofine_tiny_s3_e1_g20_o8_seed0	2026-06-15T14:08:00	3f35e2ab8e7fff6f79facfd55153f3162c898003	0	20	10.9609375		0.24755859375		screen_coarsetofine_tiny_s3_e1_g20_o8_seed0	joint_depth_quant	
/home/jovyan/evopress/outputs/experiments/screen_coarsetofine_tiny_s3_e1_g20_o8_seed1	2026-06-15T14:11:47	3f35e2ab8e7fff6f79facfd55153f3162c898003	1	20	11.3984375		0.293701171875		screen_coarsetofine_tiny_s3_e1_g20_o8_seed1	joint_depth_quant	
/home/jovyan/evopress/outputs/experiments/screen_coarsetofine_tiny_s3_e1_g20_o8_seed2	2026-06-15T14:15:29	3f35e2ab8e7fff6f79facfd55153f3162c898003	2	20	11.2890625		0.245849609375		screen_coarsetofine_tiny_s3_e1_g20_o8_seed2	joint_depth_quant	
/home/jovyan/evopress/outputs/experiments/screen_fixedstrength_tiny_max1_g20_o8_seed0	2026-06-15T12:16:27	1004b962eb4fdbcc8da2d1b8ea80e9ad8475c915	0	20	10.921875		0.222900390625		screen_fixedstrength_tiny_max1_g20_o8_seed0	joint_depth_quant	
/home/jovyan/evopress/outputs/experiments/screen_fixedstrength_tiny_max1_g20_o8_seed1	2026-06-15T12:19:59	1004b962eb4fdbcc8da2d1b8ea80e9ad8475c915	1	20	11.03125		0.253662109375		screen_fixedstrength_tiny_max1_g20_o8_seed1	joint_depth_quant	
/home/jovyan/evopress/outputs/experiments/screen_fixedstrength_tiny_max1_g20_o8_seed2	2026-06-15T12:23:35	1004b962eb4fdbcc8da2d1b8ea80e9ad8475c915	2	20	10.9609375		0.2276611328125		screen_fixedstrength_tiny_max1_g20_o8_seed2	joint_depth_quant	
/home/jovyan/evopress/outputs/experiments/screen_jointaware_tiny_p025_g20_o8_seed0	2026-06-15T11:06:30	b71022fb1df653b1a36e4b5cf35eba1b3afa8187	0	20	12.015625		0.30126953125		screen_jointaware_tiny_p025_g20_o8_seed0	joint_depth_quant	
/home/jovyan/evopress/outputs/experiments/screen_jointaware_tiny_p025_g20_o8_seed1	2026-06-15T11:13:32	b71022fb1df653b1a36e4b5cf35eba1b3afa8187	1	20	10.875		0.2401123046875		screen_jointaware_tiny_p025_g20_o8_seed1	joint_depth_quant	
/home/jovyan/evopress/outputs/experiments/screen_jointaware_tiny_p025_g20_o8_seed2	2026-06-15T11:20:38	b71022fb1df653b1a36e4b5cf35eba1b3afa8187	2	20	11.03125		0.229248046875		screen_jointaware_tiny_p025_g20_o8_seed2	joint_depth_quant	
/home/jovyan/evopress/outputs/experiments/screen_jointaware_tiny_p0_g20_o8_seed0	2026-06-15T11:02:50	b71022fb1df653b1a36e4b5cf35eba1b3afa8187	0	20	11.2890625		0.280517578125		screen_jointaware_tiny_p0_g20_o8_seed0	joint_depth_quant	
/home/jovyan/evopress/outputs/experiments/screen_jointaware_tiny_p0_g20_o8_seed1	2026-06-15T11:10:01	b71022fb1df653b1a36e4b5cf35eba1b3afa8187	1	20	10.9609375		0.2423095703125		screen_jointaware_tiny_p0_g20_o8_seed1	joint_depth_quant	
/home/jovyan/evopress/outputs/experiments/screen_jointaware_tiny_p0_g20_o8_seed2	2026-06-15T11:17:06	b71022fb1df653b1a36e4b5cf35eba1b3afa8187	2	20	11.4921875		0.25927734375		screen_jointaware_tiny_p0_g20_o8_seed2	joint_depth_quant	
/home/jovyan/evopress/outputs/experiments/thesis_attention_g50_joint_mistral_s0.25_attention3.0_g50_o16_seed0	2026-06-29T17:39:47	0977be95bcd948bd986909ee0d8e8fe70ee4f014	0	50	13.25		0.8173828125		thesis_attention_g50_joint_mistral_s0.25_attention3.0_g50_o16_seed0	joint_depth_quant	
/home/jovyan/evopress/outputs/experiments/thesis_attention_g50_joint_mistral_s0.25_attention3.0_g50_o16_seed1	2026-06-29T17:59:27	0977be95bcd948bd986909ee0d8e8fe70ee4f014	1	50	11.7421875		0.6396484375		thesis_attention_g50_joint_mistral_s0.25_attention3.0_g50_o16_seed1	joint_depth_quant	
/home/jovyan/evopress/outputs/experiments/thesis_attention_g50_joint_mistral_s0.25_attention3.0_g50_o16_seed2	2026-06-29T18:18:56	0977be95bcd948bd986909ee0d8e8fe70ee4f014	2	50	13.015625		0.67578125		thesis_attention_g50_joint_mistral_s0.25_attention3.0_g50_o16_seed2	joint_depth_quant	
/home/jovyan/evopress/outputs/experiments/thesis_attention_interactionaware_joint_mistral_s0.25_attention3.0_g50_o16_seed0	2026-07-03T02:57:49	924998d722079ee0abdc0a9f3cec32648a97e43f	0	50	12.640625		0.72509765625		thesis_attention_interactionaware_joint_mistral_s0.25_attention3.0_g50_o16_seed0	joint_depth_quant	
/home/jovyan/evopress/outputs/experiments/thesis_attention_interactionaware_joint_mistral_s0.25_attention3.0_g50_o16_seed1	2026-07-03T04:22:59	035c0b4aa83f0675d29e214bfb81f5fa1d24c903	1	50	12.4453125		0.666015625		thesis_attention_interactionaware_joint_mistral_s0.25_attention3.0_g50_o16_seed1	joint_depth_quant	
/home/jovyan/evopress/outputs/experiments/thesis_attention_interactionaware_joint_mistral_s0.25_attention3.0_g50_o16_seed2	2026-07-03T10:52:24	6c62b4b24b2f449ebccdd60a190c4fc30960b3c0	2	50	12.1796875		0.685546875		thesis_attention_interactionaware_joint_mistral_s0.25_attention3.0_g50_o16_seed2	joint_depth_quant	
/home/jovyan/evopress/outputs/experiments/thesis_attention_quant_mistral_attention3.0_g20_o16_seed0	2026-06-29T16:45:23	0977be95bcd948bd986909ee0d8e8fe70ee4f014	0	20	6.19140625		0.041534423828125		thesis_attention_quant_mistral_attention3.0_g20_o16_seed0	quant_only	
/home/jovyan/evopress/outputs/experiments/thesis_attention_quant_mistral_attention3.0_g20_o16_seed1	2026-06-29T16:56:35	0977be95bcd948bd986909ee0d8e8fe70ee4f014	1	20	6.19140625		0.037078857421875		thesis_attention_quant_mistral_attention3.0_g20_o16_seed1	quant_only	
/home/jovyan/evopress/outputs/experiments/thesis_attention_quant_mistral_attention3.0_g20_o16_seed2	2026-06-29T17:07:26	0977be95bcd948bd986909ee0d8e8fe70ee4f014	2	20	6.171875		0.037750244140625		thesis_attention_quant_mistral_attention3.0_g20_o16_seed2	quant_only	
/home/jovyan/evopress/outputs/experiments/thesis_component_crossover_mistral_s0.25_qproj3.0_g20_o16_p4_c025_seed0	2026-08-02T17:50:27	cdeeedddc095fa001522b71e167d84eb7344e423	0	20	12.6640625		0.7724609375		thesis_component_crossover_mistral_s0.25_qproj3.0_g20_o16_p4_c025_seed0	joint_depth_quant	
/home/jovyan/evopress/outputs/experiments/thesis_component_crossover_mistral_s0.25_qproj3.0_g20_o16_p4_c025_seed1	2026-08-02T18:13:00	cdeeedddc095fa001522b71e167d84eb7344e423	1	20	13.8828125		0.8427734375		thesis_component_crossover_mistral_s0.25_qproj3.0_g20_o16_p4_c025_seed1	joint_depth_quant	
/home/jovyan/evopress/outputs/experiments/thesis_component_crossover_mistral_s0.25_qproj3.0_g20_o16_p4_c025_seed2	2026-08-02T18:42:05	cdeeedddc095fa001522b71e167d84eb7344e423	2	20	12.0625		0.72216796875		thesis_component_crossover_mistral_s0.25_qproj3.0_g20_o16_p4_c025_seed2	joint_depth_quant	
/home/jovyan/evopress/outputs/experiments/thesis_compute_matched_joint_mistral_s0.25_qproj3.0_g50_o16_seed0	2026-06-14T16:16:19	6cc470ea00c21869004015a0d794d1e7c7bc36f5	0	50	11.46875		0.6640625		thesis_compute_matched_joint_mistral_s0.25_qproj3.0_g50_o16_seed0	joint_depth_quant	
/home/jovyan/evopress/outputs/experiments/thesis_compute_matched_joint_mistral_s0.25_qproj3.0_g50_o16_seed1	2026-06-14T16:39:03	6cc470ea00c21869004015a0d794d1e7c7bc36f5	1	50	10.921875		0.55908203125		thesis_compute_matched_joint_mistral_s0.25_qproj3.0_g50_o16_seed1	joint_depth_quant	
/home/jovyan/evopress/outputs/experiments/thesis_compute_matched_joint_mistral_s0.25_qproj3.0_g50_o16_seed2	2026-06-14T17:01:42	6cc470ea00c21869004015a0d794d1e7c7bc36f5	2	50	11.3359375		0.615234375		thesis_compute_matched_joint_mistral_s0.25_qproj3.0_g50_o16_seed2	joint_depth_quant	
/home/jovyan/evopress/outputs/experiments/thesis_depthwarm_interactionaware_joint_mistral_s0.25_qproj3.0_g50_o16_seed0	2026-07-29T23:12:06	5412e1daa89dc9786220cd6199c03bc67001480d	0	50	10.984375		0.626953125		thesis_depthwarm_interactionaware_joint_mistral_s0.25_qproj3.0_g50_o16_seed0	joint_depth_quant	
/home/jovyan/evopress/outputs/experiments/thesis_depthwarm_interactionaware_joint_mistral_s0.25_qproj3.0_g50_o16_seed1	2026-07-29T23:52:36	5412e1daa89dc9786220cd6199c03bc67001480d	1	50	11.375		0.6162109375		thesis_depthwarm_interactionaware_joint_mistral_s0.25_qproj3.0_g50_o16_seed1	joint_depth_quant	
/home/jovyan/evopress/outputs/experiments/thesis_depthwarm_interactionaware_joint_mistral_s0.25_qproj3.0_g50_o16_seed2	2026-07-30T00:33:31	5412e1daa89dc9786220cd6199c03bc67001480d	2	50	11.15625		0.591796875		thesis_depthwarm_interactionaware_joint_mistral_s0.25_qproj3.0_g50_o16_seed2	joint_depth_quant	
/home/jovyan/evopress/outputs/experiments/thesis_depthwarm_standard_joint_mistral_s0.25_qproj3.0_g50_o16_seed0	2026-07-29T22:51:18	5412e1daa89dc9786220cd6199c03bc67001480d	0	50	10.9453125		0.60986328125		thesis_depthwarm_standard_joint_mistral_s0.25_qproj3.0_g50_o16_seed0	joint_depth_quant	
/home/jovyan/evopress/outputs/experiments/thesis_depthwarm_standard_joint_mistral_s0.25_qproj3.0_g50_o16_seed1	2026-07-29T23:31:59	5412e1daa89dc9786220cd6199c03bc67001480d	1	50	11.671875		0.62109375		thesis_depthwarm_standard_joint_mistral_s0.25_qproj3.0_g50_o16_seed1	joint_depth_quant	
/home/jovyan/evopress/outputs/experiments/thesis_depthwarm_standard_joint_mistral_s0.25_qproj3.0_g50_o16_seed2	2026-07-30T00:12:40	5412e1daa89dc9786220cd6199c03bc67001480d	2	50	11.3515625		0.60498046875		thesis_depthwarm_standard_joint_mistral_s0.25_qproj3.0_g50_o16_seed2	joint_depth_quant	
/home/jovyan/evopress/outputs/experiments/thesis_fixedstrength_joint_mistral_s0.25_qproj3.0_g50_o16_seed0	2026-06-15T12:52:53	84b0730dcfdd86d9cd11b19ebda3c63375a5c784	0	50	11.5078125		0.67626953125		thesis_fixedstrength_joint_mistral_s0.25_qproj3.0_g50_o16_seed0	joint_depth_quant	
/home/jovyan/evopress/outputs/experiments/thesis_fixedstrength_joint_mistral_s0.25_qproj3.0_g50_o16_seed1	2026-06-15T13:13:22	84b0730dcfdd86d9cd11b19ebda3c63375a5c784	1	50	11.0078125		0.55908203125		thesis_fixedstrength_joint_mistral_s0.25_qproj3.0_g50_o16_seed1	joint_depth_quant	
/home/jovyan/evopress/outputs/experiments/thesis_fixedstrength_joint_mistral_s0.25_qproj3.0_g50_o16_seed2	2026-06-15T13:34:47	84b0730dcfdd86d9cd11b19ebda3c63375a5c784	2	50	11.1171875		0.6044921875		thesis_fixedstrength_joint_mistral_s0.25_qproj3.0_g50_o16_seed2	joint_depth_quant	
/home/jovyan/evopress/outputs/experiments/thesis_interactionaware_joint_mistral_s0.25_qproj3.0_g20_o16_seed0	2026-07-31T11:51:21	4c3e6b2d393d14df83e9e0c89a3d58018034d19f	0	20	11.625		0.669921875		thesis_interactionaware_joint_mistral_s0.25_qproj3.0_g20_o16_seed0	joint_depth_quant	
/home/jovyan/evopress/outputs/experiments/thesis_interactionaware_joint_mistral_s0.25_qproj3.0_g20_o16_seed1	2026-07-31T12:04:47	4c3e6b2d393d14df83e9e0c89a3d58018034d19f	1	20	12.640625		0.72802734375		thesis_interactionaware_joint_mistral_s0.25_qproj3.0_g20_o16_seed1	joint_depth_quant	
/home/jovyan/evopress/outputs/experiments/thesis_interactionaware_joint_mistral_s0.25_qproj3.0_g20_o16_seed2	2026-07-31T12:22:14	4c3e6b2d393d14df83e9e0c89a3d58018034d19f	2	20	12.1328125		0.712890625		thesis_interactionaware_joint_mistral_s0.25_qproj3.0_g20_o16_seed2	joint_depth_quant	
/home/jovyan/evopress/outputs/experiments/thesis_interactionaware_joint_mistral_s0.25_qproj3.0_g50_o16_seed0	2026-07-01T20:37:14	5cd931f1a225c2218f001494566f7ef26fbc5cd1	0	50	10.8984375		0.6103515625		thesis_interactionaware_joint_mistral_s0.25_qproj3.0_g50_o16_seed0	joint_depth_quant	
/home/jovyan/evopress/outputs/experiments/thesis_interactionaware_joint_mistral_s0.25_qproj3.0_g50_o16_seed1	2026-07-01T21:07:44	5c9e519cdc2929f95a2836cb0e17b60abe80166c	1	50	11.1171875		0.59130859375		thesis_interactionaware_joint_mistral_s0.25_qproj3.0_g50_o16_seed1	joint_depth_quant	
/home/jovyan/evopress/outputs/experiments/thesis_interactionaware_joint_mistral_s0.25_qproj3.0_g50_o16_seed2	2026-07-01T21:33:19	5c9e519cdc2929f95a2836cb0e17b60abe80166c	2	50	11.2421875		0.625		thesis_interactionaware_joint_mistral_s0.25_qproj3.0_g50_o16_seed2	joint_depth_quant	
/home/jovyan/evopress/outputs/experiments/thesis_jointaware_joint_mistral_s0.25_qproj3.0_g50_o16_seed0	2026-06-14T22:56:58	90c88f6afb4564c70198457086cdd0acd46e55e8	0	50	11.15625		0.6357421875		thesis_jointaware_joint_mistral_s0.25_qproj3.0_g50_o16_seed0	joint_depth_quant	
/home/jovyan/evopress/outputs/experiments/thesis_jointaware_joint_mistral_s0.25_qproj3.0_g50_o16_seed1	2026-06-14T23:20:30	90c88f6afb4564c70198457086cdd0acd46e55e8	1	50	11.2265625		0.6025390625		thesis_jointaware_joint_mistral_s0.25_qproj3.0_g50_o16_seed1	joint_depth_quant	
/home/jovyan/evopress/outputs/experiments/thesis_jointaware_joint_mistral_s0.25_qproj3.0_g50_o16_seed2	2026-06-14T23:53:01	90c88f6afb4564c70198457086cdd0acd46e55e8	2	50	12.2578125		0.72265625		thesis_jointaware_joint_mistral_s0.25_qproj3.0_g50_o16_seed2	joint_depth_quant	
/home/jovyan/evopress/outputs/experiments/thesis_jointaware_joint_mistral_s0.25_qproj3.0_g50_o16_seed2_retry1	2026-06-15T00:06:03	90c88f6afb4564c70198457086cdd0acd46e55e8	2	50	12.2578125		0.72265625		thesis_jointaware_joint_mistral_s0.25_qproj3.0_g50_o16_seed2_retry1	joint_depth_quant	
/home/jovyan/evopress/outputs/experiments/thesis_medium_depth_mistral_s0.25_g20_o16_seed0	2026-06-14T13:26:23	2b4e4dc75c91a23982f05347a079927e9c32fd4c	0	20	11.8046875		0.68505859375		thesis_medium_depth_mistral_s0.25_g20_o16_seed0	depth_only	
/home/jovyan/evopress/outputs/experiments/thesis_medium_depth_mistral_s0.25_g20_o16_seed1	2026-06-14T13:59:25	2b4e4dc75c91a23982f05347a079927e9c32fd4c	1	20	12.4453125		0.69921875		thesis_medium_depth_mistral_s0.25_g20_o16_seed1	depth_only	
/home/jovyan/evopress/outputs/experiments/thesis_medium_depth_mistral_s0.25_g20_o16_seed2	2026-06-14T14:32:32	2b4e4dc75c91a23982f05347a079927e9c32fd4c	2	20	11.203125		0.60791015625		thesis_medium_depth_mistral_s0.25_g20_o16_seed2	depth_only	
/home/jovyan/evopress/outputs/experiments/thesis_medium_joint_mistral_s0.25_qproj3.0_g20_o16_seed0	2026-06-14T13:49:47	2b4e4dc75c91a23982f05347a079927e9c32fd4c	0	20	13.3828125		0.7939453125		thesis_medium_joint_mistral_s0.25_qproj3.0_g20_o16_seed0	joint_depth_quant	
/home/jovyan/evopress/outputs/experiments/thesis_medium_joint_mistral_s0.25_qproj3.0_g20_o16_seed1	2026-06-14T14:22:52	2b4e4dc75c91a23982f05347a079927e9c32fd4c	1	20	12.28125		0.69921875		thesis_medium_joint_mistral_s0.25_qproj3.0_g20_o16_seed1	joint_depth_quant	
/home/jovyan/evopress/outputs/experiments/thesis_medium_joint_mistral_s0.25_qproj3.0_g20_o16_seed2	2026-06-14T14:55:56	2b4e4dc75c91a23982f05347a079927e9c32fd4c	2	20	12.15625		0.712890625		thesis_medium_joint_mistral_s0.25_qproj3.0_g20_o16_seed2	joint_depth_quant	
/home/jovyan/evopress/outputs/experiments/thesis_medium_quant_mistral_qproj3.0_g20_o16_seed0	2026-06-14T13:39:35	2b4e4dc75c91a23982f05347a079927e9c32fd4c	0	20	5.9375		0.005687713623046875		thesis_medium_quant_mistral_qproj3.0_g20_o16_seed0	quant_only	
/home/jovyan/evopress/outputs/experiments/thesis_medium_quant_mistral_qproj3.0_g20_o16_seed1	2026-06-14T14:12:37	2b4e4dc75c91a23982f05347a079927e9c32fd4c	1	20	5.9375		0.00499725341796875		thesis_medium_quant_mistral_qproj3.0_g20_o16_seed1	quant_only	
/home/jovyan/evopress/outputs/experiments/thesis_medium_quant_mistral_qproj3.0_g20_o16_seed2	2026-06-14T14:45:46	2b4e4dc75c91a23982f05347a079927e9c32fd4c	2	20	5.9375		0.005023956298828125		thesis_medium_quant_mistral_qproj3.0_g20_o16_seed2	quant_only	
/home/jovyan/evopress/outputs/experiments/thesis_sequential_depth_to_joint_warm_mistral_s0.25_qproj3.0_g20_o16_seed0	2026-07-29T12:21:00	7cf25059719cc278c99d2c0772a68647d071231c	0	20	11.5078125		0.671875		thesis_sequential_depth_to_joint_warm_mistral_s0.25_qproj3.0_g20_o16_seed0	joint_depth_quant	
/home/jovyan/evopress/outputs/experiments/thesis_sequential_depth_to_joint_warm_mistral_s0.25_qproj3.0_g20_o16_seed1	2026-07-29T13:13:36	7cf25059719cc278c99d2c0772a68647d071231c	1	20	11.7578125		0.646484375		thesis_sequential_depth_to_joint_warm_mistral_s0.25_qproj3.0_g20_o16_seed1	joint_depth_quant	
/home/jovyan/evopress/outputs/experiments/thesis_sequential_depth_to_joint_warm_mistral_s0.25_qproj3.0_g20_o16_seed2	2026-07-29T15:10:42	7cf25059719cc278c99d2c0772a68647d071231c	2	20	11.3125		0.60791015625		thesis_sequential_depth_to_joint_warm_mistral_s0.25_qproj3.0_g20_o16_seed2	joint_depth_quant	
/home/jovyan/evopress/outputs/experiments/thesis_sequential_depth_to_quant_frozen_mistral_s0.25_qproj3.0_g20_o16_seed0	2026-07-29T12:09:43	7cf25059719cc278c99d2c0772a68647d071231c	0	20	11.921875		0.69775390625		thesis_sequential_depth_to_quant_frozen_mistral_s0.25_qproj3.0_g20_o16_seed0	joint_depth_quant	
/home/jovyan/evopress/outputs/experiments/thesis_sequential_depth_to_quant_frozen_mistral_s0.25_qproj3.0_g20_o16_seed1	2026-07-29T13:02:05	7cf25059719cc278c99d2c0772a68647d071231c	1	20	12.5234375		0.703125		thesis_sequential_depth_to_quant_frozen_mistral_s0.25_qproj3.0_g20_o16_seed1	joint_depth_quant	
/home/jovyan/evopress/outputs/experiments/thesis_sequential_depth_to_quant_frozen_mistral_s0.25_qproj3.0_g20_o16_seed2	2026-07-29T14:59:37	7cf25059719cc278c99d2c0772a68647d071231c	2	20	11.3515625		0.61669921875		thesis_sequential_depth_to_quant_frozen_mistral_s0.25_qproj3.0_g20_o16_seed2	joint_depth_quant	
/home/jovyan/evopress/outputs/experiments/thesis_sequential_quant_to_depth_frozen_mistral_s0.25_qproj3.0_g20_o16_seed0	2026-07-29T12:30:12	7cf25059719cc278c99d2c0772a68647d071231c	0	20	11.03125		0.61767578125		thesis_sequential_quant_to_depth_frozen_mistral_s0.25_qproj3.0_g20_o16_seed0	joint_depth_quant	
/home/jovyan/evopress/outputs/experiments/thesis_sequential_quant_to_depth_frozen_mistral_s0.25_qproj3.0_g20_o16_seed1	2026-07-29T14:24:46	7cf25059719cc278c99d2c0772a68647d071231c	1	20	16.453125		1.013671875		thesis_sequential_quant_to_depth_frozen_mistral_s0.25_qproj3.0_g20_o16_seed1	joint_depth_quant	
/home/jovyan/evopress/outputs/experiments/thesis_sequential_quant_to_depth_frozen_mistral_s0.25_qproj3.0_g20_o16_seed2	2026-07-29T15:21:09	7cf25059719cc278c99d2c0772a68647d071231c	2	20	14.5234375		0.908203125		thesis_sequential_quant_to_depth_frozen_mistral_s0.25_qproj3.0_g20_o16_seed2	joint_depth_quant	
/home/jovyan/evopress/outputs/experiments/thesis_sequential_quant_to_joint_warm_interactionaware_mistral_s0.25_qproj3.0_g20_o16_seed0	2026-07-31T00:10:45	abfa8123de05e4c76cb508f581e25ba6c698e3f2	0	20	12.3984375		0.7412109375		thesis_sequential_quant_to_joint_warm_interactionaware_mistral_s0.25_qproj3.0_g20_o16_seed0	joint_depth_quant	
/home/jovyan/evopress/outputs/experiments/thesis_sequential_quant_to_joint_warm_interactionaware_mistral_s0.25_qproj3.0_g20_o16_seed1	2026-07-31T00:27:34	abfa8123de05e4c76cb508f581e25ba6c698e3f2	1	20	11.8046875		0.6328125		thesis_sequential_quant_to_joint_warm_interactionaware_mistral_s0.25_qproj3.0_g20_o16_seed1	joint_depth_quant	
/home/jovyan/evopress/outputs/experiments/thesis_sequential_quant_to_joint_warm_interactionaware_mistral_s0.25_qproj3.0_g20_o16_seed2	2026-07-31T10:19:31	abfa8123de05e4c76cb508f581e25ba6c698e3f2	2	20	11.3359375		0.625		thesis_sequential_quant_to_joint_warm_interactionaware_mistral_s0.25_qproj3.0_g20_o16_seed2	joint_depth_quant	
/home/jovyan/evopress/outputs/experiments/thesis_sequential_quant_to_joint_warm_mistral_s0.25_qproj3.0_g20_o16_seed0	2026-07-29T12:45:11	7cf25059719cc278c99d2c0772a68647d071231c	0	20	13.046875		0.77587890625		thesis_sequential_quant_to_joint_warm_mistral_s0.25_qproj3.0_g20_o16_seed0	joint_depth_quant	
/home/jovyan/evopress/outputs/experiments/thesis_sequential_quant_to_joint_warm_mistral_s0.25_qproj3.0_g20_o16_seed1	2026-07-29T14:45:56	7cf25059719cc278c99d2c0772a68647d071231c	1	20	12.1796875		0.701171875		thesis_sequential_quant_to_joint_warm_mistral_s0.25_qproj3.0_g20_o16_seed1	joint_depth_quant	
/home/jovyan/evopress/outputs/experiments/thesis_sequential_quant_to_joint_warm_mistral_s0.25_qproj3.0_g20_o16_seed2	2026-07-29T15:30:28	7cf25059719cc278c99d2c0772a68647d071231c	2	20	12.4921875		0.75048828125		thesis_sequential_quant_to_joint_warm_mistral_s0.25_qproj3.0_g20_o16_seed2	joint_depth_quant	
/home/jovyan/evopress/results/apples_to_apples/paper_matched/dense/dense_seed0_20260819	2026-08-19T17:25:21	26284c071755eb04e3e71cbd0f77017fae28b6ea	0		4.83	7.71			dense_seed0_20260819	dense	
/home/jovyan/evopress/results/apples_to_apples/paper_matched/joint/joint_seed0_attempt1_20260831	2026-09-01T07:39:14	6d3f04608a74182ba5b974f26f62153553a0fc24	0	150	8.9453125	12.640625	0.467041015625	26982023168	joint_seed0_attempt1_20260831	joint_depth_quant	
/home/jovyan/evopress/results/apples_to_apples/paper_matched/joint/joint_seed1_attempt3_resume_20260902	2026-09-02T22:03:18	6d3f04608a74182ba5b974f26f62153553a0fc24	1	150	8.828125	12.328125	0.4609375	26982023168	joint_seed1_attempt3_resume_20260902	joint_depth_quant	
/home/jovyan/evopress/results/apples_to_apples/paper_matched/joint/joint_seed2_attempt1_20260903	2026-09-04T08:40:15	6d3f04608a74182ba5b974f26f62153553a0fc24	2	150	9.109375	12.5234375	0.4560546875	26982023168	joint_seed2_attempt1_20260903	joint_depth_quant	
/home/jovyan/evopress/results/apples_to_apples/paper_matched/quant_only/quant_only_seed0_attempt12_resume_20260826	2026-08-26T16:02:44	6d3f04608a74182ba5b974f26f62153553a0fc24	0	150	5.23046875	8.421875	0.0731201171875	26982023168	quant_only_seed0_attempt12_resume_20260826	quant_only	
/home/jovyan/evopress/results/apples_to_apples/paper_matched/quant_only/quant_only_seed1_attempt4_resume_20260828	2026-08-29T02:38:28	6d3f04608a74182ba5b974f26f62153553a0fc24	1	150	5.22265625	8.40625	0.07342529296875	26982023168	quant_only_seed1_attempt4_resume_20260828	quant_only	
/home/jovyan/evopress/results/apples_to_apples/paper_matched/quant_only/quant_only_seed2_attempt2_resume_20260830	2026-08-30T22:06:14	6d3f04608a74182ba5b974f26f62153553a0fc24	2	150	5.234375	8.40625	0.07281494140625	26982023168	quant_only_seed2_attempt2_resume_20260830	quant_only	
/home/jovyan/evopress/results/apples_to_apples/paper_matched/uniform3/uniform3_seed0_20260819	2026-08-19T17:37:34	26284c071755eb04e3e71cbd0f77017fae28b6ea	0		5.5	8.55			uniform3_seed0_20260819	uniform_quantization	
/home/jovyan/evopress/results/runs/attention_scope_smoke_joint_mistral_s0.25_attention3.0_g10_o8_seed0	2026-06-29T16:26:53	c84d60bf370ced1d8fafc636a851347e761db7bb	0	10	17.34375		1.0830078125		attention_scope_smoke_joint_mistral_s0.25_attention3.0_g10_o8_seed0	joint_depth_quant	
/home/jovyan/evopress/results/runs/attention_scope_smoke_quant_mistral_attention3.0_g10_o8_seed0	2026-06-29T16:19:52	c84d60bf370ced1d8fafc636a851347e761db7bb	0	10	6.1875		0.042327880859375		attention_scope_smoke_quant_mistral_attention3.0_g10_o8_seed0	quant_only	
/home/jovyan/evopress/results/runs/debug_adaptive_mutation_tiny_pat1_seed0	2026-06-15T11:46:58	dee8ba4780c30c0d29d4633f8f5b7db3cb6c2023	0	5	15.046875		0.368408203125		debug_adaptive_mutation_tiny_pat1_seed0	joint_depth_quant	
/home/jovyan/evopress/results/runs/debug_interaction_aware_mistral_qproj_s025_g5_o8_seed0	2026-07-01T20:11:56	343d63d6188102e6913d93ba9ac7b1c30cff401e	0	5	18.796875		0.841796875		debug_interaction_aware_mistral_qproj_s025_g5_o8_seed0	joint_depth_quant	
/home/jovyan/evopress/results/runs/debug_jointaware_joint_mistral_s0.25_qproj3.0_g2_o8_seed0	2026-06-14T22:30:20	b1cff56242b9e9f7da31e5aa5375bb8aed6b8b2a	0	2	18.796875		1.1103515625		debug_jointaware_joint_mistral_s0.25_qproj3.0_g2_o8_seed0	joint_depth_quant	
/home/jovyan/evopress/results/runs/debug_jointaware_provenance_tiny_p025_seed0	2026-06-15T10:54:30	3e29766f7c2293accef6ee653086b4806a2e6ef8	0	2	14.578125		0.37255859375		debug_jointaware_provenance_tiny_p025_seed0	joint_depth_quant	
/home/jovyan/evopress/results/runs/debug_reporting_depth_mistral_seed0	2026-06-14T11:57:34	21e227e6cd6a4c6d45edbd38393085b6a01c1016	0	2	11.875		0.48095703125		debug_reporting_depth_mistral_seed0	depth_only	
/home/jovyan/evopress/results/runs/debug_reporting_depth_tiny_seed0	2026-06-10T15:45:42	a2d1982847e6dc6a98f06b338f5d6fccb87072f5	0	2	14.46875		0.311279296875		debug_reporting_depth_tiny_seed0	depth_only	
/home/jovyan/evopress/results/runs/debug_reporting_joint_mistral_seed0_retry1	2026-06-14T12:34:25	138f4b48e36a6a2d920bdb3bacff49b1a947e0c3	0	2	11.71875		0.41455078125		debug_reporting_joint_mistral_seed0_retry1	joint_depth_quant	
/home/jovyan/evopress/results/runs/debug_reporting_joint_tiny_seed0	2026-06-10T17:30:04	28b727e5cd1af916747459bf4c1fb64d863ab405	0	2	14.8671875		0.3681640625		debug_reporting_joint_tiny_seed0	joint_depth_quant	
/home/jovyan/evopress/results/runs/debug_reporting_quant_mistral_seed0	2026-06-14T12:52:00	f429d7441c8163dee5aca9d85e49947202d53c07	0	2	7.17578125		0.00444793701171875		debug_reporting_quant_mistral_seed0	quant_only	
/home/jovyan/evopress/results/runs/debug_reporting_quant_tiny_seed0	2026-06-10T16:36:12	10c34336b77dfc940546d38ef0f682e757a66923	0	2	10.6640625		0.00899505615234375		debug_reporting_quant_tiny_seed0	quant_only	
/home/jovyan/evopress/results/runs/debug_standard_mistral_qproj_s025_g5_o8_seed0	2026-07-01T20:11:56	343d63d6188102e6913d93ba9ac7b1c30cff401e	0	5	18.078125		0.96533203125		debug_standard_mistral_qproj_s025_g5_o8_seed0	joint_depth_quant	
/home/jovyan/evopress/results/runs/pilot_component_crossover_mistral_qproj_s025_g5_o8_p4_c025_seed0	2026-08-02T19:10:39	cdeeedddc095fa001522b71e167d84eb7344e423	0	5	19.390625		1.00390625		pilot_component_crossover_mistral_qproj_s025_g5_o8_p4_c025_seed0	joint_depth_quant	
/home/jovyan/evopress/results/runs/pilot_seq_depth_to_joint_warm_mistral_s0.25_qproj3.0_g2_o4_seed0	2026-07-29T11:53:49	92003c0b82e2a02655ee42ae9871753075ce7600	0	2	11.96875		0.7080078125		pilot_seq_depth_to_joint_warm_mistral_s0.25_qproj3.0_g2_o4_seed0	joint_depth_quant	
/home/jovyan/evopress/results/runs/pilot_seq_depth_to_quant_frozen_mistral_s0.25_qproj3.0_g2_o4_seed0	2026-07-29T11:53:49	92003c0b82e2a02655ee42ae9871753075ce7600	0	2	11.9921875		0.708984375		pilot_seq_depth_to_quant_frozen_mistral_s0.25_qproj3.0_g2_o4_seed0	joint_depth_quant	
/home/jovyan/evopress/results/runs/pilot_seq_quant_to_depth_frozen_mistral_s0.25_qproj3.0_g2_o4_seed0	2026-07-29T11:53:49	92003c0b82e2a02655ee42ae9871753075ce7600	0	2	109.4375		2.99609375		pilot_seq_quant_to_depth_frozen_mistral_s0.25_qproj3.0_g2_o4_seed0	joint_depth_quant	
/home/jovyan/evopress/results/runs/pilot_seq_quant_to_joint_warm_mistral_s0.25_qproj3.0_g2_o4_seed0	2026-07-29T11:53:50	92003c0b82e2a02655ee42ae9871753075ce7600	0	2	132.5		3.21484375		pilot_seq_quant_to_joint_warm_mistral_s0.25_qproj3.0_g2_o4_seed0	joint_depth_quant	
/home/jovyan/evopress/results/runs/screen_adaptive_tiny_pat3_max3_g20_o8_seed0	2026-06-15T11:56:07	aa445b1b5de62f9c34d257add3ccbdbcb227a01c	0	20	10.921875		0.222900390625		screen_adaptive_tiny_pat3_max3_g20_o8_seed0	joint_depth_quant	
/home/jovyan/evopress/results/runs/screen_adaptive_tiny_pat3_max3_g20_o8_seed1	2026-06-15T11:59:38	aa445b1b5de62f9c34d257add3ccbdbcb227a01c	1	20	11.03125		0.253662109375		screen_adaptive_tiny_pat3_max3_g20_o8_seed1	joint_depth_quant	
/home/jovyan/evopress/results/runs/screen_adaptive_tiny_pat3_max3_g20_o8_seed2	2026-06-15T12:03:11	aa445b1b5de62f9c34d257add3ccbdbcb227a01c	2	20	11.0078125		0.2288818359375		screen_adaptive_tiny_pat3_max3_g20_o8_seed2	joint_depth_quant	
/home/jovyan/evopress/results/runs/screen_coarsetofine_tiny_s3_e1_g20_o8_seed0	2026-06-23T16:50:28	3f35e2ab8e7fff6f79facfd55153f3162c898003	0	20	10.9609375		0.24755859375		screen_coarsetofine_tiny_s3_e1_g20_o8_seed0	joint_depth_quant	
/home/jovyan/evopress/results/runs/screen_coarsetofine_tiny_s3_e1_g20_o8_seed1	2026-06-23T16:50:28	3f35e2ab8e7fff6f79facfd55153f3162c898003	1	20	11.3984375		0.293701171875		screen_coarsetofine_tiny_s3_e1_g20_o8_seed1	joint_depth_quant	
/home/jovyan/evopress/results/runs/screen_coarsetofine_tiny_s3_e1_g20_o8_seed2	2026-06-23T16:50:28	3f35e2ab8e7fff6f79facfd55153f3162c898003	2	20	11.2890625		0.245849609375		screen_coarsetofine_tiny_s3_e1_g20_o8_seed2	joint_depth_quant	
/home/jovyan/evopress/results/runs/screen_fixedstrength_tiny_max1_g20_o8_seed0	2026-06-15T12:16:27	1004b962eb4fdbcc8da2d1b8ea80e9ad8475c915	0	20	10.921875		0.222900390625		screen_fixedstrength_tiny_max1_g20_o8_seed0	joint_depth_quant	
/home/jovyan/evopress/results/runs/screen_fixedstrength_tiny_max1_g20_o8_seed1	2026-06-15T12:19:59	1004b962eb4fdbcc8da2d1b8ea80e9ad8475c915	1	20	11.03125		0.253662109375		screen_fixedstrength_tiny_max1_g20_o8_seed1	joint_depth_quant	
/home/jovyan/evopress/results/runs/screen_fixedstrength_tiny_max1_g20_o8_seed2	2026-06-15T12:23:35	1004b962eb4fdbcc8da2d1b8ea80e9ad8475c915	2	20	10.9609375		0.2276611328125		screen_fixedstrength_tiny_max1_g20_o8_seed2	joint_depth_quant	
/home/jovyan/evopress/results/runs/screen_jointaware_tiny_p025_g20_o8_seed0	2026-06-15T11:06:30	b71022fb1df653b1a36e4b5cf35eba1b3afa8187	0	20	12.015625		0.30126953125		screen_jointaware_tiny_p025_g20_o8_seed0	joint_depth_quant	
/home/jovyan/evopress/results/runs/screen_jointaware_tiny_p025_g20_o8_seed1	2026-06-15T11:13:32	b71022fb1df653b1a36e4b5cf35eba1b3afa8187	1	20	10.875		0.2401123046875		screen_jointaware_tiny_p025_g20_o8_seed1	joint_depth_quant	
/home/jovyan/evopress/results/runs/screen_jointaware_tiny_p025_g20_o8_seed2	2026-06-15T11:20:38	b71022fb1df653b1a36e4b5cf35eba1b3afa8187	2	20	11.03125		0.229248046875		screen_jointaware_tiny_p025_g20_o8_seed2	joint_depth_quant	
/home/jovyan/evopress/results/runs/screen_jointaware_tiny_p0_g20_o8_seed0	2026-06-15T11:02:51	b71022fb1df653b1a36e4b5cf35eba1b3afa8187	0	20	11.2890625		0.280517578125		screen_jointaware_tiny_p0_g20_o8_seed0	joint_depth_quant	
/home/jovyan/evopress/results/runs/screen_jointaware_tiny_p0_g20_o8_seed1	2026-06-15T11:10:01	b71022fb1df653b1a36e4b5cf35eba1b3afa8187	1	20	10.9609375		0.2423095703125		screen_jointaware_tiny_p0_g20_o8_seed1	joint_depth_quant	
/home/jovyan/evopress/results/runs/screen_jointaware_tiny_p0_g20_o8_seed2	2026-06-15T11:17:06	b71022fb1df653b1a36e4b5cf35eba1b3afa8187	2	20	11.4921875		0.25927734375		screen_jointaware_tiny_p0_g20_o8_seed2	joint_depth_quant	
/home/jovyan/evopress/results/runs/thesis_attention_g50_joint_mistral_s0.25_attention3.0_g50_o16_seed0	2026-06-29T17:39:47	0977be95bcd948bd986909ee0d8e8fe70ee4f014	0	50	13.25		0.8173828125		thesis_attention_g50_joint_mistral_s0.25_attention3.0_g50_o16_seed0	joint_depth_quant	
/home/jovyan/evopress/results/runs/thesis_attention_g50_joint_mistral_s0.25_attention3.0_g50_o16_seed1	2026-06-29T17:59:27	0977be95bcd948bd986909ee0d8e8fe70ee4f014	1	50	11.7421875		0.6396484375		thesis_attention_g50_joint_mistral_s0.25_attention3.0_g50_o16_seed1	joint_depth_quant	
/home/jovyan/evopress/results/runs/thesis_attention_g50_joint_mistral_s0.25_attention3.0_g50_o16_seed2	2026-06-29T18:18:56	0977be95bcd948bd986909ee0d8e8fe70ee4f014	2	50	13.015625		0.67578125		thesis_attention_g50_joint_mistral_s0.25_attention3.0_g50_o16_seed2	joint_depth_quant	
/home/jovyan/evopress/results/runs/thesis_attention_interactionaware_joint_mistral_s0.25_attention3.0_g50_o16_seed0	2026-07-03T03:10:58	924998d722079ee0abdc0a9f3cec32648a97e43f	0	50	12.640625		0.72509765625		thesis_attention_interactionaware_joint_mistral_s0.25_attention3.0_g50_o16_seed0	joint_depth_quant	
/home/jovyan/evopress/results/runs/thesis_attention_interactionaware_joint_mistral_s0.25_attention3.0_g50_o16_seed1	2026-07-03T04:25:06	035c0b4aa83f0675d29e214bfb81f5fa1d24c903	1	50	12.4453125		0.666015625		thesis_attention_interactionaware_joint_mistral_s0.25_attention3.0_g50_o16_seed1	joint_depth_quant	
/home/jovyan/evopress/results/runs/thesis_attention_interactionaware_joint_mistral_s0.25_attention3.0_g50_o16_seed2	2026-07-03T10:52:45	6c62b4b24b2f449ebccdd60a190c4fc30960b3c0	2	50	12.1796875		0.685546875		thesis_attention_interactionaware_joint_mistral_s0.25_attention3.0_g50_o16_seed2	joint_depth_quant	
/home/jovyan/evopress/results/runs/thesis_attention_quant_mistral_attention3.0_g20_o16_seed0	2026-06-29T18:23:07	0977be95bcd948bd986909ee0d8e8fe70ee4f014	0	20	6.19140625		0.041534423828125		thesis_attention_quant_mistral_attention3.0_g20_o16_seed0	quant_only	
/home/jovyan/evopress/results/runs/thesis_attention_quant_mistral_attention3.0_g20_o16_seed1	2026-06-29T18:23:07	0977be95bcd948bd986909ee0d8e8fe70ee4f014	1	20	6.19140625		0.037078857421875		thesis_attention_quant_mistral_attention3.0_g20_o16_seed1	quant_only	
/home/jovyan/evopress/results/runs/thesis_attention_quant_mistral_attention3.0_g20_o16_seed2	2026-06-29T18:23:07	0977be95bcd948bd986909ee0d8e8fe70ee4f014	2	20	6.171875		0.037750244140625		thesis_attention_quant_mistral_attention3.0_g20_o16_seed2	quant_only	
/home/jovyan/evopress/results/runs/thesis_component_crossover_mistral_s0.25_qproj3.0_g20_o16_p4_c025_seed0	2026-08-02T19:10:39	cdeeedddc095fa001522b71e167d84eb7344e423	0	20	12.6640625		0.7724609375		thesis_component_crossover_mistral_s0.25_qproj3.0_g20_o16_p4_c025_seed0	joint_depth_quant	
/home/jovyan/evopress/results/runs/thesis_component_crossover_mistral_s0.25_qproj3.0_g20_o16_p4_c025_seed1	2026-08-02T19:10:39	cdeeedddc095fa001522b71e167d84eb7344e423	1	20	13.8828125		0.8427734375		thesis_component_crossover_mistral_s0.25_qproj3.0_g20_o16_p4_c025_seed1	joint_depth_quant	
/home/jovyan/evopress/results/runs/thesis_component_crossover_mistral_s0.25_qproj3.0_g20_o16_p4_c025_seed2	2026-08-02T19:10:39	cdeeedddc095fa001522b71e167d84eb7344e423	2	20	12.0625		0.72216796875		thesis_component_crossover_mistral_s0.25_qproj3.0_g20_o16_p4_c025_seed2	joint_depth_quant	
/home/jovyan/evopress/results/runs/thesis_compute_matched_joint_mistral_s0.25_qproj3.0_g50_o16_seed0	2026-06-14T16:16:19	6cc470ea00c21869004015a0d794d1e7c7bc36f5	0	50	11.46875		0.6640625		thesis_compute_matched_joint_mistral_s0.25_qproj3.0_g50_o16_seed0	joint_depth_quant	
/home/jovyan/evopress/results/runs/thesis_compute_matched_joint_mistral_s0.25_qproj3.0_g50_o16_seed1	2026-06-14T16:39:03	6cc470ea00c21869004015a0d794d1e7c7bc36f5	1	50	10.921875		0.55908203125		thesis_compute_matched_joint_mistral_s0.25_qproj3.0_g50_o16_seed1	joint_depth_quant	
/home/jovyan/evopress/results/runs/thesis_compute_matched_joint_mistral_s0.25_qproj3.0_g50_o16_seed2	2026-06-14T17:01:42	6cc470ea00c21869004015a0d794d1e7c7bc36f5	2	50	11.3359375		0.615234375		thesis_compute_matched_joint_mistral_s0.25_qproj3.0_g50_o16_seed2	joint_depth_quant	
/home/jovyan/evopress/results/runs/thesis_depthwarm_interactionaware_joint_mistral_s0.25_qproj3.0_g50_o16_seed0	2026-07-29T23:12:06	5412e1daa89dc9786220cd6199c03bc67001480d	0	50	10.984375		0.626953125		thesis_depthwarm_interactionaware_joint_mistral_s0.25_qproj3.0_g50_o16_seed0	joint_depth_quant	
/home/jovyan/evopress/results/runs/thesis_depthwarm_interactionaware_joint_mistral_s0.25_qproj3.0_g50_o16_seed1	2026-07-29T23:52:37	5412e1daa89dc9786220cd6199c03bc67001480d	1	50	11.375		0.6162109375		thesis_depthwarm_interactionaware_joint_mistral_s0.25_qproj3.0_g50_o16_seed1	joint_depth_quant	
/home/jovyan/evopress/results/runs/thesis_depthwarm_interactionaware_joint_mistral_s0.25_qproj3.0_g50_o16_seed2	2026-07-30T00:33:32	5412e1daa89dc9786220cd6199c03bc67001480d	2	50	11.15625		0.591796875		thesis_depthwarm_interactionaware_joint_mistral_s0.25_qproj3.0_g50_o16_seed2	joint_depth_quant	
/home/jovyan/evopress/results/runs/thesis_depthwarm_standard_joint_mistral_s0.25_qproj3.0_g50_o16_seed0	2026-07-29T22:51:18	5412e1daa89dc9786220cd6199c03bc67001480d	0	50	10.9453125		0.60986328125		thesis_depthwarm_standard_joint_mistral_s0.25_qproj3.0_g50_o16_seed0	joint_depth_quant	
/home/jovyan/evopress/results/runs/thesis_depthwarm_standard_joint_mistral_s0.25_qproj3.0_g50_o16_seed1	2026-07-29T23:31:59	5412e1daa89dc9786220cd6199c03bc67001480d	1	50	11.671875		0.62109375		thesis_depthwarm_standard_joint_mistral_s0.25_qproj3.0_g50_o16_seed1	joint_depth_quant	
/home/jovyan/evopress/results/runs/thesis_depthwarm_standard_joint_mistral_s0.25_qproj3.0_g50_o16_seed2	2026-07-30T00:12:41	5412e1daa89dc9786220cd6199c03bc67001480d	2	50	11.3515625		0.60498046875		thesis_depthwarm_standard_joint_mistral_s0.25_qproj3.0_g50_o16_seed2	joint_depth_quant	
/home/jovyan/evopress/results/runs/thesis_fixedstrength_joint_mistral_s0.25_qproj3.0_g50_o16_seed0	2026-06-15T12:52:54	84b0730dcfdd86d9cd11b19ebda3c63375a5c784	0	50	11.5078125		0.67626953125		thesis_fixedstrength_joint_mistral_s0.25_qproj3.0_g50_o16_seed0	joint_depth_quant	
/home/jovyan/evopress/results/runs/thesis_fixedstrength_joint_mistral_s0.25_qproj3.0_g50_o16_seed1	2026-06-15T13:13:22	84b0730dcfdd86d9cd11b19ebda3c63375a5c784	1	50	11.0078125		0.55908203125		thesis_fixedstrength_joint_mistral_s0.25_qproj3.0_g50_o16_seed1	joint_depth_quant	
/home/jovyan/evopress/results/runs/thesis_fixedstrength_joint_mistral_s0.25_qproj3.0_g50_o16_seed2	2026-06-15T13:34:47	84b0730dcfdd86d9cd11b19ebda3c63375a5c784	2	50	11.1171875		0.6044921875		thesis_fixedstrength_joint_mistral_s0.25_qproj3.0_g50_o16_seed2	joint_depth_quant	
/home/jovyan/evopress/results/runs/thesis_interactionaware_joint_mistral_s0.25_qproj3.0_g20_o16_seed0	2026-07-31T12:40:19	4c3e6b2d393d14df83e9e0c89a3d58018034d19f	0	20	11.625		0.669921875		thesis_interactionaware_joint_mistral_s0.25_qproj3.0_g20_o16_seed0	joint_depth_quant	
/home/jovyan/evopress/results/runs/thesis_interactionaware_joint_mistral_s0.25_qproj3.0_g20_o16_seed1	2026-07-31T12:40:19	4c3e6b2d393d14df83e9e0c89a3d58018034d19f	1	20	12.640625		0.72802734375		thesis_interactionaware_joint_mistral_s0.25_qproj3.0_g20_o16_seed1	joint_depth_quant	
/home/jovyan/evopress/results/runs/thesis_interactionaware_joint_mistral_s0.25_qproj3.0_g20_o16_seed2	2026-07-31T12:40:19	4c3e6b2d393d14df83e9e0c89a3d58018034d19f	2	20	12.1328125		0.712890625		thesis_interactionaware_joint_mistral_s0.25_qproj3.0_g20_o16_seed2	joint_depth_quant	
/home/jovyan/evopress/results/runs/thesis_interactionaware_joint_mistral_s0.25_qproj3.0_g50_o16_seed0	2026-07-01T20:38:38	5cd931f1a225c2218f001494566f7ef26fbc5cd1	0	50	10.8984375		0.6103515625		thesis_interactionaware_joint_mistral_s0.25_qproj3.0_g50_o16_seed0	joint_depth_quant	
/home/jovyan/evopress/results/runs/thesis_interactionaware_joint_mistral_s0.25_qproj3.0_g50_o16_seed1	2026-07-01T21:33:38	5c9e519cdc2929f95a2836cb0e17b60abe80166c	1	50	11.1171875		0.59130859375		thesis_interactionaware_joint_mistral_s0.25_qproj3.0_g50_o16_seed1	joint_depth_quant	
/home/jovyan/evopress/results/runs/thesis_interactionaware_joint_mistral_s0.25_qproj3.0_g50_o16_seed2	2026-07-01T21:33:38	5c9e519cdc2929f95a2836cb0e17b60abe80166c	2	50	11.2421875		0.625		thesis_interactionaware_joint_mistral_s0.25_qproj3.0_g50_o16_seed2	joint_depth_quant	
/home/jovyan/evopress/results/runs/thesis_jointaware_joint_mistral_s0.25_qproj3.0_g50_o16_seed0	2026-06-15T10:39:13	90c88f6afb4564c70198457086cdd0acd46e55e8	0	50	11.15625		0.6357421875		thesis_jointaware_joint_mistral_s0.25_qproj3.0_g50_o16_seed0	joint_depth_quant	
/home/jovyan/evopress/results/runs/thesis_jointaware_joint_mistral_s0.25_qproj3.0_g50_o16_seed1	2026-06-15T10:39:13	90c88f6afb4564c70198457086cdd0acd46e55e8	1	50	11.2265625		0.6025390625		thesis_jointaware_joint_mistral_s0.25_qproj3.0_g50_o16_seed1	joint_depth_quant	
/home/jovyan/evopress/results/runs/thesis_jointaware_joint_mistral_s0.25_qproj3.0_g50_o16_seed2	2026-06-15T10:39:13	90c88f6afb4564c70198457086cdd0acd46e55e8	2	50	12.2578125		0.72265625		thesis_jointaware_joint_mistral_s0.25_qproj3.0_g50_o16_seed2	joint_depth_quant	
/home/jovyan/evopress/results/runs/thesis_jointaware_joint_mistral_s0.25_qproj3.0_g50_o16_seed2_retry1	2026-06-15T00:06:03	90c88f6afb4564c70198457086cdd0acd46e55e8	2	50	12.2578125		0.72265625		thesis_jointaware_joint_mistral_s0.25_qproj3.0_g50_o16_seed2_retry1	joint_depth_quant	
/home/jovyan/evopress/results/runs/thesis_medium_depth_mistral_s0.25_g20_o16_seed0	2026-06-14T15:09:09	2b4e4dc75c91a23982f05347a079927e9c32fd4c	0	20	11.8046875		0.68505859375		thesis_medium_depth_mistral_s0.25_g20_o16_seed0	depth_only	
/home/jovyan/evopress/results/runs/thesis_medium_depth_mistral_s0.25_g20_o16_seed1	2026-06-14T15:09:10	2b4e4dc75c91a23982f05347a079927e9c32fd4c	1	20	12.4453125		0.69921875		thesis_medium_depth_mistral_s0.25_g20_o16_seed1	depth_only	
/home/jovyan/evopress/results/runs/thesis_medium_depth_mistral_s0.25_g20_o16_seed2	2026-06-14T15:09:10	2b4e4dc75c91a23982f05347a079927e9c32fd4c	2	20	11.203125		0.60791015625		thesis_medium_depth_mistral_s0.25_g20_o16_seed2	depth_only	
/home/jovyan/evopress/results/runs/thesis_medium_joint_mistral_s0.25_qproj3.0_g20_o16_seed0	2026-06-14T15:09:10	2b4e4dc75c91a23982f05347a079927e9c32fd4c	0	20	13.3828125		0.7939453125		thesis_medium_joint_mistral_s0.25_qproj3.0_g20_o16_seed0	joint_depth_quant	
/home/jovyan/evopress/results/runs/thesis_medium_joint_mistral_s0.25_qproj3.0_g20_o16_seed1	2026-06-14T15:09:10	2b4e4dc75c91a23982f05347a079927e9c32fd4c	1	20	12.28125		0.69921875		thesis_medium_joint_mistral_s0.25_qproj3.0_g20_o16_seed1	joint_depth_quant	
/home/jovyan/evopress/results/runs/thesis_medium_joint_mistral_s0.25_qproj3.0_g20_o16_seed2	2026-06-14T15:09:10	2b4e4dc75c91a23982f05347a079927e9c32fd4c	2	20	12.15625		0.712890625		thesis_medium_joint_mistral_s0.25_qproj3.0_g20_o16_seed2	joint_depth_quant	
/home/jovyan/evopress/results/runs/thesis_medium_quant_mistral_qproj3.0_g20_o16_seed0	2026-06-14T15:09:10	2b4e4dc75c91a23982f05347a079927e9c32fd4c	0	20	5.9375		0.005687713623046875		thesis_medium_quant_mistral_qproj3.0_g20_o16_seed0	quant_only	
/home/jovyan/evopress/results/runs/thesis_medium_quant_mistral_qproj3.0_g20_o16_seed1	2026-06-14T15:09:10	2b4e4dc75c91a23982f05347a079927e9c32fd4c	1	20	5.9375		0.00499725341796875		thesis_medium_quant_mistral_qproj3.0_g20_o16_seed1	quant_only	
/home/jovyan/evopress/results/runs/thesis_medium_quant_mistral_qproj3.0_g20_o16_seed2	2026-06-14T15:09:10	2b4e4dc75c91a23982f05347a079927e9c32fd4c	2	20	5.9375		0.005023956298828125		thesis_medium_quant_mistral_qproj3.0_g20_o16_seed2	quant_only	
/home/jovyan/evopress/results/runs/thesis_sequential_depth_to_joint_warm_mistral_s0.25_qproj3.0_g20_o16_seed0	2026-07-29T20:38:26	7cf25059719cc278c99d2c0772a68647d071231c	0	20	11.5078125		0.671875		thesis_sequential_depth_to_joint_warm_mistral_s0.25_qproj3.0_g20_o16_seed0	joint_depth_quant	
/home/jovyan/evopress/results/runs/thesis_sequential_depth_to_joint_warm_mistral_s0.25_qproj3.0_g20_o16_seed1	2026-07-29T20:38:26	7cf25059719cc278c99d2c0772a68647d071231c	1	20	11.7578125		0.646484375		thesis_sequential_depth_to_joint_warm_mistral_s0.25_qproj3.0_g20_o16_seed1	joint_depth_quant	
/home/jovyan/evopress/results/runs/thesis_sequential_depth_to_joint_warm_mistral_s0.25_qproj3.0_g20_o16_seed2	2026-07-29T20:38:26	7cf25059719cc278c99d2c0772a68647d071231c	2	20	11.3125		0.60791015625		thesis_sequential_depth_to_joint_warm_mistral_s0.25_qproj3.0_g20_o16_seed2	joint_depth_quant	
/home/jovyan/evopress/results/runs/thesis_sequential_depth_to_quant_frozen_mistral_s0.25_qproj3.0_g20_o16_seed0	2026-07-29T20:38:26	7cf25059719cc278c99d2c0772a68647d071231c	0	20	11.921875		0.69775390625		thesis_sequential_depth_to_quant_frozen_mistral_s0.25_qproj3.0_g20_o16_seed0	joint_depth_quant	
/home/jovyan/evopress/results/runs/thesis_sequential_depth_to_quant_frozen_mistral_s0.25_qproj3.0_g20_o16_seed1	2026-07-29T20:38:26	7cf25059719cc278c99d2c0772a68647d071231c	1	20	12.5234375		0.703125		thesis_sequential_depth_to_quant_frozen_mistral_s0.25_qproj3.0_g20_o16_seed1	joint_depth_quant	
/home/jovyan/evopress/results/runs/thesis_sequential_depth_to_quant_frozen_mistral_s0.25_qproj3.0_g20_o16_seed2	2026-07-29T20:38:26	7cf25059719cc278c99d2c0772a68647d071231c	2	20	11.3515625		0.61669921875		thesis_sequential_depth_to_quant_frozen_mistral_s0.25_qproj3.0_g20_o16_seed2	joint_depth_quant	
/home/jovyan/evopress/results/runs/thesis_sequential_quant_to_depth_frozen_mistral_s0.25_qproj3.0_g20_o16_seed0	2026-07-29T20:38:26	7cf25059719cc278c99d2c0772a68647d071231c	0	20	11.03125		0.61767578125		thesis_sequential_quant_to_depth_frozen_mistral_s0.25_qproj3.0_g20_o16_seed0	joint_depth_quant	
/home/jovyan/evopress/results/runs/thesis_sequential_quant_to_depth_frozen_mistral_s0.25_qproj3.0_g20_o16_seed1	2026-07-29T20:38:26	7cf25059719cc278c99d2c0772a68647d071231c	1	20	16.453125		1.013671875		thesis_sequential_quant_to_depth_frozen_mistral_s0.25_qproj3.0_g20_o16_seed1	joint_depth_quant	
/home/jovyan/evopress/results/runs/thesis_sequential_quant_to_depth_frozen_mistral_s0.25_qproj3.0_g20_o16_seed2	2026-07-29T20:38:26	7cf25059719cc278c99d2c0772a68647d071231c	2	20	14.5234375		0.908203125		thesis_sequential_quant_to_depth_frozen_mistral_s0.25_qproj3.0_g20_o16_seed2	joint_depth_quant	
/home/jovyan/evopress/results/runs/thesis_sequential_quant_to_joint_warm_interactionaware_mistral_s0.25_qproj3.0_g20_o16_seed0	2026-07-31T10:25:26	abfa8123de05e4c76cb508f581e25ba6c698e3f2	0	20	12.3984375		0.7412109375		thesis_sequential_quant_to_joint_warm_interactionaware_mistral_s0.25_qproj3.0_g20_o16_seed0	joint_depth_quant	
/home/jovyan/evopress/results/runs/thesis_sequential_quant_to_joint_warm_interactionaware_mistral_s0.25_qproj3.0_g20_o16_seed1	2026-07-31T10:25:43	abfa8123de05e4c76cb508f581e25ba6c698e3f2	1	20	11.8046875		0.6328125		thesis_sequential_quant_to_joint_warm_interactionaware_mistral_s0.25_qproj3.0_g20_o16_seed1	joint_depth_quant	
/home/jovyan/evopress/results/runs/thesis_sequential_quant_to_joint_warm_interactionaware_mistral_s0.25_qproj3.0_g20_o16_seed2	2026-07-31T10:26:00	abfa8123de05e4c76cb508f581e25ba6c698e3f2	2	20	11.3359375		0.625		thesis_sequential_quant_to_joint_warm_interactionaware_mistral_s0.25_qproj3.0_g20_o16_seed2	joint_depth_quant	
/home/jovyan/evopress/results/runs/thesis_sequential_quant_to_joint_warm_mistral_s0.25_qproj3.0_g20_o16_seed0	2026-07-29T20:38:26	7cf25059719cc278c99d2c0772a68647d071231c	0	20	13.046875		0.77587890625		thesis_sequential_quant_to_joint_warm_mistral_s0.25_qproj3.0_g20_o16_seed0	joint_depth_quant	
/home/jovyan/evopress/results/runs/thesis_sequential_quant_to_joint_warm_mistral_s0.25_qproj3.0_g20_o16_seed1	2026-07-29T20:38:26	7cf25059719cc278c99d2c0772a68647d071231c	1	20	12.1796875		0.701171875		thesis_sequential_quant_to_joint_warm_mistral_s0.25_qproj3.0_g20_o16_seed1	joint_depth_quant	
/home/jovyan/evopress/results/runs/thesis_sequential_quant_to_joint_warm_mistral_s0.25_qproj3.0_g20_o16_seed2	2026-07-29T20:38:26	7cf25059719cc278c99d2c0772a68647d071231c	2	20	12.4921875		0.75048828125		thesis_sequential_quant_to_joint_warm_mistral_s0.25_qproj3.0_g20_o16_seed2	joint_depth_quant	
/home/jovyan/evopress-crossover-v2/outputs/experiments/joint_g20_component_xover_pop4_seed0	2026-09-05T23:01:11	ae43aef686b42560183644177fcef9d4b783c457	0	20	12.6640625		0.7724609375	82816598016	joint_g20_component_xover_pop4_seed0	joint_depth_quant	
/home/jovyan/evopress-crossover-v2/outputs/experiments/joint_g20_layerbundle_xover_pop4_seed0	2026-09-05T23:24:45	ae43aef686b42560183644177fcef9d4b783c457	0	20	14.1015625		0.8623046875	82816598016	joint_g20_layerbundle_xover_pop4_seed0	joint_depth_quant	
/home/jovyan/evopress-crossover-v2/outputs/experiments/joint_g20_mutation_pop1_seed0	2026-09-05T20:17:22	ae43aef686b42560183644177fcef9d4b783c457	0	20	13.3828125		0.7939453125	82816598016	joint_g20_mutation_pop1_seed0	joint_depth_quant	
/home/jovyan/evopress-crossover-v2/outputs/experiments/joint_g20_population_pop4_seed0	2026-09-05T22:29:35	ae43aef686b42560183644177fcef9d4b783c457	0	20	12.4453125		0.740234375	82816598016	joint_g20_population_pop4_seed0	joint_depth_quant	
/home/jovyan/evopress-crossover-v2/outputs/experiments/joint_g20_population_pop4_seed1	2026-09-06T09:04:22	ae43aef686b42560183644177fcef9d4b783c457	1	20	11.8515625		0.666015625	82816598016	joint_g20_population_pop4_seed1	joint_depth_quant	
/home/jovyan/evopress-crossover-v2/outputs/experiments/joint_g20_population_pop4_seed2	2026-09-06T09:53:51	ae43aef686b42560183644177fcef9d4b783c457	2	20	12.3046875		0.73828125	82816598016	joint_g20_population_pop4_seed2	joint_depth_quant	
/home/jovyan/evopress-crossover-v2/results/runs/attention_scope_smoke_joint_mistral_s0.25_attention3.0_g10_o8_seed0	2026-09-05T19:47:24	c84d60bf370ced1d8fafc636a851347e761db7bb	0	10	17.34375		1.0830078125		attention_scope_smoke_joint_mistral_s0.25_attention3.0_g10_o8_seed0	joint_depth_quant	
/home/jovyan/evopress-crossover-v2/results/runs/attention_scope_smoke_quant_mistral_attention3.0_g10_o8_seed0	2026-09-05T19:47:25	c84d60bf370ced1d8fafc636a851347e761db7bb	0	10	6.1875		0.042327880859375		attention_scope_smoke_quant_mistral_attention3.0_g10_o8_seed0	quant_only	
/home/jovyan/evopress-crossover-v2/results/runs/debug_adaptive_mutation_tiny_pat1_seed0	2026-09-05T19:47:25	dee8ba4780c30c0d29d4633f8f5b7db3cb6c2023	0	5	15.046875		0.368408203125		debug_adaptive_mutation_tiny_pat1_seed0	joint_depth_quant	
/home/jovyan/evopress-crossover-v2/results/runs/debug_interaction_aware_mistral_qproj_s025_g5_o8_seed0	2026-09-05T19:47:25	343d63d6188102e6913d93ba9ac7b1c30cff401e	0	5	18.796875		0.841796875		debug_interaction_aware_mistral_qproj_s025_g5_o8_seed0	joint_depth_quant	
/home/jovyan/evopress-crossover-v2/results/runs/debug_jointaware_joint_mistral_s0.25_qproj3.0_g2_o8_seed0	2026-09-05T19:47:25	b1cff56242b9e9f7da31e5aa5375bb8aed6b8b2a	0	2	18.796875		1.1103515625		debug_jointaware_joint_mistral_s0.25_qproj3.0_g2_o8_seed0	joint_depth_quant	
/home/jovyan/evopress-crossover-v2/results/runs/debug_jointaware_provenance_tiny_p025_seed0	2026-09-05T19:47:25	3e29766f7c2293accef6ee653086b4806a2e6ef8	0	2	14.578125		0.37255859375		debug_jointaware_provenance_tiny_p025_seed0	joint_depth_quant	
/home/jovyan/evopress-crossover-v2/results/runs/debug_reporting_depth_mistral_seed0	2026-09-05T19:47:25	21e227e6cd6a4c6d45edbd38393085b6a01c1016	0	2	11.875		0.48095703125		debug_reporting_depth_mistral_seed0	depth_only	
/home/jovyan/evopress-crossover-v2/results/runs/debug_reporting_depth_tiny_seed0	2026-09-05T19:47:25	a2d1982847e6dc6a98f06b338f5d6fccb87072f5	0	2	14.46875		0.311279296875		debug_reporting_depth_tiny_seed0	depth_only	
/home/jovyan/evopress-crossover-v2/results/runs/debug_reporting_joint_mistral_seed0_retry1	2026-09-05T19:47:25	138f4b48e36a6a2d920bdb3bacff49b1a947e0c3	0	2	11.71875		0.41455078125		debug_reporting_joint_mistral_seed0_retry1	joint_depth_quant	
/home/jovyan/evopress-crossover-v2/results/runs/debug_reporting_joint_tiny_seed0	2026-09-05T19:47:25	28b727e5cd1af916747459bf4c1fb64d863ab405	0	2	14.8671875		0.3681640625		debug_reporting_joint_tiny_seed0	joint_depth_quant	
/home/jovyan/evopress-crossover-v2/results/runs/debug_reporting_quant_mistral_seed0	2026-09-05T19:47:25	f429d7441c8163dee5aca9d85e49947202d53c07	0	2	7.17578125		0.00444793701171875		debug_reporting_quant_mistral_seed0	quant_only	
/home/jovyan/evopress-crossover-v2/results/runs/debug_reporting_quant_tiny_seed0	2026-09-05T19:47:25	10c34336b77dfc940546d38ef0f682e757a66923	0	2	10.6640625		0.00899505615234375		debug_reporting_quant_tiny_seed0	quant_only	
/home/jovyan/evopress-crossover-v2/results/runs/debug_standard_mistral_qproj_s025_g5_o8_seed0	2026-09-05T19:47:25	343d63d6188102e6913d93ba9ac7b1c30cff401e	0	5	18.078125		0.96533203125		debug_standard_mistral_qproj_s025_g5_o8_seed0	joint_depth_quant	
/home/jovyan/evopress-crossover-v2/results/runs/pilot_component_crossover_mistral_qproj_s025_g5_o8_p4_c025_seed0	2026-09-05T19:47:26	cdeeedddc095fa001522b71e167d84eb7344e423	0	5	19.390625		1.00390625		pilot_component_crossover_mistral_qproj_s025_g5_o8_p4_c025_seed0	joint_depth_quant	
/home/jovyan/evopress-crossover-v2/results/runs/pilot_seq_depth_to_joint_warm_mistral_s0.25_qproj3.0_g2_o4_seed0	2026-09-05T19:47:26	92003c0b82e2a02655ee42ae9871753075ce7600	0	2	11.96875		0.7080078125		pilot_seq_depth_to_joint_warm_mistral_s0.25_qproj3.0_g2_o4_seed0	joint_depth_quant	
/home/jovyan/evopress-crossover-v2/results/runs/pilot_seq_depth_to_quant_frozen_mistral_s0.25_qproj3.0_g2_o4_seed0	2026-09-05T19:47:26	92003c0b82e2a02655ee42ae9871753075ce7600	0	2	11.9921875		0.708984375		pilot_seq_depth_to_quant_frozen_mistral_s0.25_qproj3.0_g2_o4_seed0	joint_depth_quant	
/home/jovyan/evopress-crossover-v2/results/runs/pilot_seq_quant_to_depth_frozen_mistral_s0.25_qproj3.0_g2_o4_seed0	2026-09-05T19:47:26	92003c0b82e2a02655ee42ae9871753075ce7600	0	2	109.4375		2.99609375		pilot_seq_quant_to_depth_frozen_mistral_s0.25_qproj3.0_g2_o4_seed0	joint_depth_quant	
/home/jovyan/evopress-crossover-v2/results/runs/pilot_seq_quant_to_joint_warm_mistral_s0.25_qproj3.0_g2_o4_seed0	2026-09-05T19:47:26	92003c0b82e2a02655ee42ae9871753075ce7600	0	2	132.5		3.21484375		pilot_seq_quant_to_joint_warm_mistral_s0.25_qproj3.0_g2_o4_seed0	joint_depth_quant	
/home/jovyan/evopress-crossover-v2/results/runs/screen_adaptive_tiny_pat3_max3_g20_o8_seed0	2026-09-05T19:47:26	aa445b1b5de62f9c34d257add3ccbdbcb227a01c	0	20	10.921875		0.222900390625		screen_adaptive_tiny_pat3_max3_g20_o8_seed0	joint_depth_quant	
/home/jovyan/evopress-crossover-v2/results/runs/screen_adaptive_tiny_pat3_max3_g20_o8_seed1	2026-09-05T19:47:26	aa445b1b5de62f9c34d257add3ccbdbcb227a01c	1	20	11.03125		0.253662109375		screen_adaptive_tiny_pat3_max3_g20_o8_seed1	joint_depth_quant	
/home/jovyan/evopress-crossover-v2/results/runs/screen_adaptive_tiny_pat3_max3_g20_o8_seed2	2026-09-05T19:47:26	aa445b1b5de62f9c34d257add3ccbdbcb227a01c	2	20	11.0078125		0.2288818359375		screen_adaptive_tiny_pat3_max3_g20_o8_seed2	joint_depth_quant	
/home/jovyan/evopress-crossover-v2/results/runs/screen_coarsetofine_tiny_s3_e1_g20_o8_seed0	2026-09-05T19:47:26	3f35e2ab8e7fff6f79facfd55153f3162c898003	0	20	10.9609375		0.24755859375		screen_coarsetofine_tiny_s3_e1_g20_o8_seed0	joint_depth_quant	
/home/jovyan/evopress-crossover-v2/results/runs/screen_coarsetofine_tiny_s3_e1_g20_o8_seed1	2026-09-05T19:47:26	3f35e2ab8e7fff6f79facfd55153f3162c898003	1	20	11.3984375		0.293701171875		screen_coarsetofine_tiny_s3_e1_g20_o8_seed1	joint_depth_quant	
/home/jovyan/evopress-crossover-v2/results/runs/screen_coarsetofine_tiny_s3_e1_g20_o8_seed2	2026-09-05T19:47:26	3f35e2ab8e7fff6f79facfd55153f3162c898003	2	20	11.2890625		0.245849609375		screen_coarsetofine_tiny_s3_e1_g20_o8_seed2	joint_depth_quant	
/home/jovyan/evopress-crossover-v2/results/runs/screen_fixedstrength_tiny_max1_g20_o8_seed0	2026-09-05T19:47:26	1004b962eb4fdbcc8da2d1b8ea80e9ad8475c915	0	20	10.921875		0.222900390625		screen_fixedstrength_tiny_max1_g20_o8_seed0	joint_depth_quant	
/home/jovyan/evopress-crossover-v2/results/runs/screen_fixedstrength_tiny_max1_g20_o8_seed1	2026-09-05T19:47:26	1004b962eb4fdbcc8da2d1b8ea80e9ad8475c915	1	20	11.03125		0.253662109375		screen_fixedstrength_tiny_max1_g20_o8_seed1	joint_depth_quant	
/home/jovyan/evopress-crossover-v2/results/runs/screen_fixedstrength_tiny_max1_g20_o8_seed2	2026-09-05T19:47:26	1004b962eb4fdbcc8da2d1b8ea80e9ad8475c915	2	20	10.9609375		0.2276611328125		screen_fixedstrength_tiny_max1_g20_o8_seed2	joint_depth_quant	
/home/jovyan/evopress-crossover-v2/results/runs/screen_jointaware_tiny_p025_g20_o8_seed0	2026-09-05T19:47:26	b71022fb1df653b1a36e4b5cf35eba1b3afa8187	0	20	12.015625		0.30126953125		screen_jointaware_tiny_p025_g20_o8_seed0	joint_depth_quant	
/home/jovyan/evopress-crossover-v2/results/runs/screen_jointaware_tiny_p025_g20_o8_seed1	2026-09-05T19:47:26	b71022fb1df653b1a36e4b5cf35eba1b3afa8187	1	20	10.875		0.2401123046875		screen_jointaware_tiny_p025_g20_o8_seed1	joint_depth_quant	
/home/jovyan/evopress-crossover-v2/results/runs/screen_jointaware_tiny_p025_g20_o8_seed2	2026-09-05T19:47:26	b71022fb1df653b1a36e4b5cf35eba1b3afa8187	2	20	11.03125		0.229248046875		screen_jointaware_tiny_p025_g20_o8_seed2	joint_depth_quant	
/home/jovyan/evopress-crossover-v2/results/runs/screen_jointaware_tiny_p0_g20_o8_seed0	2026-09-05T19:47:26	b71022fb1df653b1a36e4b5cf35eba1b3afa8187	0	20	11.2890625		0.280517578125		screen_jointaware_tiny_p0_g20_o8_seed0	joint_depth_quant	
/home/jovyan/evopress-crossover-v2/results/runs/screen_jointaware_tiny_p0_g20_o8_seed1	2026-09-05T19:47:27	b71022fb1df653b1a36e4b5cf35eba1b3afa8187	1	20	10.9609375		0.2423095703125		screen_jointaware_tiny_p0_g20_o8_seed1	joint_depth_quant	
/home/jovyan/evopress-crossover-v2/results/runs/screen_jointaware_tiny_p0_g20_o8_seed2	2026-09-05T19:47:27	b71022fb1df653b1a36e4b5cf35eba1b3afa8187	2	20	11.4921875		0.25927734375		screen_jointaware_tiny_p0_g20_o8_seed2	joint_depth_quant	
/home/jovyan/evopress-crossover-v2/results/runs/thesis_attention_g50_joint_mistral_s0.25_attention3.0_g50_o16_seed0	2026-09-05T19:47:27	0977be95bcd948bd986909ee0d8e8fe70ee4f014	0	50	13.25		0.8173828125		thesis_attention_g50_joint_mistral_s0.25_attention3.0_g50_o16_seed0	joint_depth_quant	
/home/jovyan/evopress-crossover-v2/results/runs/thesis_attention_g50_joint_mistral_s0.25_attention3.0_g50_o16_seed1	2026-09-05T19:47:27	0977be95bcd948bd986909ee0d8e8fe70ee4f014	1	50	11.7421875		0.6396484375		thesis_attention_g50_joint_mistral_s0.25_attention3.0_g50_o16_seed1	joint_depth_quant	
/home/jovyan/evopress-crossover-v2/results/runs/thesis_attention_g50_joint_mistral_s0.25_attention3.0_g50_o16_seed2	2026-09-05T19:47:27	0977be95bcd948bd986909ee0d8e8fe70ee4f014	2	50	13.015625		0.67578125		thesis_attention_g50_joint_mistral_s0.25_attention3.0_g50_o16_seed2	joint_depth_quant	
/home/jovyan/evopress-crossover-v2/results/runs/thesis_attention_interactionaware_joint_mistral_s0.25_attention3.0_g50_o16_seed0	2026-09-05T19:47:27	924998d722079ee0abdc0a9f3cec32648a97e43f	0	50	12.640625		0.72509765625		thesis_attention_interactionaware_joint_mistral_s0.25_attention3.0_g50_o16_seed0	joint_depth_quant	
/home/jovyan/evopress-crossover-v2/results/runs/thesis_attention_interactionaware_joint_mistral_s0.25_attention3.0_g50_o16_seed1	2026-09-05T19:47:27	035c0b4aa83f0675d29e214bfb81f5fa1d24c903	1	50	12.4453125		0.666015625		thesis_attention_interactionaware_joint_mistral_s0.25_attention3.0_g50_o16_seed1	joint_depth_quant	
/home/jovyan/evopress-crossover-v2/results/runs/thesis_attention_interactionaware_joint_mistral_s0.25_attention3.0_g50_o16_seed2	2026-09-05T19:47:27	6c62b4b24b2f449ebccdd60a190c4fc30960b3c0	2	50	12.1796875		0.685546875		thesis_attention_interactionaware_joint_mistral_s0.25_attention3.0_g50_o16_seed2	joint_depth_quant	
/home/jovyan/evopress-crossover-v2/results/runs/thesis_attention_quant_mistral_attention3.0_g20_o16_seed0	2026-09-05T19:47:27	0977be95bcd948bd986909ee0d8e8fe70ee4f014	0	20	6.19140625		0.041534423828125		thesis_attention_quant_mistral_attention3.0_g20_o16_seed0	quant_only	
/home/jovyan/evopress-crossover-v2/results/runs/thesis_attention_quant_mistral_attention3.0_g20_o16_seed1	2026-09-05T19:47:27	0977be95bcd948bd986909ee0d8e8fe70ee4f014	1	20	6.19140625		0.037078857421875		thesis_attention_quant_mistral_attention3.0_g20_o16_seed1	quant_only	
/home/jovyan/evopress-crossover-v2/results/runs/thesis_attention_quant_mistral_attention3.0_g20_o16_seed2	2026-09-05T19:47:27	0977be95bcd948bd986909ee0d8e8fe70ee4f014	2	20	6.171875		0.037750244140625		thesis_attention_quant_mistral_attention3.0_g20_o16_seed2	quant_only	
/home/jovyan/evopress-crossover-v2/results/runs/thesis_component_crossover_mistral_s0.25_qproj3.0_g20_o16_p4_c025_seed0	2026-09-05T19:47:27	cdeeedddc095fa001522b71e167d84eb7344e423	0	20	12.6640625		0.7724609375		thesis_component_crossover_mistral_s0.25_qproj3.0_g20_o16_p4_c025_seed0	joint_depth_quant	
/home/jovyan/evopress-crossover-v2/results/runs/thesis_component_crossover_mistral_s0.25_qproj3.0_g20_o16_p4_c025_seed1	2026-09-05T19:47:27	cdeeedddc095fa001522b71e167d84eb7344e423	1	20	13.8828125		0.8427734375		thesis_component_crossover_mistral_s0.25_qproj3.0_g20_o16_p4_c025_seed1	joint_depth_quant	
/home/jovyan/evopress-crossover-v2/results/runs/thesis_component_crossover_mistral_s0.25_qproj3.0_g20_o16_p4_c025_seed2	2026-09-05T19:47:27	cdeeedddc095fa001522b71e167d84eb7344e423	2	20	12.0625		0.72216796875		thesis_component_crossover_mistral_s0.25_qproj3.0_g20_o16_p4_c025_seed2	joint_depth_quant	
/home/jovyan/evopress-crossover-v2/results/runs/thesis_compute_matched_joint_mistral_s0.25_qproj3.0_g50_o16_seed0	2026-09-05T19:47:27	6cc470ea00c21869004015a0d794d1e7c7bc36f5	0	50	11.46875		0.6640625		thesis_compute_matched_joint_mistral_s0.25_qproj3.0_g50_o16_seed0	joint_depth_quant	
/home/jovyan/evopress-crossover-v2/results/runs/thesis_compute_matched_joint_mistral_s0.25_qproj3.0_g50_o16_seed1	2026-09-05T19:47:27	6cc470ea00c21869004015a0d794d1e7c7bc36f5	1	50	10.921875		0.55908203125		thesis_compute_matched_joint_mistral_s0.25_qproj3.0_g50_o16_seed1	joint_depth_quant	
/home/jovyan/evopress-crossover-v2/results/runs/thesis_compute_matched_joint_mistral_s0.25_qproj3.0_g50_o16_seed2	2026-09-05T19:47:27	6cc470ea00c21869004015a0d794d1e7c7bc36f5	2	50	11.3359375		0.615234375		thesis_compute_matched_joint_mistral_s0.25_qproj3.0_g50_o16_seed2	joint_depth_quant	
/home/jovyan/evopress-crossover-v2/results/runs/thesis_depthwarm_interactionaware_joint_mistral_s0.25_qproj3.0_g50_o16_seed0	2026-09-05T19:47:27	5412e1daa89dc9786220cd6199c03bc67001480d	0	50	10.984375		0.626953125		thesis_depthwarm_interactionaware_joint_mistral_s0.25_qproj3.0_g50_o16_seed0	joint_depth_quant	
/home/jovyan/evopress-crossover-v2/results/runs/thesis_depthwarm_interactionaware_joint_mistral_s0.25_qproj3.0_g50_o16_seed1	2026-09-05T19:47:27	5412e1daa89dc9786220cd6199c03bc67001480d	1	50	11.375		0.6162109375		thesis_depthwarm_interactionaware_joint_mistral_s0.25_qproj3.0_g50_o16_seed1	joint_depth_quant	
/home/jovyan/evopress-crossover-v2/results/runs/thesis_depthwarm_interactionaware_joint_mistral_s0.25_qproj3.0_g50_o16_seed2	2026-09-05T19:47:27	5412e1daa89dc9786220cd6199c03bc67001480d	2	50	11.15625		0.591796875		thesis_depthwarm_interactionaware_joint_mistral_s0.25_qproj3.0_g50_o16_seed2	joint_depth_quant	
/home/jovyan/evopress-crossover-v2/results/runs/thesis_depthwarm_standard_joint_mistral_s0.25_qproj3.0_g50_o16_seed0	2026-09-05T19:47:27	5412e1daa89dc9786220cd6199c03bc67001480d	0	50	10.9453125		0.60986328125		thesis_depthwarm_standard_joint_mistral_s0.25_qproj3.0_g50_o16_seed0	joint_depth_quant	
/home/jovyan/evopress-crossover-v2/results/runs/thesis_depthwarm_standard_joint_mistral_s0.25_qproj3.0_g50_o16_seed1	2026-09-05T19:47:27	5412e1daa89dc9786220cd6199c03bc67001480d	1	50	11.671875		0.62109375		thesis_depthwarm_standard_joint_mistral_s0.25_qproj3.0_g50_o16_seed1	joint_depth_quant	
/home/jovyan/evopress-crossover-v2/results/runs/thesis_depthwarm_standard_joint_mistral_s0.25_qproj3.0_g50_o16_seed2	2026-09-05T19:47:27	5412e1daa89dc9786220cd6199c03bc67001480d	2	50	11.3515625		0.60498046875		thesis_depthwarm_standard_joint_mistral_s0.25_qproj3.0_g50_o16_seed2	joint_depth_quant	
/home/jovyan/evopress-crossover-v2/results/runs/thesis_fixedstrength_joint_mistral_s0.25_qproj3.0_g50_o16_seed0	2026-09-05T19:47:27	84b0730dcfdd86d9cd11b19ebda3c63375a5c784	0	50	11.5078125		0.67626953125		thesis_fixedstrength_joint_mistral_s0.25_qproj3.0_g50_o16_seed0	joint_depth_quant	
/home/jovyan/evopress-crossover-v2/results/runs/thesis_fixedstrength_joint_mistral_s0.25_qproj3.0_g50_o16_seed1	2026-09-05T19:47:27	84b0730dcfdd86d9cd11b19ebda3c63375a5c784	1	50	11.0078125		0.55908203125		thesis_fixedstrength_joint_mistral_s0.25_qproj3.0_g50_o16_seed1	joint_depth_quant	
/home/jovyan/evopress-crossover-v2/results/runs/thesis_fixedstrength_joint_mistral_s0.25_qproj3.0_g50_o16_seed2	2026-09-05T19:47:27	84b0730dcfdd86d9cd11b19ebda3c63375a5c784	2	50	11.1171875		0.6044921875		thesis_fixedstrength_joint_mistral_s0.25_qproj3.0_g50_o16_seed2	joint_depth_quant	
/home/jovyan/evopress-crossover-v2/results/runs/thesis_interactionaware_joint_mistral_s0.25_qproj3.0_g20_o16_seed0	2026-09-05T19:47:27	4c3e6b2d393d14df83e9e0c89a3d58018034d19f	0	20	11.625		0.669921875		thesis_interactionaware_joint_mistral_s0.25_qproj3.0_g20_o16_seed0	joint_depth_quant	
/home/jovyan/evopress-crossover-v2/results/runs/thesis_interactionaware_joint_mistral_s0.25_qproj3.0_g20_o16_seed1	2026-09-05T19:47:27	4c3e6b2d393d14df83e9e0c89a3d58018034d19f	1	20	12.640625		0.72802734375		thesis_interactionaware_joint_mistral_s0.25_qproj3.0_g20_o16_seed1	joint_depth_quant	
/home/jovyan/evopress-crossover-v2/results/runs/thesis_interactionaware_joint_mistral_s0.25_qproj3.0_g20_o16_seed2	2026-09-05T19:47:27	4c3e6b2d393d14df83e9e0c89a3d58018034d19f	2	20	12.1328125		0.712890625		thesis_interactionaware_joint_mistral_s0.25_qproj3.0_g20_o16_seed2	joint_depth_quant	
/home/jovyan/evopress-crossover-v2/results/runs/thesis_interactionaware_joint_mistral_s0.25_qproj3.0_g50_o16_seed0	2026-09-05T19:47:27	5cd931f1a225c2218f001494566f7ef26fbc5cd1	0	50	10.8984375		0.6103515625		thesis_interactionaware_joint_mistral_s0.25_qproj3.0_g50_o16_seed0	joint_depth_quant	
/home/jovyan/evopress-crossover-v2/results/runs/thesis_interactionaware_joint_mistral_s0.25_qproj3.0_g50_o16_seed1	2026-09-05T19:47:27	5c9e519cdc2929f95a2836cb0e17b60abe80166c	1	50	11.1171875		0.59130859375		thesis_interactionaware_joint_mistral_s0.25_qproj3.0_g50_o16_seed1	joint_depth_quant	
/home/jovyan/evopress-crossover-v2/results/runs/thesis_interactionaware_joint_mistral_s0.25_qproj3.0_g50_o16_seed2	2026-09-05T19:47:27	5c9e519cdc2929f95a2836cb0e17b60abe80166c	2	50	11.2421875		0.625		thesis_interactionaware_joint_mistral_s0.25_qproj3.0_g50_o16_seed2	joint_depth_quant	
/home/jovyan/evopress-crossover-v2/results/runs/thesis_jointaware_joint_mistral_s0.25_qproj3.0_g50_o16_seed0	2026-09-05T19:47:27	90c88f6afb4564c70198457086cdd0acd46e55e8	0	50	11.15625		0.6357421875		thesis_jointaware_joint_mistral_s0.25_qproj3.0_g50_o16_seed0	joint_depth_quant	
/home/jovyan/evopress-crossover-v2/results/runs/thesis_jointaware_joint_mistral_s0.25_qproj3.0_g50_o16_seed1	2026-09-05T19:47:27	90c88f6afb4564c70198457086cdd0acd46e55e8	1	50	11.2265625		0.6025390625		thesis_jointaware_joint_mistral_s0.25_qproj3.0_g50_o16_seed1	joint_depth_quant	
/home/jovyan/evopress-crossover-v2/results/runs/thesis_jointaware_joint_mistral_s0.25_qproj3.0_g50_o16_seed2	2026-09-05T19:47:28	90c88f6afb4564c70198457086cdd0acd46e55e8	2	50	12.2578125		0.72265625		thesis_jointaware_joint_mistral_s0.25_qproj3.0_g50_o16_seed2	joint_depth_quant	
/home/jovyan/evopress-crossover-v2/results/runs/thesis_jointaware_joint_mistral_s0.25_qproj3.0_g50_o16_seed2_retry1	2026-09-05T19:47:28	90c88f6afb4564c70198457086cdd0acd46e55e8	2	50	12.2578125		0.72265625		thesis_jointaware_joint_mistral_s0.25_qproj3.0_g50_o16_seed2_retry1	joint_depth_quant	
/home/jovyan/evopress-crossover-v2/results/runs/thesis_medium_depth_mistral_s0.25_g20_o16_seed0	2026-09-05T19:47:28	2b4e4dc75c91a23982f05347a079927e9c32fd4c	0	20	11.8046875		0.68505859375		thesis_medium_depth_mistral_s0.25_g20_o16_seed0	depth_only	
/home/jovyan/evopress-crossover-v2/results/runs/thesis_medium_depth_mistral_s0.25_g20_o16_seed1	2026-09-05T19:47:28	2b4e4dc75c91a23982f05347a079927e9c32fd4c	1	20	12.4453125		0.69921875		thesis_medium_depth_mistral_s0.25_g20_o16_seed1	depth_only	
/home/jovyan/evopress-crossover-v2/results/runs/thesis_medium_depth_mistral_s0.25_g20_o16_seed2	2026-09-05T19:47:28	2b4e4dc75c91a23982f05347a079927e9c32fd4c	2	20	11.203125		0.60791015625		thesis_medium_depth_mistral_s0.25_g20_o16_seed2	depth_only	
/home/jovyan/evopress-crossover-v2/results/runs/thesis_medium_joint_mistral_s0.25_qproj3.0_g20_o16_seed0	2026-09-05T19:47:28	2b4e4dc75c91a23982f05347a079927e9c32fd4c	0	20	13.3828125		0.7939453125		thesis_medium_joint_mistral_s0.25_qproj3.0_g20_o16_seed0	joint_depth_quant	
/home/jovyan/evopress-crossover-v2/results/runs/thesis_medium_joint_mistral_s0.25_qproj3.0_g20_o16_seed1	2026-09-05T19:47:28	2b4e4dc75c91a23982f05347a079927e9c32fd4c	1	20	12.28125		0.69921875		thesis_medium_joint_mistral_s0.25_qproj3.0_g20_o16_seed1	joint_depth_quant	
/home/jovyan/evopress-crossover-v2/results/runs/thesis_medium_joint_mistral_s0.25_qproj3.0_g20_o16_seed2	2026-09-05T19:47:28	2b4e4dc75c91a23982f05347a079927e9c32fd4c	2	20	12.15625		0.712890625		thesis_medium_joint_mistral_s0.25_qproj3.0_g20_o16_seed2	joint_depth_quant	
/home/jovyan/evopress-crossover-v2/results/runs/thesis_medium_quant_mistral_qproj3.0_g20_o16_seed0	2026-09-05T19:47:28	2b4e4dc75c91a23982f05347a079927e9c32fd4c	0	20	5.9375		0.005687713623046875		thesis_medium_quant_mistral_qproj3.0_g20_o16_seed0	quant_only	
/home/jovyan/evopress-crossover-v2/results/runs/thesis_medium_quant_mistral_qproj3.0_g20_o16_seed1	2026-09-05T19:47:28	2b4e4dc75c91a23982f05347a079927e9c32fd4c	1	20	5.9375		0.00499725341796875		thesis_medium_quant_mistral_qproj3.0_g20_o16_seed1	quant_only	
/home/jovyan/evopress-crossover-v2/results/runs/thesis_medium_quant_mistral_qproj3.0_g20_o16_seed2	2026-09-05T19:47:28	2b4e4dc75c91a23982f05347a079927e9c32fd4c	2	20	5.9375		0.005023956298828125		thesis_medium_quant_mistral_qproj3.0_g20_o16_seed2	quant_only	
/home/jovyan/evopress-crossover-v2/results/runs/thesis_sequential_depth_to_joint_warm_mistral_s0.25_qproj3.0_g20_o16_seed0	2026-09-05T19:47:28	7cf25059719cc278c99d2c0772a68647d071231c	0	20	11.5078125		0.671875		thesis_sequential_depth_to_joint_warm_mistral_s0.25_qproj3.0_g20_o16_seed0	joint_depth_quant	
/home/jovyan/evopress-crossover-v2/results/runs/thesis_sequential_depth_to_joint_warm_mistral_s0.25_qproj3.0_g20_o16_seed1	2026-09-05T19:47:28	7cf25059719cc278c99d2c0772a68647d071231c	1	20	11.7578125		0.646484375		thesis_sequential_depth_to_joint_warm_mistral_s0.25_qproj3.0_g20_o16_seed1	joint_depth_quant	
/home/jovyan/evopress-crossover-v2/results/runs/thesis_sequential_depth_to_joint_warm_mistral_s0.25_qproj3.0_g20_o16_seed2	2026-09-05T19:47:28	7cf25059719cc278c99d2c0772a68647d071231c	2	20	11.3125		0.60791015625		thesis_sequential_depth_to_joint_warm_mistral_s0.25_qproj3.0_g20_o16_seed2	joint_depth_quant	
/home/jovyan/evopress-crossover-v2/results/runs/thesis_sequential_depth_to_quant_frozen_mistral_s0.25_qproj3.0_g20_o16_seed0	2026-09-05T19:47:28	7cf25059719cc278c99d2c0772a68647d071231c	0	20	11.921875		0.69775390625		thesis_sequential_depth_to_quant_frozen_mistral_s0.25_qproj3.0_g20_o16_seed0	joint_depth_quant	
/home/jovyan/evopress-crossover-v2/results/runs/thesis_sequential_depth_to_quant_frozen_mistral_s0.25_qproj3.0_g20_o16_seed1	2026-09-05T19:47:28	7cf25059719cc278c99d2c0772a68647d071231c	1	20	12.5234375		0.703125		thesis_sequential_depth_to_quant_frozen_mistral_s0.25_qproj3.0_g20_o16_seed1	joint_depth_quant	
/home/jovyan/evopress-crossover-v2/results/runs/thesis_sequential_depth_to_quant_frozen_mistral_s0.25_qproj3.0_g20_o16_seed2	2026-09-05T19:47:28	7cf25059719cc278c99d2c0772a68647d071231c	2	20	11.3515625		0.61669921875		thesis_sequential_depth_to_quant_frozen_mistral_s0.25_qproj3.0_g20_o16_seed2	joint_depth_quant	
/home/jovyan/evopress-crossover-v2/results/runs/thesis_sequential_quant_to_depth_frozen_mistral_s0.25_qproj3.0_g20_o16_seed0	2026-09-05T19:47:28	7cf25059719cc278c99d2c0772a68647d071231c	0	20	11.03125		0.61767578125		thesis_sequential_quant_to_depth_frozen_mistral_s0.25_qproj3.0_g20_o16_seed0	joint_depth_quant	
/home/jovyan/evopress-crossover-v2/results/runs/thesis_sequential_quant_to_depth_frozen_mistral_s0.25_qproj3.0_g20_o16_seed1	2026-09-05T19:47:28	7cf25059719cc278c99d2c0772a68647d071231c	1	20	16.453125		1.013671875		thesis_sequential_quant_to_depth_frozen_mistral_s0.25_qproj3.0_g20_o16_seed1	joint_depth_quant	
/home/jovyan/evopress-crossover-v2/results/runs/thesis_sequential_quant_to_depth_frozen_mistral_s0.25_qproj3.0_g20_o16_seed2	2026-09-05T19:47:28	7cf25059719cc278c99d2c0772a68647d071231c	2	20	14.5234375		0.908203125		thesis_sequential_quant_to_depth_frozen_mistral_s0.25_qproj3.0_g20_o16_seed2	joint_depth_quant	
/home/jovyan/evopress-crossover-v2/results/runs/thesis_sequential_quant_to_joint_warm_interactionaware_mistral_s0.25_qproj3.0_g20_o16_seed0	2026-09-05T19:47:28	abfa8123de05e4c76cb508f581e25ba6c698e3f2	0	20	12.3984375		0.7412109375		thesis_sequential_quant_to_joint_warm_interactionaware_mistral_s0.25_qproj3.0_g20_o16_seed0	joint_depth_quant	
/home/jovyan/evopress-crossover-v2/results/runs/thesis_sequential_quant_to_joint_warm_interactionaware_mistral_s0.25_qproj3.0_g20_o16_seed1	2026-09-05T19:47:28	abfa8123de05e4c76cb508f581e25ba6c698e3f2	1	20	11.8046875		0.6328125		thesis_sequential_quant_to_joint_warm_interactionaware_mistral_s0.25_qproj3.0_g20_o16_seed1	joint_depth_quant	
/home/jovyan/evopress-crossover-v2/results/runs/thesis_sequential_quant_to_joint_warm_interactionaware_mistral_s0.25_qproj3.0_g20_o16_seed2	2026-09-05T19:47:28	abfa8123de05e4c76cb508f581e25ba6c698e3f2	2	20	11.3359375		0.625		thesis_sequential_quant_to_joint_warm_interactionaware_mistral_s0.25_qproj3.0_g20_o16_seed2	joint_depth_quant	
/home/jovyan/evopress-crossover-v2/results/runs/thesis_sequential_quant_to_joint_warm_mistral_s0.25_qproj3.0_g20_o16_seed0	2026-09-05T19:47:28	7cf25059719cc278c99d2c0772a68647d071231c	0	20	13.046875		0.77587890625		thesis_sequential_quant_to_joint_warm_mistral_s0.25_qproj3.0_g20_o16_seed0	joint_depth_quant	
/home/jovyan/evopress-crossover-v2/results/runs/thesis_sequential_quant_to_joint_warm_mistral_s0.25_qproj3.0_g20_o16_seed1	2026-09-05T19:47:28	7cf25059719cc278c99d2c0772a68647d071231c	1	20	12.1796875		0.701171875		thesis_sequential_quant_to_joint_warm_mistral_s0.25_qproj3.0_g20_o16_seed1	joint_depth_quant	
/home/jovyan/evopress-crossover-v2/results/runs/thesis_sequential_quant_to_joint_warm_mistral_s0.25_qproj3.0_g20_o16_seed2	2026-09-05T19:47:28	7cf25059719cc278c99d2c0772a68647d071231c	2	20	12.4921875		0.75048828125		thesis_sequential_quant_to_joint_warm_mistral_s0.25_qproj3.0_g20_o16_seed2	joint_depth_quant	
/home/jovyan/evopress-crossover-v3/outputs/experiments/joint_g20_interactionaware_pop4_seed0	2026-09-06T18:59:17	5a388ea41d9bc1fec74285fed0f81abc4b7ded97	0	20	13.328125		0.80078125	82816598016	joint_g20_interactionaware_pop4_seed0	joint_depth_quant	
/home/jovyan/evopress-crossover-v3/outputs/experiments/joint_g20_localexchange_xover_pop4_seed0	2026-09-06T12:01:08	5a388ea41d9bc1fec74285fed0f81abc4b7ded97	0	20	13.4609375		0.81787109375	82816598016	joint_g20_localexchange_xover_pop4_seed0	joint_depth_quant	
/home/jovyan/evopress-crossover-v3/outputs/experiments/joint_g50_population_pop4_seed0	2026-09-06T13:36:38	5a388ea41d9bc1fec74285fed0f81abc4b7ded97	0	50	11.6015625		0.66748046875	82816598016	joint_g50_population_pop4_seed0	joint_depth_quant	
/home/jovyan/evopress-crossover-v3/outputs/experiments/joint_g50_population_pop4_seed1	2026-09-06T17:00:49	5a388ea41d9bc1fec74285fed0f81abc4b7ded97	1	50	10.8359375		0.576171875	82816598016	joint_g50_population_pop4_seed1	joint_depth_quant	
/home/jovyan/evopress-crossover-v3/outputs/experiments/joint_g50_population_pop4_seed2	2026-09-06T18:21:19	5a388ea41d9bc1fec74285fed0f81abc4b7ded97	2	50	11.4453125		0.64501953125	82816598016	joint_g50_population_pop4_seed2	joint_depth_quant	
/home/jovyan/evopress-crossover-v3/results/runs/attention_scope_smoke_joint_mistral_s0.25_attention3.0_g10_o8_seed0	2026-09-06T11:31:53	c84d60bf370ced1d8fafc636a851347e761db7bb	0	10	17.34375		1.0830078125		attention_scope_smoke_joint_mistral_s0.25_attention3.0_g10_o8_seed0	joint_depth_quant	
/home/jovyan/evopress-crossover-v3/results/runs/attention_scope_smoke_quant_mistral_attention3.0_g10_o8_seed0	2026-09-06T11:31:53	c84d60bf370ced1d8fafc636a851347e761db7bb	0	10	6.1875		0.042327880859375		attention_scope_smoke_quant_mistral_attention3.0_g10_o8_seed0	quant_only	
/home/jovyan/evopress-crossover-v3/results/runs/debug_adaptive_mutation_tiny_pat1_seed0	2026-09-06T11:31:53	dee8ba4780c30c0d29d4633f8f5b7db3cb6c2023	0	5	15.046875		0.368408203125		debug_adaptive_mutation_tiny_pat1_seed0	joint_depth_quant	
/home/jovyan/evopress-crossover-v3/results/runs/debug_interaction_aware_mistral_qproj_s025_g5_o8_seed0	2026-09-06T11:31:54	343d63d6188102e6913d93ba9ac7b1c30cff401e	0	5	18.796875		0.841796875		debug_interaction_aware_mistral_qproj_s025_g5_o8_seed0	joint_depth_quant	
/home/jovyan/evopress-crossover-v3/results/runs/debug_jointaware_joint_mistral_s0.25_qproj3.0_g2_o8_seed0	2026-09-06T11:31:54	b1cff56242b9e9f7da31e5aa5375bb8aed6b8b2a	0	2	18.796875		1.1103515625		debug_jointaware_joint_mistral_s0.25_qproj3.0_g2_o8_seed0	joint_depth_quant	
/home/jovyan/evopress-crossover-v3/results/runs/debug_jointaware_provenance_tiny_p025_seed0	2026-09-06T11:31:54	3e29766f7c2293accef6ee653086b4806a2e6ef8	0	2	14.578125		0.37255859375		debug_jointaware_provenance_tiny_p025_seed0	joint_depth_quant	
/home/jovyan/evopress-crossover-v3/results/runs/debug_reporting_depth_mistral_seed0	2026-09-06T11:31:54	21e227e6cd6a4c6d45edbd38393085b6a01c1016	0	2	11.875		0.48095703125		debug_reporting_depth_mistral_seed0	depth_only	
/home/jovyan/evopress-crossover-v3/results/runs/debug_reporting_depth_tiny_seed0	2026-09-06T11:31:54	a2d1982847e6dc6a98f06b338f5d6fccb87072f5	0	2	14.46875		0.311279296875		debug_reporting_depth_tiny_seed0	depth_only	
/home/jovyan/evopress-crossover-v3/results/runs/debug_reporting_joint_mistral_seed0_retry1	2026-09-06T11:31:54	138f4b48e36a6a2d920bdb3bacff49b1a947e0c3	0	2	11.71875		0.41455078125		debug_reporting_joint_mistral_seed0_retry1	joint_depth_quant	
/home/jovyan/evopress-crossover-v3/results/runs/debug_reporting_joint_tiny_seed0	2026-09-06T11:31:54	28b727e5cd1af916747459bf4c1fb64d863ab405	0	2	14.8671875		0.3681640625		debug_reporting_joint_tiny_seed0	joint_depth_quant	
/home/jovyan/evopress-crossover-v3/results/runs/debug_reporting_quant_mistral_seed0	2026-09-06T11:31:54	f429d7441c8163dee5aca9d85e49947202d53c07	0	2	7.17578125		0.00444793701171875		debug_reporting_quant_mistral_seed0	quant_only	
/home/jovyan/evopress-crossover-v3/results/runs/debug_reporting_quant_tiny_seed0	2026-09-06T11:31:54	10c34336b77dfc940546d38ef0f682e757a66923	0	2	10.6640625		0.00899505615234375		debug_reporting_quant_tiny_seed0	quant_only	
/home/jovyan/evopress-crossover-v3/results/runs/debug_standard_mistral_qproj_s025_g5_o8_seed0	2026-09-06T11:31:54	343d63d6188102e6913d93ba9ac7b1c30cff401e	0	5	18.078125		0.96533203125		debug_standard_mistral_qproj_s025_g5_o8_seed0	joint_depth_quant	
/home/jovyan/evopress-crossover-v3/results/runs/pilot_component_crossover_mistral_qproj_s025_g5_o8_p4_c025_seed0	2026-09-06T11:31:56	cdeeedddc095fa001522b71e167d84eb7344e423	0	5	19.390625		1.00390625		pilot_component_crossover_mistral_qproj_s025_g5_o8_p4_c025_seed0	joint_depth_quant	
/home/jovyan/evopress-crossover-v3/results/runs/pilot_seq_depth_to_joint_warm_mistral_s0.25_qproj3.0_g2_o4_seed0	2026-09-06T11:31:56	92003c0b82e2a02655ee42ae9871753075ce7600	0	2	11.96875		0.7080078125		pilot_seq_depth_to_joint_warm_mistral_s0.25_qproj3.0_g2_o4_seed0	joint_depth_quant	
/home/jovyan/evopress-crossover-v3/results/runs/pilot_seq_depth_to_quant_frozen_mistral_s0.25_qproj3.0_g2_o4_seed0	2026-09-06T11:31:56	92003c0b82e2a02655ee42ae9871753075ce7600	0	2	11.9921875		0.708984375		pilot_seq_depth_to_quant_frozen_mistral_s0.25_qproj3.0_g2_o4_seed0	joint_depth_quant	
/home/jovyan/evopress-crossover-v3/results/runs/pilot_seq_quant_to_depth_frozen_mistral_s0.25_qproj3.0_g2_o4_seed0	2026-09-06T11:31:56	92003c0b82e2a02655ee42ae9871753075ce7600	0	2	109.4375		2.99609375		pilot_seq_quant_to_depth_frozen_mistral_s0.25_qproj3.0_g2_o4_seed0	joint_depth_quant	
/home/jovyan/evopress-crossover-v3/results/runs/pilot_seq_quant_to_joint_warm_mistral_s0.25_qproj3.0_g2_o4_seed0	2026-09-06T11:31:56	92003c0b82e2a02655ee42ae9871753075ce7600	0	2	132.5		3.21484375		pilot_seq_quant_to_joint_warm_mistral_s0.25_qproj3.0_g2_o4_seed0	joint_depth_quant	
/home/jovyan/evopress-crossover-v3/results/runs/screen_adaptive_tiny_pat3_max3_g20_o8_seed0	2026-09-06T11:31:56	aa445b1b5de62f9c34d257add3ccbdbcb227a01c	0	20	10.921875		0.222900390625		screen_adaptive_tiny_pat3_max3_g20_o8_seed0	joint_depth_quant	
/home/jovyan/evopress-crossover-v3/results/runs/screen_adaptive_tiny_pat3_max3_g20_o8_seed1	2026-09-06T11:31:56	aa445b1b5de62f9c34d257add3ccbdbcb227a01c	1	20	11.03125		0.253662109375		screen_adaptive_tiny_pat3_max3_g20_o8_seed1	joint_depth_quant	
/home/jovyan/evopress-crossover-v3/results/runs/screen_adaptive_tiny_pat3_max3_g20_o8_seed2	2026-09-06T11:31:56	aa445b1b5de62f9c34d257add3ccbdbcb227a01c	2	20	11.0078125		0.2288818359375		screen_adaptive_tiny_pat3_max3_g20_o8_seed2	joint_depth_quant	
/home/jovyan/evopress-crossover-v3/results/runs/screen_coarsetofine_tiny_s3_e1_g20_o8_seed0	2026-09-06T11:31:56	3f35e2ab8e7fff6f79facfd55153f3162c898003	0	20	10.9609375		0.24755859375		screen_coarsetofine_tiny_s3_e1_g20_o8_seed0	joint_depth_quant	
/home/jovyan/evopress-crossover-v3/results/runs/screen_coarsetofine_tiny_s3_e1_g20_o8_seed1	2026-09-06T11:31:56	3f35e2ab8e7fff6f79facfd55153f3162c898003	1	20	11.3984375		0.293701171875		screen_coarsetofine_tiny_s3_e1_g20_o8_seed1	joint_depth_quant	
/home/jovyan/evopress-crossover-v3/results/runs/screen_coarsetofine_tiny_s3_e1_g20_o8_seed2	2026-09-06T11:31:57	3f35e2ab8e7fff6f79facfd55153f3162c898003	2	20	11.2890625		0.245849609375		screen_coarsetofine_tiny_s3_e1_g20_o8_seed2	joint_depth_quant	
/home/jovyan/evopress-crossover-v3/results/runs/screen_fixedstrength_tiny_max1_g20_o8_seed0	2026-09-06T11:31:57	1004b962eb4fdbcc8da2d1b8ea80e9ad8475c915	0	20	10.921875		0.222900390625		screen_fixedstrength_tiny_max1_g20_o8_seed0	joint_depth_quant	
/home/jovyan/evopress-crossover-v3/results/runs/screen_fixedstrength_tiny_max1_g20_o8_seed1	2026-09-06T11:31:57	1004b962eb4fdbcc8da2d1b8ea80e9ad8475c915	1	20	11.03125		0.253662109375		screen_fixedstrength_tiny_max1_g20_o8_seed1	joint_depth_quant	
/home/jovyan/evopress-crossover-v3/results/runs/screen_fixedstrength_tiny_max1_g20_o8_seed2	2026-09-06T11:31:57	1004b962eb4fdbcc8da2d1b8ea80e9ad8475c915	2	20	10.9609375		0.2276611328125		screen_fixedstrength_tiny_max1_g20_o8_seed2	joint_depth_quant	
/home/jovyan/evopress-crossover-v3/results/runs/screen_jointaware_tiny_p025_g20_o8_seed0	2026-09-06T11:31:57	b71022fb1df653b1a36e4b5cf35eba1b3afa8187	0	20	12.015625		0.30126953125		screen_jointaware_tiny_p025_g20_o8_seed0	joint_depth_quant	
/home/jovyan/evopress-crossover-v3/results/runs/screen_jointaware_tiny_p025_g20_o8_seed1	2026-09-06T11:31:57	b71022fb1df653b1a36e4b5cf35eba1b3afa8187	1	20	10.875		0.2401123046875		screen_jointaware_tiny_p025_g20_o8_seed1	joint_depth_quant	
/home/jovyan/evopress-crossover-v3/results/runs/screen_jointaware_tiny_p025_g20_o8_seed2	2026-09-06T11:31:57	b71022fb1df653b1a36e4b5cf35eba1b3afa8187	2	20	11.03125		0.229248046875		screen_jointaware_tiny_p025_g20_o8_seed2	joint_depth_quant	
/home/jovyan/evopress-crossover-v3/results/runs/screen_jointaware_tiny_p0_g20_o8_seed0	2026-09-06T11:31:57	b71022fb1df653b1a36e4b5cf35eba1b3afa8187	0	20	11.2890625		0.280517578125		screen_jointaware_tiny_p0_g20_o8_seed0	joint_depth_quant	
/home/jovyan/evopress-crossover-v3/results/runs/screen_jointaware_tiny_p0_g20_o8_seed1	2026-09-06T11:31:57	b71022fb1df653b1a36e4b5cf35eba1b3afa8187	1	20	10.9609375		0.2423095703125		screen_jointaware_tiny_p0_g20_o8_seed1	joint_depth_quant	
/home/jovyan/evopress-crossover-v3/results/runs/screen_jointaware_tiny_p0_g20_o8_seed2	2026-09-06T11:31:57	b71022fb1df653b1a36e4b5cf35eba1b3afa8187	2	20	11.4921875		0.25927734375		screen_jointaware_tiny_p0_g20_o8_seed2	joint_depth_quant	
/home/jovyan/evopress-crossover-v3/results/runs/thesis_attention_g50_joint_mistral_s0.25_attention3.0_g50_o16_seed0	2026-09-06T11:31:57	0977be95bcd948bd986909ee0d8e8fe70ee4f014	0	50	13.25		0.8173828125		thesis_attention_g50_joint_mistral_s0.25_attention3.0_g50_o16_seed0	joint_depth_quant	
/home/jovyan/evopress-crossover-v3/results/runs/thesis_attention_g50_joint_mistral_s0.25_attention3.0_g50_o16_seed1	2026-09-06T11:31:57	0977be95bcd948bd986909ee0d8e8fe70ee4f014	1	50	11.7421875		0.6396484375		thesis_attention_g50_joint_mistral_s0.25_attention3.0_g50_o16_seed1	joint_depth_quant	
/home/jovyan/evopress-crossover-v3/results/runs/thesis_attention_g50_joint_mistral_s0.25_attention3.0_g50_o16_seed2	2026-09-06T11:31:57	0977be95bcd948bd986909ee0d8e8fe70ee4f014	2	50	13.015625		0.67578125		thesis_attention_g50_joint_mistral_s0.25_attention3.0_g50_o16_seed2	joint_depth_quant	
/home/jovyan/evopress-crossover-v3/results/runs/thesis_attention_interactionaware_joint_mistral_s0.25_attention3.0_g50_o16_seed0	2026-09-06T11:31:57	924998d722079ee0abdc0a9f3cec32648a97e43f	0	50	12.640625		0.72509765625		thesis_attention_interactionaware_joint_mistral_s0.25_attention3.0_g50_o16_seed0	joint_depth_quant	
/home/jovyan/evopress-crossover-v3/results/runs/thesis_attention_interactionaware_joint_mistral_s0.25_attention3.0_g50_o16_seed1	2026-09-06T11:31:57	035c0b4aa83f0675d29e214bfb81f5fa1d24c903	1	50	12.4453125		0.666015625		thesis_attention_interactionaware_joint_mistral_s0.25_attention3.0_g50_o16_seed1	joint_depth_quant	
/home/jovyan/evopress-crossover-v3/results/runs/thesis_attention_interactionaware_joint_mistral_s0.25_attention3.0_g50_o16_seed2	2026-09-06T11:31:57	6c62b4b24b2f449ebccdd60a190c4fc30960b3c0	2	50	12.1796875		0.685546875		thesis_attention_interactionaware_joint_mistral_s0.25_attention3.0_g50_o16_seed2	joint_depth_quant	
/home/jovyan/evopress-crossover-v3/results/runs/thesis_attention_quant_mistral_attention3.0_g20_o16_seed0	2026-09-06T11:31:58	0977be95bcd948bd986909ee0d8e8fe70ee4f014	0	20	6.19140625		0.041534423828125		thesis_attention_quant_mistral_attention3.0_g20_o16_seed0	quant_only	
/home/jovyan/evopress-crossover-v3/results/runs/thesis_attention_quant_mistral_attention3.0_g20_o16_seed1	2026-09-06T11:31:58	0977be95bcd948bd986909ee0d8e8fe70ee4f014	1	20	6.19140625		0.037078857421875		thesis_attention_quant_mistral_attention3.0_g20_o16_seed1	quant_only	
/home/jovyan/evopress-crossover-v3/results/runs/thesis_attention_quant_mistral_attention3.0_g20_o16_seed2	2026-09-06T11:31:58	0977be95bcd948bd986909ee0d8e8fe70ee4f014	2	20	6.171875		0.037750244140625		thesis_attention_quant_mistral_attention3.0_g20_o16_seed2	quant_only	
/home/jovyan/evopress-crossover-v3/results/runs/thesis_component_crossover_mistral_s0.25_qproj3.0_g20_o16_p4_c025_seed0	2026-09-06T11:31:58	cdeeedddc095fa001522b71e167d84eb7344e423	0	20	12.6640625		0.7724609375		thesis_component_crossover_mistral_s0.25_qproj3.0_g20_o16_p4_c025_seed0	joint_depth_quant	
/home/jovyan/evopress-crossover-v3/results/runs/thesis_component_crossover_mistral_s0.25_qproj3.0_g20_o16_p4_c025_seed1	2026-09-06T11:31:58	cdeeedddc095fa001522b71e167d84eb7344e423	1	20	13.8828125		0.8427734375		thesis_component_crossover_mistral_s0.25_qproj3.0_g20_o16_p4_c025_seed1	joint_depth_quant	
/home/jovyan/evopress-crossover-v3/results/runs/thesis_component_crossover_mistral_s0.25_qproj3.0_g20_o16_p4_c025_seed2	2026-09-06T11:31:58	cdeeedddc095fa001522b71e167d84eb7344e423	2	20	12.0625		0.72216796875		thesis_component_crossover_mistral_s0.25_qproj3.0_g20_o16_p4_c025_seed2	joint_depth_quant	
/home/jovyan/evopress-crossover-v3/results/runs/thesis_compute_matched_joint_mistral_s0.25_qproj3.0_g50_o16_seed0	2026-09-06T11:31:58	6cc470ea00c21869004015a0d794d1e7c7bc36f5	0	50	11.46875		0.6640625		thesis_compute_matched_joint_mistral_s0.25_qproj3.0_g50_o16_seed0	joint_depth_quant	
/home/jovyan/evopress-crossover-v3/results/runs/thesis_compute_matched_joint_mistral_s0.25_qproj3.0_g50_o16_seed1	2026-09-06T11:31:58	6cc470ea00c21869004015a0d794d1e7c7bc36f5	1	50	10.921875		0.55908203125		thesis_compute_matched_joint_mistral_s0.25_qproj3.0_g50_o16_seed1	joint_depth_quant	
/home/jovyan/evopress-crossover-v3/results/runs/thesis_compute_matched_joint_mistral_s0.25_qproj3.0_g50_o16_seed2	2026-09-06T11:31:58	6cc470ea00c21869004015a0d794d1e7c7bc36f5	2	50	11.3359375		0.615234375		thesis_compute_matched_joint_mistral_s0.25_qproj3.0_g50_o16_seed2	joint_depth_quant	
/home/jovyan/evopress-crossover-v3/results/runs/thesis_depthwarm_interactionaware_joint_mistral_s0.25_qproj3.0_g50_o16_seed0	2026-09-06T11:31:58	5412e1daa89dc9786220cd6199c03bc67001480d	0	50	10.984375		0.626953125		thesis_depthwarm_interactionaware_joint_mistral_s0.25_qproj3.0_g50_o16_seed0	joint_depth_quant	
/home/jovyan/evopress-crossover-v3/results/runs/thesis_depthwarm_interactionaware_joint_mistral_s0.25_qproj3.0_g50_o16_seed1	2026-09-06T11:31:58	5412e1daa89dc9786220cd6199c03bc67001480d	1	50	11.375		0.6162109375		thesis_depthwarm_interactionaware_joint_mistral_s0.25_qproj3.0_g50_o16_seed1	joint_depth_quant	
/home/jovyan/evopress-crossover-v3/results/runs/thesis_depthwarm_interactionaware_joint_mistral_s0.25_qproj3.0_g50_o16_seed2	2026-09-06T11:31:58	5412e1daa89dc9786220cd6199c03bc67001480d	2	50	11.15625		0.591796875		thesis_depthwarm_interactionaware_joint_mistral_s0.25_qproj3.0_g50_o16_seed2	joint_depth_quant	
/home/jovyan/evopress-crossover-v3/results/runs/thesis_depthwarm_standard_joint_mistral_s0.25_qproj3.0_g50_o16_seed0	2026-09-06T11:31:58	5412e1daa89dc9786220cd6199c03bc67001480d	0	50	10.9453125		0.60986328125		thesis_depthwarm_standard_joint_mistral_s0.25_qproj3.0_g50_o16_seed0	joint_depth_quant	
/home/jovyan/evopress-crossover-v3/results/runs/thesis_depthwarm_standard_joint_mistral_s0.25_qproj3.0_g50_o16_seed1	2026-09-06T11:31:58	5412e1daa89dc9786220cd6199c03bc67001480d	1	50	11.671875		0.62109375		thesis_depthwarm_standard_joint_mistral_s0.25_qproj3.0_g50_o16_seed1	joint_depth_quant	
/home/jovyan/evopress-crossover-v3/results/runs/thesis_depthwarm_standard_joint_mistral_s0.25_qproj3.0_g50_o16_seed2	2026-09-06T11:31:58	5412e1daa89dc9786220cd6199c03bc67001480d	2	50	11.3515625		0.60498046875		thesis_depthwarm_standard_joint_mistral_s0.25_qproj3.0_g50_o16_seed2	joint_depth_quant	
/home/jovyan/evopress-crossover-v3/results/runs/thesis_fixedstrength_joint_mistral_s0.25_qproj3.0_g50_o16_seed0	2026-09-06T11:31:58	84b0730dcfdd86d9cd11b19ebda3c63375a5c784	0	50	11.5078125		0.67626953125		thesis_fixedstrength_joint_mistral_s0.25_qproj3.0_g50_o16_seed0	joint_depth_quant	
/home/jovyan/evopress-crossover-v3/results/runs/thesis_fixedstrength_joint_mistral_s0.25_qproj3.0_g50_o16_seed1	2026-09-06T11:31:59	84b0730dcfdd86d9cd11b19ebda3c63375a5c784	1	50	11.0078125		0.55908203125		thesis_fixedstrength_joint_mistral_s0.25_qproj3.0_g50_o16_seed1	joint_depth_quant	
/home/jovyan/evopress-crossover-v3/results/runs/thesis_fixedstrength_joint_mistral_s0.25_qproj3.0_g50_o16_seed2	2026-09-06T11:31:59	84b0730dcfdd86d9cd11b19ebda3c63375a5c784	2	50	11.1171875		0.6044921875		thesis_fixedstrength_joint_mistral_s0.25_qproj3.0_g50_o16_seed2	joint_depth_quant	
/home/jovyan/evopress-crossover-v3/results/runs/thesis_interactionaware_joint_mistral_s0.25_qproj3.0_g20_o16_seed0	2026-09-06T11:31:59	4c3e6b2d393d14df83e9e0c89a3d58018034d19f	0	20	11.625		0.669921875		thesis_interactionaware_joint_mistral_s0.25_qproj3.0_g20_o16_seed0	joint_depth_quant	
/home/jovyan/evopress-crossover-v3/results/runs/thesis_interactionaware_joint_mistral_s0.25_qproj3.0_g20_o16_seed1	2026-09-06T11:31:59	4c3e6b2d393d14df83e9e0c89a3d58018034d19f	1	20	12.640625		0.72802734375		thesis_interactionaware_joint_mistral_s0.25_qproj3.0_g20_o16_seed1	joint_depth_quant	
/home/jovyan/evopress-crossover-v3/results/runs/thesis_interactionaware_joint_mistral_s0.25_qproj3.0_g20_o16_seed2	2026-09-06T11:31:59	4c3e6b2d393d14df83e9e0c89a3d58018034d19f	2	20	12.1328125		0.712890625		thesis_interactionaware_joint_mistral_s0.25_qproj3.0_g20_o16_seed2	joint_depth_quant	
/home/jovyan/evopress-crossover-v3/results/runs/thesis_interactionaware_joint_mistral_s0.25_qproj3.0_g50_o16_seed0	2026-09-06T11:31:59	5cd931f1a225c2218f001494566f7ef26fbc5cd1	0	50	10.8984375		0.6103515625		thesis_interactionaware_joint_mistral_s0.25_qproj3.0_g50_o16_seed0	joint_depth_quant	
/home/jovyan/evopress-crossover-v3/results/runs/thesis_interactionaware_joint_mistral_s0.25_qproj3.0_g50_o16_seed1	2026-09-06T11:31:59	5c9e519cdc2929f95a2836cb0e17b60abe80166c	1	50	11.1171875		0.59130859375		thesis_interactionaware_joint_mistral_s0.25_qproj3.0_g50_o16_seed1	joint_depth_quant	
/home/jovyan/evopress-crossover-v3/results/runs/thesis_interactionaware_joint_mistral_s0.25_qproj3.0_g50_o16_seed2	2026-09-06T11:31:59	5c9e519cdc2929f95a2836cb0e17b60abe80166c	2	50	11.2421875		0.625		thesis_interactionaware_joint_mistral_s0.25_qproj3.0_g50_o16_seed2	joint_depth_quant	
/home/jovyan/evopress-crossover-v3/results/runs/thesis_jointaware_joint_mistral_s0.25_qproj3.0_g50_o16_seed0	2026-09-06T11:31:59	90c88f6afb4564c70198457086cdd0acd46e55e8	0	50	11.15625		0.6357421875		thesis_jointaware_joint_mistral_s0.25_qproj3.0_g50_o16_seed0	joint_depth_quant	
/home/jovyan/evopress-crossover-v3/results/runs/thesis_jointaware_joint_mistral_s0.25_qproj3.0_g50_o16_seed1	2026-09-06T11:31:59	90c88f6afb4564c70198457086cdd0acd46e55e8	1	50	11.2265625		0.6025390625		thesis_jointaware_joint_mistral_s0.25_qproj3.0_g50_o16_seed1	joint_depth_quant	
/home/jovyan/evopress-crossover-v3/results/runs/thesis_jointaware_joint_mistral_s0.25_qproj3.0_g50_o16_seed2	2026-09-06T11:31:59	90c88f6afb4564c70198457086cdd0acd46e55e8	2	50	12.2578125		0.72265625		thesis_jointaware_joint_mistral_s0.25_qproj3.0_g50_o16_seed2	joint_depth_quant	
/home/jovyan/evopress-crossover-v3/results/runs/thesis_jointaware_joint_mistral_s0.25_qproj3.0_g50_o16_seed2_retry1	2026-09-06T11:31:59	90c88f6afb4564c70198457086cdd0acd46e55e8	2	50	12.2578125		0.72265625		thesis_jointaware_joint_mistral_s0.25_qproj3.0_g50_o16_seed2_retry1	joint_depth_quant	
/home/jovyan/evopress-crossover-v3/results/runs/thesis_medium_depth_mistral_s0.25_g20_o16_seed0	2026-09-06T11:31:59	2b4e4dc75c91a23982f05347a079927e9c32fd4c	0	20	11.8046875		0.68505859375		thesis_medium_depth_mistral_s0.25_g20_o16_seed0	depth_only	
/home/jovyan/evopress-crossover-v3/results/runs/thesis_medium_depth_mistral_s0.25_g20_o16_seed1	2026-09-06T11:31:59	2b4e4dc75c91a23982f05347a079927e9c32fd4c	1	20	12.4453125		0.69921875		thesis_medium_depth_mistral_s0.25_g20_o16_seed1	depth_only	
/home/jovyan/evopress-crossover-v3/results/runs/thesis_medium_depth_mistral_s0.25_g20_o16_seed2	2026-09-06T11:31:59	2b4e4dc75c91a23982f05347a079927e9c32fd4c	2	20	11.203125		0.60791015625		thesis_medium_depth_mistral_s0.25_g20_o16_seed2	depth_only	
/home/jovyan/evopress-crossover-v3/results/runs/thesis_medium_joint_mistral_s0.25_qproj3.0_g20_o16_seed0	2026-09-06T11:31:59	2b4e4dc75c91a23982f05347a079927e9c32fd4c	0	20	13.3828125		0.7939453125		thesis_medium_joint_mistral_s0.25_qproj3.0_g20_o16_seed0	joint_depth_quant	
/home/jovyan/evopress-crossover-v3/results/runs/thesis_medium_joint_mistral_s0.25_qproj3.0_g20_o16_seed1	2026-09-06T11:31:59	2b4e4dc75c91a23982f05347a079927e9c32fd4c	1	20	12.28125		0.69921875		thesis_medium_joint_mistral_s0.25_qproj3.0_g20_o16_seed1	joint_depth_quant	
/home/jovyan/evopress-crossover-v3/results/runs/thesis_medium_joint_mistral_s0.25_qproj3.0_g20_o16_seed2	2026-09-06T11:32:00	2b4e4dc75c91a23982f05347a079927e9c32fd4c	2	20	12.15625		0.712890625		thesis_medium_joint_mistral_s0.25_qproj3.0_g20_o16_seed2	joint_depth_quant	
/home/jovyan/evopress-crossover-v3/results/runs/thesis_medium_quant_mistral_qproj3.0_g20_o16_seed0	2026-09-06T11:32:00	2b4e4dc75c91a23982f05347a079927e9c32fd4c	0	20	5.9375		0.005687713623046875		thesis_medium_quant_mistral_qproj3.0_g20_o16_seed0	quant_only	
/home/jovyan/evopress-crossover-v3/results/runs/thesis_medium_quant_mistral_qproj3.0_g20_o16_seed1	2026-09-06T11:32:00	2b4e4dc75c91a23982f05347a079927e9c32fd4c	1	20	5.9375		0.00499725341796875		thesis_medium_quant_mistral_qproj3.0_g20_o16_seed1	quant_only	
/home/jovyan/evopress-crossover-v3/results/runs/thesis_medium_quant_mistral_qproj3.0_g20_o16_seed2	2026-09-06T11:32:00	2b4e4dc75c91a23982f05347a079927e9c32fd4c	2	20	5.9375		0.005023956298828125		thesis_medium_quant_mistral_qproj3.0_g20_o16_seed2	quant_only	
/home/jovyan/evopress-crossover-v3/results/runs/thesis_sequential_depth_to_joint_warm_mistral_s0.25_qproj3.0_g20_o16_seed0	2026-09-06T11:32:00	7cf25059719cc278c99d2c0772a68647d071231c	0	20	11.5078125		0.671875		thesis_sequential_depth_to_joint_warm_mistral_s0.25_qproj3.0_g20_o16_seed0	joint_depth_quant	
/home/jovyan/evopress-crossover-v3/results/runs/thesis_sequential_depth_to_joint_warm_mistral_s0.25_qproj3.0_g20_o16_seed1	2026-09-06T11:32:00	7cf25059719cc278c99d2c0772a68647d071231c	1	20	11.7578125		0.646484375		thesis_sequential_depth_to_joint_warm_mistral_s0.25_qproj3.0_g20_o16_seed1	joint_depth_quant	
/home/jovyan/evopress-crossover-v3/results/runs/thesis_sequential_depth_to_joint_warm_mistral_s0.25_qproj3.0_g20_o16_seed2	2026-09-06T11:32:00	7cf25059719cc278c99d2c0772a68647d071231c	2	20	11.3125		0.60791015625		thesis_sequential_depth_to_joint_warm_mistral_s0.25_qproj3.0_g20_o16_seed2	joint_depth_quant	
/home/jovyan/evopress-crossover-v3/results/runs/thesis_sequential_depth_to_quant_frozen_mistral_s0.25_qproj3.0_g20_o16_seed0	2026-09-06T11:32:00	7cf25059719cc278c99d2c0772a68647d071231c	0	20	11.921875		0.69775390625		thesis_sequential_depth_to_quant_frozen_mistral_s0.25_qproj3.0_g20_o16_seed0	joint_depth_quant	
/home/jovyan/evopress-crossover-v3/results/runs/thesis_sequential_depth_to_quant_frozen_mistral_s0.25_qproj3.0_g20_o16_seed1	2026-09-06T11:32:00	7cf25059719cc278c99d2c0772a68647d071231c	1	20	12.5234375		0.703125		thesis_sequential_depth_to_quant_frozen_mistral_s0.25_qproj3.0_g20_o16_seed1	joint_depth_quant	
/home/jovyan/evopress-crossover-v3/results/runs/thesis_sequential_depth_to_quant_frozen_mistral_s0.25_qproj3.0_g20_o16_seed2	2026-09-06T11:32:00	7cf25059719cc278c99d2c0772a68647d071231c	2	20	11.3515625		0.61669921875		thesis_sequential_depth_to_quant_frozen_mistral_s0.25_qproj3.0_g20_o16_seed2	joint_depth_quant	
/home/jovyan/evopress-crossover-v3/results/runs/thesis_sequential_quant_to_depth_frozen_mistral_s0.25_qproj3.0_g20_o16_seed0	2026-09-06T11:32:00	7cf25059719cc278c99d2c0772a68647d071231c	0	20	11.03125		0.61767578125		thesis_sequential_quant_to_depth_frozen_mistral_s0.25_qproj3.0_g20_o16_seed0	joint_depth_quant	
/home/jovyan/evopress-crossover-v3/results/runs/thesis_sequential_quant_to_depth_frozen_mistral_s0.25_qproj3.0_g20_o16_seed1	2026-09-06T11:32:00	7cf25059719cc278c99d2c0772a68647d071231c	1	20	16.453125		1.013671875		thesis_sequential_quant_to_depth_frozen_mistral_s0.25_qproj3.0_g20_o16_seed1	joint_depth_quant	
/home/jovyan/evopress-crossover-v3/results/runs/thesis_sequential_quant_to_depth_frozen_mistral_s0.25_qproj3.0_g20_o16_seed2	2026-09-06T11:32:00	7cf25059719cc278c99d2c0772a68647d071231c	2	20	14.5234375		0.908203125		thesis_sequential_quant_to_depth_frozen_mistral_s0.25_qproj3.0_g20_o16_seed2	joint_depth_quant	
/home/jovyan/evopress-crossover-v3/results/runs/thesis_sequential_quant_to_joint_warm_interactionaware_mistral_s0.25_qproj3.0_g20_o16_seed0	2026-09-06T11:32:00	abfa8123de05e4c76cb508f581e25ba6c698e3f2	0	20	12.3984375		0.7412109375		thesis_sequential_quant_to_joint_warm_interactionaware_mistral_s0.25_qproj3.0_g20_o16_seed0	joint_depth_quant	
/home/jovyan/evopress-crossover-v3/results/runs/thesis_sequential_quant_to_joint_warm_interactionaware_mistral_s0.25_qproj3.0_g20_o16_seed1	2026-09-06T11:32:00	abfa8123de05e4c76cb508f581e25ba6c698e3f2	1	20	11.8046875		0.6328125		thesis_sequential_quant_to_joint_warm_interactionaware_mistral_s0.25_qproj3.0_g20_o16_seed1	joint_depth_quant	
/home/jovyan/evopress-crossover-v3/results/runs/thesis_sequential_quant_to_joint_warm_interactionaware_mistral_s0.25_qproj3.0_g20_o16_seed2	2026-09-06T11:32:00	abfa8123de05e4c76cb508f581e25ba6c698e3f2	2	20	11.3359375		0.625		thesis_sequential_quant_to_joint_warm_interactionaware_mistral_s0.25_qproj3.0_g20_o16_seed2	joint_depth_quant	
/home/jovyan/evopress-crossover-v3/results/runs/thesis_sequential_quant_to_joint_warm_mistral_s0.25_qproj3.0_g20_o16_seed0	2026-09-06T11:32:00	7cf25059719cc278c99d2c0772a68647d071231c	0	20	13.046875		0.77587890625		thesis_sequential_quant_to_joint_warm_mistral_s0.25_qproj3.0_g20_o16_seed0	joint_depth_quant	
/home/jovyan/evopress-crossover-v3/results/runs/thesis_sequential_quant_to_joint_warm_mistral_s0.25_qproj3.0_g20_o16_seed1	2026-09-06T11:32:00	7cf25059719cc278c99d2c0772a68647d071231c	1	20	12.1796875		0.701171875		thesis_sequential_quant_to_joint_warm_mistral_s0.25_qproj3.0_g20_o16_seed1	joint_depth_quant	
/home/jovyan/evopress-crossover-v3/results/runs/thesis_sequential_quant_to_joint_warm_mistral_s0.25_qproj3.0_g20_o16_seed2	2026-09-06T11:32:01	7cf25059719cc278c99d2c0772a68647d071231c	2	20	12.4921875		0.75048828125		thesis_sequential_quant_to_joint_warm_mistral_s0.25_qproj3.0_g20_o16_seed2	joint_depth_quant	
/home/jovyan/evopress-crossover-v3/thesis_results/fullspace_joint_s025_ia_g150_seed0	2026-09-21T03:26:27	7141057d5145330028d2a35d14c53df6d5389f34	0	150	9.5234375	13.25	0.521484375	26982023168	fullspace_joint_s025_ia_g150_seed0_attempt1	joint_depth_quant	
/home/jovyan/evopress-crossover-v3/thesis_results/fullspace_joint_s025_ia_g150_seed1	2026-09-22T21:01:57	b4a8bf41b6ab55773d953d365dd53b132925a15f	1	150	10.0234375	13.3046875	0.51123046875	26982023168	fullspace_joint_s025_ia_g150_seed1_attempt1	joint_depth_quant	
/home/jovyan/evopress-crossover-v3/thesis_results/fullspace_joint_s025_ia_g150_seed2	2026-09-24T09:52:25	e6baf7c5a8399f1f815d39f4696893186f98f314	2	150	11.0703125	13.75	0.54345703125	26982023168	fullspace_joint_s025_ia_g150_seed2_attempt1	joint_depth_quant	
/home/jovyan/evopress-crossover-v3/thesis_results/fullspace_joint_s025_localxover_pop4_g150_seed0	2026-09-19T13:18:58	d8b43c0836e170815d80f8e873bab3705aca31f6	0	150	9.5078125	12.546875	0.44580078125	26982023168	fullspace_joint_s025_localxover_pop4_g150_seed0_attempt1	joint_depth_quant	
/home/jovyan/evopress-crossover-v3/thesis_results/fullspace_joint_s025_pop4_g150_seed0	2026-09-17T15:21:10	5f6d1437b86f9ed21c446e18360e99d53d54a11f	0	150	9.015625	12.46875	0.464111328125	26982023168	fullspace_joint_s025_pop4_g150_seed0_attempt1	joint_depth_quant	
/home/jovyan/evopress_backups/e2_seed0_final	2026-08-26T21:33:04	6d3f04608a74182ba5b974f26f62153553a0fc24	0	150	5.23046875	8.421875	0.0731201171875	26982023168	quant_only_seed0_attempt12_resume_20260826	quant_only	
/home/jovyan/evopress_backups/e2_seed1_final	2026-08-29T07:26:10	6d3f04608a74182ba5b974f26f62153553a0fc24	1	150	5.22265625	8.40625	0.07342529296875	26982023168	quant_only_seed1_attempt4_resume_20260828	quant_only	
/home/jovyan/evopress_backups/e2_seed2_final	2026-08-30T23:02:26	6d3f04608a74182ba5b974f26f62153553a0fc24	2	150	5.234375	8.40625	0.07281494140625	26982023168	quant_only_seed2_attempt2_resume_20260830	quant_only	
/home/jovyan/evopress_backups/e3_seed0_final	2026-09-01T07:42:28	6d3f04608a74182ba5b974f26f62153553a0fc24	0	150	8.9453125	12.640625	0.467041015625	26982023168	joint_seed0_attempt1_20260831	joint_depth_quant	
/home/jovyan/evopress_backups/e3_seed1_final	2026-09-02T22:15:58	6d3f04608a74182ba5b974f26f62153553a0fc24	1	150	8.828125	12.328125	0.4609375	26982023168	joint_seed1_attempt3_resume_20260902	joint_depth_quant	
/home/jovyan/evopress_backups/e3_seed2_final	2026-09-04T08:40:15	6d3f04608a74182ba5b974f26f62153553a0fc24	2	150	9.109375	12.5234375	0.4560546875	26982023168	joint_seed2_attempt1_20260903	joint_depth_quant	
/home/jovyan/evopress_extension_results/fullspace_depthwarm_g150/fullspace_depthwarm_g150_seed0_attempt1	2026-09-10T10:13:25	c5eddec55a7eec1cd3dbfa4e1314f857f1468dc5	0	150	9.234375	12.6640625	0.4716796875	26982023168	fullspace_depthwarm_g150_seed0_attempt1	joint_depth_quant	
/home/jovyan/evopress_extension_results/fullspace_depthwarm_g20/fullspace_depthwarm_g20_seed0_attempt1	2026-09-07T16:06:19	c5eddec55a7eec1cd3dbfa4e1314f857f1468dc5	0	20	9.8828125	13.4296875	0.51123046875	26982023168	fullspace_depthwarm_g20_seed0_attempt1	joint_depth_quant	
/home/jovyan/evopress_extension_results/fullspace_interactionaware_g20/fullspace_ia_g20_seed0_attempt2	2026-09-07T02:39:11	395f983548ed93235434ca1e6bc38fefe836d62b	0	20	10.8984375	13.9921875	0.56005859375	26982023168	fullspace_ia_g20_seed0_attempt2	joint_depth_quant	
/home/jovyan/evopress_extension_results/fullspace_joint_s0125_g150/fullspace_joint_s0125_g150_seed0_attempt1	2026-09-12T07:34:45	c5eddec55a7eec1cd3dbfa4e1314f857f1468dc5	0	150	6.4140625	9.6015625	0.19921875	26982023168	fullspace_joint_s0125_g150_seed0_attempt1	joint_depth_quant	
/home/jovyan/evopress_extension_results/fullspace_joint_s0125_g150/fullspace_joint_s0125_g150_seed1_attempt1	2026-09-13T20:27:59	c5eddec55a7eec1cd3dbfa4e1314f857f1468dc5	1	150	6.89453125	9.734375	0.2154541015625	26982023168	fullspace_joint_s0125_g150_seed1_attempt1	joint_depth_quant	
/home/jovyan/evopress_extension_results/fullspace_joint_s0125_g150/fullspace_joint_s0125_g150_seed2_attempt1	2026-09-15T06:46:35	c5eddec55a7eec1cd3dbfa4e1314f857f1468dc5	2	150	6.5546875	9.6015625	0.2105712890625	26982023168	fullspace_joint_s0125_g150_seed2_attempt1	joint_depth_quant	
/home/jovyan/evopress_extension_results/fullspace_joint_s0125_g20/fullspace_joint_s0125_g20_seed0_attempt1	2026-09-10T17:52:07	c5eddec55a7eec1cd3dbfa4e1314f857f1468dc5	0	20	6.64453125	10.0234375	0.2415771484375	26982023168	fullspace_joint_s0125_g20_seed0_attempt1	joint_depth_quant	
/home/jovyan/evopress_extension_results/fullspace_joint_s025_ia_g150/fullspace_joint_s025_ia_g150_seed0_attempt1	2026-09-21T03:26:27	7141057d5145330028d2a35d14c53df6d5389f34	0	150	9.5234375	13.25	0.521484375	26982023168	fullspace_joint_s025_ia_g150_seed0_attempt1	joint_depth_quant	
/home/jovyan/evopress_extension_results/fullspace_joint_s025_ia_g150/fullspace_joint_s025_ia_g150_seed1_attempt1	2026-09-22T21:01:57	b4a8bf41b6ab55773d953d365dd53b132925a15f	1	150	10.0234375	13.3046875	0.51123046875	26982023168	fullspace_joint_s025_ia_g150_seed1_attempt1	joint_depth_quant	
/home/jovyan/evopress_extension_results/fullspace_joint_s025_ia_g150/fullspace_joint_s025_ia_g150_seed2_attempt1	2026-09-24T09:52:25	e6baf7c5a8399f1f815d39f4696893186f98f314	2	150	11.0703125	13.75	0.54345703125	26982023168	fullspace_joint_s025_ia_g150_seed2_attempt1	joint_depth_quant	
/home/jovyan/evopress_extension_results/fullspace_joint_s025_localxover_pop4_g150/fullspace_joint_s025_localxover_pop4_g150_seed0_attempt1	2026-09-19T13:18:58	d8b43c0836e170815d80f8e873bab3705aca31f6	0	150	9.5078125	12.546875	0.44580078125	26982023168	fullspace_joint_s025_localxover_pop4_g150_seed0_attempt1	joint_depth_quant	
/home/jovyan/evopress_extension_results/fullspace_joint_s025_pop4_g150/fullspace_joint_s025_pop4_g150_seed0_attempt1	2026-09-17T12:13:55	5f6d1437b86f9ed21c446e18360e99d53d54a11f	0	150	9.015625	12.46875	0.464111328125	26982023168	fullspace_joint_s025_pop4_g150_seed0_attempt1	joint_depth_quant	
/home/jovyan/evopress_extension_results/fullspace_joint_s025_pop4_g150/fullspace_joint_s025_pop4_g150_seed1_attempt1	2026-09-26T15:30:46	ecc87adee037551137bec86aac87dafc967de6ed	1	150	8.828125	12.46875	0.47998046875	26982023168	fullspace_joint_s025_pop4_g150_seed1_attempt1	joint_depth_quant	
