generation,best_search_fitness,parent_search_fitness_before_generation,fitness_fn,best_calibration_kl,best_train_ppl,wikitext2_ppl,c4_ppl,fineweb_edu_ppl,eval_tokens_used,eval_tokens_by_dataset,num_offspring,num_survivors_stage_1,num_survivors_stage_2,num_survivors_stage_3,survivors_per_selection,tokens_per_selection,active_parameters,average_bitwidth_active,estimated_weight_memory_mb,compression_cost_bits,compression_target_bits,compression_difference_bits,dropped_attention_count,dropped_mlp_count,mutation_summary,selected_parent_mutation_type,accepted_parent_replacement,offspring_attempts,candidate_evaluations_stage_1,candidate_evaluations_stage_2,candidate_evaluations_stage_3,evaluation_tokens_stage_1,evaluation_tokens_stage_2,evaluation_tokens_stage_3,candidate_evaluations_search_cumulative,evaluation_tokens_search_cumulative,runtime_seconds_cumulative,peak_gpu_memory_mb
1,0.73583984375,inf,kl,0.73583984375,14.9296875,16.203125,20.203125,,917504,"{""wikitext2"":327680,""c4"":589824}",128,16,4,1,"[16,4,1]","[2048,16384,131072]",6375608320,3.4642857142857144,3216.5078125,26982023168,26982023168,0,4,4,"{""type"":""mixed_depth_quantization"",""sequential_mode"":""none"",""joint_mutation_mode"":""standard"",""parent_before_generation_hash"":""dfcb56be8ab30048a3f2ab0c7d34eaa3bf863763839ae1e8c4e8769af5c3d901"",""parent_after_generation_hash"":""0aa553d9e352f481dca5ef977debe0cfcf5874d329776c743cf43f1d27a038bb"",""generated_offspring_by_type"":{""depth"":62,""quantization"":66,""joint_aware"":0,""interaction_aware"":0,""sequential_quantization"":0,""fixed_quant_depth"":0,""component crossover"":0,""component crossover + repair"":0,""layer bundle crossover"":0,""layer bundle crossover + repair"":0},""depth_mask_entries_changed_by_type"":{""depth"":174,""quantization"":0,""joint_aware"":0,""interaction_aware"":0,""sequential_quantization"":0,""fixed_quant_depth"":0,""component crossover"":0,""component crossover + repair"":0,""layer bundle crossover"":0,""layer bundle crossover + repair"":0},""quant_assignments_changed_by_type"":{""depth"":50,""quantization"":146,""joint_aware"":0,""interaction_aware"":0,""sequential_quantization"":0,""fixed_quant_depth"":0,""component crossover"":0,""component crossover + repair"":0,""layer bundle crossover"":0,""layer bundle crossover + repair"":0},""depth_mask_entries_changed_total"":174,""quant_assignments_changed_total"":196,""interaction_aware_details"":{""budget_repair_quant_changes"":0,""preferred_quant_exchanges_used"":0,""fallback_quant_exchanges_used"":0},""crossover_diagnostics"":{""crossover_type"":""component"",""crossover_parent_selection"":""uniform"",""crossover_offspring"":0,""crossover_offspring_accepted"":0,""mutation_offspring_accepted"":128,""mutation_offspring"":128,""crossover_offspring_attempted"":0,""crossover_duplicates"":0,""crossover_infeasible_candidates"":0,""crossover_repair_changed_gene_count"":0,""crossover_repaired_proposals"":0,""parent_distance_mean"":null,""parent_distance_min"":null,""parent_distance_max"":null,""child_distance_from_parent_a_mean"":null,""child_distance_from_parent_b_mean"":null,""layers_from_parent_a_mean"":null,""layers_from_parent_b_mean"":null,""crossover_no_legal_exchange"":0,""local_exchange_attention"":0,""local_exchange_mlp"":0,""local_exchange_quantization"":0,""local_exchange_block"":0,""child_distance_from_base_mean"":null,""child_distance_from_base_min"":null,""child_distance_from_base_max"":null,""child_distance_from_base_count"":0,""child_distance_from_donor_mean"":null,""child_distance_from_donor_min"":null,""child_distance_from_donor_max"":null,""child_distance_from_donor_count"":0,""donor_distance_reduction_mean"":null,""donor_distance_reduction_min"":null,""donor_distance_reduction_max"":null,""donor_distance_reduction_count"":0,""local_exchange_changed_gene_count_mean"":null,""local_exchange_changed_gene_count_min"":null,""local_exchange_changed_gene_count_max"":null,""local_exchange_changed_gene_count_count"":0,""child_distance_statistics_scope"":""accepted_unique_crossover_offspring"",""persistent_population_size"":1,""unique_population_size"":1,""best_population_fitness"":0.73583984375,""configured_survivors_per_selection"":[16,4,1],""effective_survivors_per_selection"":[16,4,1],""effective_final_survivor_count"":1},""offspring_generation"":{""attempts"":129,""no_op_mutations"":0,""duplicate_candidates"":1,""infeasible_candidates"":0,""fixed_quant_legal_swap_counts"":[]},""maximum_depth_mutations_per_offspring"":3,""quantization_step_size"":1,""quantization_mutations_per_offspring"":1,""joint_aware_probability"":0.0,""adaptive_mutation"":false,""adaptive_mutation_strength"":1,""adaptive_mutation_patience"":3,""adaptive_mutation_max_strength"":3,""coarse_to_fine_mutation"":false,""coarse_to_fine_start_strength"":3,""coarse_to_fine_end_strength"":1,""stagnation_generations_after_selection"":0}",depth,True,129,128,16,5,262144,262144,655360,149,1179648,1449.791169754928,15276.82177734375
2,0.330322265625,0.73583984375,kl,0.330322265625,,,,,0,{},128,16,4,1,"[16,4,1]","[2048,16384,131072]",6375608320,3.4642857142857144,3216.5078125,26982023168,26982023168,0,4,4,"{""type"":""mixed_depth_quantization"",""sequential_mode"":""none"",""joint_mutation_mode"":""standard"",""parent_before_generation_hash"":""0aa553d9e352f481dca5ef977debe0cfcf5874d329776c743cf43f1d27a038bb"",""parent_after_generation_hash"":""8769ad338db915834c921743caf7eacc8eb29c7f3fe00d3adebcded33695c616"",""generated_offspring_by_type"":{""depth"":64,""quantization"":64,""joint_aware"":0,""interaction_aware"":0,""sequential_quantization"":0,""fixed_quant_depth"":0,""component crossover"":0,""component crossover + repair"":0,""layer bundle crossover"":0,""layer bundle crossover + repair"":0},""depth_mask_entries_changed_by_type"":{""depth"":194,""quantization"":0,""joint_aware"":0,""interaction_aware"":0,""sequential_quantization"":0,""fixed_quant_depth"":0,""component crossover"":0,""component crossover + repair"":0,""layer bundle crossover"":0,""layer bundle crossover + repair"":0},""quant_assignments_changed_by_type"":{""depth"":55,""quantization"":141,""joint_aware"":0,""interaction_aware"":0,""sequential_quantization"":0,""fixed_quant_depth"":0,""component crossover"":0,""component crossover + repair"":0,""layer bundle crossover"":0,""layer bundle crossover + repair"":0},""depth_mask_entries_changed_total"":194,""quant_assignments_changed_total"":196,""interaction_aware_details"":{""budget_repair_quant_changes"":0,""preferred_quant_exchanges_used"":0,""fallback_quant_exchanges_used"":0},""crossover_diagnostics"":{""crossover_type"":""component"",""crossover_parent_selection"":""uniform"",""crossover_offspring"":0,""crossover_offspring_accepted"":0,""mutation_offspring_accepted"":128,""mutation_offspring"":128,""crossover_offspring_attempted"":0,""crossover_duplicates"":0,""crossover_infeasible_candidates"":0,""crossover_repair_changed_gene_count"":0,""crossover_repaired_proposals"":0,""parent_distance_mean"":null,""parent_distance_min"":null,""parent_distance_max"":null,""child_distance_from_parent_a_mean"":null,""child_distance_from_parent_b_mean"":null,""layers_from_parent_a_mean"":null,""layers_from_parent_b_mean"":null,""crossover_no_legal_exchange"":0,""local_exchange_attention"":0,""local_exchange_mlp"":0,""local_exchange_quantization"":0,""local_exchange_block"":0,""child_distance_from_base_mean"":null,""child_distance_from_base_min"":null,""child_distance_from_base_max"":null,""child_distance_from_base_count"":0,""child_distance_from_donor_mean"":null,""child_distance_from_donor_min"":null,""child_distance_from_donor_max"":null,""child_distance_from_donor_count"":0,""donor_distance_reduction_mean"":null,""donor_distance_reduction_min"":null,""donor_distance_reduction_max"":null,""donor_distance_reduction_count"":0,""local_exchange_changed_gene_count_mean"":null,""local_exchange_changed_gene_count_min"":null,""local_exchange_changed_gene_count_max"":null,""local_exchange_changed_gene_count_count"":0,""child_distance_statistics_scope"":""accepted_unique_crossover_offspring"",""persistent_population_size"":1,""unique_population_size"":1,""best_population_fitness"":0.330322265625,""configured_survivors_per_selection"":[16,4,1],""effective_survivors_per_selection"":[16,4,1],""effective_final_survivor_count"":1},""offspring_generation"":{""attempts"":128,""no_op_mutations"":0,""duplicate_candidates"":0,""infeasible_candidates"":0,""fixed_quant_legal_swap_counts"":[]},""maximum_depth_mutations_per_offspring"":3,""quantization_step_size"":1,""quantization_mutations_per_offspring"":1,""joint_aware_probability"":0.0,""adaptive_mutation"":false,""adaptive_mutation_strength"":1,""adaptive_mutation_patience"":3,""adaptive_mutation_max_strength"":3,""coarse_to_fine_mutation"":false,""coarse_to_fine_start_strength"":3,""coarse_to_fine_end_strength"":1,""stagnation_generations_after_selection"":0}",depth,True,128,128,16,5,262144,262144,655360,298,2359296,2185.719963219948,15276.82177734375
3,0.318359375,0.330322265625,kl,0.318359375,,,,,0,{},128,16,4,1,"[16,4,1]","[2048,16384,131072]",6375608320,3.4642857142857144,3216.5078125,26982023168,26982023168,0,4,4,"{""type"":""mixed_depth_quantization"",""sequential_mode"":""none"",""joint_mutation_mode"":""standard"",""parent_before_generation_hash"":""8769ad338db915834c921743caf7eacc8eb29c7f3fe00d3adebcded33695c616"",""parent_after_generation_hash"":""ef6d52d96ace12e4542dd625c64693961ca43487cc72e6b9c37eca114af56143"",""generated_offspring_by_type"":{""depth"":65,""quantization"":63,""joint_aware"":0,""interaction_aware"":0,""sequential_quantization"":0,""fixed_quant_depth"":0,""component crossover"":0,""component crossover + repair"":0,""layer bundle crossover"":0,""layer bundle crossover + repair"":0},""depth_mask_entries_changed_by_type"":{""depth"":200,""quantization"":0,""joint_aware"":0,""interaction_aware"":0,""sequential_quantization"":0,""fixed_quant_depth"":0,""component crossover"":0,""component crossover + repair"":0,""layer bundle crossover"":0,""layer bundle crossover + repair"":0},""quant_assignments_changed_by_type"":{""depth"":66,""quantization"":141,""joint_aware"":0,""interaction_aware"":0,""sequential_quantization"":0,""fixed_quant_depth"":0,""component crossover"":0,""component crossover + repair"":0,""layer bundle crossover"":0,""layer bundle crossover + repair"":0},""depth_mask_entries_changed_total"":200,""quant_assignments_changed_total"":207,""interaction_aware_details"":{""budget_repair_quant_changes"":0,""preferred_quant_exchanges_used"":0,""fallback_quant_exchanges_used"":0},""crossover_diagnostics"":{""crossover_type"":""component"",""crossover_parent_selection"":""uniform"",""crossover_offspring"":0,""crossover_offspring_accepted"":0,""mutation_offspring_accepted"":128,""mutation_offspring"":128,""crossover_offspring_attempted"":0,""crossover_duplicates"":0,""crossover_infeasible_candidates"":0,""crossover_repair_changed_gene_count"":0,""crossover_repaired_proposals"":0,""parent_distance_mean"":null,""parent_distance_min"":null,""parent_distance_max"":null,""child_distance_from_parent_a_mean"":null,""child_distance_from_parent_b_mean"":null,""layers_from_parent_a_mean"":null,""layers_from_parent_b_mean"":null,""crossover_no_legal_exchange"":0,""local_exchange_attention"":0,""local_exchange_mlp"":0,""local_exchange_quantization"":0,""local_exchange_block"":0,""child_distance_from_base_mean"":null,""child_distance_from_base_min"":null,""child_distance_from_base_max"":null,""child_distance_from_base_count"":0,""child_distance_from_donor_mean"":null,""child_distance_from_donor_min"":null,""child_distance_from_donor_max"":null,""child_distance_from_donor_count"":0,""donor_distance_reduction_mean"":null,""donor_distance_reduction_min"":null,""donor_distance_reduction_max"":null,""donor_distance_reduction_count"":0,""local_exchange_changed_gene_count_mean"":null,""local_exchange_changed_gene_count_min"":null,""local_exchange_changed_gene_count_max"":null,""local_exchange_changed_gene_count_count"":0,""child_distance_statistics_scope"":""accepted_unique_crossover_offspring"",""persistent_population_size"":1,""unique_population_size"":1,""best_population_fitness"":0.318359375,""configured_survivors_per_selection"":[16,4,1],""effective_survivors_per_selection"":[16,4,1],""effective_final_survivor_count"":1},""offspring_generation"":{""attempts"":131,""no_op_mutations"":0,""duplicate_candidates"":3,""infeasible_candidates"":0,""fixed_quant_legal_swap_counts"":[]},""maximum_depth_mutations_per_offspring"":3,""quantization_step_size"":1,""quantization_mutations_per_offspring"":1,""joint_aware_probability"":0.0,""adaptive_mutation"":false,""adaptive_mutation_strength"":1,""adaptive_mutation_patience"":3,""adaptive_mutation_max_strength"":3,""coarse_to_fine_mutation"":false,""coarse_to_fine_start_strength"":3,""coarse_to_fine_end_strength"":1,""stagnation_generations_after_selection"":0}",depth,True,131,128,16,5,262144,262144,655360,447,3538944,3057.0407106459606,15276.82177734375
4,0.299072265625,0.318359375,kl,0.299072265625,,,,,0,{},128,16,4,1,"[16,4,1]","[2048,16384,131072]",6375608320,3.4642857142857144,3216.5078125,26982023168,26982023168,0,4,4,"{""type"":""mixed_depth_quantization"",""sequential_mode"":""none"",""joint_mutation_mode"":""standard"",""parent_before_generation_hash"":""ef6d52d96ace12e4542dd625c64693961ca43487cc72e6b9c37eca114af56143"",""parent_after_generation_hash"":""6a898b884750aeca6cb5cc6164034134e665df6d2f8408df24c169bab381bb87"",""generated_offspring_by_type"":{""depth"":65,""quantization"":63,""joint_aware"":0,""interaction_aware"":0,""sequential_quantization"":0,""fixed_quant_depth"":0,""component crossover"":0,""component crossover + repair"":0,""layer bundle crossover"":0,""layer bundle crossover + repair"":0},""depth_mask_entries_changed_by_type"":{""depth"":190,""quantization"":0,""joint_aware"":0,""interaction_aware"":0,""sequential_quantization"":0,""fixed_quant_depth"":0,""component crossover"":0,""component crossover + repair"":0,""layer bundle crossover"":0,""layer bundle crossover + repair"":0},""quant_assignments_changed_by_type"":{""depth"":61,""quantization"":144,""joint_aware"":0,""interaction_aware"":0,""sequential_quantization"":0,""fixed_quant_depth"":0,""component crossover"":0,""component crossover + repair"":0,""layer bundle crossover"":0,""layer bundle crossover + repair"":0},""depth_mask_entries_changed_total"":190,""quant_assignments_changed_total"":205,""interaction_aware_details"":{""budget_repair_quant_changes"":0,""preferred_quant_exchanges_used"":0,""fallback_quant_exchanges_used"":0},""crossover_diagnostics"":{""crossover_type"":""component"",""crossover_parent_selection"":""uniform"",""crossover_offspring"":0,""crossover_offspring_accepted"":0,""mutation_offspring_accepted"":128,""mutation_offspring"":128,""crossover_offspring_attempted"":0,""crossover_duplicates"":0,""crossover_infeasible_candidates"":0,""crossover_repair_changed_gene_count"":0,""crossover_repaired_proposals"":0,""parent_distance_mean"":null,""parent_distance_min"":null,""parent_distance_max"":null,""child_distance_from_parent_a_mean"":null,""child_distance_from_parent_b_mean"":null,""layers_from_parent_a_mean"":null,""layers_from_parent_b_mean"":null,""crossover_no_legal_exchange"":0,""local_exchange_attention"":0,""local_exchange_mlp"":0,""local_exchange_quantization"":0,""local_exchange_block"":0,""child_distance_from_base_mean"":null,""child_distance_from_base_min"":null,""child_distance_from_base_max"":null,""child_distance_from_base_count"":0,""child_distance_from_donor_mean"":null,""child_distance_from_donor_min"":null,""child_distance_from_donor_max"":null,""child_distance_from_donor_count"":0,""donor_distance_reduction_mean"":null,""donor_distance_reduction_min"":null,""donor_distance_reduction_max"":null,""donor_distance_reduction_count"":0,""local_exchange_changed_gene_count_mean"":null,""local_exchange_changed_gene_count_min"":null,""local_exchange_changed_gene_count_max"":null,""local_exchange_changed_gene_count_count"":0,""child_distance_statistics_scope"":""accepted_unique_crossover_offspring"",""persistent_population_size"":1,""unique_population_size"":1,""best_population_fitness"":0.299072265625,""configured_survivors_per_selection"":[16,4,1],""effective_survivors_per_selection"":[16,4,1],""effective_final_survivor_count"":1},""offspring_generation"":{""attempts"":130,""no_op_mutations"":0,""duplicate_candidates"":2,""infeasible_candidates"":0,""fixed_quant_legal_swap_counts"":[]},""maximum_depth_mutations_per_offspring"":3,""quantization_step_size"":1,""quantization_mutations_per_offspring"":1,""joint_aware_probability"":0.0,""adaptive_mutation"":false,""adaptive_mutation_strength"":1,""adaptive_mutation_patience"":3,""adaptive_mutation_max_strength"":3,""coarse_to_fine_mutation"":false,""coarse_to_fine_start_strength"":3,""coarse_to_fine_end_strength"":1,""stagnation_generations_after_selection"":0}",depth,True,130,128,16,5,262144,262144,655360,596,4718592,3864.4864185459446,15276.82177734375
5,0.291748046875,0.299072265625,kl,0.291748046875,,,,,0,{},128,16,4,1,"[16,4,1]","[2048,16384,131072]",6375608320,3.4642857142857144,3216.5078125,26982023168,26982023168,0,4,4,"{""type"":""mixed_depth_quantization"",""sequential_mode"":""none"",""joint_mutation_mode"":""standard"",""parent_before_generation_hash"":""6a898b884750aeca6cb5cc6164034134e665df6d2f8408df24c169bab381bb87"",""parent_after_generation_hash"":""6793981670cd278fdde4810cda19b58a5b22a9594546db0aec8eacf5a5134567"",""generated_offspring_by_type"":{""depth"":60,""quantization"":68,""joint_aware"":0,""interaction_aware"":0,""sequential_quantization"":0,""fixed_quant_depth"":0,""component crossover"":0,""component crossover + repair"":0,""layer bundle crossover"":0,""layer bundle crossover + repair"":0},""depth_mask_entries_changed_by_type"":{""depth"":174,""quantization"":0,""joint_aware"":0,""interaction_aware"":0,""sequential_quantization"":0,""fixed_quant_depth"":0,""component crossover"":0,""component crossover + repair"":0,""layer bundle crossover"":0,""layer bundle crossover + repair"":0},""quant_assignments_changed_by_type"":{""depth"":59,""quantization"":154,""joint_aware"":0,""interaction_aware"":0,""sequential_quantization"":0,""fixed_quant_depth"":0,""component crossover"":0,""component crossover + repair"":0,""layer bundle crossover"":0,""layer bundle crossover + repair"":0},""depth_mask_entries_changed_total"":174,""quant_assignments_changed_total"":213,""interaction_aware_details"":{""budget_repair_quant_changes"":0,""preferred_quant_exchanges_used"":0,""fallback_quant_exchanges_used"":0},""crossover_diagnostics"":{""crossover_type"":""component"",""crossover_parent_selection"":""uniform"",""crossover_offspring"":0,""crossover_offspring_accepted"":0,""mutation_offspring_accepted"":128,""mutation_offspring"":128,""crossover_offspring_attempted"":0,""crossover_duplicates"":0,""crossover_infeasible_candidates"":0,""crossover_repair_changed_gene_count"":0,""crossover_repaired_proposals"":0,""parent_distance_mean"":null,""parent_distance_min"":null,""parent_distance_max"":null,""child_distance_from_parent_a_mean"":null,""child_distance_from_parent_b_mean"":null,""layers_from_parent_a_mean"":null,""layers_from_parent_b_mean"":null,""crossover_no_legal_exchange"":0,""local_exchange_attention"":0,""local_exchange_mlp"":0,""local_exchange_quantization"":0,""local_exchange_block"":0,""child_distance_from_base_mean"":null,""child_distance_from_base_min"":null,""child_distance_from_base_max"":null,""child_distance_from_base_count"":0,""child_distance_from_donor_mean"":null,""child_distance_from_donor_min"":null,""child_distance_from_donor_max"":null,""child_distance_from_donor_count"":0,""donor_distance_reduction_mean"":null,""donor_distance_reduction_min"":null,""donor_distance_reduction_max"":null,""donor_distance_reduction_count"":0,""local_exchange_changed_gene_count_mean"":null,""local_exchange_changed_gene_count_min"":null,""local_exchange_changed_gene_count_max"":null,""local_exchange_changed_gene_count_count"":0,""child_distance_statistics_scope"":""accepted_unique_crossover_offspring"",""persistent_population_size"":1,""unique_population_size"":1,""best_population_fitness"":0.291748046875,""configured_survivors_per_selection"":[16,4,1],""effective_survivors_per_selection"":[16,4,1],""effective_final_survivor_count"":1},""offspring_generation"":{""attempts"":128,""no_op_mutations"":0,""duplicate_candidates"":0,""infeasible_candidates"":0,""fixed_quant_legal_swap_counts"":[]},""maximum_depth_mutations_per_offspring"":3,""quantization_step_size"":1,""quantization_mutations_per_offspring"":1,""joint_aware_probability"":0.0,""adaptive_mutation"":false,""adaptive_mutation_strength"":1,""adaptive_mutation_patience"":3,""adaptive_mutation_max_strength"":3,""coarse_to_fine_mutation"":false,""coarse_to_fine_start_strength"":3,""coarse_to_fine_end_strength"":1,""stagnation_generations_after_selection"":0}",depth,True,128,128,16,5,262144,262144,655360,745,5898240,4584.555752676912,15276.82177734375
6,0.27734375,0.291748046875,kl,0.27734375,8.40625,6.72265625,10.484375,,917504,"{""wikitext2"":327680,""c4"":589824}",128,16,4,1,"[16,4,1]","[2048,16384,131072]",6375608320,3.4642857142857144,3216.5078125,26982023168,26982023168,0,4,4,"{""type"":""mixed_depth_quantization"",""sequential_mode"":""none"",""joint_mutation_mode"":""standard"",""parent_before_generation_hash"":""6793981670cd278fdde4810cda19b58a5b22a9594546db0aec8eacf5a5134567"",""parent_after_generation_hash"":""42075f28a864ec1fdabdcb30fa47eb55ac9b7430b53971642a07c114479441a3"",""generated_offspring_by_type"":{""depth"":60,""quantization"":68,""joint_aware"":0,""interaction_aware"":0,""sequential_quantization"":0,""fixed_quant_depth"":0,""component crossover"":0,""component crossover + repair"":0,""layer bundle crossover"":0,""layer bundle crossover + repair"":0},""depth_mask_entries_changed_by_type"":{""depth"":170,""quantization"":0,""joint_aware"":0,""interaction_aware"":0,""sequential_quantization"":0,""fixed_quant_depth"":0,""component crossover"":0,""component crossover + repair"":0,""layer bundle crossover"":0,""layer bundle crossover + repair"":0},""quant_assignments_changed_by_type"":{""depth"":79,""quantization"":151,""joint_aware"":0,""interaction_aware"":0,""sequential_quantization"":0,""fixed_quant_depth"":0,""component crossover"":0,""component crossover + repair"":0,""layer bundle crossover"":0,""layer bundle crossover + repair"":0},""depth_mask_entries_changed_total"":170,""quant_assignments_changed_total"":230,""interaction_aware_details"":{""budget_repair_quant_changes"":0,""preferred_quant_exchanges_used"":0,""fallback_quant_exchanges_used"":0},""crossover_diagnostics"":{""crossover_type"":""component"",""crossover_parent_selection"":""uniform"",""crossover_offspring"":0,""crossover_offspring_accepted"":0,""mutation_offspring_accepted"":128,""mutation_offspring"":128,""crossover_offspring_attempted"":0,""crossover_duplicates"":0,""crossover_infeasible_candidates"":0,""crossover_repair_changed_gene_count"":0,""crossover_repaired_proposals"":0,""parent_distance_mean"":null,""parent_distance_min"":null,""parent_distance_max"":null,""child_distance_from_parent_a_mean"":null,""child_distance_from_parent_b_mean"":null,""layers_from_parent_a_mean"":null,""layers_from_parent_b_mean"":null,""crossover_no_legal_exchange"":0,""local_exchange_attention"":0,""local_exchange_mlp"":0,""local_exchange_quantization"":0,""local_exchange_block"":0,""child_distance_from_base_mean"":null,""child_distance_from_base_min"":null,""child_distance_from_base_max"":null,""child_distance_from_base_count"":0,""child_distance_from_donor_mean"":null,""child_distance_from_donor_min"":null,""child_distance_from_donor_max"":null,""child_distance_from_donor_count"":0,""donor_distance_reduction_mean"":null,""donor_distance_reduction_min"":null,""donor_distance_reduction_max"":null,""donor_distance_reduction_count"":0,""local_exchange_changed_gene_count_mean"":null,""local_exchange_changed_gene_count_min"":null,""local_exchange_changed_gene_count_max"":null,""local_exchange_changed_gene_count_count"":0,""child_distance_statistics_scope"":""accepted_unique_crossover_offspring"",""persistent_population_size"":1,""unique_population_size"":1,""best_population_fitness"":0.27734375,""configured_survivors_per_selection"":[16,4,1],""effective_survivors_per_selection"":[16,4,1],""effective_final_survivor_count"":1},""offspring_generation"":{""attempts"":129,""no_op_mutations"":0,""duplicate_candidates"":1,""infeasible_candidates"":0,""fixed_quant_legal_swap_counts"":[]},""maximum_depth_mutations_per_offspring"":3,""quantization_step_size"":1,""quantization_mutations_per_offspring"":1,""joint_aware_probability"":0.0,""adaptive_mutation"":false,""adaptive_mutation_strength"":1,""adaptive_mutation_patience"":3,""adaptive_mutation_max_strength"":3,""coarse_to_fine_mutation"":false,""coarse_to_fine_start_strength"":3,""coarse_to_fine_end_strength"":1,""stagnation_generations_after_selection"":0}",depth,True,129,128,16,5,262144,262144,655360,894,7077888,5539.549652840942,15276.82177734375
7,0.28173828125,0.27734375,kl,0.28173828125,,,,,0,{},128,16,4,1,"[16,4,1]","[2048,16384,131072]",6375608320,3.4642857142857144,3216.5078125,26982023168,26982023168,0,4,4,"{""type"":""mixed_depth_quantization"",""sequential_mode"":""none"",""joint_mutation_mode"":""standard"",""parent_before_generation_hash"":""42075f28a864ec1fdabdcb30fa47eb55ac9b7430b53971642a07c114479441a3"",""parent_after_generation_hash"":""ec8d31b432e9b0e228a6a529148d4bb39b447568a422700e740fcaa19a6ec377"",""generated_offspring_by_type"":{""depth"":73,""quantization"":55,""joint_aware"":0,""interaction_aware"":0,""sequential_quantization"":0,""fixed_quant_depth"":0,""component crossover"":0,""component crossover + repair"":0,""layer bundle crossover"":0,""layer bundle crossover + repair"":0},""depth_mask_entries_changed_by_type"":{""depth"":204,""quantization"":0,""joint_aware"":0,""interaction_aware"":0,""sequential_quantization"":0,""fixed_quant_depth"":0,""component crossover"":0,""component crossover + repair"":0,""layer bundle crossover"":0,""layer bundle crossover + repair"":0},""quant_assignments_changed_by_type"":{""depth"":94,""quantization"":120,""joint_aware"":0,""interaction_aware"":0,""sequential_quantization"":0,""fixed_quant_depth"":0,""component crossover"":0,""component crossover + repair"":0,""layer bundle crossover"":0,""layer bundle crossover + repair"":0},""depth_mask_entries_changed_total"":204,""quant_assignments_changed_total"":214,""interaction_aware_details"":{""budget_repair_quant_changes"":0,""preferred_quant_exchanges_used"":0,""fallback_quant_exchanges_used"":0},""crossover_diagnostics"":{""crossover_type"":""component"",""crossover_parent_selection"":""uniform"",""crossover_offspring"":0,""crossover_offspring_accepted"":0,""mutation_offspring_accepted"":128,""mutation_offspring"":128,""crossover_offspring_attempted"":0,""crossover_duplicates"":0,""crossover_infeasible_candidates"":0,""crossover_repair_changed_gene_count"":0,""crossover_repaired_proposals"":0,""parent_distance_mean"":null,""parent_distance_min"":null,""parent_distance_max"":null,""child_distance_from_parent_a_mean"":null,""child_distance_from_parent_b_mean"":null,""layers_from_parent_a_mean"":null,""layers_from_parent_b_mean"":null,""crossover_no_legal_exchange"":0,""local_exchange_attention"":0,""local_exchange_mlp"":0,""local_exchange_quantization"":0,""local_exchange_block"":0,""child_distance_from_base_mean"":null,""child_distance_from_base_min"":null,""child_distance_from_base_max"":null,""child_distance_from_base_count"":0,""child_distance_from_donor_mean"":null,""child_distance_from_donor_min"":null,""child_distance_from_donor_max"":null,""child_distance_from_donor_count"":0,""donor_distance_reduction_mean"":null,""donor_distance_reduction_min"":null,""donor_distance_reduction_max"":null,""donor_distance_reduction_count"":0,""local_exchange_changed_gene_count_mean"":null,""local_exchange_changed_gene_count_min"":null,""local_exchange_changed_gene_count_max"":null,""local_exchange_changed_gene_count_count"":0,""child_distance_statistics_scope"":""accepted_unique_crossover_offspring"",""persistent_population_size"":1,""unique_population_size"":1,""best_population_fitness"":0.28173828125,""configured_survivors_per_selection"":[16,4,1],""effective_survivors_per_selection"":[16,4,1],""effective_final_survivor_count"":1},""offspring_generation"":{""attempts"":129,""no_op_mutations"":0,""duplicate_candidates"":1,""infeasible_candidates"":0,""fixed_quant_legal_swap_counts"":[]},""maximum_depth_mutations_per_offspring"":3,""quantization_step_size"":1,""quantization_mutations_per_offspring"":1,""joint_aware_probability"":0.0,""adaptive_mutation"":false,""adaptive_mutation_strength"":1,""adaptive_mutation_patience"":3,""adaptive_mutation_max_strength"":3,""coarse_to_fine_mutation"":false,""coarse_to_fine_start_strength"":3,""coarse_to_fine_end_strength"":1,""stagnation_generations_after_selection"":0}",depth,True,129,128,16,5,262144,262144,655360,1043,8257536,6293.713198164944,15276.82177734375
8,0.2646484375,0.28173828125,kl,0.2646484375,,,,,0,{},128,16,4,1,"[16,4,1]","[2048,16384,131072]",6375608320,3.4642857142857144,3216.5078125,26982023168,26982023168,0,4,4,"{""type"":""mixed_depth_quantization"",""sequential_mode"":""none"",""joint_mutation_mode"":""standard"",""parent_before_generation_hash"":""ec8d31b432e9b0e228a6a529148d4bb39b447568a422700e740fcaa19a6ec377"",""parent_after_generation_hash"":""d4ec7bae4b410e55431ff0ccf0d19780e723ca674ff87f56e3bed21ad79567d5"",""generated_offspring_by_type"":{""depth"":78,""quantization"":50,""joint_aware"":0,""interaction_aware"":0,""sequential_quantization"":0,""fixed_quant_depth"":0,""component crossover"":0,""component crossover + repair"":0,""layer bundle crossover"":0,""layer bundle crossover + repair"":0},""depth_mask_entries_changed_by_type"":{""depth"":236,""quantization"":0,""joint_aware"":0,""interaction_aware"":0,""sequential_quantization"":0,""fixed_quant_depth"":0,""component crossover"":0,""component crossover + repair"":0,""layer bundle crossover"":0,""layer bundle crossover + repair"":0},""quant_assignments_changed_by_type"":{""depth"":100,""quantization"":115,""joint_aware"":0,""interaction_aware"":0,""sequential_quantization"":0,""fixed_quant_depth"":0,""component crossover"":0,""component crossover + repair"":0,""layer bundle crossover"":0,""layer bundle crossover + repair"":0},""depth_mask_entries_changed_total"":236,""quant_assignments_changed_total"":215,""interaction_aware_details"":{""budget_repair_quant_changes"":0,""preferred_quant_exchanges_used"":0,""fallback_quant_exchanges_used"":0},""crossover_diagnostics"":{""crossover_type"":""component"",""crossover_parent_selection"":""uniform"",""crossover_offspring"":0,""crossover_offspring_accepted"":0,""mutation_offspring_accepted"":128,""mutation_offspring"":128,""crossover_offspring_attempted"":0,""crossover_duplicates"":0,""crossover_infeasible_candidates"":0,""crossover_repair_changed_gene_count"":0,""crossover_repaired_proposals"":0,""parent_distance_mean"":null,""parent_distance_min"":null,""parent_distance_max"":null,""child_distance_from_parent_a_mean"":null,""child_distance_from_parent_b_mean"":null,""layers_from_parent_a_mean"":null,""layers_from_parent_b_mean"":null,""crossover_no_legal_exchange"":0,""local_exchange_attention"":0,""local_exchange_mlp"":0,""local_exchange_quantization"":0,""local_exchange_block"":0,""child_distance_from_base_mean"":null,""child_distance_from_base_min"":null,""child_distance_from_base_max"":null,""child_distance_from_base_count"":0,""child_distance_from_donor_mean"":null,""child_distance_from_donor_min"":null,""child_distance_from_donor_max"":null,""child_distance_from_donor_count"":0,""donor_distance_reduction_mean"":null,""donor_distance_reduction_min"":null,""donor_distance_reduction_max"":null,""donor_distance_reduction_count"":0,""local_exchange_changed_gene_count_mean"":null,""local_exchange_changed_gene_count_min"":null,""local_exchange_changed_gene_count_max"":null,""local_exchange_changed_gene_count_count"":0,""child_distance_statistics_scope"":""accepted_unique_crossover_offspring"",""persistent_population_size"":1,""unique_population_size"":1,""best_population_fitness"":0.2646484375,""configured_survivors_per_selection"":[16,4,1],""effective_survivors_per_selection"":[16,4,1],""effective_final_survivor_count"":1},""offspring_generation"":{""attempts"":131,""no_op_mutations"":0,""duplicate_candidates"":3,""infeasible_candidates"":0,""fixed_quant_legal_swap_counts"":[]},""maximum_depth_mutations_per_offspring"":3,""quantization_step_size"":1,""quantization_mutations_per_offspring"":1,""joint_aware_probability"":0.0,""adaptive_mutation"":false,""adaptive_mutation_strength"":1,""adaptive_mutation_patience"":3,""adaptive_mutation_max_strength"":3,""coarse_to_fine_mutation"":false,""coarse_to_fine_start_strength"":3,""coarse_to_fine_end_strength"":1,""stagnation_generations_after_selection"":0}",depth,True,131,128,16,5,262144,262144,655360,1192,9437184,6973.976174841984,15276.82177734375
9,0.266845703125,0.2646484375,kl,0.266845703125,,,,,0,{},128,16,4,1,"[16,4,1]","[2048,16384,131072]",6375608320,3.4642857142857144,3216.5078125,26982023168,26982023168,0,4,4,"{""type"":""mixed_depth_quantization"",""sequential_mode"":""none"",""joint_mutation_mode"":""standard"",""parent_before_generation_hash"":""d4ec7bae4b410e55431ff0ccf0d19780e723ca674ff87f56e3bed21ad79567d5"",""parent_after_generation_hash"":""7f3c346f06e8be0b1010b96fb96e7fa46324a252c290ae84d33a0265781d5e75"",""generated_offspring_by_type"":{""depth"":65,""quantization"":63,""joint_aware"":0,""interaction_aware"":0,""sequential_quantization"":0,""fixed_quant_depth"":0,""component crossover"":0,""component crossover + repair"":0,""layer bundle crossover"":0,""layer bundle crossover + repair"":0},""depth_mask_entries_changed_by_type"":{""depth"":196,""quantization"":0,""joint_aware"":0,""interaction_aware"":0,""sequential_quantization"":0,""fixed_quant_depth"":0,""component crossover"":0,""component crossover + repair"":0,""layer bundle crossover"":0,""layer bundle crossover + repair"":0},""quant_assignments_changed_by_type"":{""depth"":82,""quantization"":141,""joint_aware"":0,""interaction_aware"":0,""sequential_quantization"":0,""fixed_quant_depth"":0,""component crossover"":0,""component crossover + repair"":0,""layer bundle crossover"":0,""layer bundle crossover + repair"":0},""depth_mask_entries_changed_total"":196,""quant_assignments_changed_total"":223,""interaction_aware_details"":{""budget_repair_quant_changes"":0,""preferred_quant_exchanges_used"":0,""fallback_quant_exchanges_used"":0},""crossover_diagnostics"":{""crossover_type"":""component"",""crossover_parent_selection"":""uniform"",""crossover_offspring"":0,""crossover_offspring_accepted"":0,""mutation_offspring_accepted"":128,""mutation_offspring"":128,""crossover_offspring_attempted"":0,""crossover_duplicates"":0,""crossover_infeasible_candidates"":0,""crossover_repair_changed_gene_count"":0,""crossover_repaired_proposals"":0,""parent_distance_mean"":null,""parent_distance_min"":null,""parent_distance_max"":null,""child_distance_from_parent_a_mean"":null,""child_distance_from_parent_b_mean"":null,""layers_from_parent_a_mean"":null,""layers_from_parent_b_mean"":null,""crossover_no_legal_exchange"":0,""local_exchange_attention"":0,""local_exchange_mlp"":0,""local_exchange_quantization"":0,""local_exchange_block"":0,""child_distance_from_base_mean"":null,""child_distance_from_base_min"":null,""child_distance_from_base_max"":null,""child_distance_from_base_count"":0,""child_distance_from_donor_mean"":null,""child_distance_from_donor_min"":null,""child_distance_from_donor_max"":null,""child_distance_from_donor_count"":0,""donor_distance_reduction_mean"":null,""donor_distance_reduction_min"":null,""donor_distance_reduction_max"":null,""donor_distance_reduction_count"":0,""local_exchange_changed_gene_count_mean"":null,""local_exchange_changed_gene_count_min"":null,""local_exchange_changed_gene_count_max"":null,""local_exchange_changed_gene_count_count"":0,""child_distance_statistics_scope"":""accepted_unique_crossover_offspring"",""persistent_population_size"":1,""unique_population_size"":1,""best_population_fitness"":0.266845703125,""configured_survivors_per_selection"":[16,4,1],""effective_survivors_per_selection"":[16,4,1],""effective_final_survivor_count"":1},""offspring_generation"":{""attempts"":129,""no_op_mutations"":0,""duplicate_candidates"":1,""infeasible_candidates"":0,""fixed_quant_legal_swap_counts"":[]},""maximum_depth_mutations_per_offspring"":3,""quantization_step_size"":1,""quantization_mutations_per_offspring"":1,""joint_aware_probability"":0.0,""adaptive_mutation"":false,""adaptive_mutation_strength"":1,""adaptive_mutation_patience"":3,""adaptive_mutation_max_strength"":3,""coarse_to_fine_mutation"":false,""coarse_to_fine_start_strength"":3,""coarse_to_fine_end_strength"":1,""stagnation_generations_after_selection"":0}",depth,True,129,128,16,5,262144,262144,655360,1341,10616832,7723.161048418959,15276.82177734375
10,0.25048828125,0.266845703125,kl,0.25048828125,,,,,0,{},128,16,4,1,"[16,4,1]","[2048,16384,131072]",6375608320,3.4642857142857144,3216.5078125,26982023168,26982023168,0,4,4,"{""type"":""mixed_depth_quantization"",""sequential_mode"":""none"",""joint_mutation_mode"":""standard"",""parent_before_generation_hash"":""7f3c346f06e8be0b1010b96fb96e7fa46324a252c290ae84d33a0265781d5e75"",""parent_after_generation_hash"":""03f2b361abfb6abe25c16297eec091c5c6831074d7aae1ef77ef48fd9c74cb8a"",""generated_offspring_by_type"":{""depth"":73,""quantization"":55,""joint_aware"":0,""interaction_aware"":0,""sequential_quantization"":0,""fixed_quant_depth"":0,""component crossover"":0,""component crossover + repair"":0,""layer bundle crossover"":0,""layer bundle crossover + repair"":0},""depth_mask_entries_changed_by_type"":{""depth"":212,""quantization"":0,""joint_aware"":0,""interaction_aware"":0,""sequential_quantization"":0,""fixed_quant_depth"":0,""component crossover"":0,""component crossover + repair"":0,""layer bundle crossover"":0,""layer bundle crossover + repair"":0},""quant_assignments_changed_by_type"":{""depth"":87,""quantization"":126,""joint_aware"":0,""interaction_aware"":0,""sequential_quantization"":0,""fixed_quant_depth"":0,""component crossover"":0,""component crossover + repair"":0,""layer bundle crossover"":0,""layer bundle crossover + repair"":0},""depth_mask_entries_changed_total"":212,""quant_assignments_changed_total"":213,""interaction_aware_details"":{""budget_repair_quant_changes"":0,""preferred_quant_exchanges_used"":0,""fallback_quant_exchanges_used"":0},""crossover_diagnostics"":{""crossover_type"":""component"",""crossover_parent_selection"":""uniform"",""crossover_offspring"":0,""crossover_offspring_accepted"":0,""mutation_offspring_accepted"":128,""mutation_offspring"":128,""crossover_offspring_attempted"":0,""crossover_duplicates"":0,""crossover_infeasible_candidates"":0,""crossover_repair_changed_gene_count"":0,""crossover_repaired_proposals"":0,""parent_distance_mean"":null,""parent_distance_min"":null,""parent_distance_max"":null,""child_distance_from_parent_a_mean"":null,""child_distance_from_parent_b_mean"":null,""layers_from_parent_a_mean"":null,""layers_from_parent_b_mean"":null,""crossover_no_legal_exchange"":0,""local_exchange_attention"":0,""local_exchange_mlp"":0,""local_exchange_quantization"":0,""local_exchange_block"":0,""child_distance_from_base_mean"":null,""child_distance_from_base_min"":null,""child_distance_from_base_max"":null,""child_distance_from_base_count"":0,""child_distance_from_donor_mean"":null,""child_distance_from_donor_min"":null,""child_distance_from_donor_max"":null,""child_distance_from_donor_count"":0,""donor_distance_reduction_mean"":null,""donor_distance_reduction_min"":null,""donor_distance_reduction_max"":null,""donor_distance_reduction_count"":0,""local_exchange_changed_gene_count_mean"":null,""local_exchange_changed_gene_count_min"":null,""local_exchange_changed_gene_count_max"":null,""local_exchange_changed_gene_count_count"":0,""child_distance_statistics_scope"":""accepted_unique_crossover_offspring"",""persistent_population_size"":1,""unique_population_size"":1,""best_population_fitness"":0.25048828125,""configured_survivors_per_selection"":[16,4,1],""effective_survivors_per_selection"":[16,4,1],""effective_final_survivor_count"":1},""offspring_generation"":{""attempts"":130,""no_op_mutations"":0,""duplicate_candidates"":2,""infeasible_candidates"":0,""fixed_quant_legal_swap_counts"":[]},""maximum_depth_mutations_per_offspring"":3,""quantization_step_size"":1,""quantization_mutations_per_offspring"":1,""joint_aware_probability"":0.0,""adaptive_mutation"":false,""adaptive_mutation_strength"":1,""adaptive_mutation_patience"":3,""adaptive_mutation_max_strength"":3,""coarse_to_fine_mutation"":false,""coarse_to_fine_start_strength"":3,""coarse_to_fine_end_strength"":1,""stagnation_generations_after_selection"":0}",depth,True,130,128,16,5,262144,262144,655360,1490,11796480,8474.434157688986,15276.82177734375
11,0.250732421875,0.25048828125,kl,0.250732421875,8.2109375,6.51953125,10.2421875,,917504,"{""wikitext2"":327680,""c4"":589824}",128,16,4,1,"[16,4,1]","[2048,16384,131072]",6375608320,3.4642857142857144,3216.5078125,26982023168,26982023168,0,4,4,"{""type"":""mixed_depth_quantization"",""sequential_mode"":""none"",""joint_mutation_mode"":""standard"",""parent_before_generation_hash"":""03f2b361abfb6abe25c16297eec091c5c6831074d7aae1ef77ef48fd9c74cb8a"",""parent_after_generation_hash"":""0975e866150a8d9744721fb35bde1e17cc16c92093f128661d7753c38afe9227"",""generated_offspring_by_type"":{""depth"":58,""quantization"":70,""joint_aware"":0,""interaction_aware"":0,""sequential_quantization"":0,""fixed_quant_depth"":0,""component crossover"":0,""component crossover + repair"":0,""layer bundle crossover"":0,""layer bundle crossover + repair"":0},""depth_mask_entries_changed_by_type"":{""depth"":150,""quantization"":0,""joint_aware"":0,""interaction_aware"":0,""sequential_quantization"":0,""fixed_quant_depth"":0,""component crossover"":0,""component crossover + repair"":0,""layer bundle crossover"":0,""layer bundle crossover + repair"":0},""quant_assignments_changed_by_type"":{""depth"":60,""quantization"":154,""joint_aware"":0,""interaction_aware"":0,""sequential_quantization"":0,""fixed_quant_depth"":0,""component crossover"":0,""component crossover + repair"":0,""layer bundle crossover"":0,""layer bundle crossover + repair"":0},""depth_mask_entries_changed_total"":150,""quant_assignments_changed_total"":214,""interaction_aware_details"":{""budget_repair_quant_changes"":0,""preferred_quant_exchanges_used"":0,""fallback_quant_exchanges_used"":0},""crossover_diagnostics"":{""crossover_type"":""component"",""crossover_parent_selection"":""uniform"",""crossover_offspring"":0,""crossover_offspring_accepted"":0,""mutation_offspring_accepted"":128,""mutation_offspring"":128,""crossover_offspring_attempted"":0,""crossover_duplicates"":0,""crossover_infeasible_candidates"":0,""crossover_repair_changed_gene_count"":0,""crossover_repaired_proposals"":0,""parent_distance_mean"":null,""parent_distance_min"":null,""parent_distance_max"":null,""child_distance_from_parent_a_mean"":null,""child_distance_from_parent_b_mean"":null,""layers_from_parent_a_mean"":null,""layers_from_parent_b_mean"":null,""crossover_no_legal_exchange"":0,""local_exchange_attention"":0,""local_exchange_mlp"":0,""local_exchange_quantization"":0,""local_exchange_block"":0,""child_distance_from_base_mean"":null,""child_distance_from_base_min"":null,""child_distance_from_base_max"":null,""child_distance_from_base_count"":0,""child_distance_from_donor_mean"":null,""child_distance_from_donor_min"":null,""child_distance_from_donor_max"":null,""child_distance_from_donor_count"":0,""donor_distance_reduction_mean"":null,""donor_distance_reduction_min"":null,""donor_distance_reduction_max"":null,""donor_distance_reduction_count"":0,""local_exchange_changed_gene_count_mean"":null,""local_exchange_changed_gene_count_min"":null,""local_exchange_changed_gene_count_max"":null,""local_exchange_changed_gene_count_count"":0,""child_distance_statistics_scope"":""accepted_unique_crossover_offspring"",""persistent_population_size"":1,""unique_population_size"":1,""best_population_fitness"":0.250732421875,""configured_survivors_per_selection"":[16,4,1],""effective_survivors_per_selection"":[16,4,1],""effective_final_survivor_count"":1},""offspring_generation"":{""attempts"":132,""no_op_mutations"":0,""duplicate_candidates"":4,""infeasible_candidates"":0,""fixed_quant_legal_swap_counts"":[]},""maximum_depth_mutations_per_offspring"":3,""quantization_step_size"":1,""quantization_mutations_per_offspring"":1,""joint_aware_probability"":0.0,""adaptive_mutation"":false,""adaptive_mutation_strength"":1,""adaptive_mutation_patience"":3,""adaptive_mutation_max_strength"":3,""coarse_to_fine_mutation"":false,""coarse_to_fine_start_strength"":3,""coarse_to_fine_end_strength"":1,""stagnation_generations_after_selection"":0}",quantization,True,132,128,16,5,262144,262144,655360,1639,12976128,9437.732523316983,15276.82177734375
12,0.248291015625,0.250732421875,kl,0.248291015625,,,,,0,{},128,16,4,1,"[16,4,1]","[2048,16384,131072]",6375608320,3.4642857142857144,3216.5078125,26982023168,26982023168,0,4,4,"{""type"":""mixed_depth_quantization"",""sequential_mode"":""none"",""joint_mutation_mode"":""standard"",""parent_before_generation_hash"":""0975e866150a8d9744721fb35bde1e17cc16c92093f128661d7753c38afe9227"",""parent_after_generation_hash"":""628b80f6ef477fd0286076ac681b9fd1a97d35688aa81f07bbd560796eca9a6e"",""generated_offspring_by_type"":{""depth"":68,""quantization"":60,""joint_aware"":0,""interaction_aware"":0,""sequential_quantization"":0,""fixed_quant_depth"":0,""component crossover"":0,""component crossover + repair"":0,""layer bundle crossover"":0,""layer bundle crossover + repair"":0},""depth_mask_entries_changed_by_type"":{""depth"":202,""quantization"":0,""joint_aware"":0,""interaction_aware"":0,""sequential_quantization"":0,""fixed_quant_depth"":0,""component crossover"":0,""component crossover + repair"":0,""layer bundle crossover"":0,""layer bundle crossover + repair"":0},""quant_assignments_changed_by_type"":{""depth"":98,""quantization"":131,""joint_aware"":0,""interaction_aware"":0,""sequential_quantization"":0,""fixed_quant_depth"":0,""component crossover"":0,""component crossover + repair"":0,""layer bundle crossover"":0,""layer bundle crossover + repair"":0},""depth_mask_entries_changed_total"":202,""quant_assignments_changed_total"":229,""interaction_aware_details"":{""budget_repair_quant_changes"":0,""preferred_quant_exchanges_used"":0,""fallback_quant_exchanges_used"":0},""crossover_diagnostics"":{""crossover_type"":""component"",""crossover_parent_selection"":""uniform"",""crossover_offspring"":0,""crossover_offspring_accepted"":0,""mutation_offspring_accepted"":128,""mutation_offspring"":128,""crossover_offspring_attempted"":0,""crossover_duplicates"":0,""crossover_infeasible_candidates"":0,""crossover_repair_changed_gene_count"":0,""crossover_repaired_proposals"":0,""parent_distance_mean"":null,""parent_distance_min"":null,""parent_distance_max"":null,""child_distance_from_parent_a_mean"":null,""child_distance_from_parent_b_mean"":null,""layers_from_parent_a_mean"":null,""layers_from_parent_b_mean"":null,""crossover_no_legal_exchange"":0,""local_exchange_attention"":0,""local_exchange_mlp"":0,""local_exchange_quantization"":0,""local_exchange_block"":0,""child_distance_from_base_mean"":null,""child_distance_from_base_min"":null,""child_distance_from_base_max"":null,""child_distance_from_base_count"":0,""child_distance_from_donor_mean"":null,""child_distance_from_donor_min"":null,""child_distance_from_donor_max"":null,""child_distance_from_donor_count"":0,""donor_distance_reduction_mean"":null,""donor_distance_reduction_min"":null,""donor_distance_reduction_max"":null,""donor_distance_reduction_count"":0,""local_exchange_changed_gene_count_mean"":null,""local_exchange_changed_gene_count_min"":null,""local_exchange_changed_gene_count_max"":null,""local_exchange_changed_gene_count_count"":0,""child_distance_statistics_scope"":""accepted_unique_crossover_offspring"",""persistent_population_size"":1,""unique_population_size"":1,""best_population_fitness"":0.248291015625,""configured_survivors_per_selection"":[16,4,1],""effective_survivors_per_selection"":[16,4,1],""effective_final_survivor_count"":1},""offspring_generation"":{""attempts"":129,""no_op_mutations"":0,""duplicate_candidates"":1,""infeasible_candidates"":0,""fixed_quant_legal_swap_counts"":[]},""maximum_depth_mutations_per_offspring"":3,""quantization_step_size"":1,""quantization_mutations_per_offspring"":1,""joint_aware_probability"":0.0,""adaptive_mutation"":false,""adaptive_mutation_strength"":1,""adaptive_mutation_patience"":3,""adaptive_mutation_max_strength"":3,""coarse_to_fine_mutation"":false,""coarse_to_fine_start_strength"":3,""coarse_to_fine_end_strength"":1,""stagnation_generations_after_selection"":0}",quantization,True,129,128,16,5,262144,262144,655360,1788,14155776,10220.646025536,15276.82177734375
13,0.252685546875,0.248291015625,kl,0.252685546875,,,,,0,{},128,16,4,1,"[16,4,1]","[2048,16384,131072]",6375608320,3.4642857142857144,3216.5078125,26982023168,26982023168,0,4,4,"{""type"":""mixed_depth_quantization"",""sequential_mode"":""none"",""joint_mutation_mode"":""standard"",""parent_before_generation_hash"":""628b80f6ef477fd0286076ac681b9fd1a97d35688aa81f07bbd560796eca9a6e"",""parent_after_generation_hash"":""e17a0a60f0f0f9ab2b525c3f5aea05007a7bbf2e75d22cceccd507e7fc0d6c6a"",""generated_offspring_by_type"":{""depth"":66,""quantization"":62,""joint_aware"":0,""interaction_aware"":0,""sequential_quantization"":0,""fixed_quant_depth"":0,""component crossover"":0,""component crossover + repair"":0,""layer bundle crossover"":0,""layer bundle crossover + repair"":0},""depth_mask_entries_changed_by_type"":{""depth"":194,""quantization"":0,""joint_aware"":0,""interaction_aware"":0,""sequential_quantization"":0,""fixed_quant_depth"":0,""component crossover"":0,""component crossover + repair"":0,""layer bundle crossover"":0,""layer bundle crossover + repair"":0},""quant_assignments_changed_by_type"":{""depth"":81,""quantization"":137,""joint_aware"":0,""interaction_aware"":0,""sequential_quantization"":0,""fixed_quant_depth"":0,""component crossover"":0,""component crossover + repair"":0,""layer bundle crossover"":0,""layer bundle crossover + repair"":0},""depth_mask_entries_changed_total"":194,""quant_assignments_changed_total"":218,""interaction_aware_details"":{""budget_repair_quant_changes"":0,""preferred_quant_exchanges_used"":0,""fallback_quant_exchanges_used"":0},""crossover_diagnostics"":{""crossover_type"":""component"",""crossover_parent_selection"":""uniform"",""crossover_offspring"":0,""crossover_offspring_accepted"":0,""mutation_offspring_accepted"":128,""mutation_offspring"":128,""crossover_offspring_attempted"":0,""crossover_duplicates"":0,""crossover_infeasible_candidates"":0,""crossover_repair_changed_gene_count"":0,""crossover_repaired_proposals"":0,""parent_distance_mean"":null,""parent_distance_min"":null,""parent_distance_max"":null,""child_distance_from_parent_a_mean"":null,""child_distance_from_parent_b_mean"":null,""layers_from_parent_a_mean"":null,""layers_from_parent_b_mean"":null,""crossover_no_legal_exchange"":0,""local_exchange_attention"":0,""local_exchange_mlp"":0,""local_exchange_quantization"":0,""local_exchange_block"":0,""child_distance_from_base_mean"":null,""child_distance_from_base_min"":null,""child_distance_from_base_max"":null,""child_distance_from_base_count"":0,""child_distance_from_donor_mean"":null,""child_distance_from_donor_min"":null,""child_distance_from_donor_max"":null,""child_distance_from_donor_count"":0,""donor_distance_reduction_mean"":null,""donor_distance_reduction_min"":null,""donor_distance_reduction_max"":null,""donor_distance_reduction_count"":0,""local_exchange_changed_gene_count_mean"":null,""local_exchange_changed_gene_count_min"":null,""local_exchange_changed_gene_count_max"":null,""local_exchange_changed_gene_count_count"":0,""child_distance_statistics_scope"":""accepted_unique_crossover_offspring"",""persistent_population_size"":1,""unique_population_size"":1,""best_population_fitness"":0.252685546875,""configured_survivors_per_selection"":[16,4,1],""effective_survivors_per_selection"":[16,4,1],""effective_final_survivor_count"":1},""offspring_generation"":{""attempts"":130,""no_op_mutations"":0,""duplicate_candidates"":2,""infeasible_candidates"":0,""fixed_quant_legal_swap_counts"":[]},""maximum_depth_mutations_per_offspring"":3,""quantization_step_size"":1,""quantization_mutations_per_offspring"":1,""joint_aware_probability"":0.0,""adaptive_mutation"":false,""adaptive_mutation_strength"":1,""adaptive_mutation_patience"":3,""adaptive_mutation_max_strength"":3,""coarse_to_fine_mutation"":false,""coarse_to_fine_start_strength"":3,""coarse_to_fine_end_strength"":1,""stagnation_generations_after_selection"":0}",quantization,True,130,128,16,5,262144,262144,655360,1937,15335424,10903.113265788998,15276.82177734375
14,0.25439453125,0.252685546875,kl,0.25439453125,,,,,0,{},128,16,4,1,"[16,4,1]","[2048,16384,131072]",6375608320,3.4642857142857144,3216.5078125,26982023168,26982023168,0,4,4,"{""type"":""mixed_depth_quantization"",""sequential_mode"":""none"",""joint_mutation_mode"":""standard"",""parent_before_generation_hash"":""e17a0a60f0f0f9ab2b525c3f5aea05007a7bbf2e75d22cceccd507e7fc0d6c6a"",""parent_after_generation_hash"":""0238824e10214848e6f59da54f6aa3a43ed9f88d54686cadda2ca0218a2d4f03"",""generated_offspring_by_type"":{""depth"":69,""quantization"":59,""joint_aware"":0,""interaction_aware"":0,""sequential_quantization"":0,""fixed_quant_depth"":0,""component crossover"":0,""component crossover + repair"":0,""layer bundle crossover"":0,""layer bundle crossover + repair"":0},""depth_mask_entries_changed_by_type"":{""depth"":200,""quantization"":0,""joint_aware"":0,""interaction_aware"":0,""sequential_quantization"":0,""fixed_quant_depth"":0,""component crossover"":0,""component crossover + repair"":0,""layer bundle crossover"":0,""layer bundle crossover + repair"":0},""quant_assignments_changed_by_type"":{""depth"":90,""quantization"":126,""joint_aware"":0,""interaction_aware"":0,""sequential_quantization"":0,""fixed_quant_depth"":0,""component crossover"":0,""component crossover + repair"":0,""layer bundle crossover"":0,""layer bundle crossover + repair"":0},""depth_mask_entries_changed_total"":200,""quant_assignments_changed_total"":216,""interaction_aware_details"":{""budget_repair_quant_changes"":0,""preferred_quant_exchanges_used"":0,""fallback_quant_exchanges_used"":0},""crossover_diagnostics"":{""crossover_type"":""component"",""crossover_parent_selection"":""uniform"",""crossover_offspring"":0,""crossover_offspring_accepted"":0,""mutation_offspring_accepted"":128,""mutation_offspring"":128,""crossover_offspring_attempted"":0,""crossover_duplicates"":0,""crossover_infeasible_candidates"":0,""crossover_repair_changed_gene_count"":0,""crossover_repaired_proposals"":0,""parent_distance_mean"":null,""parent_distance_min"":null,""parent_distance_max"":null,""child_distance_from_parent_a_mean"":null,""child_distance_from_parent_b_mean"":null,""layers_from_parent_a_mean"":null,""layers_from_parent_b_mean"":null,""crossover_no_legal_exchange"":0,""local_exchange_attention"":0,""local_exchange_mlp"":0,""local_exchange_quantization"":0,""local_exchange_block"":0,""child_distance_from_base_mean"":null,""child_distance_from_base_min"":null,""child_distance_from_base_max"":null,""child_distance_from_base_count"":0,""child_distance_from_donor_mean"":null,""child_distance_from_donor_min"":null,""child_distance_from_donor_max"":null,""child_distance_from_donor_count"":0,""donor_distance_reduction_mean"":null,""donor_distance_reduction_min"":null,""donor_distance_reduction_max"":null,""donor_distance_reduction_count"":0,""local_exchange_changed_gene_count_mean"":null,""local_exchange_changed_gene_count_min"":null,""local_exchange_changed_gene_count_max"":null,""local_exchange_changed_gene_count_count"":0,""child_distance_statistics_scope"":""accepted_unique_crossover_offspring"",""persistent_population_size"":1,""unique_population_size"":1,""best_population_fitness"":0.25439453125,""configured_survivors_per_selection"":[16,4,1],""effective_survivors_per_selection"":[16,4,1],""effective_final_survivor_count"":1},""offspring_generation"":{""attempts"":132,""no_op_mutations"":0,""duplicate_candidates"":4,""infeasible_candidates"":0,""fixed_quant_legal_swap_counts"":[]},""maximum_depth_mutations_per_offspring"":3,""quantization_step_size"":1,""quantization_mutations_per_offspring"":1,""joint_aware_probability"":0.0,""adaptive_mutation"":false,""adaptive_mutation_strength"":1,""adaptive_mutation_patience"":3,""adaptive_mutation_max_strength"":3,""coarse_to_fine_mutation"":false,""coarse_to_fine_start_strength"":3,""coarse_to_fine_end_strength"":1,""stagnation_generations_after_selection"":0}",quantization,True,132,128,16,5,262144,262144,655360,2086,16515072,11722.748725130921,15276.82177734375
15,0.246826171875,0.25439453125,kl,0.246826171875,,,,,0,{},128,16,4,1,"[16,4,1]","[2048,16384,131072]",6375608320,3.4642857142857144,3216.5078125,26982023168,26982023168,0,4,4,"{""type"":""mixed_depth_quantization"",""sequential_mode"":""none"",""joint_mutation_mode"":""standard"",""parent_before_generation_hash"":""0238824e10214848e6f59da54f6aa3a43ed9f88d54686cadda2ca0218a2d4f03"",""parent_after_generation_hash"":""7938ba76d187cf5462793cdc69308057e884d44ec60fe3e9d658054d67d68e63"",""generated_offspring_by_type"":{""depth"":62,""quantization"":66,""joint_aware"":0,""interaction_aware"":0,""sequential_quantization"":0,""fixed_quant_depth"":0,""component crossover"":0,""component crossover + repair"":0,""layer bundle crossover"":0,""layer bundle crossover + repair"":0},""depth_mask_entries_changed_by_type"":{""depth"":194,""quantization"":0,""joint_aware"":0,""interaction_aware"":0,""sequential_quantization"":0,""fixed_quant_depth"":0,""component crossover"":0,""component crossover + repair"":0,""layer bundle crossover"":0,""layer bundle crossover + repair"":0},""quant_assignments_changed_by_type"":{""depth"":88,""quantization"":153,""joint_aware"":0,""interaction_aware"":0,""sequential_quantization"":0,""fixed_quant_depth"":0,""component crossover"":0,""component crossover + repair"":0,""layer bundle crossover"":0,""layer bundle crossover + repair"":0},""depth_mask_entries_changed_total"":194,""quant_assignments_changed_total"":241,""interaction_aware_details"":{""budget_repair_quant_changes"":0,""preferred_quant_exchanges_used"":0,""fallback_quant_exchanges_used"":0},""crossover_diagnostics"":{""crossover_type"":""component"",""crossover_parent_selection"":""uniform"",""crossover_offspring"":0,""crossover_offspring_accepted"":0,""mutation_offspring_accepted"":128,""mutation_offspring"":128,""crossover_offspring_attempted"":0,""crossover_duplicates"":0,""crossover_infeasible_candidates"":0,""crossover_repair_changed_gene_count"":0,""crossover_repaired_proposals"":0,""parent_distance_mean"":null,""parent_distance_min"":null,""parent_distance_max"":null,""child_distance_from_parent_a_mean"":null,""child_distance_from_parent_b_mean"":null,""layers_from_parent_a_mean"":null,""layers_from_parent_b_mean"":null,""crossover_no_legal_exchange"":0,""local_exchange_attention"":0,""local_exchange_mlp"":0,""local_exchange_quantization"":0,""local_exchange_block"":0,""child_distance_from_base_mean"":null,""child_distance_from_base_min"":null,""child_distance_from_base_max"":null,""child_distance_from_base_count"":0,""child_distance_from_donor_mean"":null,""child_distance_from_donor_min"":null,""child_distance_from_donor_max"":null,""child_distance_from_donor_count"":0,""donor_distance_reduction_mean"":null,""donor_distance_reduction_min"":null,""donor_distance_reduction_max"":null,""donor_distance_reduction_count"":0,""local_exchange_changed_gene_count_mean"":null,""local_exchange_changed_gene_count_min"":null,""local_exchange_changed_gene_count_max"":null,""local_exchange_changed_gene_count_count"":0,""child_distance_statistics_scope"":""accepted_unique_crossover_offspring"",""persistent_population_size"":1,""unique_population_size"":1,""best_population_fitness"":0.246826171875,""configured_survivors_per_selection"":[16,4,1],""effective_survivors_per_selection"":[16,4,1],""effective_final_survivor_count"":1},""offspring_generation"":{""attempts"":128,""no_op_mutations"":0,""duplicate_candidates"":0,""infeasible_candidates"":0,""fixed_quant_legal_swap_counts"":[]},""maximum_depth_mutations_per_offspring"":3,""quantization_step_size"":1,""quantization_mutations_per_offspring"":1,""joint_aware_probability"":0.0,""adaptive_mutation"":false,""adaptive_mutation_strength"":1,""adaptive_mutation_patience"":3,""adaptive_mutation_max_strength"":3,""coarse_to_fine_mutation"":false,""coarse_to_fine_start_strength"":3,""coarse_to_fine_end_strength"":1,""stagnation_generations_after_selection"":0}",quantization,True,128,128,16,5,262144,262144,655360,2235,17694720,12447.21175240993,15276.82177734375
16,0.2452392578125,0.246826171875,kl,0.2452392578125,8.1484375,6.484375,10.1171875,,917504,"{""wikitext2"":327680,""c4"":589824}",128,16,4,1,"[16,4,1]","[2048,16384,131072]",6375608320,3.4642857142857144,3216.5078125,26982023168,26982023168,0,4,4,"{""type"":""mixed_depth_quantization"",""sequential_mode"":""none"",""joint_mutation_mode"":""standard"",""parent_before_generation_hash"":""7938ba76d187cf5462793cdc69308057e884d44ec60fe3e9d658054d67d68e63"",""parent_after_generation_hash"":""f9a02dfe9cfc1f0e0b3c360098eb6ca0f45582c8bbf5f299adf6b09d702a06b0"",""generated_offspring_by_type"":{""depth"":60,""quantization"":68,""joint_aware"":0,""interaction_aware"":0,""sequential_quantization"":0,""fixed_quant_depth"":0,""component crossover"":0,""component crossover + repair"":0,""layer bundle crossover"":0,""layer bundle crossover + repair"":0},""depth_mask_entries_changed_by_type"":{""depth"":180,""quantization"":0,""joint_aware"":0,""interaction_aware"":0,""sequential_quantization"":0,""fixed_quant_depth"":0,""component crossover"":0,""component crossover + repair"":0,""layer bundle crossover"":0,""layer bundle crossover + repair"":0},""quant_assignments_changed_by_type"":{""depth"":94,""quantization"":148,""joint_aware"":0,""interaction_aware"":0,""sequential_quantization"":0,""fixed_quant_depth"":0,""component crossover"":0,""component crossover + repair"":0,""layer bundle crossover"":0,""layer bundle crossover + repair"":0},""depth_mask_entries_changed_total"":180,""quant_assignments_changed_total"":242,""interaction_aware_details"":{""budget_repair_quant_changes"":0,""preferred_quant_exchanges_used"":0,""fallback_quant_exchanges_used"":0},""crossover_diagnostics"":{""crossover_type"":""component"",""crossover_parent_selection"":""uniform"",""crossover_offspring"":0,""crossover_offspring_accepted"":0,""mutation_offspring_accepted"":128,""mutation_offspring"":128,""crossover_offspring_attempted"":0,""crossover_duplicates"":0,""crossover_infeasible_candidates"":0,""crossover_repair_changed_gene_count"":0,""crossover_repaired_proposals"":0,""parent_distance_mean"":null,""parent_distance_min"":null,""parent_distance_max"":null,""child_distance_from_parent_a_mean"":null,""child_distance_from_parent_b_mean"":null,""layers_from_parent_a_mean"":null,""layers_from_parent_b_mean"":null,""crossover_no_legal_exchange"":0,""local_exchange_attention"":0,""local_exchange_mlp"":0,""local_exchange_quantization"":0,""local_exchange_block"":0,""child_distance_from_base_mean"":null,""child_distance_from_base_min"":null,""child_distance_from_base_max"":null,""child_distance_from_base_count"":0,""child_distance_from_donor_mean"":null,""child_distance_from_donor_min"":null,""child_distance_from_donor_max"":null,""child_distance_from_donor_count"":0,""donor_distance_reduction_mean"":null,""donor_distance_reduction_min"":null,""donor_distance_reduction_max"":null,""donor_distance_reduction_count"":0,""local_exchange_changed_gene_count_mean"":null,""local_exchange_changed_gene_count_min"":null,""local_exchange_changed_gene_count_max"":null,""local_exchange_changed_gene_count_count"":0,""child_distance_statistics_scope"":""accepted_unique_crossover_offspring"",""persistent_population_size"":1,""unique_population_size"":1,""best_population_fitness"":0.2452392578125,""configured_survivors_per_selection"":[16,4,1],""effective_survivors_per_selection"":[16,4,1],""effective_final_survivor_count"":1},""offspring_generation"":{""attempts"":129,""no_op_mutations"":1,""duplicate_candidates"":0,""infeasible_candidates"":0,""fixed_quant_legal_swap_counts"":[]},""maximum_depth_mutations_per_offspring"":3,""quantization_step_size"":1,""quantization_mutations_per_offspring"":1,""joint_aware_probability"":0.0,""adaptive_mutation"":false,""adaptive_mutation_strength"":1,""adaptive_mutation_patience"":3,""adaptive_mutation_max_strength"":3,""coarse_to_fine_mutation"":false,""coarse_to_fine_start_strength"":3,""coarse_to_fine_end_strength"":1,""stagnation_generations_after_selection"":0}",quantization,True,129,128,16,5,262144,262144,655360,2384,18874368,13449.520187656977,15276.82177734375
17,0.2479248046875,0.2452392578125,kl,0.2479248046875,,,,,0,{},128,16,4,1,"[16,4,1]","[2048,16384,131072]",6375608320,3.4642857142857144,3216.5078125,26982023168,26982023168,0,4,4,"{""type"":""mixed_depth_quantization"",""sequential_mode"":""none"",""joint_mutation_mode"":""standard"",""parent_before_generation_hash"":""f9a02dfe9cfc1f0e0b3c360098eb6ca0f45582c8bbf5f299adf6b09d702a06b0"",""parent_after_generation_hash"":""2f3ed88c359febaefa950bf56da3f26ebb235da1e7e655aedcbdf494ce48fe2a"",""generated_offspring_by_type"":{""depth"":70,""quantization"":58,""joint_aware"":0,""interaction_aware"":0,""sequential_quantization"":0,""fixed_quant_depth"":0,""component crossover"":0,""component crossover + repair"":0,""layer bundle crossover"":0,""layer bundle crossover + repair"":0},""depth_mask_entries_changed_by_type"":{""depth"":204,""quantization"":0,""joint_aware"":0,""interaction_aware"":0,""sequential_quantization"":0,""fixed_quant_depth"":0,""component crossover"":0,""component crossover + repair"":0,""layer bundle crossover"":0,""layer bundle crossover + repair"":0},""quant_assignments_changed_by_type"":{""depth"":102,""quantization"":128,""joint_aware"":0,""interaction_aware"":0,""sequential_quantization"":0,""fixed_quant_depth"":0,""component crossover"":0,""component crossover + repair"":0,""layer bundle crossover"":0,""layer bundle crossover + repair"":0},""depth_mask_entries_changed_total"":204,""quant_assignments_changed_total"":230,""interaction_aware_details"":{""budget_repair_quant_changes"":0,""preferred_quant_exchanges_used"":0,""fallback_quant_exchanges_used"":0},""crossover_diagnostics"":{""crossover_type"":""component"",""crossover_parent_selection"":""uniform"",""crossover_offspring"":0,""crossover_offspring_accepted"":0,""mutation_offspring_accepted"":128,""mutation_offspring"":128,""crossover_offspring_attempted"":0,""crossover_duplicates"":0,""crossover_infeasible_candidates"":0,""crossover_repair_changed_gene_count"":0,""crossover_repaired_proposals"":0,""parent_distance_mean"":null,""parent_distance_min"":null,""parent_distance_max"":null,""child_distance_from_parent_a_mean"":null,""child_distance_from_parent_b_mean"":null,""layers_from_parent_a_mean"":null,""layers_from_parent_b_mean"":null,""crossover_no_legal_exchange"":0,""local_exchange_attention"":0,""local_exchange_mlp"":0,""local_exchange_quantization"":0,""local_exchange_block"":0,""child_distance_from_base_mean"":null,""child_distance_from_base_min"":null,""child_distance_from_base_max"":null,""child_distance_from_base_count"":0,""child_distance_from_donor_mean"":null,""child_distance_from_donor_min"":null,""child_distance_from_donor_max"":null,""child_distance_from_donor_count"":0,""donor_distance_reduction_mean"":null,""donor_distance_reduction_min"":null,""donor_distance_reduction_max"":null,""donor_distance_reduction_count"":0,""local_exchange_changed_gene_count_mean"":null,""local_exchange_changed_gene_count_min"":null,""local_exchange_changed_gene_count_max"":null,""local_exchange_changed_gene_count_count"":0,""child_distance_statistics_scope"":""accepted_unique_crossover_offspring"",""persistent_population_size"":1,""unique_population_size"":1,""best_population_fitness"":0.2479248046875,""configured_survivors_per_selection"":[16,4,1],""effective_survivors_per_selection"":[16,4,1],""effective_final_survivor_count"":1},""offspring_generation"":{""attempts"":129,""no_op_mutations"":1,""duplicate_candidates"":0,""infeasible_candidates"":0,""fixed_quant_legal_swap_counts"":[]},""maximum_depth_mutations_per_offspring"":3,""quantization_step_size"":1,""quantization_mutations_per_offspring"":1,""joint_aware_probability"":0.0,""adaptive_mutation"":false,""adaptive_mutation_strength"":1,""adaptive_mutation_patience"":3,""adaptive_mutation_max_strength"":3,""coarse_to_fine_mutation"":false,""coarse_to_fine_start_strength"":3,""coarse_to_fine_end_strength"":1,""stagnation_generations_after_selection"":0}",depth,True,129,128,16,5,262144,262144,655360,2533,20054016,14191.860382691957,15276.82177734375
18,0.2415771484375,0.2479248046875,kl,0.2415771484375,,,,,0,{},128,16,4,1,"[16,4,1]","[2048,16384,131072]",6375608320,3.4642857142857144,3216.5078125,26982023168,26982023168,0,4,4,"{""type"":""mixed_depth_quantization"",""sequential_mode"":""none"",""joint_mutation_mode"":""standard"",""parent_before_generation_hash"":""2f3ed88c359febaefa950bf56da3f26ebb235da1e7e655aedcbdf494ce48fe2a"",""parent_after_generation_hash"":""d14a9ea5cd7b7f9ddccf78294d37461af15431c0b4873254f159b992c521dc74"",""generated_offspring_by_type"":{""depth"":55,""quantization"":73,""joint_aware"":0,""interaction_aware"":0,""sequential_quantization"":0,""fixed_quant_depth"":0,""component crossover"":0,""component crossover + repair"":0,""layer bundle crossover"":0,""layer bundle crossover + repair"":0},""depth_mask_entries_changed_by_type"":{""depth"":160,""quantization"":0,""joint_aware"":0,""interaction_aware"":0,""sequential_quantization"":0,""fixed_quant_depth"":0,""component crossover"":0,""component crossover + repair"":0,""layer bundle crossover"":0,""layer bundle crossover + repair"":0},""quant_assignments_changed_by_type"":{""depth"":85,""quantization"":160,""joint_aware"":0,""interaction_aware"":0,""sequential_quantization"":0,""fixed_quant_depth"":0,""component crossover"":0,""component crossover + repair"":0,""layer bundle crossover"":0,""layer bundle crossover + repair"":0},""depth_mask_entries_changed_total"":160,""quant_assignments_changed_total"":245,""interaction_aware_details"":{""budget_repair_quant_changes"":0,""preferred_quant_exchanges_used"":0,""fallback_quant_exchanges_used"":0},""crossover_diagnostics"":{""crossover_type"":""component"",""crossover_parent_selection"":""uniform"",""crossover_offspring"":0,""crossover_offspring_accepted"":0,""mutation_offspring_accepted"":128,""mutation_offspring"":128,""crossover_offspring_attempted"":0,""crossover_duplicates"":0,""crossover_infeasible_candidates"":0,""crossover_repair_changed_gene_count"":0,""crossover_repaired_proposals"":0,""parent_distance_mean"":null,""parent_distance_min"":null,""parent_distance_max"":null,""child_distance_from_parent_a_mean"":null,""child_distance_from_parent_b_mean"":null,""layers_from_parent_a_mean"":null,""layers_from_parent_b_mean"":null,""crossover_no_legal_exchange"":0,""local_exchange_attention"":0,""local_exchange_mlp"":0,""local_exchange_quantization"":0,""local_exchange_block"":0,""child_distance_from_base_mean"":null,""child_distance_from_base_min"":null,""child_distance_from_base_max"":null,""child_distance_from_base_count"":0,""child_distance_from_donor_mean"":null,""child_distance_from_donor_min"":null,""child_distance_from_donor_max"":null,""child_distance_from_donor_count"":0,""donor_distance_reduction_mean"":null,""donor_distance_reduction_min"":null,""donor_distance_reduction_max"":null,""donor_distance_reduction_count"":0,""local_exchange_changed_gene_count_mean"":null,""local_exchange_changed_gene_count_min"":null,""local_exchange_changed_gene_count_max"":null,""local_exchange_changed_gene_count_count"":0,""child_distance_statistics_scope"":""accepted_unique_crossover_offspring"",""persistent_population_size"":1,""unique_population_size"":1,""best_population_fitness"":0.2415771484375,""configured_survivors_per_selection"":[16,4,1],""effective_survivors_per_selection"":[16,4,1],""effective_final_survivor_count"":1},""offspring_generation"":{""attempts"":129,""no_op_mutations"":0,""duplicate_candidates"":1,""infeasible_candidates"":0,""fixed_quant_legal_swap_counts"":[]},""maximum_depth_mutations_per_offspring"":3,""quantization_step_size"":1,""quantization_mutations_per_offspring"":1,""joint_aware_probability"":0.0,""adaptive_mutation"":false,""adaptive_mutation_strength"":1,""adaptive_mutation_patience"":3,""adaptive_mutation_max_strength"":3,""coarse_to_fine_mutation"":false,""coarse_to_fine_start_strength"":3,""coarse_to_fine_end_strength"":1,""stagnation_generations_after_selection"":0}",quantization,True,129,128,16,5,262144,262144,655360,2682,21233664,15023.79046400101,15276.82177734375
19,0.2396240234375,0.2415771484375,kl,0.2396240234375,,,,,0,{},128,16,4,1,"[16,4,1]","[2048,16384,131072]",6375608320,3.4642857142857144,3216.5078125,26982023168,26982023168,0,4,4,"{""type"":""mixed_depth_quantization"",""sequential_mode"":""none"",""joint_mutation_mode"":""standard"",""parent_before_generation_hash"":""d14a9ea5cd7b7f9ddccf78294d37461af15431c0b4873254f159b992c521dc74"",""parent_after_generation_hash"":""8ceacfb0a76d36e48fc76915f0997abe8446dbf40ca3703f09d9b13b37bf8355"",""generated_offspring_by_type"":{""depth"":66,""quantization"":62,""joint_aware"":0,""interaction_aware"":0,""sequential_quantization"":0,""fixed_quant_depth"":0,""component crossover"":0,""component crossover + repair"":0,""layer bundle crossover"":0,""layer bundle crossover + repair"":0},""depth_mask_entries_changed_by_type"":{""depth"":186,""quantization"":0,""joint_aware"":0,""interaction_aware"":0,""sequential_quantization"":0,""fixed_quant_depth"":0,""component crossover"":0,""component crossover + repair"":0,""layer bundle crossover"":0,""layer bundle crossover + repair"":0},""quant_assignments_changed_by_type"":{""depth"":93,""quantization"":138,""joint_aware"":0,""interaction_aware"":0,""sequential_quantization"":0,""fixed_quant_depth"":0,""component crossover"":0,""component crossover + repair"":0,""layer bundle crossover"":0,""layer bundle crossover + repair"":0},""depth_mask_entries_changed_total"":186,""quant_assignments_changed_total"":231,""interaction_aware_details"":{""budget_repair_quant_changes"":0,""preferred_quant_exchanges_used"":0,""fallback_quant_exchanges_used"":0},""crossover_diagnostics"":{""crossover_type"":""component"",""crossover_parent_selection"":""uniform"",""crossover_offspring"":0,""crossover_offspring_accepted"":0,""mutation_offspring_accepted"":128,""mutation_offspring"":128,""crossover_offspring_attempted"":0,""crossover_duplicates"":0,""crossover_infeasible_candidates"":0,""crossover_repair_changed_gene_count"":0,""crossover_repaired_proposals"":0,""parent_distance_mean"":null,""parent_distance_min"":null,""parent_distance_max"":null,""child_distance_from_parent_a_mean"":null,""child_distance_from_parent_b_mean"":null,""layers_from_parent_a_mean"":null,""layers_from_parent_b_mean"":null,""crossover_no_legal_exchange"":0,""local_exchange_attention"":0,""local_exchange_mlp"":0,""local_exchange_quantization"":0,""local_exchange_block"":0,""child_distance_from_base_mean"":null,""child_distance_from_base_min"":null,""child_distance_from_base_max"":null,""child_distance_from_base_count"":0,""child_distance_from_donor_mean"":null,""child_distance_from_donor_min"":null,""child_distance_from_donor_max"":null,""child_distance_from_donor_count"":0,""donor_distance_reduction_mean"":null,""donor_distance_reduction_min"":null,""donor_distance_reduction_max"":null,""donor_distance_reduction_count"":0,""local_exchange_changed_gene_count_mean"":null,""local_exchange_changed_gene_count_min"":null,""local_exchange_changed_gene_count_max"":null,""local_exchange_changed_gene_count_count"":0,""child_distance_statistics_scope"":""accepted_unique_crossover_offspring"",""persistent_population_size"":1,""unique_population_size"":1,""best_population_fitness"":0.2396240234375,""configured_survivors_per_selection"":[16,4,1],""effective_survivors_per_selection"":[16,4,1],""effective_final_survivor_count"":1},""offspring_generation"":{""attempts"":129,""no_op_mutations"":0,""duplicate_candidates"":1,""infeasible_candidates"":0,""fixed_quant_legal_swap_counts"":[]},""maximum_depth_mutations_per_offspring"":3,""quantization_step_size"":1,""quantization_mutations_per_offspring"":1,""joint_aware_probability"":0.0,""adaptive_mutation"":false,""adaptive_mutation_strength"":1,""adaptive_mutation_patience"":3,""adaptive_mutation_max_strength"":3,""coarse_to_fine_mutation"":false,""coarse_to_fine_start_strength"":3,""coarse_to_fine_end_strength"":1,""stagnation_generations_after_selection"":0}",quantization,True,129,128,16,5,262144,262144,655360,2831,22413312,15835.057885659975,15276.82177734375
20,0.2401123046875,0.2396240234375,kl,0.2401123046875,,,,,0,{},128,16,4,1,"[16,4,1]","[2048,16384,131072]",6375608320,3.4642857142857144,3216.5078125,26982023168,26982023168,0,4,4,"{""type"":""mixed_depth_quantization"",""sequential_mode"":""none"",""joint_mutation_mode"":""standard"",""parent_before_generation_hash"":""8ceacfb0a76d36e48fc76915f0997abe8446dbf40ca3703f09d9b13b37bf8355"",""parent_after_generation_hash"":""54bc3c5441250bfcacab64d34de9f031426e49b4a56ef9cc57fd09265260a892"",""generated_offspring_by_type"":{""depth"":65,""quantization"":63,""joint_aware"":0,""interaction_aware"":0,""sequential_quantization"":0,""fixed_quant_depth"":0,""component crossover"":0,""component crossover + repair"":0,""layer bundle crossover"":0,""layer bundle crossover + repair"":0},""depth_mask_entries_changed_by_type"":{""depth"":212,""quantization"":0,""joint_aware"":0,""interaction_aware"":0,""sequential_quantization"":0,""fixed_quant_depth"":0,""component crossover"":0,""component crossover + repair"":0,""layer bundle crossover"":0,""layer bundle crossover + repair"":0},""quant_assignments_changed_by_type"":{""depth"":98,""quantization"":139,""joint_aware"":0,""interaction_aware"":0,""sequential_quantization"":0,""fixed_quant_depth"":0,""component crossover"":0,""component crossover + repair"":0,""layer bundle crossover"":0,""layer bundle crossover + repair"":0},""depth_mask_entries_changed_total"":212,""quant_assignments_changed_total"":237,""interaction_aware_details"":{""budget_repair_quant_changes"":0,""preferred_quant_exchanges_used"":0,""fallback_quant_exchanges_used"":0},""crossover_diagnostics"":{""crossover_type"":""component"",""crossover_parent_selection"":""uniform"",""crossover_offspring"":0,""crossover_offspring_accepted"":0,""mutation_offspring_accepted"":128,""mutation_offspring"":128,""crossover_offspring_attempted"":0,""crossover_duplicates"":0,""crossover_infeasible_candidates"":0,""crossover_repair_changed_gene_count"":0,""crossover_repaired_proposals"":0,""parent_distance_mean"":null,""parent_distance_min"":null,""parent_distance_max"":null,""child_distance_from_parent_a_mean"":null,""child_distance_from_parent_b_mean"":null,""layers_from_parent_a_mean"":null,""layers_from_parent_b_mean"":null,""crossover_no_legal_exchange"":0,""local_exchange_attention"":0,""local_exchange_mlp"":0,""local_exchange_quantization"":0,""local_exchange_block"":0,""child_distance_from_base_mean"":null,""child_distance_from_base_min"":null,""child_distance_from_base_max"":null,""child_distance_from_base_count"":0,""child_distance_from_donor_mean"":null,""child_distance_from_donor_min"":null,""child_distance_from_donor_max"":null,""child_distance_from_donor_count"":0,""donor_distance_reduction_mean"":null,""donor_distance_reduction_min"":null,""donor_distance_reduction_max"":null,""donor_distance_reduction_count"":0,""local_exchange_changed_gene_count_mean"":null,""local_exchange_changed_gene_count_min"":null,""local_exchange_changed_gene_count_max"":null,""local_exchange_changed_gene_count_count"":0,""child_distance_statistics_scope"":""accepted_unique_crossover_offspring"",""persistent_population_size"":1,""unique_population_size"":1,""best_population_fitness"":0.2401123046875,""configured_survivors_per_selection"":[16,4,1],""effective_survivors_per_selection"":[16,4,1],""effective_final_survivor_count"":1},""offspring_generation"":{""attempts"":129,""no_op_mutations"":0,""duplicate_candidates"":1,""infeasible_candidates"":0,""fixed_quant_legal_swap_counts"":[]},""maximum_depth_mutations_per_offspring"":3,""quantization_step_size"":1,""quantization_mutations_per_offspring"":1,""joint_aware_probability"":0.0,""adaptive_mutation"":false,""adaptive_mutation_strength"":1,""adaptive_mutation_patience"":3,""adaptive_mutation_max_strength"":3,""coarse_to_fine_mutation"":false,""coarse_to_fine_start_strength"":3,""coarse_to_fine_end_strength"":1,""stagnation_generations_after_selection"":0}",quantization,True,129,128,16,5,262144,262144,655360,2980,23592960,16676.31916016992,15276.82177734375
21,0.236083984375,0.2401123046875,kl,0.236083984375,8.1328125,6.64453125,10.0234375,,917504,"{""wikitext2"":327680,""c4"":589824}",128,16,4,1,"[16,4,1]","[2048,16384,131072]",6375608320,3.4642857142857144,3216.5078125,26982023168,26982023168,0,4,4,"{""type"":""mixed_depth_quantization"",""sequential_mode"":""none"",""joint_mutation_mode"":""standard"",""parent_before_generation_hash"":""54bc3c5441250bfcacab64d34de9f031426e49b4a56ef9cc57fd09265260a892"",""parent_after_generation_hash"":""9089503cc10ed40c677dad45e05c038d274693ced0b4655faadac8aff4819375"",""generated_offspring_by_type"":{""depth"":62,""quantization"":66,""joint_aware"":0,""interaction_aware"":0,""sequential_quantization"":0,""fixed_quant_depth"":0,""component crossover"":0,""component crossover + repair"":0,""layer bundle crossover"":0,""layer bundle crossover + repair"":0},""depth_mask_entries_changed_by_type"":{""depth"":170,""quantization"":0,""joint_aware"":0,""interaction_aware"":0,""sequential_quantization"":0,""fixed_quant_depth"":0,""component crossover"":0,""component crossover + repair"":0,""layer bundle crossover"":0,""layer bundle crossover + repair"":0},""quant_assignments_changed_by_type"":{""depth"":99,""quantization"":147,""joint_aware"":0,""interaction_aware"":0,""sequential_quantization"":0,""fixed_quant_depth"":0,""component crossover"":0,""component crossover + repair"":0,""layer bundle crossover"":0,""layer bundle crossover + repair"":0},""depth_mask_entries_changed_total"":170,""quant_assignments_changed_total"":246,""interaction_aware_details"":{""budget_repair_quant_changes"":0,""preferred_quant_exchanges_used"":0,""fallback_quant_exchanges_used"":0},""crossover_diagnostics"":{""crossover_type"":""component"",""crossover_parent_selection"":""uniform"",""crossover_offspring"":0,""crossover_offspring_accepted"":0,""mutation_offspring_accepted"":128,""mutation_offspring"":128,""crossover_offspring_attempted"":0,""crossover_duplicates"":0,""crossover_infeasible_candidates"":0,""crossover_repair_changed_gene_count"":0,""crossover_repaired_proposals"":0,""parent_distance_mean"":null,""parent_distance_min"":null,""parent_distance_max"":null,""child_distance_from_parent_a_mean"":null,""child_distance_from_parent_b_mean"":null,""layers_from_parent_a_mean"":null,""layers_from_parent_b_mean"":null,""crossover_no_legal_exchange"":0,""local_exchange_attention"":0,""local_exchange_mlp"":0,""local_exchange_quantization"":0,""local_exchange_block"":0,""child_distance_from_base_mean"":null,""child_distance_from_base_min"":null,""child_distance_from_base_max"":null,""child_distance_from_base_count"":0,""child_distance_from_donor_mean"":null,""child_distance_from_donor_min"":null,""child_distance_from_donor_max"":null,""child_distance_from_donor_count"":0,""donor_distance_reduction_mean"":null,""donor_distance_reduction_min"":null,""donor_distance_reduction_max"":null,""donor_distance_reduction_count"":0,""local_exchange_changed_gene_count_mean"":null,""local_exchange_changed_gene_count_min"":null,""local_exchange_changed_gene_count_max"":null,""local_exchange_changed_gene_count_count"":0,""child_distance_statistics_scope"":""accepted_unique_crossover_offspring"",""persistent_population_size"":1,""unique_population_size"":1,""best_population_fitness"":0.236083984375,""configured_survivors_per_selection"":[16,4,1],""effective_survivors_per_selection"":[16,4,1],""effective_final_survivor_count"":1},""offspring_generation"":{""attempts"":130,""no_op_mutations"":1,""duplicate_candidates"":1,""infeasible_candidates"":0,""fixed_quant_legal_swap_counts"":[]},""maximum_depth_mutations_per_offspring"":3,""quantization_step_size"":1,""quantization_mutations_per_offspring"":1,""joint_aware_probability"":0.0,""adaptive_mutation"":false,""adaptive_mutation_strength"":1,""adaptive_mutation_patience"":3,""adaptive_mutation_max_strength"":3,""coarse_to_fine_mutation"":false,""coarse_to_fine_start_strength"":3,""coarse_to_fine_end_strength"":1,""stagnation_generations_after_selection"":0}",quantization,True,130,128,16,5,262144,262144,655360,3129,24772608,17661.99323864293,15276.82177734375
22,0.2286376953125,0.236083984375,kl,0.2286376953125,,,,,0,{},128,16,4,1,"[16,4,1]","[2048,16384,131072]",6375608320,3.4642857142857144,3216.5078125,26982023168,26982023168,0,4,4,"{""type"":""mixed_depth_quantization"",""sequential_mode"":""none"",""joint_mutation_mode"":""standard"",""parent_before_generation_hash"":""9089503cc10ed40c677dad45e05c038d274693ced0b4655faadac8aff4819375"",""parent_after_generation_hash"":""8576a792e18d77208bd8f0933d6b5c4ddf313dec693e9754d1763de7aa029916"",""generated_offspring_by_type"":{""depth"":71,""quantization"":57,""joint_aware"":0,""interaction_aware"":0,""sequential_quantization"":0,""fixed_quant_depth"":0,""component crossover"":0,""component crossover + repair"":0,""layer bundle crossover"":0,""layer bundle crossover + repair"":0},""depth_mask_entries_changed_by_type"":{""depth"":212,""quantization"":0,""joint_aware"":0,""interaction_aware"":0,""sequential_quantization"":0,""fixed_quant_depth"":0,""component crossover"":0,""component crossover + repair"":0,""layer bundle crossover"":0,""layer bundle crossover + repair"":0},""quant_assignments_changed_by_type"":{""depth"":103,""quantization"":124,""joint_aware"":0,""interaction_aware"":0,""sequential_quantization"":0,""fixed_quant_depth"":0,""component crossover"":0,""component crossover + repair"":0,""layer bundle crossover"":0,""layer bundle crossover + repair"":0},""depth_mask_entries_changed_total"":212,""quant_assignments_changed_total"":227,""interaction_aware_details"":{""budget_repair_quant_changes"":0,""preferred_quant_exchanges_used"":0,""fallback_quant_exchanges_used"":0},""crossover_diagnostics"":{""crossover_type"":""component"",""crossover_parent_selection"":""uniform"",""crossover_offspring"":0,""crossover_offspring_accepted"":0,""mutation_offspring_accepted"":128,""mutation_offspring"":128,""crossover_offspring_attempted"":0,""crossover_duplicates"":0,""crossover_infeasible_candidates"":0,""crossover_repair_changed_gene_count"":0,""crossover_repaired_proposals"":0,""parent_distance_mean"":null,""parent_distance_min"":null,""parent_distance_max"":null,""child_distance_from_parent_a_mean"":null,""child_distance_from_parent_b_mean"":null,""layers_from_parent_a_mean"":null,""layers_from_parent_b_mean"":null,""crossover_no_legal_exchange"":0,""local_exchange_attention"":0,""local_exchange_mlp"":0,""local_exchange_quantization"":0,""local_exchange_block"":0,""child_distance_from_base_mean"":null,""child_distance_from_base_min"":null,""child_distance_from_base_max"":null,""child_distance_from_base_count"":0,""child_distance_from_donor_mean"":null,""child_distance_from_donor_min"":null,""child_distance_from_donor_max"":null,""child_distance_from_donor_count"":0,""donor_distance_reduction_mean"":null,""donor_distance_reduction_min"":null,""donor_distance_reduction_max"":null,""donor_distance_reduction_count"":0,""local_exchange_changed_gene_count_mean"":null,""local_exchange_changed_gene_count_min"":null,""local_exchange_changed_gene_count_max"":null,""local_exchange_changed_gene_count_count"":0,""child_distance_statistics_scope"":""accepted_unique_crossover_offspring"",""persistent_population_size"":1,""unique_population_size"":1,""best_population_fitness"":0.2286376953125,""configured_survivors_per_selection"":[16,4,1],""effective_survivors_per_selection"":[16,4,1],""effective_final_survivor_count"":1},""offspring_generation"":{""attempts"":129,""no_op_mutations"":0,""duplicate_candidates"":1,""infeasible_candidates"":0,""fixed_quant_legal_swap_counts"":[]},""maximum_depth_mutations_per_offspring"":3,""quantization_step_size"":1,""quantization_mutations_per_offspring"":1,""joint_aware_probability"":0.0,""adaptive_mutation"":false,""adaptive_mutation_strength"":1,""adaptive_mutation_patience"":3,""adaptive_mutation_max_strength"":3,""coarse_to_fine_mutation"":false,""coarse_to_fine_start_strength"":3,""coarse_to_fine_end_strength"":1,""stagnation_generations_after_selection"":0}",quantization,True,129,128,16,5,262144,262144,655360,3278,25952256,18427.682154827984,15276.82177734375
23,0.230224609375,0.2286376953125,kl,0.230224609375,,,,,0,{},128,16,4,1,"[16,4,1]","[2048,16384,131072]",6375608320,3.4642857142857144,3216.5078125,26982023168,26982023168,0,4,4,"{""type"":""mixed_depth_quantization"",""sequential_mode"":""none"",""joint_mutation_mode"":""standard"",""parent_before_generation_hash"":""8576a792e18d77208bd8f0933d6b5c4ddf313dec693e9754d1763de7aa029916"",""parent_after_generation_hash"":""4c16112756f25fa6004f998bd0ddce60292f0b09e7bc8525eedc83a0001ba617"",""generated_offspring_by_type"":{""depth"":63,""quantization"":65,""joint_aware"":0,""interaction_aware"":0,""sequential_quantization"":0,""fixed_quant_depth"":0,""component crossover"":0,""component crossover + repair"":0,""layer bundle crossover"":0,""layer bundle crossover + repair"":0},""depth_mask_entries_changed_by_type"":{""depth"":190,""quantization"":0,""joint_aware"":0,""interaction_aware"":0,""sequential_quantization"":0,""fixed_quant_depth"":0,""component crossover"":0,""component crossover + repair"":0,""layer bundle crossover"":0,""layer bundle crossover + repair"":0},""quant_assignments_changed_by_type"":{""depth"":98,""quantization"":140,""joint_aware"":0,""interaction_aware"":0,""sequential_quantization"":0,""fixed_quant_depth"":0,""component crossover"":0,""component crossover + repair"":0,""layer bundle crossover"":0,""layer bundle crossover + repair"":0},""depth_mask_entries_changed_total"":190,""quant_assignments_changed_total"":238,""interaction_aware_details"":{""budget_repair_quant_changes"":0,""preferred_quant_exchanges_used"":0,""fallback_quant_exchanges_used"":0},""crossover_diagnostics"":{""crossover_type"":""component"",""crossover_parent_selection"":""uniform"",""crossover_offspring"":0,""crossover_offspring_accepted"":0,""mutation_offspring_accepted"":128,""mutation_offspring"":128,""crossover_offspring_attempted"":0,""crossover_duplicates"":0,""crossover_infeasible_candidates"":0,""crossover_repair_changed_gene_count"":0,""crossover_repaired_proposals"":0,""parent_distance_mean"":null,""parent_distance_min"":null,""parent_distance_max"":null,""child_distance_from_parent_a_mean"":null,""child_distance_from_parent_b_mean"":null,""layers_from_parent_a_mean"":null,""layers_from_parent_b_mean"":null,""crossover_no_legal_exchange"":0,""local_exchange_attention"":0,""local_exchange_mlp"":0,""local_exchange_quantization"":0,""local_exchange_block"":0,""child_distance_from_base_mean"":null,""child_distance_from_base_min"":null,""child_distance_from_base_max"":null,""child_distance_from_base_count"":0,""child_distance_from_donor_mean"":null,""child_distance_from_donor_min"":null,""child_distance_from_donor_max"":null,""child_distance_from_donor_count"":0,""donor_distance_reduction_mean"":null,""donor_distance_reduction_min"":null,""donor_distance_reduction_max"":null,""donor_distance_reduction_count"":0,""local_exchange_changed_gene_count_mean"":null,""local_exchange_changed_gene_count_min"":null,""local_exchange_changed_gene_count_max"":null,""local_exchange_changed_gene_count_count"":0,""child_distance_statistics_scope"":""accepted_unique_crossover_offspring"",""persistent_population_size"":1,""unique_population_size"":1,""best_population_fitness"":0.230224609375,""configured_survivors_per_selection"":[16,4,1],""effective_survivors_per_selection"":[16,4,1],""effective_final_survivor_count"":1},""offspring_generation"":{""attempts"":128,""no_op_mutations"":0,""duplicate_candidates"":0,""infeasible_candidates"":0,""fixed_quant_legal_swap_counts"":[]},""maximum_depth_mutations_per_offspring"":3,""quantization_step_size"":1,""quantization_mutations_per_offspring"":1,""joint_aware_probability"":0.0,""adaptive_mutation"":false,""adaptive_mutation_strength"":1,""adaptive_mutation_patience"":3,""adaptive_mutation_max_strength"":3,""coarse_to_fine_mutation"":false,""coarse_to_fine_start_strength"":3,""coarse_to_fine_end_strength"":1,""stagnation_generations_after_selection"":0}",quantization,True,128,128,16,5,262144,262144,655360,3427,27131904,19257.99795212492,15276.82177734375
24,0.22119140625,0.230224609375,kl,0.22119140625,,,,,0,{},128,16,4,1,"[16,4,1]","[2048,16384,131072]",6375608320,3.4642857142857144,3216.5078125,26982023168,26982023168,0,4,4,"{""type"":""mixed_depth_quantization"",""sequential_mode"":""none"",""joint_mutation_mode"":""standard"",""parent_before_generation_hash"":""4c16112756f25fa6004f998bd0ddce60292f0b09e7bc8525eedc83a0001ba617"",""parent_after_generation_hash"":""9a7a031e9877f57660e7cf7f57264293e0aaee8570678fea52330e517a04410e"",""generated_offspring_by_type"":{""depth"":60,""quantization"":68,""joint_aware"":0,""interaction_aware"":0,""sequential_quantization"":0,""fixed_quant_depth"":0,""component crossover"":0,""component crossover + repair"":0,""layer bundle crossover"":0,""layer bundle crossover + repair"":0},""depth_mask_entries_changed_by_type"":{""depth"":178,""quantization"":0,""joint_aware"":0,""interaction_aware"":0,""sequential_quantization"":0,""fixed_quant_depth"":0,""component crossover"":0,""component crossover + repair"":0,""layer bundle crossover"":0,""layer bundle crossover + repair"":0},""quant_assignments_changed_by_type"":{""depth"":94,""quantization"":148,""joint_aware"":0,""interaction_aware"":0,""sequential_quantization"":0,""fixed_quant_depth"":0,""component crossover"":0,""component crossover + repair"":0,""layer bundle crossover"":0,""layer bundle crossover + repair"":0},""depth_mask_entries_changed_total"":178,""quant_assignments_changed_total"":242,""interaction_aware_details"":{""budget_repair_quant_changes"":0,""preferred_quant_exchanges_used"":0,""fallback_quant_exchanges_used"":0},""crossover_diagnostics"":{""crossover_type"":""component"",""crossover_parent_selection"":""uniform"",""crossover_offspring"":0,""crossover_offspring_accepted"":0,""mutation_offspring_accepted"":128,""mutation_offspring"":128,""crossover_offspring_attempted"":0,""crossover_duplicates"":0,""crossover_infeasible_candidates"":0,""crossover_repair_changed_gene_count"":0,""crossover_repaired_proposals"":0,""parent_distance_mean"":null,""parent_distance_min"":null,""parent_distance_max"":null,""child_distance_from_parent_a_mean"":null,""child_distance_from_parent_b_mean"":null,""layers_from_parent_a_mean"":null,""layers_from_parent_b_mean"":null,""crossover_no_legal_exchange"":0,""local_exchange_attention"":0,""local_exchange_mlp"":0,""local_exchange_quantization"":0,""local_exchange_block"":0,""child_distance_from_base_mean"":null,""child_distance_from_base_min"":null,""child_distance_from_base_max"":null,""child_distance_from_base_count"":0,""child_distance_from_donor_mean"":null,""child_distance_from_donor_min"":null,""child_distance_from_donor_max"":null,""child_distance_from_donor_count"":0,""donor_distance_reduction_mean"":null,""donor_distance_reduction_min"":null,""donor_distance_reduction_max"":null,""donor_distance_reduction_count"":0,""local_exchange_changed_gene_count_mean"":null,""local_exchange_changed_gene_count_min"":null,""local_exchange_changed_gene_count_max"":null,""local_exchange_changed_gene_count_count"":0,""child_distance_statistics_scope"":""accepted_unique_crossover_offspring"",""persistent_population_size"":1,""unique_population_size"":1,""best_population_fitness"":0.22119140625,""configured_survivors_per_selection"":[16,4,1],""effective_survivors_per_selection"":[16,4,1],""effective_final_survivor_count"":1},""offspring_generation"":{""attempts"":128,""no_op_mutations"":0,""duplicate_candidates"":0,""infeasible_candidates"":0,""fixed_quant_legal_swap_counts"":[]},""maximum_depth_mutations_per_offspring"":3,""quantization_step_size"":1,""quantization_mutations_per_offspring"":1,""joint_aware_probability"":0.0,""adaptive_mutation"":false,""adaptive_mutation_strength"":1,""adaptive_mutation_patience"":3,""adaptive_mutation_max_strength"":3,""coarse_to_fine_mutation"":false,""coarse_to_fine_start_strength"":3,""coarse_to_fine_end_strength"":1,""stagnation_generations_after_selection"":0}",quantization,True,128,128,16,5,262144,262144,655360,3576,28311552,20020.047130133957,15276.82177734375
25,0.2259521484375,0.22119140625,kl,0.2259521484375,,,,,0,{},128,16,4,1,"[16,4,1]","[2048,16384,131072]",6375608320,3.4642857142857144,3216.5078125,26982023168,26982023168,0,4,4,"{""type"":""mixed_depth_quantization"",""sequential_mode"":""none"",""joint_mutation_mode"":""standard"",""parent_before_generation_hash"":""9a7a031e9877f57660e7cf7f57264293e0aaee8570678fea52330e517a04410e"",""parent_after_generation_hash"":""329c369bd66b8a80af95ddec929e35bdca86212cb26b2cef9e06e7543dd91779"",""generated_offspring_by_type"":{""depth"":60,""quantization"":68,""joint_aware"":0,""interaction_aware"":0,""sequential_quantization"":0,""fixed_quant_depth"":0,""component crossover"":0,""component crossover + repair"":0,""layer bundle crossover"":0,""layer bundle crossover + repair"":0},""depth_mask_entries_changed_by_type"":{""depth"":182,""quantization"":0,""joint_aware"":0,""interaction_aware"":0,""sequential_quantization"":0,""fixed_quant_depth"":0,""component crossover"":0,""component crossover + repair"":0,""layer bundle crossover"":0,""layer bundle crossover + repair"":0},""quant_assignments_changed_by_type"":{""depth"":106,""quantization"":152,""joint_aware"":0,""interaction_aware"":0,""sequential_quantization"":0,""fixed_quant_depth"":0,""component crossover"":0,""component crossover + repair"":0,""layer bundle crossover"":0,""layer bundle crossover + repair"":0},""depth_mask_entries_changed_total"":182,""quant_assignments_changed_total"":258,""interaction_aware_details"":{""budget_repair_quant_changes"":0,""preferred_quant_exchanges_used"":0,""fallback_quant_exchanges_used"":0},""crossover_diagnostics"":{""crossover_type"":""component"",""crossover_parent_selection"":""uniform"",""crossover_offspring"":0,""crossover_offspring_accepted"":0,""mutation_offspring_accepted"":128,""mutation_offspring"":128,""crossover_offspring_attempted"":0,""crossover_duplicates"":0,""crossover_infeasible_candidates"":0,""crossover_repair_changed_gene_count"":0,""crossover_repaired_proposals"":0,""parent_distance_mean"":null,""parent_distance_min"":null,""parent_distance_max"":null,""child_distance_from_parent_a_mean"":null,""child_distance_from_parent_b_mean"":null,""layers_from_parent_a_mean"":null,""layers_from_parent_b_mean"":null,""crossover_no_legal_exchange"":0,""local_exchange_attention"":0,""local_exchange_mlp"":0,""local_exchange_quantization"":0,""local_exchange_block"":0,""child_distance_from_base_mean"":null,""child_distance_from_base_min"":null,""child_distance_from_base_max"":null,""child_distance_from_base_count"":0,""child_distance_from_donor_mean"":null,""child_distance_from_donor_min"":null,""child_distance_from_donor_max"":null,""child_distance_from_donor_count"":0,""donor_distance_reduction_mean"":null,""donor_distance_reduction_min"":null,""donor_distance_reduction_max"":null,""donor_distance_reduction_count"":0,""local_exchange_changed_gene_count_mean"":null,""local_exchange_changed_gene_count_min"":null,""local_exchange_changed_gene_count_max"":null,""local_exchange_changed_gene_count_count"":0,""child_distance_statistics_scope"":""accepted_unique_crossover_offspring"",""persistent_population_size"":1,""unique_population_size"":1,""best_population_fitness"":0.2259521484375,""configured_survivors_per_selection"":[16,4,1],""effective_survivors_per_selection"":[16,4,1],""effective_final_survivor_count"":1},""offspring_generation"":{""attempts"":129,""no_op_mutations"":0,""duplicate_candidates"":1,""infeasible_candidates"":0,""fixed_quant_legal_swap_counts"":[]},""maximum_depth_mutations_per_offspring"":3,""quantization_step_size"":1,""quantization_mutations_per_offspring"":1,""joint_aware_probability"":0.0,""adaptive_mutation"":false,""adaptive_mutation_strength"":1,""adaptive_mutation_patience"":3,""adaptive_mutation_max_strength"":3,""coarse_to_fine_mutation"":false,""coarse_to_fine_start_strength"":3,""coarse_to_fine_end_strength"":1,""stagnation_generations_after_selection"":0}",quantization,True,129,128,16,5,262144,262144,655360,3725,29491200,20722.009490143973,15276.82177734375
26,0.2369384765625,0.2259521484375,kl,0.2369384765625,8.0859375,6.609375,9.984375,,917504,"{""wikitext2"":327680,""c4"":589824}",128,16,4,1,"[16,4,1]","[2048,16384,131072]",6375608320,3.4642857142857144,3216.5078125,26982023168,26982023168,0,4,4,"{""type"":""mixed_depth_quantization"",""sequential_mode"":""none"",""joint_mutation_mode"":""standard"",""parent_before_generation_hash"":""329c369bd66b8a80af95ddec929e35bdca86212cb26b2cef9e06e7543dd91779"",""parent_after_generation_hash"":""b70d549fcdf9b811cde3b97a049e1e7a593f773086ffc899ac2397389feaa74d"",""generated_offspring_by_type"":{""depth"":58,""quantization"":70,""joint_aware"":0,""interaction_aware"":0,""sequential_quantization"":0,""fixed_quant_depth"":0,""component crossover"":0,""component crossover + repair"":0,""layer bundle crossover"":0,""layer bundle crossover + repair"":0},""depth_mask_entries_changed_by_type"":{""depth"":168,""quantization"":0,""joint_aware"":0,""interaction_aware"":0,""sequential_quantization"":0,""fixed_quant_depth"":0,""component crossover"":0,""component crossover + repair"":0,""layer bundle crossover"":0,""layer bundle crossover + repair"":0},""quant_assignments_changed_by_type"":{""depth"":91,""quantization"":147,""joint_aware"":0,""interaction_aware"":0,""sequential_quantization"":0,""fixed_quant_depth"":0,""component crossover"":0,""component crossover + repair"":0,""layer bundle crossover"":0,""layer bundle crossover + repair"":0},""depth_mask_entries_changed_total"":168,""quant_assignments_changed_total"":238,""interaction_aware_details"":{""budget_repair_quant_changes"":0,""preferred_quant_exchanges_used"":0,""fallback_quant_exchanges_used"":0},""crossover_diagnostics"":{""crossover_type"":""component"",""crossover_parent_selection"":""uniform"",""crossover_offspring"":0,""crossover_offspring_accepted"":0,""mutation_offspring_accepted"":128,""mutation_offspring"":128,""crossover_offspring_attempted"":0,""crossover_duplicates"":0,""crossover_infeasible_candidates"":0,""crossover_repair_changed_gene_count"":0,""crossover_repaired_proposals"":0,""parent_distance_mean"":null,""parent_distance_min"":null,""parent_distance_max"":null,""child_distance_from_parent_a_mean"":null,""child_distance_from_parent_b_mean"":null,""layers_from_parent_a_mean"":null,""layers_from_parent_b_mean"":null,""crossover_no_legal_exchange"":0,""local_exchange_attention"":0,""local_exchange_mlp"":0,""local_exchange_quantization"":0,""local_exchange_block"":0,""child_distance_from_base_mean"":null,""child_distance_from_base_min"":null,""child_distance_from_base_max"":null,""child_distance_from_base_count"":0,""child_distance_from_donor_mean"":null,""child_distance_from_donor_min"":null,""child_distance_from_donor_max"":null,""child_distance_from_donor_count"":0,""donor_distance_reduction_mean"":null,""donor_distance_reduction_min"":null,""donor_distance_reduction_max"":null,""donor_distance_reduction_count"":0,""local_exchange_changed_gene_count_mean"":null,""local_exchange_changed_gene_count_min"":null,""local_exchange_changed_gene_count_max"":null,""local_exchange_changed_gene_count_count"":0,""child_distance_statistics_scope"":""accepted_unique_crossover_offspring"",""persistent_population_size"":1,""unique_population_size"":1,""best_population_fitness"":0.2369384765625,""configured_survivors_per_selection"":[16,4,1],""effective_survivors_per_selection"":[16,4,1],""effective_final_survivor_count"":1},""offspring_generation"":{""attempts"":128,""no_op_mutations"":0,""duplicate_candidates"":0,""infeasible_candidates"":0,""fixed_quant_legal_swap_counts"":[]},""maximum_depth_mutations_per_offspring"":3,""quantization_step_size"":1,""quantization_mutations_per_offspring"":1,""joint_aware_probability"":0.0,""adaptive_mutation"":false,""adaptive_mutation_strength"":1,""adaptive_mutation_patience"":3,""adaptive_mutation_max_strength"":3,""coarse_to_fine_mutation"":false,""coarse_to_fine_start_strength"":3,""coarse_to_fine_end_strength"":1,""stagnation_generations_after_selection"":0}",quantization,True,128,128,16,5,262144,262144,655360,3874,30670848,21638.519455723,15276.82177734375
27,0.2303466796875,0.2369384765625,kl,0.2303466796875,,,,,0,{},128,16,4,1,"[16,4,1]","[2048,16384,131072]",6375608320,3.4642857142857144,3216.5078125,26982023168,26982023168,0,4,4,"{""type"":""mixed_depth_quantization"",""sequential_mode"":""none"",""joint_mutation_mode"":""standard"",""parent_before_generation_hash"":""b70d549fcdf9b811cde3b97a049e1e7a593f773086ffc899ac2397389feaa74d"",""parent_after_generation_hash"":""3ca28097e3ea8308e9bc5e8cec59818260909257a3e888d017d3a42e778bab39"",""generated_offspring_by_type"":{""depth"":65,""quantization"":63,""joint_aware"":0,""interaction_aware"":0,""sequential_quantization"":0,""fixed_quant_depth"":0,""component crossover"":0,""component crossover + repair"":0,""layer bundle crossover"":0,""layer bundle crossover + repair"":0},""depth_mask_entries_changed_by_type"":{""depth"":192,""quantization"":0,""joint_aware"":0,""interaction_aware"":0,""sequential_quantization"":0,""fixed_quant_depth"":0,""component crossover"":0,""component crossover + repair"":0,""layer bundle crossover"":0,""layer bundle crossover + repair"":0},""quant_assignments_changed_by_type"":{""depth"":99,""quantization"":139,""joint_aware"":0,""interaction_aware"":0,""sequential_quantization"":0,""fixed_quant_depth"":0,""component crossover"":0,""component crossover + repair"":0,""layer bundle crossover"":0,""layer bundle crossover + repair"":0},""depth_mask_entries_changed_total"":192,""quant_assignments_changed_total"":238,""interaction_aware_details"":{""budget_repair_quant_changes"":0,""preferred_quant_exchanges_used"":0,""fallback_quant_exchanges_used"":0},""crossover_diagnostics"":{""crossover_type"":""component"",""crossover_parent_selection"":""uniform"",""crossover_offspring"":0,""crossover_offspring_accepted"":0,""mutation_offspring_accepted"":128,""mutation_offspring"":128,""crossover_offspring_attempted"":0,""crossover_duplicates"":0,""crossover_infeasible_candidates"":0,""crossover_repair_changed_gene_count"":0,""crossover_repaired_proposals"":0,""parent_distance_mean"":null,""parent_distance_min"":null,""parent_distance_max"":null,""child_distance_from_parent_a_mean"":null,""child_distance_from_parent_b_mean"":null,""layers_from_parent_a_mean"":null,""layers_from_parent_b_mean"":null,""crossover_no_legal_exchange"":0,""local_exchange_attention"":0,""local_exchange_mlp"":0,""local_exchange_quantization"":0,""local_exchange_block"":0,""child_distance_from_base_mean"":null,""child_distance_from_base_min"":null,""child_distance_from_base_max"":null,""child_distance_from_base_count"":0,""child_distance_from_donor_mean"":null,""child_distance_from_donor_min"":null,""child_distance_from_donor_max"":null,""child_distance_from_donor_count"":0,""donor_distance_reduction_mean"":null,""donor_distance_reduction_min"":null,""donor_distance_reduction_max"":null,""donor_distance_reduction_count"":0,""local_exchange_changed_gene_count_mean"":null,""local_exchange_changed_gene_count_min"":null,""local_exchange_changed_gene_count_max"":null,""local_exchange_changed_gene_count_count"":0,""child_distance_statistics_scope"":""accepted_unique_crossover_offspring"",""persistent_population_size"":1,""unique_population_size"":1,""best_population_fitness"":0.2303466796875,""configured_survivors_per_selection"":[16,4,1],""effective_survivors_per_selection"":[16,4,1],""effective_final_survivor_count"":1},""offspring_generation"":{""attempts"":129,""no_op_mutations"":0,""duplicate_candidates"":1,""infeasible_candidates"":0,""fixed_quant_legal_swap_counts"":[]},""maximum_depth_mutations_per_offspring"":3,""quantization_step_size"":1,""quantization_mutations_per_offspring"":1,""joint_aware_probability"":0.0,""adaptive_mutation"":false,""adaptive_mutation_strength"":1,""adaptive_mutation_patience"":3,""adaptive_mutation_max_strength"":3,""coarse_to_fine_mutation"":false,""coarse_to_fine_start_strength"":3,""coarse_to_fine_end_strength"":1,""stagnation_generations_after_selection"":0}",quantization,True,129,128,16,5,262144,262144,655360,4023,31850496,22389.54772447294,15276.82177734375
28,0.234375,0.2303466796875,kl,0.234375,,,,,0,{},128,16,4,1,"[16,4,1]","[2048,16384,131072]",6375608320,3.4642857142857144,3216.5078125,26982023168,26982023168,0,4,4,"{""type"":""mixed_depth_quantization"",""sequential_mode"":""none"",""joint_mutation_mode"":""standard"",""parent_before_generation_hash"":""3ca28097e3ea8308e9bc5e8cec59818260909257a3e888d017d3a42e778bab39"",""parent_after_generation_hash"":""8c38696a35a80d974d04784dd436ba36f0bdab9699712ece0e49f4407f55fc91"",""generated_offspring_by_type"":{""depth"":70,""quantization"":58,""joint_aware"":0,""interaction_aware"":0,""sequential_quantization"":0,""fixed_quant_depth"":0,""component crossover"":0,""component crossover + repair"":0,""layer bundle crossover"":0,""layer bundle crossover + repair"":0},""depth_mask_entries_changed_by_type"":{""depth"":214,""quantization"":0,""joint_aware"":0,""interaction_aware"":0,""sequential_quantization"":0,""fixed_quant_depth"":0,""component crossover"":0,""component crossover + repair"":0,""layer bundle crossover"":0,""layer bundle crossover + repair"":0},""quant_assignments_changed_by_type"":{""depth"":125,""quantization"":132,""joint_aware"":0,""interaction_aware"":0,""sequential_quantization"":0,""fixed_quant_depth"":0,""component crossover"":0,""component crossover + repair"":0,""layer bundle crossover"":0,""layer bundle crossover + repair"":0},""depth_mask_entries_changed_total"":214,""quant_assignments_changed_total"":257,""interaction_aware_details"":{""budget_repair_quant_changes"":0,""preferred_quant_exchanges_used"":0,""fallback_quant_exchanges_used"":0},""crossover_diagnostics"":{""crossover_type"":""component"",""crossover_parent_selection"":""uniform"",""crossover_offspring"":0,""crossover_offspring_accepted"":0,""mutation_offspring_accepted"":128,""mutation_offspring"":128,""crossover_offspring_attempted"":0,""crossover_duplicates"":0,""crossover_infeasible_candidates"":0,""crossover_repair_changed_gene_count"":0,""crossover_repaired_proposals"":0,""parent_distance_mean"":null,""parent_distance_min"":null,""parent_distance_max"":null,""child_distance_from_parent_a_mean"":null,""child_distance_from_parent_b_mean"":null,""layers_from_parent_a_mean"":null,""layers_from_parent_b_mean"":null,""crossover_no_legal_exchange"":0,""local_exchange_attention"":0,""local_exchange_mlp"":0,""local_exchange_quantization"":0,""local_exchange_block"":0,""child_distance_from_base_mean"":null,""child_distance_from_base_min"":null,""child_distance_from_base_max"":null,""child_distance_from_base_count"":0,""child_distance_from_donor_mean"":null,""child_distance_from_donor_min"":null,""child_distance_from_donor_max"":null,""child_distance_from_donor_count"":0,""donor_distance_reduction_mean"":null,""donor_distance_reduction_min"":null,""donor_distance_reduction_max"":null,""donor_distance_reduction_count"":0,""local_exchange_changed_gene_count_mean"":null,""local_exchange_changed_gene_count_min"":null,""local_exchange_changed_gene_count_max"":null,""local_exchange_changed_gene_count_count"":0,""child_distance_statistics_scope"":""accepted_unique_crossover_offspring"",""persistent_population_size"":1,""unique_population_size"":1,""best_population_fitness"":0.234375,""configured_survivors_per_selection"":[16,4,1],""effective_survivors_per_selection"":[16,4,1],""effective_final_survivor_count"":1},""offspring_generation"":{""attempts"":129,""no_op_mutations"":0,""duplicate_candidates"":1,""infeasible_candidates"":0,""fixed_quant_legal_swap_counts"":[]},""maximum_depth_mutations_per_offspring"":3,""quantization_step_size"":1,""quantization_mutations_per_offspring"":1,""joint_aware_probability"":0.0,""adaptive_mutation"":false,""adaptive_mutation_strength"":1,""adaptive_mutation_patience"":3,""adaptive_mutation_max_strength"":3,""coarse_to_fine_mutation"":false,""coarse_to_fine_start_strength"":3,""coarse_to_fine_end_strength"":1,""stagnation_generations_after_selection"":0}",quantization,True,129,128,16,5,262144,262144,655360,4172,33030144,23087.74689917895,15276.82177734375
29,0.22900390625,0.234375,kl,0.22900390625,,,,,0,{},128,16,4,1,"[16,4,1]","[2048,16384,131072]",6375608320,3.4642857142857144,3216.5078125,26982023168,26982023168,0,4,4,"{""type"":""mixed_depth_quantization"",""sequential_mode"":""none"",""joint_mutation_mode"":""standard"",""parent_before_generation_hash"":""8c38696a35a80d974d04784dd436ba36f0bdab9699712ece0e49f4407f55fc91"",""parent_after_generation_hash"":""d2646a912a1e847e7c666949d1681f69d7d21e14a3e2b6ebbd3a6d4158e9f4fa"",""generated_offspring_by_type"":{""depth"":56,""quantization"":72,""joint_aware"":0,""interaction_aware"":0,""sequential_quantization"":0,""fixed_quant_depth"":0,""component crossover"":0,""component crossover + repair"":0,""layer bundle crossover"":0,""layer bundle crossover + repair"":0},""depth_mask_entries_changed_by_type"":{""depth"":174,""quantization"":0,""joint_aware"":0,""interaction_aware"":0,""sequential_quantization"":0,""fixed_quant_depth"":0,""component crossover"":0,""component crossover + repair"":0,""layer bundle crossover"":0,""layer bundle crossover + repair"":0},""quant_assignments_changed_by_type"":{""depth"":96,""quantization"":161,""joint_aware"":0,""interaction_aware"":0,""sequential_quantization"":0,""fixed_quant_depth"":0,""component crossover"":0,""component crossover + repair"":0,""layer bundle crossover"":0,""layer bundle crossover + repair"":0},""depth_mask_entries_changed_total"":174,""quant_assignments_changed_total"":257,""interaction_aware_details"":{""budget_repair_quant_changes"":0,""preferred_quant_exchanges_used"":0,""fallback_quant_exchanges_used"":0},""crossover_diagnostics"":{""crossover_type"":""component"",""crossover_parent_selection"":""uniform"",""crossover_offspring"":0,""crossover_offspring_accepted"":0,""mutation_offspring_accepted"":128,""mutation_offspring"":128,""crossover_offspring_attempted"":0,""crossover_duplicates"":0,""crossover_infeasible_candidates"":0,""crossover_repair_changed_gene_count"":0,""crossover_repaired_proposals"":0,""parent_distance_mean"":null,""parent_distance_min"":null,""parent_distance_max"":null,""child_distance_from_parent_a_mean"":null,""child_distance_from_parent_b_mean"":null,""layers_from_parent_a_mean"":null,""layers_from_parent_b_mean"":null,""crossover_no_legal_exchange"":0,""local_exchange_attention"":0,""local_exchange_mlp"":0,""local_exchange_quantization"":0,""local_exchange_block"":0,""child_distance_from_base_mean"":null,""child_distance_from_base_min"":null,""child_distance_from_base_max"":null,""child_distance_from_base_count"":0,""child_distance_from_donor_mean"":null,""child_distance_from_donor_min"":null,""child_distance_from_donor_max"":null,""child_distance_from_donor_count"":0,""donor_distance_reduction_mean"":null,""donor_distance_reduction_min"":null,""donor_distance_reduction_max"":null,""donor_distance_reduction_count"":0,""local_exchange_changed_gene_count_mean"":null,""local_exchange_changed_gene_count_min"":null,""local_exchange_changed_gene_count_max"":null,""local_exchange_changed_gene_count_count"":0,""child_distance_statistics_scope"":""accepted_unique_crossover_offspring"",""persistent_population_size"":1,""unique_population_size"":1,""best_population_fitness"":0.22900390625,""configured_survivors_per_selection"":[16,4,1],""effective_survivors_per_selection"":[16,4,1],""effective_final_survivor_count"":1},""offspring_generation"":{""attempts"":128,""no_op_mutations"":0,""duplicate_candidates"":0,""infeasible_candidates"":0,""fixed_quant_legal_swap_counts"":[]},""maximum_depth_mutations_per_offspring"":3,""quantization_step_size"":1,""quantization_mutations_per_offspring"":1,""joint_aware_probability"":0.0,""adaptive_mutation"":false,""adaptive_mutation_strength"":1,""adaptive_mutation_patience"":3,""adaptive_mutation_max_strength"":3,""coarse_to_fine_mutation"":false,""coarse_to_fine_start_strength"":3,""coarse_to_fine_end_strength"":1,""stagnation_generations_after_selection"":0}",quantization,True,128,128,16,5,262144,262144,655360,4321,34209792,23885.995675922954,15276.82177734375
30,0.2200927734375,0.22900390625,kl,0.2200927734375,,,,,0,{},128,16,4,1,"[16,4,1]","[2048,16384,131072]",6375608320,3.4642857142857144,3216.5078125,26982023168,26982023168,0,4,4,"{""type"":""mixed_depth_quantization"",""sequential_mode"":""none"",""joint_mutation_mode"":""standard"",""parent_before_generation_hash"":""d2646a912a1e847e7c666949d1681f69d7d21e14a3e2b6ebbd3a6d4158e9f4fa"",""parent_after_generation_hash"":""a6d633ce015780a9ce1cb21c598f219282bc2aa3fea64027c0c1d47933cdea63"",""generated_offspring_by_type"":{""depth"":60,""quantization"":68,""joint_aware"":0,""interaction_aware"":0,""sequential_quantization"":0,""fixed_quant_depth"":0,""component crossover"":0,""component crossover + repair"":0,""layer bundle crossover"":0,""layer bundle crossover + repair"":0},""depth_mask_entries_changed_by_type"":{""depth"":182,""quantization"":0,""joint_aware"":0,""interaction_aware"":0,""sequential_quantization"":0,""fixed_quant_depth"":0,""component crossover"":0,""component crossover + repair"":0,""layer bundle crossover"":0,""layer bundle crossover + repair"":0},""quant_assignments_changed_by_type"":{""depth"":111,""quantization"":147,""joint_aware"":0,""interaction_aware"":0,""sequential_quantization"":0,""fixed_quant_depth"":0,""component crossover"":0,""component crossover + repair"":0,""layer bundle crossover"":0,""layer bundle crossover + repair"":0},""depth_mask_entries_changed_total"":182,""quant_assignments_changed_total"":258,""interaction_aware_details"":{""budget_repair_quant_changes"":0,""preferred_quant_exchanges_used"":0,""fallback_quant_exchanges_used"":0},""crossover_diagnostics"":{""crossover_type"":""component"",""crossover_parent_selection"":""uniform"",""crossover_offspring"":0,""crossover_offspring_accepted"":0,""mutation_offspring_accepted"":128,""mutation_offspring"":128,""crossover_offspring_attempted"":0,""crossover_duplicates"":0,""crossover_infeasible_candidates"":0,""crossover_repair_changed_gene_count"":0,""crossover_repaired_proposals"":0,""parent_distance_mean"":null,""parent_distance_min"":null,""parent_distance_max"":null,""child_distance_from_parent_a_mean"":null,""child_distance_from_parent_b_mean"":null,""layers_from_parent_a_mean"":null,""layers_from_parent_b_mean"":null,""crossover_no_legal_exchange"":0,""local_exchange_attention"":0,""local_exchange_mlp"":0,""local_exchange_quantization"":0,""local_exchange_block"":0,""child_distance_from_base_mean"":null,""child_distance_from_base_min"":null,""child_distance_from_base_max"":null,""child_distance_from_base_count"":0,""child_distance_from_donor_mean"":null,""child_distance_from_donor_min"":null,""child_distance_from_donor_max"":null,""child_distance_from_donor_count"":0,""donor_distance_reduction_mean"":null,""donor_distance_reduction_min"":null,""donor_distance_reduction_max"":null,""donor_distance_reduction_count"":0,""local_exchange_changed_gene_count_mean"":null,""local_exchange_changed_gene_count_min"":null,""local_exchange_changed_gene_count_max"":null,""local_exchange_changed_gene_count_count"":0,""child_distance_statistics_scope"":""accepted_unique_crossover_offspring"",""persistent_population_size"":1,""unique_population_size"":1,""best_population_fitness"":0.2200927734375,""configured_survivors_per_selection"":[16,4,1],""effective_survivors_per_selection"":[16,4,1],""effective_final_survivor_count"":1},""offspring_generation"":{""attempts"":128,""no_op_mutations"":0,""duplicate_candidates"":0,""infeasible_candidates"":0,""fixed_quant_legal_swap_counts"":[]},""maximum_depth_mutations_per_offspring"":3,""quantization_step_size"":1,""quantization_mutations_per_offspring"":1,""joint_aware_probability"":0.0,""adaptive_mutation"":false,""adaptive_mutation_strength"":1,""adaptive_mutation_patience"":3,""adaptive_mutation_max_strength"":3,""coarse_to_fine_mutation"":false,""coarse_to_fine_start_strength"":3,""coarse_to_fine_end_strength"":1,""stagnation_generations_after_selection"":0}",quantization,True,128,128,16,5,262144,262144,655360,4470,35389440,24603.016661715927,15276.82177734375
31,0.22900390625,0.2200927734375,kl,0.22900390625,8.0390625,6.546875,9.921875,,917504,"{""wikitext2"":327680,""c4"":589824}",128,16,4,1,"[16,4,1]","[2048,16384,131072]",6375608320,3.4642857142857144,3216.5078125,26982023168,26982023168,0,4,4,"{""type"":""mixed_depth_quantization"",""sequential_mode"":""none"",""joint_mutation_mode"":""standard"",""parent_before_generation_hash"":""a6d633ce015780a9ce1cb21c598f219282bc2aa3fea64027c0c1d47933cdea63"",""parent_after_generation_hash"":""efd08a65e9e64d3502033b27e5c3fc90194dd5ef099753e1d6f7e9801c9b9eef"",""generated_offspring_by_type"":{""depth"":72,""quantization"":56,""joint_aware"":0,""interaction_aware"":0,""sequential_quantization"":0,""fixed_quant_depth"":0,""component crossover"":0,""component crossover + repair"":0,""layer bundle crossover"":0,""layer bundle crossover + repair"":0},""depth_mask_entries_changed_by_type"":{""depth"":216,""quantization"":0,""joint_aware"":0,""interaction_aware"":0,""sequential_quantization"":0,""fixed_quant_depth"":0,""component crossover"":0,""component crossover + repair"":0,""layer bundle crossover"":0,""layer bundle crossover + repair"":0},""quant_assignments_changed_by_type"":{""depth"":117,""quantization"":123,""joint_aware"":0,""interaction_aware"":0,""sequential_quantization"":0,""fixed_quant_depth"":0,""component crossover"":0,""component crossover + repair"":0,""layer bundle crossover"":0,""layer bundle crossover + repair"":0},""depth_mask_entries_changed_total"":216,""quant_assignments_changed_total"":240,""interaction_aware_details"":{""budget_repair_quant_changes"":0,""preferred_quant_exchanges_used"":0,""fallback_quant_exchanges_used"":0},""crossover_diagnostics"":{""crossover_type"":""component"",""crossover_parent_selection"":""uniform"",""crossover_offspring"":0,""crossover_offspring_accepted"":0,""mutation_offspring_accepted"":128,""mutation_offspring"":128,""crossover_offspring_attempted"":0,""crossover_duplicates"":0,""crossover_infeasible_candidates"":0,""crossover_repair_changed_gene_count"":0,""crossover_repaired_proposals"":0,""parent_distance_mean"":null,""parent_distance_min"":null,""parent_distance_max"":null,""child_distance_from_parent_a_mean"":null,""child_distance_from_parent_b_mean"":null,""layers_from_parent_a_mean"":null,""layers_from_parent_b_mean"":null,""crossover_no_legal_exchange"":0,""local_exchange_attention"":0,""local_exchange_mlp"":0,""local_exchange_quantization"":0,""local_exchange_block"":0,""child_distance_from_base_mean"":null,""child_distance_from_base_min"":null,""child_distance_from_base_max"":null,""child_distance_from_base_count"":0,""child_distance_from_donor_mean"":null,""child_distance_from_donor_min"":null,""child_distance_from_donor_max"":null,""child_distance_from_donor_count"":0,""donor_distance_reduction_mean"":null,""donor_distance_reduction_min"":null,""donor_distance_reduction_max"":null,""donor_distance_reduction_count"":0,""local_exchange_changed_gene_count_mean"":null,""local_exchange_changed_gene_count_min"":null,""local_exchange_changed_gene_count_max"":null,""local_exchange_changed_gene_count_count"":0,""child_distance_statistics_scope"":""accepted_unique_crossover_offspring"",""persistent_population_size"":1,""unique_population_size"":1,""best_population_fitness"":0.22900390625,""configured_survivors_per_selection"":[16,4,1],""effective_survivors_per_selection"":[16,4,1],""effective_final_survivor_count"":1},""offspring_generation"":{""attempts"":128,""no_op_mutations"":0,""duplicate_candidates"":0,""infeasible_candidates"":0,""fixed_quant_legal_swap_counts"":[]},""maximum_depth_mutations_per_offspring"":3,""quantization_step_size"":1,""quantization_mutations_per_offspring"":1,""joint_aware_probability"":0.0,""adaptive_mutation"":false,""adaptive_mutation_strength"":1,""adaptive_mutation_patience"":3,""adaptive_mutation_max_strength"":3,""coarse_to_fine_mutation"":false,""coarse_to_fine_start_strength"":3,""coarse_to_fine_end_strength"":1,""stagnation_generations_after_selection"":0}",quantization,True,128,128,16,5,262144,262144,655360,4619,36569088,25587.007022203994,15276.82177734375
32,0.2354736328125,0.22900390625,kl,0.2354736328125,,,,,0,{},128,16,4,1,"[16,4,1]","[2048,16384,131072]",6375608320,3.4642857142857144,3216.5078125,26982023168,26982023168,0,4,4,"{""type"":""mixed_depth_quantization"",""sequential_mode"":""none"",""joint_mutation_mode"":""standard"",""parent_before_generation_hash"":""efd08a65e9e64d3502033b27e5c3fc90194dd5ef099753e1d6f7e9801c9b9eef"",""parent_after_generation_hash"":""2cfdff340a155f0a7a27c24cdaef40358f9fd4ad3fd3f0b6336b20b3f21173f5"",""generated_offspring_by_type"":{""depth"":71,""quantization"":57,""joint_aware"":0,""interaction_aware"":0,""sequential_quantization"":0,""fixed_quant_depth"":0,""component crossover"":0,""component crossover + repair"":0,""layer bundle crossover"":0,""layer bundle crossover + repair"":0},""depth_mask_entries_changed_by_type"":{""depth"":202,""quantization"":0,""joint_aware"":0,""interaction_aware"":0,""sequential_quantization"":0,""fixed_quant_depth"":0,""component crossover"":0,""component crossover + repair"":0,""layer bundle crossover"":0,""layer bundle crossover + repair"":0},""quant_assignments_changed_by_type"":{""depth"":114,""quantization"":130,""joint_aware"":0,""interaction_aware"":0,""sequential_quantization"":0,""fixed_quant_depth"":0,""component crossover"":0,""component crossover + repair"":0,""layer bundle crossover"":0,""layer bundle crossover + repair"":0},""depth_mask_entries_changed_total"":202,""quant_assignments_changed_total"":244,""interaction_aware_details"":{""budget_repair_quant_changes"":0,""preferred_quant_exchanges_used"":0,""fallback_quant_exchanges_used"":0},""crossover_diagnostics"":{""crossover_type"":""component"",""crossover_parent_selection"":""uniform"",""crossover_offspring"":0,""crossover_offspring_accepted"":0,""mutation_offspring_accepted"":128,""mutation_offspring"":128,""crossover_offspring_attempted"":0,""crossover_duplicates"":0,""crossover_infeasible_candidates"":0,""crossover_repair_changed_gene_count"":0,""crossover_repaired_proposals"":0,""parent_distance_mean"":null,""parent_distance_min"":null,""parent_distance_max"":null,""child_distance_from_parent_a_mean"":null,""child_distance_from_parent_b_mean"":null,""layers_from_parent_a_mean"":null,""layers_from_parent_b_mean"":null,""crossover_no_legal_exchange"":0,""local_exchange_attention"":0,""local_exchange_mlp"":0,""local_exchange_quantization"":0,""local_exchange_block"":0,""child_distance_from_base_mean"":null,""child_distance_from_base_min"":null,""child_distance_from_base_max"":null,""child_distance_from_base_count"":0,""child_distance_from_donor_mean"":null,""child_distance_from_donor_min"":null,""child_distance_from_donor_max"":null,""child_distance_from_donor_count"":0,""donor_distance_reduction_mean"":null,""donor_distance_reduction_min"":null,""donor_distance_reduction_max"":null,""donor_distance_reduction_count"":0,""local_exchange_changed_gene_count_mean"":null,""local_exchange_changed_gene_count_min"":null,""local_exchange_changed_gene_count_max"":null,""local_exchange_changed_gene_count_count"":0,""child_distance_statistics_scope"":""accepted_unique_crossover_offspring"",""persistent_population_size"":1,""unique_population_size"":1,""best_population_fitness"":0.2354736328125,""configured_survivors_per_selection"":[16,4,1],""effective_survivors_per_selection"":[16,4,1],""effective_final_survivor_count"":1},""offspring_generation"":{""attempts"":130,""no_op_mutations"":0,""duplicate_candidates"":2,""infeasible_candidates"":0,""fixed_quant_legal_swap_counts"":[]},""maximum_depth_mutations_per_offspring"":3,""quantization_step_size"":1,""quantization_mutations_per_offspring"":1,""joint_aware_probability"":0.0,""adaptive_mutation"":false,""adaptive_mutation_strength"":1,""adaptive_mutation_patience"":3,""adaptive_mutation_max_strength"":3,""coarse_to_fine_mutation"":false,""coarse_to_fine_start_strength"":3,""coarse_to_fine_end_strength"":1,""stagnation_generations_after_selection"":0}",depth,True,130,128,16,5,262144,262144,655360,4768,37748736,26365.31061013101,15276.82177734375
33,0.2353515625,0.2354736328125,kl,0.2353515625,,,,,0,{},128,16,4,1,"[16,4,1]","[2048,16384,131072]",6375608320,3.4642857142857144,3216.5078125,26982023168,26982023168,0,4,4,"{""type"":""mixed_depth_quantization"",""sequential_mode"":""none"",""joint_mutation_mode"":""standard"",""parent_before_generation_hash"":""2cfdff340a155f0a7a27c24cdaef40358f9fd4ad3fd3f0b6336b20b3f21173f5"",""parent_after_generation_hash"":""0de4d765f6d70ec9798617ebd65de78a098dc86df1b500fd5d633d2ab1b8cadc"",""generated_offspring_by_type"":{""depth"":74,""quantization"":54,""joint_aware"":0,""interaction_aware"":0,""sequential_quantization"":0,""fixed_quant_depth"":0,""component crossover"":0,""component crossover + repair"":0,""layer bundle crossover"":0,""layer bundle crossover + repair"":0},""depth_mask_entries_changed_by_type"":{""depth"":246,""quantization"":0,""joint_aware"":0,""interaction_aware"":0,""sequential_quantization"":0,""fixed_quant_depth"":0,""component crossover"":0,""component crossover + repair"":0,""layer bundle crossover"":0,""layer bundle crossover + repair"":0},""quant_assignments_changed_by_type"":{""depth"":133,""quantization"":115,""joint_aware"":0,""interaction_aware"":0,""sequential_quantization"":0,""fixed_quant_depth"":0,""component crossover"":0,""component crossover + repair"":0,""layer bundle crossover"":0,""layer bundle crossover + repair"":0},""depth_mask_entries_changed_total"":246,""quant_assignments_changed_total"":248,""interaction_aware_details"":{""budget_repair_quant_changes"":0,""preferred_quant_exchanges_used"":0,""fallback_quant_exchanges_used"":0},""crossover_diagnostics"":{""crossover_type"":""component"",""crossover_parent_selection"":""uniform"",""crossover_offspring"":0,""crossover_offspring_accepted"":0,""mutation_offspring_accepted"":128,""mutation_offspring"":128,""crossover_offspring_attempted"":0,""crossover_duplicates"":0,""crossover_infeasible_candidates"":0,""crossover_repair_changed_gene_count"":0,""crossover_repaired_proposals"":0,""parent_distance_mean"":null,""parent_distance_min"":null,""parent_distance_max"":null,""child_distance_from_parent_a_mean"":null,""child_distance_from_parent_b_mean"":null,""layers_from_parent_a_mean"":null,""layers_from_parent_b_mean"":null,""crossover_no_legal_exchange"":0,""local_exchange_attention"":0,""local_exchange_mlp"":0,""local_exchange_quantization"":0,""local_exchange_block"":0,""child_distance_from_base_mean"":null,""child_distance_from_base_min"":null,""child_distance_from_base_max"":null,""child_distance_from_base_count"":0,""child_distance_from_donor_mean"":null,""child_distance_from_donor_min"":null,""child_distance_from_donor_max"":null,""child_distance_from_donor_count"":0,""donor_distance_reduction_mean"":null,""donor_distance_reduction_min"":null,""donor_distance_reduction_max"":null,""donor_distance_reduction_count"":0,""local_exchange_changed_gene_count_mean"":null,""local_exchange_changed_gene_count_min"":null,""local_exchange_changed_gene_count_max"":null,""local_exchange_changed_gene_count_count"":0,""child_distance_statistics_scope"":""accepted_unique_crossover_offspring"",""persistent_population_size"":1,""unique_population_size"":1,""best_population_fitness"":0.2353515625,""configured_survivors_per_selection"":[16,4,1],""effective_survivors_per_selection"":[16,4,1],""effective_final_survivor_count"":1},""offspring_generation"":{""attempts"":129,""no_op_mutations"":0,""duplicate_candidates"":1,""infeasible_candidates"":0,""fixed_quant_legal_swap_counts"":[]},""maximum_depth_mutations_per_offspring"":3,""quantization_step_size"":1,""quantization_mutations_per_offspring"":1,""joint_aware_probability"":0.0,""adaptive_mutation"":false,""adaptive_mutation_strength"":1,""adaptive_mutation_patience"":3,""adaptive_mutation_max_strength"":3,""coarse_to_fine_mutation"":false,""coarse_to_fine_start_strength"":3,""coarse_to_fine_end_strength"":1,""stagnation_generations_after_selection"":0}",quantization,True,129,128,16,5,262144,262144,655360,4917,38928384,27066.178968515946,15276.82177734375
34,0.2255859375,0.2353515625,kl,0.2255859375,,,,,0,{},128,16,4,1,"[16,4,1]","[2048,16384,131072]",6375608320,3.4642857142857144,3216.5078125,26982023168,26982023168,0,4,4,"{""type"":""mixed_depth_quantization"",""sequential_mode"":""none"",""joint_mutation_mode"":""standard"",""parent_before_generation_hash"":""0de4d765f6d70ec9798617ebd65de78a098dc86df1b500fd5d633d2ab1b8cadc"",""parent_after_generation_hash"":""ecf43950ae5bf427c100ecd2d69810896c73c6d5980eb1dccc20c3ba85b3191c"",""generated_offspring_by_type"":{""depth"":63,""quantization"":65,""joint_aware"":0,""interaction_aware"":0,""sequential_quantization"":0,""fixed_quant_depth"":0,""component crossover"":0,""component crossover + repair"":0,""layer bundle crossover"":0,""layer bundle crossover + repair"":0},""depth_mask_entries_changed_by_type"":{""depth"":194,""quantization"":0,""joint_aware"":0,""interaction_aware"":0,""sequential_quantization"":0,""fixed_quant_depth"":0,""component crossover"":0,""component crossover + repair"":0,""layer bundle crossover"":0,""layer bundle crossover + repair"":0},""quant_assignments_changed_by_type"":{""depth"":120,""quantization"":142,""joint_aware"":0,""interaction_aware"":0,""sequential_quantization"":0,""fixed_quant_depth"":0,""component crossover"":0,""component crossover + repair"":0,""layer bundle crossover"":0,""layer bundle crossover + repair"":0},""depth_mask_entries_changed_total"":194,""quant_assignments_changed_total"":262,""interaction_aware_details"":{""budget_repair_quant_changes"":0,""preferred_quant_exchanges_used"":0,""fallback_quant_exchanges_used"":0},""crossover_diagnostics"":{""crossover_type"":""component"",""crossover_parent_selection"":""uniform"",""crossover_offspring"":0,""crossover_offspring_accepted"":0,""mutation_offspring_accepted"":128,""mutation_offspring"":128,""crossover_offspring_attempted"":0,""crossover_duplicates"":0,""crossover_infeasible_candidates"":0,""crossover_repair_changed_gene_count"":0,""crossover_repaired_proposals"":0,""parent_distance_mean"":null,""parent_distance_min"":null,""parent_distance_max"":null,""child_distance_from_parent_a_mean"":null,""child_distance_from_parent_b_mean"":null,""layers_from_parent_a_mean"":null,""layers_from_parent_b_mean"":null,""crossover_no_legal_exchange"":0,""local_exchange_attention"":0,""local_exchange_mlp"":0,""local_exchange_quantization"":0,""local_exchange_block"":0,""child_distance_from_base_mean"":null,""child_distance_from_base_min"":null,""child_distance_from_base_max"":null,""child_distance_from_base_count"":0,""child_distance_from_donor_mean"":null,""child_distance_from_donor_min"":null,""child_distance_from_donor_max"":null,""child_distance_from_donor_count"":0,""donor_distance_reduction_mean"":null,""donor_distance_reduction_min"":null,""donor_distance_reduction_max"":null,""donor_distance_reduction_count"":0,""local_exchange_changed_gene_count_mean"":null,""local_exchange_changed_gene_count_min"":null,""local_exchange_changed_gene_count_max"":null,""local_exchange_changed_gene_count_count"":0,""child_distance_statistics_scope"":""accepted_unique_crossover_offspring"",""persistent_population_size"":1,""unique_population_size"":1,""best_population_fitness"":0.2255859375,""configured_survivors_per_selection"":[16,4,1],""effective_survivors_per_selection"":[16,4,1],""effective_final_survivor_count"":1},""offspring_generation"":{""attempts"":128,""no_op_mutations"":0,""duplicate_candidates"":0,""infeasible_candidates"":0,""fixed_quant_legal_swap_counts"":[]},""maximum_depth_mutations_per_offspring"":3,""quantization_step_size"":1,""quantization_mutations_per_offspring"":1,""joint_aware_probability"":0.0,""adaptive_mutation"":false,""adaptive_mutation_strength"":1,""adaptive_mutation_patience"":3,""adaptive_mutation_max_strength"":3,""coarse_to_fine_mutation"":false,""coarse_to_fine_start_strength"":3,""coarse_to_fine_end_strength"":1,""stagnation_generations_after_selection"":0}",quantization,True,128,128,16,5,262144,262144,655360,5066,40108032,27815.62192027399,15276.82177734375
35,0.2333984375,0.2255859375,kl,0.2333984375,,,,,0,{},128,16,4,1,"[16,4,1]","[2048,16384,131072]",6375608320,3.4642857142857144,3216.5078125,26982023168,26982023168,0,4,4,"{""type"":""mixed_depth_quantization"",""sequential_mode"":""none"",""joint_mutation_mode"":""standard"",""parent_before_generation_hash"":""ecf43950ae5bf427c100ecd2d69810896c73c6d5980eb1dccc20c3ba85b3191c"",""parent_after_generation_hash"":""8de7182da6cb3dae6f9a25f2f7e3d798985f136710023d33cdc48e57bca54cb8"",""generated_offspring_by_type"":{""depth"":69,""quantization"":59,""joint_aware"":0,""interaction_aware"":0,""sequential_quantization"":0,""fixed_quant_depth"":0,""component crossover"":0,""component crossover + repair"":0,""layer bundle crossover"":0,""layer bundle crossover + repair"":0},""depth_mask_entries_changed_by_type"":{""depth"":208,""quantization"":0,""joint_aware"":0,""interaction_aware"":0,""sequential_quantization"":0,""fixed_quant_depth"":0,""component crossover"":0,""component crossover + repair"":0,""layer bundle crossover"":0,""layer bundle crossover + repair"":0},""quant_assignments_changed_by_type"":{""depth"":120,""quantization"":135,""joint_aware"":0,""interaction_aware"":0,""sequential_quantization"":0,""fixed_quant_depth"":0,""component crossover"":0,""component crossover + repair"":0,""layer bundle crossover"":0,""layer bundle crossover + repair"":0},""depth_mask_entries_changed_total"":208,""quant_assignments_changed_total"":255,""interaction_aware_details"":{""budget_repair_quant_changes"":0,""preferred_quant_exchanges_used"":0,""fallback_quant_exchanges_used"":0},""crossover_diagnostics"":{""crossover_type"":""component"",""crossover_parent_selection"":""uniform"",""crossover_offspring"":0,""crossover_offspring_accepted"":0,""mutation_offspring_accepted"":128,""mutation_offspring"":128,""crossover_offspring_attempted"":0,""crossover_duplicates"":0,""crossover_infeasible_candidates"":0,""crossover_repair_changed_gene_count"":0,""crossover_repaired_proposals"":0,""parent_distance_mean"":null,""parent_distance_min"":null,""parent_distance_max"":null,""child_distance_from_parent_a_mean"":null,""child_distance_from_parent_b_mean"":null,""layers_from_parent_a_mean"":null,""layers_from_parent_b_mean"":null,""crossover_no_legal_exchange"":0,""local_exchange_attention"":0,""local_exchange_mlp"":0,""local_exchange_quantization"":0,""local_exchange_block"":0,""child_distance_from_base_mean"":null,""child_distance_from_base_min"":null,""child_distance_from_base_max"":null,""child_distance_from_base_count"":0,""child_distance_from_donor_mean"":null,""child_distance_from_donor_min"":null,""child_distance_from_donor_max"":null,""child_distance_from_donor_count"":0,""donor_distance_reduction_mean"":null,""donor_distance_reduction_min"":null,""donor_distance_reduction_max"":null,""donor_distance_reduction_count"":0,""local_exchange_changed_gene_count_mean"":null,""local_exchange_changed_gene_count_min"":null,""local_exchange_changed_gene_count_max"":null,""local_exchange_changed_gene_count_count"":0,""child_distance_statistics_scope"":""accepted_unique_crossover_offspring"",""persistent_population_size"":1,""unique_population_size"":1,""best_population_fitness"":0.2333984375,""configured_survivors_per_selection"":[16,4,1],""effective_survivors_per_selection"":[16,4,1],""effective_final_survivor_count"":1},""offspring_generation"":{""attempts"":128,""no_op_mutations"":0,""duplicate_candidates"":0,""infeasible_candidates"":0,""fixed_quant_legal_swap_counts"":[]},""maximum_depth_mutations_per_offspring"":3,""quantization_step_size"":1,""quantization_mutations_per_offspring"":1,""joint_aware_probability"":0.0,""adaptive_mutation"":false,""adaptive_mutation_strength"":1,""adaptive_mutation_patience"":3,""adaptive_mutation_max_strength"":3,""coarse_to_fine_mutation"":false,""coarse_to_fine_start_strength"":3,""coarse_to_fine_end_strength"":1,""stagnation_generations_after_selection"":0}",quantization,True,128,128,16,5,262144,262144,655360,5215,41287680,28582.21402233001,15276.82177734375
36,0.228759765625,0.2333984375,kl,0.228759765625,7.98828125,6.6484375,9.9609375,,917504,"{""wikitext2"":327680,""c4"":589824}",128,16,4,1,"[16,4,1]","[2048,16384,131072]",6375608320,3.4642857142857144,3216.5078125,26982023168,26982023168,0,4,4,"{""type"":""mixed_depth_quantization"",""sequential_mode"":""none"",""joint_mutation_mode"":""standard"",""parent_before_generation_hash"":""8de7182da6cb3dae6f9a25f2f7e3d798985f136710023d33cdc48e57bca54cb8"",""parent_after_generation_hash"":""1811f7f495d3c2fa1ac55e8a947fd47f6aed8edf0f497091d2ec34ee92a97fc9"",""generated_offspring_by_type"":{""depth"":64,""quantization"":64,""joint_aware"":0,""interaction_aware"":0,""sequential_quantization"":0,""fixed_quant_depth"":0,""component crossover"":0,""component crossover + repair"":0,""layer bundle crossover"":0,""layer bundle crossover + repair"":0},""depth_mask_entries_changed_by_type"":{""depth"":176,""quantization"":0,""joint_aware"":0,""interaction_aware"":0,""sequential_quantization"":0,""fixed_quant_depth"":0,""component crossover"":0,""component crossover + repair"":0,""layer bundle crossover"":0,""layer bundle crossover + repair"":0},""quant_assignments_changed_by_type"":{""depth"":85,""quantization"":139,""joint_aware"":0,""interaction_aware"":0,""sequential_quantization"":0,""fixed_quant_depth"":0,""component crossover"":0,""component crossover + repair"":0,""layer bundle crossover"":0,""layer bundle crossover + repair"":0},""depth_mask_entries_changed_total"":176,""quant_assignments_changed_total"":224,""interaction_aware_details"":{""budget_repair_quant_changes"":0,""preferred_quant_exchanges_used"":0,""fallback_quant_exchanges_used"":0},""crossover_diagnostics"":{""crossover_type"":""component"",""crossover_parent_selection"":""uniform"",""crossover_offspring"":0,""crossover_offspring_accepted"":0,""mutation_offspring_accepted"":128,""mutation_offspring"":128,""crossover_offspring_attempted"":0,""crossover_duplicates"":0,""crossover_infeasible_candidates"":0,""crossover_repair_changed_gene_count"":0,""crossover_repaired_proposals"":0,""parent_distance_mean"":null,""parent_distance_min"":null,""parent_distance_max"":null,""child_distance_from_parent_a_mean"":null,""child_distance_from_parent_b_mean"":null,""layers_from_parent_a_mean"":null,""layers_from_parent_b_mean"":null,""crossover_no_legal_exchange"":0,""local_exchange_attention"":0,""local_exchange_mlp"":0,""local_exchange_quantization"":0,""local_exchange_block"":0,""child_distance_from_base_mean"":null,""child_distance_from_base_min"":null,""child_distance_from_base_max"":null,""child_distance_from_base_count"":0,""child_distance_from_donor_mean"":null,""child_distance_from_donor_min"":null,""child_distance_from_donor_max"":null,""child_distance_from_donor_count"":0,""donor_distance_reduction_mean"":null,""donor_distance_reduction_min"":null,""donor_distance_reduction_max"":null,""donor_distance_reduction_count"":0,""local_exchange_changed_gene_count_mean"":null,""local_exchange_changed_gene_count_min"":null,""local_exchange_changed_gene_count_max"":null,""local_exchange_changed_gene_count_count"":0,""child_distance_statistics_scope"":""accepted_unique_crossover_offspring"",""persistent_population_size"":1,""unique_population_size"":1,""best_population_fitness"":0.228759765625,""configured_survivors_per_selection"":[16,4,1],""effective_survivors_per_selection"":[16,4,1],""effective_final_survivor_count"":1},""offspring_generation"":{""attempts"":130,""no_op_mutations"":0,""duplicate_candidates"":2,""infeasible_candidates"":0,""fixed_quant_legal_swap_counts"":[]},""maximum_depth_mutations_per_offspring"":3,""quantization_step_size"":1,""quantization_mutations_per_offspring"":1,""joint_aware_probability"":0.0,""adaptive_mutation"":false,""adaptive_mutation_strength"":1,""adaptive_mutation_patience"":3,""adaptive_mutation_max_strength"":3,""coarse_to_fine_mutation"":false,""coarse_to_fine_start_strength"":3,""coarse_to_fine_end_strength"":1,""stagnation_generations_after_selection"":0}",quantization,True,130,128,16,5,262144,262144,655360,5364,42467328,29608.23718152498,15276.82177734375
37,0.22314453125,0.228759765625,kl,0.22314453125,,,,,0,{},128,16,4,1,"[16,4,1]","[2048,16384,131072]",6375608320,3.4642857142857144,3216.5078125,26982023168,26982023168,0,4,4,"{""type"":""mixed_depth_quantization"",""sequential_mode"":""none"",""joint_mutation_mode"":""standard"",""parent_before_generation_hash"":""1811f7f495d3c2fa1ac55e8a947fd47f6aed8edf0f497091d2ec34ee92a97fc9"",""parent_after_generation_hash"":""8d02e5389ac88d8309593677b477a57a2aae2b32df51386b7d8356e0ed0a1738"",""generated_offspring_by_type"":{""depth"":57,""quantization"":71,""joint_aware"":0,""interaction_aware"":0,""sequential_quantization"":0,""fixed_quant_depth"":0,""component crossover"":0,""component crossover + repair"":0,""layer bundle crossover"":0,""layer bundle crossover + repair"":0},""depth_mask_entries_changed_by_type"":{""depth"":162,""quantization"":0,""joint_aware"":0,""interaction_aware"":0,""sequential_quantization"":0,""fixed_quant_depth"":0,""component crossover"":0,""component crossover + repair"":0,""layer bundle crossover"":0,""layer bundle crossover + repair"":0},""quant_assignments_changed_by_type"":{""depth"":86,""quantization"":156,""joint_aware"":0,""interaction_aware"":0,""sequential_quantization"":0,""fixed_quant_depth"":0,""component crossover"":0,""component crossover + repair"":0,""layer bundle crossover"":0,""layer bundle crossover + repair"":0},""depth_mask_entries_changed_total"":162,""quant_assignments_changed_total"":242,""interaction_aware_details"":{""budget_repair_quant_changes"":0,""preferred_quant_exchanges_used"":0,""fallback_quant_exchanges_used"":0},""crossover_diagnostics"":{""crossover_type"":""component"",""crossover_parent_selection"":""uniform"",""crossover_offspring"":0,""crossover_offspring_accepted"":0,""mutation_offspring_accepted"":128,""mutation_offspring"":128,""crossover_offspring_attempted"":0,""crossover_duplicates"":0,""crossover_infeasible_candidates"":0,""crossover_repair_changed_gene_count"":0,""crossover_repaired_proposals"":0,""parent_distance_mean"":null,""parent_distance_min"":null,""parent_distance_max"":null,""child_distance_from_parent_a_mean"":null,""child_distance_from_parent_b_mean"":null,""layers_from_parent_a_mean"":null,""layers_from_parent_b_mean"":null,""crossover_no_legal_exchange"":0,""local_exchange_attention"":0,""local_exchange_mlp"":0,""local_exchange_quantization"":0,""local_exchange_block"":0,""child_distance_from_base_mean"":null,""child_distance_from_base_min"":null,""child_distance_from_base_max"":null,""child_distance_from_base_count"":0,""child_distance_from_donor_mean"":null,""child_distance_from_donor_min"":null,""child_distance_from_donor_max"":null,""child_distance_from_donor_count"":0,""donor_distance_reduction_mean"":null,""donor_distance_reduction_min"":null,""donor_distance_reduction_max"":null,""donor_distance_reduction_count"":0,""local_exchange_changed_gene_count_mean"":null,""local_exchange_changed_gene_count_min"":null,""local_exchange_changed_gene_count_max"":null,""local_exchange_changed_gene_count_count"":0,""child_distance_statistics_scope"":""accepted_unique_crossover_offspring"",""persistent_population_size"":1,""unique_population_size"":1,""best_population_fitness"":0.22314453125,""configured_survivors_per_selection"":[16,4,1],""effective_survivors_per_selection"":[16,4,1],""effective_final_survivor_count"":1},""offspring_generation"":{""attempts"":130,""no_op_mutations"":1,""duplicate_candidates"":1,""infeasible_candidates"":0,""fixed_quant_legal_swap_counts"":[]},""maximum_depth_mutations_per_offspring"":3,""quantization_step_size"":1,""quantization_mutations_per_offspring"":1,""joint_aware_probability"":0.0,""adaptive_mutation"":false,""adaptive_mutation_strength"":1,""adaptive_mutation_patience"":3,""adaptive_mutation_max_strength"":3,""coarse_to_fine_mutation"":false,""coarse_to_fine_start_strength"":3,""coarse_to_fine_end_strength"":1,""stagnation_generations_after_selection"":0}",quantization,True,130,128,16,5,262144,262144,655360,5513,43646976,30347.178769111983,15276.82177734375
38,0.2191162109375,0.22314453125,kl,0.2191162109375,,,,,0,{},128,16,4,1,"[16,4,1]","[2048,16384,131072]",6375608320,3.4642857142857144,3216.5078125,26982023168,26982023168,0,4,4,"{""type"":""mixed_depth_quantization"",""sequential_mode"":""none"",""joint_mutation_mode"":""standard"",""parent_before_generation_hash"":""8d02e5389ac88d8309593677b477a57a2aae2b32df51386b7d8356e0ed0a1738"",""parent_after_generation_hash"":""654e1fbfdb2a902bdfa209d1fe9b40fd03007f40419ccca9a20d612a8f1471af"",""generated_offspring_by_type"":{""depth"":67,""quantization"":61,""joint_aware"":0,""interaction_aware"":0,""sequential_quantization"":0,""fixed_quant_depth"":0,""component crossover"":0,""component crossover + repair"":0,""layer bundle crossover"":0,""layer bundle crossover + repair"":0},""depth_mask_entries_changed_by_type"":{""depth"":194,""quantization"":0,""joint_aware"":0,""interaction_aware"":0,""sequential_quantization"":0,""fixed_quant_depth"":0,""component crossover"":0,""component crossover + repair"":0,""layer bundle crossover"":0,""layer bundle crossover + repair"":0},""quant_assignments_changed_by_type"":{""depth"":103,""quantization"":132,""joint_aware"":0,""interaction_aware"":0,""sequential_quantization"":0,""fixed_quant_depth"":0,""component crossover"":0,""component crossover + repair"":0,""layer bundle crossover"":0,""layer bundle crossover + repair"":0},""depth_mask_entries_changed_total"":194,""quant_assignments_changed_total"":235,""interaction_aware_details"":{""budget_repair_quant_changes"":0,""preferred_quant_exchanges_used"":0,""fallback_quant_exchanges_used"":0},""crossover_diagnostics"":{""crossover_type"":""component"",""crossover_parent_selection"":""uniform"",""crossover_offspring"":0,""crossover_offspring_accepted"":0,""mutation_offspring_accepted"":128,""mutation_offspring"":128,""crossover_offspring_attempted"":0,""crossover_duplicates"":0,""crossover_infeasible_candidates"":0,""crossover_repair_changed_gene_count"":0,""crossover_repaired_proposals"":0,""parent_distance_mean"":null,""parent_distance_min"":null,""parent_distance_max"":null,""child_distance_from_parent_a_mean"":null,""child_distance_from_parent_b_mean"":null,""layers_from_parent_a_mean"":null,""layers_from_parent_b_mean"":null,""crossover_no_legal_exchange"":0,""local_exchange_attention"":0,""local_exchange_mlp"":0,""local_exchange_quantization"":0,""local_exchange_block"":0,""child_distance_from_base_mean"":null,""child_distance_from_base_min"":null,""child_distance_from_base_max"":null,""child_distance_from_base_count"":0,""child_distance_from_donor_mean"":null,""child_distance_from_donor_min"":null,""child_distance_from_donor_max"":null,""child_distance_from_donor_count"":0,""donor_distance_reduction_mean"":null,""donor_distance_reduction_min"":null,""donor_distance_reduction_max"":null,""donor_distance_reduction_count"":0,""local_exchange_changed_gene_count_mean"":null,""local_exchange_changed_gene_count_min"":null,""local_exchange_changed_gene_count_max"":null,""local_exchange_changed_gene_count_count"":0,""child_distance_statistics_scope"":""accepted_unique_crossover_offspring"",""persistent_population_size"":1,""unique_population_size"":1,""best_population_fitness"":0.2191162109375,""configured_survivors_per_selection"":[16,4,1],""effective_survivors_per_selection"":[16,4,1],""effective_final_survivor_count"":1},""offspring_generation"":{""attempts"":131,""no_op_mutations"":0,""duplicate_candidates"":3,""infeasible_candidates"":0,""fixed_quant_legal_swap_counts"":[]},""maximum_depth_mutations_per_offspring"":3,""quantization_step_size"":1,""quantization_mutations_per_offspring"":1,""joint_aware_probability"":0.0,""adaptive_mutation"":false,""adaptive_mutation_strength"":1,""adaptive_mutation_patience"":3,""adaptive_mutation_max_strength"":3,""coarse_to_fine_mutation"":false,""coarse_to_fine_start_strength"":3,""coarse_to_fine_end_strength"":1,""stagnation_generations_after_selection"":0}",quantization,True,131,128,16,5,262144,262144,655360,5662,44826624,31157.459449257934,15276.82177734375
39,0.2197265625,0.2191162109375,kl,0.2197265625,,,,,0,{},128,16,4,1,"[16,4,1]","[2048,16384,131072]",6375608320,3.4642857142857144,3216.5078125,26982023168,26982023168,0,4,4,"{""type"":""mixed_depth_quantization"",""sequential_mode"":""none"",""joint_mutation_mode"":""standard"",""parent_before_generation_hash"":""654e1fbfdb2a902bdfa209d1fe9b40fd03007f40419ccca9a20d612a8f1471af"",""parent_after_generation_hash"":""814c9592cb7fe93e0e55757ac28c8b34ead9f6d120fed4a63025179b09d57680"",""generated_offspring_by_type"":{""depth"":57,""quantization"":71,""joint_aware"":0,""interaction_aware"":0,""sequential_quantization"":0,""fixed_quant_depth"":0,""component crossover"":0,""component crossover + repair"":0,""layer bundle crossover"":0,""layer bundle crossover + repair"":0},""depth_mask_entries_changed_by_type"":{""depth"":168,""quantization"":0,""joint_aware"":0,""interaction_aware"":0,""sequential_quantization"":0,""fixed_quant_depth"":0,""component crossover"":0,""component crossover + repair"":0,""layer bundle crossover"":0,""layer bundle crossover + repair"":0},""quant_assignments_changed_by_type"":{""depth"":93,""quantization"":157,""joint_aware"":0,""interaction_aware"":0,""sequential_quantization"":0,""fixed_quant_depth"":0,""component crossover"":0,""component crossover + repair"":0,""layer bundle crossover"":0,""layer bundle crossover + repair"":0},""depth_mask_entries_changed_total"":168,""quant_assignments_changed_total"":250,""interaction_aware_details"":{""budget_repair_quant_changes"":0,""preferred_quant_exchanges_used"":0,""fallback_quant_exchanges_used"":0},""crossover_diagnostics"":{""crossover_type"":""component"",""crossover_parent_selection"":""uniform"",""crossover_offspring"":0,""crossover_offspring_accepted"":0,""mutation_offspring_accepted"":128,""mutation_offspring"":128,""crossover_offspring_attempted"":0,""crossover_duplicates"":0,""crossover_infeasible_candidates"":0,""crossover_repair_changed_gene_count"":0,""crossover_repaired_proposals"":0,""parent_distance_mean"":null,""parent_distance_min"":null,""parent_distance_max"":null,""child_distance_from_parent_a_mean"":null,""child_distance_from_parent_b_mean"":null,""layers_from_parent_a_mean"":null,""layers_from_parent_b_mean"":null,""crossover_no_legal_exchange"":0,""local_exchange_attention"":0,""local_exchange_mlp"":0,""local_exchange_quantization"":0,""local_exchange_block"":0,""child_distance_from_base_mean"":null,""child_distance_from_base_min"":null,""child_distance_from_base_max"":null,""child_distance_from_base_count"":0,""child_distance_from_donor_mean"":null,""child_distance_from_donor_min"":null,""child_distance_from_donor_max"":null,""child_distance_from_donor_count"":0,""donor_distance_reduction_mean"":null,""donor_distance_reduction_min"":null,""donor_distance_reduction_max"":null,""donor_distance_reduction_count"":0,""local_exchange_changed_gene_count_mean"":null,""local_exchange_changed_gene_count_min"":null,""local_exchange_changed_gene_count_max"":null,""local_exchange_changed_gene_count_count"":0,""child_distance_statistics_scope"":""accepted_unique_crossover_offspring"",""persistent_population_size"":1,""unique_population_size"":1,""best_population_fitness"":0.2197265625,""configured_survivors_per_selection"":[16,4,1],""effective_survivors_per_selection"":[16,4,1],""effective_final_survivor_count"":1},""offspring_generation"":{""attempts"":129,""no_op_mutations"":0,""duplicate_candidates"":1,""infeasible_candidates"":0,""fixed_quant_legal_swap_counts"":[]},""maximum_depth_mutations_per_offspring"":3,""quantization_step_size"":1,""quantization_mutations_per_offspring"":1,""joint_aware_probability"":0.0,""adaptive_mutation"":false,""adaptive_mutation_strength"":1,""adaptive_mutation_patience"":3,""adaptive_mutation_max_strength"":3,""coarse_to_fine_mutation"":false,""coarse_to_fine_start_strength"":3,""coarse_to_fine_end_strength"":1,""stagnation_generations_after_selection"":0}",quantization,True,129,128,16,5,262144,262144,655360,5811,46006272,31998.220775772003,15276.82177734375
40,0.2325439453125,0.2197265625,kl,0.2325439453125,,,,,0,{},128,16,4,1,"[16,4,1]","[2048,16384,131072]",6375608320,3.4642857142857144,3216.5078125,26982023168,26982023168,0,4,4,"{""type"":""mixed_depth_quantization"",""sequential_mode"":""none"",""joint_mutation_mode"":""standard"",""parent_before_generation_hash"":""814c9592cb7fe93e0e55757ac28c8b34ead9f6d120fed4a63025179b09d57680"",""parent_after_generation_hash"":""e01942cc00b2d9d527ae296b670ddcbbdbea609342d1a3b637a61beacdd7f076"",""generated_offspring_by_type"":{""depth"":74,""quantization"":54,""joint_aware"":0,""interaction_aware"":0,""sequential_quantization"":0,""fixed_quant_depth"":0,""component crossover"":0,""component crossover + repair"":0,""layer bundle crossover"":0,""layer bundle crossover + repair"":0},""depth_mask_entries_changed_by_type"":{""depth"":208,""quantization"":0,""joint_aware"":0,""interaction_aware"":0,""sequential_quantization"":0,""fixed_quant_depth"":0,""component crossover"":0,""component crossover + repair"":0,""layer bundle crossover"":0,""layer bundle crossover + repair"":0},""quant_assignments_changed_by_type"":{""depth"":107,""quantization"":117,""joint_aware"":0,""interaction_aware"":0,""sequential_quantization"":0,""fixed_quant_depth"":0,""component crossover"":0,""component crossover + repair"":0,""layer bundle crossover"":0,""layer bundle crossover + repair"":0},""depth_mask_entries_changed_total"":208,""quant_assignments_changed_total"":224,""interaction_aware_details"":{""budget_repair_quant_changes"":0,""preferred_quant_exchanges_used"":0,""fallback_quant_exchanges_used"":0},""crossover_diagnostics"":{""crossover_type"":""component"",""crossover_parent_selection"":""uniform"",""crossover_offspring"":0,""crossover_offspring_accepted"":0,""mutation_offspring_accepted"":128,""mutation_offspring"":128,""crossover_offspring_attempted"":0,""crossover_duplicates"":0,""crossover_infeasible_candidates"":0,""crossover_repair_changed_gene_count"":0,""crossover_repaired_proposals"":0,""parent_distance_mean"":null,""parent_distance_min"":null,""parent_distance_max"":null,""child_distance_from_parent_a_mean"":null,""child_distance_from_parent_b_mean"":null,""layers_from_parent_a_mean"":null,""layers_from_parent_b_mean"":null,""crossover_no_legal_exchange"":0,""local_exchange_attention"":0,""local_exchange_mlp"":0,""local_exchange_quantization"":0,""local_exchange_block"":0,""child_distance_from_base_mean"":null,""child_distance_from_base_min"":null,""child_distance_from_base_max"":null,""child_distance_from_base_count"":0,""child_distance_from_donor_mean"":null,""child_distance_from_donor_min"":null,""child_distance_from_donor_max"":null,""child_distance_from_donor_count"":0,""donor_distance_reduction_mean"":null,""donor_distance_reduction_min"":null,""donor_distance_reduction_max"":null,""donor_distance_reduction_count"":0,""local_exchange_changed_gene_count_mean"":null,""local_exchange_changed_gene_count_min"":null,""local_exchange_changed_gene_count_max"":null,""local_exchange_changed_gene_count_count"":0,""child_distance_statistics_scope"":""accepted_unique_crossover_offspring"",""persistent_population_size"":1,""unique_population_size"":1,""best_population_fitness"":0.2325439453125,""configured_survivors_per_selection"":[16,4,1],""effective_survivors_per_selection"":[16,4,1],""effective_final_survivor_count"":1},""offspring_generation"":{""attempts"":129,""no_op_mutations"":0,""duplicate_candidates"":1,""infeasible_candidates"":0,""fixed_quant_legal_swap_counts"":[]},""maximum_depth_mutations_per_offspring"":3,""quantization_step_size"":1,""quantization_mutations_per_offspring"":1,""joint_aware_probability"":0.0,""adaptive_mutation"":false,""adaptive_mutation_strength"":1,""adaptive_mutation_patience"":3,""adaptive_mutation_max_strength"":3,""coarse_to_fine_mutation"":false,""coarse_to_fine_start_strength"":3,""coarse_to_fine_end_strength"":1,""stagnation_generations_after_selection"":0}",quantization,True,129,128,16,5,262144,262144,655360,5960,47185920,32744.544013533974,15276.82177734375
41,0.2188720703125,0.2325439453125,kl,0.2188720703125,7.91015625,6.5859375,9.84375,,917504,"{""wikitext2"":327680,""c4"":589824}",128,16,4,1,"[16,4,1]","[2048,16384,131072]",6375608320,3.4642857142857144,3216.5078125,26982023168,26982023168,0,4,4,"{""type"":""mixed_depth_quantization"",""sequential_mode"":""none"",""joint_mutation_mode"":""standard"",""parent_before_generation_hash"":""e01942cc00b2d9d527ae296b670ddcbbdbea609342d1a3b637a61beacdd7f076"",""parent_after_generation_hash"":""b9b7395a6999bd331a9a5790ab89cdc1900fe7fd44d15a07af88d9b2213fc354"",""generated_offspring_by_type"":{""depth"":59,""quantization"":69,""joint_aware"":0,""interaction_aware"":0,""sequential_quantization"":0,""fixed_quant_depth"":0,""component crossover"":0,""component crossover + repair"":0,""layer bundle crossover"":0,""layer bundle crossover + repair"":0},""depth_mask_entries_changed_by_type"":{""depth"":188,""quantization"":0,""joint_aware"":0,""interaction_aware"":0,""sequential_quantization"":0,""fixed_quant_depth"":0,""component crossover"":0,""component crossover + repair"":0,""layer bundle crossover"":0,""layer bundle crossover + repair"":0},""quant_assignments_changed_by_type"":{""depth"":103,""quantization"":153,""joint_aware"":0,""interaction_aware"":0,""sequential_quantization"":0,""fixed_quant_depth"":0,""component crossover"":0,""component crossover + repair"":0,""layer bundle crossover"":0,""layer bundle crossover + repair"":0},""depth_mask_entries_changed_total"":188,""quant_assignments_changed_total"":256,""interaction_aware_details"":{""budget_repair_quant_changes"":0,""preferred_quant_exchanges_used"":0,""fallback_quant_exchanges_used"":0},""crossover_diagnostics"":{""crossover_type"":""component"",""crossover_parent_selection"":""uniform"",""crossover_offspring"":0,""crossover_offspring_accepted"":0,""mutation_offspring_accepted"":128,""mutation_offspring"":128,""crossover_offspring_attempted"":0,""crossover_duplicates"":0,""crossover_infeasible_candidates"":0,""crossover_repair_changed_gene_count"":0,""crossover_repaired_proposals"":0,""parent_distance_mean"":null,""parent_distance_min"":null,""parent_distance_max"":null,""child_distance_from_parent_a_mean"":null,""child_distance_from_parent_b_mean"":null,""layers_from_parent_a_mean"":null,""layers_from_parent_b_mean"":null,""crossover_no_legal_exchange"":0,""local_exchange_attention"":0,""local_exchange_mlp"":0,""local_exchange_quantization"":0,""local_exchange_block"":0,""child_distance_from_base_mean"":null,""child_distance_from_base_min"":null,""child_distance_from_base_max"":null,""child_distance_from_base_count"":0,""child_distance_from_donor_mean"":null,""child_distance_from_donor_min"":null,""child_distance_from_donor_max"":null,""child_distance_from_donor_count"":0,""donor_distance_reduction_mean"":null,""donor_distance_reduction_min"":null,""donor_distance_reduction_max"":null,""donor_distance_reduction_count"":0,""local_exchange_changed_gene_count_mean"":null,""local_exchange_changed_gene_count_min"":null,""local_exchange_changed_gene_count_max"":null,""local_exchange_changed_gene_count_count"":0,""child_distance_statistics_scope"":""accepted_unique_crossover_offspring"",""persistent_population_size"":1,""unique_population_size"":1,""best_population_fitness"":0.2188720703125,""configured_survivors_per_selection"":[16,4,1],""effective_survivors_per_selection"":[16,4,1],""effective_final_survivor_count"":1},""offspring_generation"":{""attempts"":129,""no_op_mutations"":0,""duplicate_candidates"":1,""infeasible_candidates"":0,""fixed_quant_legal_swap_counts"":[]},""maximum_depth_mutations_per_offspring"":3,""quantization_step_size"":1,""quantization_mutations_per_offspring"":1,""joint_aware_probability"":0.0,""adaptive_mutation"":false,""adaptive_mutation_strength"":1,""adaptive_mutation_patience"":3,""adaptive_mutation_max_strength"":3,""coarse_to_fine_mutation"":false,""coarse_to_fine_start_strength"":3,""coarse_to_fine_end_strength"":1,""stagnation_generations_after_selection"":0}",quantization,True,129,128,16,5,262144,262144,655360,6109,48365568,33763.70274068799,15276.82177734375
42,0.2110595703125,0.2188720703125,kl,0.2110595703125,,,,,0,{},128,16,4,1,"[16,4,1]","[2048,16384,131072]",6375608320,3.4642857142857144,3216.5078125,26982023168,26982023168,0,4,4,"{""type"":""mixed_depth_quantization"",""sequential_mode"":""none"",""joint_mutation_mode"":""standard"",""parent_before_generation_hash"":""b9b7395a6999bd331a9a5790ab89cdc1900fe7fd44d15a07af88d9b2213fc354"",""parent_after_generation_hash"":""cb226f767cf1bc1769a48600d47f86d931a8db8c2912e1f15a42567090760e74"",""generated_offspring_by_type"":{""depth"":75,""quantization"":53,""joint_aware"":0,""interaction_aware"":0,""sequential_quantization"":0,""fixed_quant_depth"":0,""component crossover"":0,""component crossover + repair"":0,""layer bundle crossover"":0,""layer bundle crossover + repair"":0},""depth_mask_entries_changed_by_type"":{""depth"":226,""quantization"":0,""joint_aware"":0,""interaction_aware"":0,""sequential_quantization"":0,""fixed_quant_depth"":0,""component crossover"":0,""component crossover + repair"":0,""layer bundle crossover"":0,""layer bundle crossover + repair"":0},""quant_assignments_changed_by_type"":{""depth"":128,""quantization"":113,""joint_aware"":0,""interaction_aware"":0,""sequential_quantization"":0,""fixed_quant_depth"":0,""component crossover"":0,""component crossover + repair"":0,""layer bundle crossover"":0,""layer bundle crossover + repair"":0},""depth_mask_entries_changed_total"":226,""quant_assignments_changed_total"":241,""interaction_aware_details"":{""budget_repair_quant_changes"":0,""preferred_quant_exchanges_used"":0,""fallback_quant_exchanges_used"":0},""crossover_diagnostics"":{""crossover_type"":""component"",""crossover_parent_selection"":""uniform"",""crossover_offspring"":0,""crossover_offspring_accepted"":0,""mutation_offspring_accepted"":128,""mutation_offspring"":128,""crossover_offspring_attempted"":0,""crossover_duplicates"":0,""crossover_infeasible_candidates"":0,""crossover_repair_changed_gene_count"":0,""crossover_repaired_proposals"":0,""parent_distance_mean"":null,""parent_distance_min"":null,""parent_distance_max"":null,""child_distance_from_parent_a_mean"":null,""child_distance_from_parent_b_mean"":null,""layers_from_parent_a_mean"":null,""layers_from_parent_b_mean"":null,""crossover_no_legal_exchange"":0,""local_exchange_attention"":0,""local_exchange_mlp"":0,""local_exchange_quantization"":0,""local_exchange_block"":0,""child_distance_from_base_mean"":null,""child_distance_from_base_min"":null,""child_distance_from_base_max"":null,""child_distance_from_base_count"":0,""child_distance_from_donor_mean"":null,""child_distance_from_donor_min"":null,""child_distance_from_donor_max"":null,""child_distance_from_donor_count"":0,""donor_distance_reduction_mean"":null,""donor_distance_reduction_min"":null,""donor_distance_reduction_max"":null,""donor_distance_reduction_count"":0,""local_exchange_changed_gene_count_mean"":null,""local_exchange_changed_gene_count_min"":null,""local_exchange_changed_gene_count_max"":null,""local_exchange_changed_gene_count_count"":0,""child_distance_statistics_scope"":""accepted_unique_crossover_offspring"",""persistent_population_size"":1,""unique_population_size"":1,""best_population_fitness"":0.2110595703125,""configured_survivors_per_selection"":[16,4,1],""effective_survivors_per_selection"":[16,4,1],""effective_final_survivor_count"":1},""offspring_generation"":{""attempts"":128,""no_op_mutations"":0,""duplicate_candidates"":0,""infeasible_candidates"":0,""fixed_quant_legal_swap_counts"":[]},""maximum_depth_mutations_per_offspring"":3,""quantization_step_size"":1,""quantization_mutations_per_offspring"":1,""joint_aware_probability"":0.0,""adaptive_mutation"":false,""adaptive_mutation_strength"":1,""adaptive_mutation_patience"":3,""adaptive_mutation_max_strength"":3,""coarse_to_fine_mutation"":false,""coarse_to_fine_start_strength"":3,""coarse_to_fine_end_strength"":1,""stagnation_generations_after_selection"":0}",quantization,True,128,128,16,5,262144,262144,655360,6258,49545216,34617.76147273695,15276.82177734375
43,0.230712890625,0.2110595703125,kl,0.230712890625,,,,,0,{},128,16,4,1,"[16,4,1]","[2048,16384,131072]",6375608320,3.4642857142857144,3216.5078125,26982023168,26982023168,0,4,4,"{""type"":""mixed_depth_quantization"",""sequential_mode"":""none"",""joint_mutation_mode"":""standard"",""parent_before_generation_hash"":""cb226f767cf1bc1769a48600d47f86d931a8db8c2912e1f15a42567090760e74"",""parent_after_generation_hash"":""f5f568b2659801b5d0e0784ac9f44d0e7d786b9b66917cd763942e7365590ae6"",""generated_offspring_by_type"":{""depth"":63,""quantization"":65,""joint_aware"":0,""interaction_aware"":0,""sequential_quantization"":0,""fixed_quant_depth"":0,""component crossover"":0,""component crossover + repair"":0,""layer bundle crossover"":0,""layer bundle crossover + repair"":0},""depth_mask_entries_changed_by_type"":{""depth"":184,""quantization"":0,""joint_aware"":0,""interaction_aware"":0,""sequential_quantization"":0,""fixed_quant_depth"":0,""component crossover"":0,""component crossover + repair"":0,""layer bundle crossover"":0,""layer bundle crossover + repair"":0},""quant_assignments_changed_by_type"":{""depth"":90,""quantization"":146,""joint_aware"":0,""interaction_aware"":0,""sequential_quantization"":0,""fixed_quant_depth"":0,""component crossover"":0,""component crossover + repair"":0,""layer bundle crossover"":0,""layer bundle crossover + repair"":0},""depth_mask_entries_changed_total"":184,""quant_assignments_changed_total"":236,""interaction_aware_details"":{""budget_repair_quant_changes"":0,""preferred_quant_exchanges_used"":0,""fallback_quant_exchanges_used"":0},""crossover_diagnostics"":{""crossover_type"":""component"",""crossover_parent_selection"":""uniform"",""crossover_offspring"":0,""crossover_offspring_accepted"":0,""mutation_offspring_accepted"":128,""mutation_offspring"":128,""crossover_offspring_attempted"":0,""crossover_duplicates"":0,""crossover_infeasible_candidates"":0,""crossover_repair_changed_gene_count"":0,""crossover_repaired_proposals"":0,""parent_distance_mean"":null,""parent_distance_min"":null,""parent_distance_max"":null,""child_distance_from_parent_a_mean"":null,""child_distance_from_parent_b_mean"":null,""layers_from_parent_a_mean"":null,""layers_from_parent_b_mean"":null,""crossover_no_legal_exchange"":0,""local_exchange_attention"":0,""local_exchange_mlp"":0,""local_exchange_quantization"":0,""local_exchange_block"":0,""child_distance_from_base_mean"":null,""child_distance_from_base_min"":null,""child_distance_from_base_max"":null,""child_distance_from_base_count"":0,""child_distance_from_donor_mean"":null,""child_distance_from_donor_min"":null,""child_distance_from_donor_max"":null,""child_distance_from_donor_count"":0,""donor_distance_reduction_mean"":null,""donor_distance_reduction_min"":null,""donor_distance_reduction_max"":null,""donor_distance_reduction_count"":0,""local_exchange_changed_gene_count_mean"":null,""local_exchange_changed_gene_count_min"":null,""local_exchange_changed_gene_count_max"":null,""local_exchange_changed_gene_count_count"":0,""child_distance_statistics_scope"":""accepted_unique_crossover_offspring"",""persistent_population_size"":1,""unique_population_size"":1,""best_population_fitness"":0.230712890625,""configured_survivors_per_selection"":[16,4,1],""effective_survivors_per_selection"":[16,4,1],""effective_final_survivor_count"":1},""offspring_generation"":{""attempts"":130,""no_op_mutations"":0,""duplicate_candidates"":2,""infeasible_candidates"":0,""fixed_quant_legal_swap_counts"":[]},""maximum_depth_mutations_per_offspring"":3,""quantization_step_size"":1,""quantization_mutations_per_offspring"":1,""joint_aware_probability"":0.0,""adaptive_mutation"":false,""adaptive_mutation_strength"":1,""adaptive_mutation_patience"":3,""adaptive_mutation_max_strength"":3,""coarse_to_fine_mutation"":false,""coarse_to_fine_start_strength"":3,""coarse_to_fine_end_strength"":1,""stagnation_generations_after_selection"":0}",quantization,True,130,128,16,5,262144,262144,655360,6407,50724864,35342.17515720194,15276.82177734375
44,0.2181396484375,0.230712890625,kl,0.2181396484375,,,,,0,{},128,16,4,1,"[16,4,1]","[2048,16384,131072]",6375608320,3.4642857142857144,3216.5078125,26982023168,26982023168,0,4,4,"{""type"":""mixed_depth_quantization"",""sequential_mode"":""none"",""joint_mutation_mode"":""standard"",""parent_before_generation_hash"":""f5f568b2659801b5d0e0784ac9f44d0e7d786b9b66917cd763942e7365590ae6"",""parent_after_generation_hash"":""5ac59f1260acf5c546e61460a23c9357ae9bd05fd79a7057bd32145a64d788c9"",""generated_offspring_by_type"":{""depth"":67,""quantization"":61,""joint_aware"":0,""interaction_aware"":0,""sequential_quantization"":0,""fixed_quant_depth"":0,""component crossover"":0,""component crossover + repair"":0,""layer bundle crossover"":0,""layer bundle crossover + repair"":0},""depth_mask_entries_changed_by_type"":{""depth"":202,""quantization"":0,""joint_aware"":0,""interaction_aware"":0,""sequential_quantization"":0,""fixed_quant_depth"":0,""component crossover"":0,""component crossover + repair"":0,""layer bundle crossover"":0,""layer bundle crossover + repair"":0},""quant_assignments_changed_by_type"":{""depth"":105,""quantization"":132,""joint_aware"":0,""interaction_aware"":0,""sequential_quantization"":0,""fixed_quant_depth"":0,""component crossover"":0,""component crossover + repair"":0,""layer bundle crossover"":0,""layer bundle crossover + repair"":0},""depth_mask_entries_changed_total"":202,""quant_assignments_changed_total"":237,""interaction_aware_details"":{""budget_repair_quant_changes"":0,""preferred_quant_exchanges_used"":0,""fallback_quant_exchanges_used"":0},""crossover_diagnostics"":{""crossover_type"":""component"",""crossover_parent_selection"":""uniform"",""crossover_offspring"":0,""crossover_offspring_accepted"":0,""mutation_offspring_accepted"":128,""mutation_offspring"":128,""crossover_offspring_attempted"":0,""crossover_duplicates"":0,""crossover_infeasible_candidates"":0,""crossover_repair_changed_gene_count"":0,""crossover_repaired_proposals"":0,""parent_distance_mean"":null,""parent_distance_min"":null,""parent_distance_max"":null,""child_distance_from_parent_a_mean"":null,""child_distance_from_parent_b_mean"":null,""layers_from_parent_a_mean"":null,""layers_from_parent_b_mean"":null,""crossover_no_legal_exchange"":0,""local_exchange_attention"":0,""local_exchange_mlp"":0,""local_exchange_quantization"":0,""local_exchange_block"":0,""child_distance_from_base_mean"":null,""child_distance_from_base_min"":null,""child_distance_from_base_max"":null,""child_distance_from_base_count"":0,""child_distance_from_donor_mean"":null,""child_distance_from_donor_min"":null,""child_distance_from_donor_max"":null,""child_distance_from_donor_count"":0,""donor_distance_reduction_mean"":null,""donor_distance_reduction_min"":null,""donor_distance_reduction_max"":null,""donor_distance_reduction_count"":0,""local_exchange_changed_gene_count_mean"":null,""local_exchange_changed_gene_count_min"":null,""local_exchange_changed_gene_count_max"":null,""local_exchange_changed_gene_count_count"":0,""child_distance_statistics_scope"":""accepted_unique_crossover_offspring"",""persistent_population_size"":1,""unique_population_size"":1,""best_population_fitness"":0.2181396484375,""configured_survivors_per_selection"":[16,4,1],""effective_survivors_per_selection"":[16,4,1],""effective_final_survivor_count"":1},""offspring_generation"":{""attempts"":130,""no_op_mutations"":0,""duplicate_candidates"":2,""infeasible_candidates"":0,""fixed_quant_legal_swap_counts"":[]},""maximum_depth_mutations_per_offspring"":3,""quantization_step_size"":1,""quantization_mutations_per_offspring"":1,""joint_aware_probability"":0.0,""adaptive_mutation"":false,""adaptive_mutation_strength"":1,""adaptive_mutation_patience"":3,""adaptive_mutation_max_strength"":3,""coarse_to_fine_mutation"":false,""coarse_to_fine_start_strength"":3,""coarse_to_fine_end_strength"":1,""stagnation_generations_after_selection"":0}",quantization,True,130,128,16,5,262144,262144,655360,6556,51904512,36139.39137873601,15276.82177734375
45,0.222412109375,0.2181396484375,kl,0.222412109375,,,,,0,{},128,16,4,1,"[16,4,1]","[2048,16384,131072]",6375608320,3.4642857142857144,3216.5078125,26982023168,26982023168,0,4,4,"{""type"":""mixed_depth_quantization"",""sequential_mode"":""none"",""joint_mutation_mode"":""standard"",""parent_before_generation_hash"":""5ac59f1260acf5c546e61460a23c9357ae9bd05fd79a7057bd32145a64d788c9"",""parent_after_generation_hash"":""cce1535ed66431cf44222b0e2ef9ccb5693f5300ec29f6d25f98655b14b0ad1a"",""generated_offspring_by_type"":{""depth"":59,""quantization"":69,""joint_aware"":0,""interaction_aware"":0,""sequential_quantization"":0,""fixed_quant_depth"":0,""component crossover"":0,""component crossover + repair"":0,""layer bundle crossover"":0,""layer bundle crossover + repair"":0},""depth_mask_entries_changed_by_type"":{""depth"":186,""quantization"":0,""joint_aware"":0,""interaction_aware"":0,""sequential_quantization"":0,""fixed_quant_depth"":0,""component crossover"":0,""component crossover + repair"":0,""layer bundle crossover"":0,""layer bundle crossover + repair"":0},""quant_assignments_changed_by_type"":{""depth"":96,""quantization"":151,""joint_aware"":0,""interaction_aware"":0,""sequential_quantization"":0,""fixed_quant_depth"":0,""component crossover"":0,""component crossover + repair"":0,""layer bundle crossover"":0,""layer bundle crossover + repair"":0},""depth_mask_entries_changed_total"":186,""quant_assignments_changed_total"":247,""interaction_aware_details"":{""budget_repair_quant_changes"":0,""preferred_quant_exchanges_used"":0,""fallback_quant_exchanges_used"":0},""crossover_diagnostics"":{""crossover_type"":""component"",""crossover_parent_selection"":""uniform"",""crossover_offspring"":0,""crossover_offspring_accepted"":0,""mutation_offspring_accepted"":128,""mutation_offspring"":128,""crossover_offspring_attempted"":0,""crossover_duplicates"":0,""crossover_infeasible_candidates"":0,""crossover_repair_changed_gene_count"":0,""crossover_repaired_proposals"":0,""parent_distance_mean"":null,""parent_distance_min"":null,""parent_distance_max"":null,""child_distance_from_parent_a_mean"":null,""child_distance_from_parent_b_mean"":null,""layers_from_parent_a_mean"":null,""layers_from_parent_b_mean"":null,""crossover_no_legal_exchange"":0,""local_exchange_attention"":0,""local_exchange_mlp"":0,""local_exchange_quantization"":0,""local_exchange_block"":0,""child_distance_from_base_mean"":null,""child_distance_from_base_min"":null,""child_distance_from_base_max"":null,""child_distance_from_base_count"":0,""child_distance_from_donor_mean"":null,""child_distance_from_donor_min"":null,""child_distance_from_donor_max"":null,""child_distance_from_donor_count"":0,""donor_distance_reduction_mean"":null,""donor_distance_reduction_min"":null,""donor_distance_reduction_max"":null,""donor_distance_reduction_count"":0,""local_exchange_changed_gene_count_mean"":null,""local_exchange_changed_gene_count_min"":null,""local_exchange_changed_gene_count_max"":null,""local_exchange_changed_gene_count_count"":0,""child_distance_statistics_scope"":""accepted_unique_crossover_offspring"",""persistent_population_size"":1,""unique_population_size"":1,""best_population_fitness"":0.222412109375,""configured_survivors_per_selection"":[16,4,1],""effective_survivors_per_selection"":[16,4,1],""effective_final_survivor_count"":1},""offspring_generation"":{""attempts"":128,""no_op_mutations"":0,""duplicate_candidates"":0,""infeasible_candidates"":0,""fixed_quant_legal_swap_counts"":[]},""maximum_depth_mutations_per_offspring"":3,""quantization_step_size"":1,""quantization_mutations_per_offspring"":1,""joint_aware_probability"":0.0,""adaptive_mutation"":false,""adaptive_mutation_strength"":1,""adaptive_mutation_patience"":3,""adaptive_mutation_max_strength"":3,""coarse_to_fine_mutation"":false,""coarse_to_fine_start_strength"":3,""coarse_to_fine_end_strength"":1,""stagnation_generations_after_selection"":0}",quantization,True,128,128,16,5,262144,262144,655360,6705,53084160,36901.2478754319,15276.82177734375
46,0.221435546875,0.222412109375,kl,0.221435546875,7.89453125,6.55859375,9.7890625,,917504,"{""wikitext2"":327680,""c4"":589824}",128,16,4,1,"[16,4,1]","[2048,16384,131072]",6375608320,3.4642857142857144,3216.5078125,26982023168,26982023168,0,4,4,"{""type"":""mixed_depth_quantization"",""sequential_mode"":""none"",""joint_mutation_mode"":""standard"",""parent_before_generation_hash"":""cce1535ed66431cf44222b0e2ef9ccb5693f5300ec29f6d25f98655b14b0ad1a"",""parent_after_generation_hash"":""9c16b5be1bf1171909450f418706ab9d3b3c5341b63fe53ca8ae437a1ddf0d04"",""generated_offspring_by_type"":{""depth"":69,""quantization"":59,""joint_aware"":0,""interaction_aware"":0,""sequential_quantization"":0,""fixed_quant_depth"":0,""component crossover"":0,""component crossover + repair"":0,""layer bundle crossover"":0,""layer bundle crossover + repair"":0},""depth_mask_entries_changed_by_type"":{""depth"":220,""quantization"":0,""joint_aware"":0,""interaction_aware"":0,""sequential_quantization"":0,""fixed_quant_depth"":0,""component crossover"":0,""component crossover + repair"":0,""layer bundle crossover"":0,""layer bundle crossover + repair"":0},""quant_assignments_changed_by_type"":{""depth"":118,""quantization"":126,""joint_aware"":0,""interaction_aware"":0,""sequential_quantization"":0,""fixed_quant_depth"":0,""component crossover"":0,""component crossover + repair"":0,""layer bundle crossover"":0,""layer bundle crossover + repair"":0},""depth_mask_entries_changed_total"":220,""quant_assignments_changed_total"":244,""interaction_aware_details"":{""budget_repair_quant_changes"":0,""preferred_quant_exchanges_used"":0,""fallback_quant_exchanges_used"":0},""crossover_diagnostics"":{""crossover_type"":""component"",""crossover_parent_selection"":""uniform"",""crossover_offspring"":0,""crossover_offspring_accepted"":0,""mutation_offspring_accepted"":128,""mutation_offspring"":128,""crossover_offspring_attempted"":0,""crossover_duplicates"":0,""crossover_infeasible_candidates"":0,""crossover_repair_changed_gene_count"":0,""crossover_repaired_proposals"":0,""parent_distance_mean"":null,""parent_distance_min"":null,""parent_distance_max"":null,""child_distance_from_parent_a_mean"":null,""child_distance_from_parent_b_mean"":null,""layers_from_parent_a_mean"":null,""layers_from_parent_b_mean"":null,""crossover_no_legal_exchange"":0,""local_exchange_attention"":0,""local_exchange_mlp"":0,""local_exchange_quantization"":0,""local_exchange_block"":0,""child_distance_from_base_mean"":null,""child_distance_from_base_min"":null,""child_distance_from_base_max"":null,""child_distance_from_base_count"":0,""child_distance_from_donor_mean"":null,""child_distance_from_donor_min"":null,""child_distance_from_donor_max"":null,""child_distance_from_donor_count"":0,""donor_distance_reduction_mean"":null,""donor_distance_reduction_min"":null,""donor_distance_reduction_max"":null,""donor_distance_reduction_count"":0,""local_exchange_changed_gene_count_mean"":null,""local_exchange_changed_gene_count_min"":null,""local_exchange_changed_gene_count_max"":null,""local_exchange_changed_gene_count_count"":0,""child_distance_statistics_scope"":""accepted_unique_crossover_offspring"",""persistent_population_size"":1,""unique_population_size"":1,""best_population_fitness"":0.221435546875,""configured_survivors_per_selection"":[16,4,1],""effective_survivors_per_selection"":[16,4,1],""effective_final_survivor_count"":1},""offspring_generation"":{""attempts"":128,""no_op_mutations"":0,""duplicate_candidates"":0,""infeasible_candidates"":0,""fixed_quant_legal_swap_counts"":[]},""maximum_depth_mutations_per_offspring"":3,""quantization_step_size"":1,""quantization_mutations_per_offspring"":1,""joint_aware_probability"":0.0,""adaptive_mutation"":false,""adaptive_mutation_strength"":1,""adaptive_mutation_patience"":3,""adaptive_mutation_max_strength"":3,""coarse_to_fine_mutation"":false,""coarse_to_fine_start_strength"":3,""coarse_to_fine_end_strength"":1,""stagnation_generations_after_selection"":0}",quantization,True,128,128,16,5,262144,262144,655360,6854,54263808,37851.87791256094,15276.82177734375
47,0.217041015625,0.221435546875,kl,0.217041015625,,,,,0,{},128,16,4,1,"[16,4,1]","[2048,16384,131072]",6375608320,3.4642857142857144,3216.5078125,26982023168,26982023168,0,4,4,"{""type"":""mixed_depth_quantization"",""sequential_mode"":""none"",""joint_mutation_mode"":""standard"",""parent_before_generation_hash"":""9c16b5be1bf1171909450f418706ab9d3b3c5341b63fe53ca8ae437a1ddf0d04"",""parent_after_generation_hash"":""a7e1a094e0af393e0875840dc32becb248b02fadd8b8859acce6f13decc763ee"",""generated_offspring_by_type"":{""depth"":67,""quantization"":61,""joint_aware"":0,""interaction_aware"":0,""sequential_quantization"":0,""fixed_quant_depth"":0,""component crossover"":0,""component crossover + repair"":0,""layer bundle crossover"":0,""layer bundle crossover + repair"":0},""depth_mask_entries_changed_by_type"":{""depth"":200,""quantization"":0,""joint_aware"":0,""interaction_aware"":0,""sequential_quantization"":0,""fixed_quant_depth"":0,""component crossover"":0,""component crossover + repair"":0,""layer bundle crossover"":0,""layer bundle crossover + repair"":0},""quant_assignments_changed_by_type"":{""depth"":118,""quantization"":135,""joint_aware"":0,""interaction_aware"":0,""sequential_quantization"":0,""fixed_quant_depth"":0,""component crossover"":0,""component crossover + repair"":0,""layer bundle crossover"":0,""layer bundle crossover + repair"":0},""depth_mask_entries_changed_total"":200,""quant_assignments_changed_total"":253,""interaction_aware_details"":{""budget_repair_quant_changes"":0,""preferred_quant_exchanges_used"":0,""fallback_quant_exchanges_used"":0},""crossover_diagnostics"":{""crossover_type"":""component"",""crossover_parent_selection"":""uniform"",""crossover_offspring"":0,""crossover_offspring_accepted"":0,""mutation_offspring_accepted"":128,""mutation_offspring"":128,""crossover_offspring_attempted"":0,""crossover_duplicates"":0,""crossover_infeasible_candidates"":0,""crossover_repair_changed_gene_count"":0,""crossover_repaired_proposals"":0,""parent_distance_mean"":null,""parent_distance_min"":null,""parent_distance_max"":null,""child_distance_from_parent_a_mean"":null,""child_distance_from_parent_b_mean"":null,""layers_from_parent_a_mean"":null,""layers_from_parent_b_mean"":null,""crossover_no_legal_exchange"":0,""local_exchange_attention"":0,""local_exchange_mlp"":0,""local_exchange_quantization"":0,""local_exchange_block"":0,""child_distance_from_base_mean"":null,""child_distance_from_base_min"":null,""child_distance_from_base_max"":null,""child_distance_from_base_count"":0,""child_distance_from_donor_mean"":null,""child_distance_from_donor_min"":null,""child_distance_from_donor_max"":null,""child_distance_from_donor_count"":0,""donor_distance_reduction_mean"":null,""donor_distance_reduction_min"":null,""donor_distance_reduction_max"":null,""donor_distance_reduction_count"":0,""local_exchange_changed_gene_count_mean"":null,""local_exchange_changed_gene_count_min"":null,""local_exchange_changed_gene_count_max"":null,""local_exchange_changed_gene_count_count"":0,""child_distance_statistics_scope"":""accepted_unique_crossover_offspring"",""persistent_population_size"":1,""unique_population_size"":1,""best_population_fitness"":0.217041015625,""configured_survivors_per_selection"":[16,4,1],""effective_survivors_per_selection"":[16,4,1],""effective_final_survivor_count"":1},""offspring_generation"":{""attempts"":129,""no_op_mutations"":0,""duplicate_candidates"":1,""infeasible_candidates"":0,""fixed_quant_legal_swap_counts"":[]},""maximum_depth_mutations_per_offspring"":3,""quantization_step_size"":1,""quantization_mutations_per_offspring"":1,""joint_aware_probability"":0.0,""adaptive_mutation"":false,""adaptive_mutation_strength"":1,""adaptive_mutation_patience"":3,""adaptive_mutation_max_strength"":3,""coarse_to_fine_mutation"":false,""coarse_to_fine_start_strength"":3,""coarse_to_fine_end_strength"":1,""stagnation_generations_after_selection"":0}",quantization,True,129,128,16,5,262144,262144,655360,7003,55443456,38545.27819842694,15276.82177734375
48,0.214599609375,0.217041015625,kl,0.214599609375,,,,,0,{},128,16,4,1,"[16,4,1]","[2048,16384,131072]",6375608320,3.4642857142857144,3216.5078125,26982023168,26982023168,0,4,4,"{""type"":""mixed_depth_quantization"",""sequential_mode"":""none"",""joint_mutation_mode"":""standard"",""parent_before_generation_hash"":""a7e1a094e0af393e0875840dc32becb248b02fadd8b8859acce6f13decc763ee"",""parent_after_generation_hash"":""d965547c8d267ef99599f9d18af0f99af4c62e3c22284d874fef2c4c54ab61b4"",""generated_offspring_by_type"":{""depth"":60,""quantization"":68,""joint_aware"":0,""interaction_aware"":0,""sequential_quantization"":0,""fixed_quant_depth"":0,""component crossover"":0,""component crossover + repair"":0,""layer bundle crossover"":0,""layer bundle crossover + repair"":0},""depth_mask_entries_changed_by_type"":{""depth"":168,""quantization"":0,""joint_aware"":0,""interaction_aware"":0,""sequential_quantization"":0,""fixed_quant_depth"":0,""component crossover"":0,""component crossover + repair"":0,""layer bundle crossover"":0,""layer bundle crossover + repair"":0},""quant_assignments_changed_by_type"":{""depth"":109,""quantization"":148,""joint_aware"":0,""interaction_aware"":0,""sequential_quantization"":0,""fixed_quant_depth"":0,""component crossover"":0,""component crossover + repair"":0,""layer bundle crossover"":0,""layer bundle crossover + repair"":0},""depth_mask_entries_changed_total"":168,""quant_assignments_changed_total"":257,""interaction_aware_details"":{""budget_repair_quant_changes"":0,""preferred_quant_exchanges_used"":0,""fallback_quant_exchanges_used"":0},""crossover_diagnostics"":{""crossover_type"":""component"",""crossover_parent_selection"":""uniform"",""crossover_offspring"":0,""crossover_offspring_accepted"":0,""mutation_offspring_accepted"":128,""mutation_offspring"":128,""crossover_offspring_attempted"":0,""crossover_duplicates"":0,""crossover_infeasible_candidates"":0,""crossover_repair_changed_gene_count"":0,""crossover_repaired_proposals"":0,""parent_distance_mean"":null,""parent_distance_min"":null,""parent_distance_max"":null,""child_distance_from_parent_a_mean"":null,""child_distance_from_parent_b_mean"":null,""layers_from_parent_a_mean"":null,""layers_from_parent_b_mean"":null,""crossover_no_legal_exchange"":0,""local_exchange_attention"":0,""local_exchange_mlp"":0,""local_exchange_quantization"":0,""local_exchange_block"":0,""child_distance_from_base_mean"":null,""child_distance_from_base_min"":null,""child_distance_from_base_max"":null,""child_distance_from_base_count"":0,""child_distance_from_donor_mean"":null,""child_distance_from_donor_min"":null,""child_distance_from_donor_max"":null,""child_distance_from_donor_count"":0,""donor_distance_reduction_mean"":null,""donor_distance_reduction_min"":null,""donor_distance_reduction_max"":null,""donor_distance_reduction_count"":0,""local_exchange_changed_gene_count_mean"":null,""local_exchange_changed_gene_count_min"":null,""local_exchange_changed_gene_count_max"":null,""local_exchange_changed_gene_count_count"":0,""child_distance_statistics_scope"":""accepted_unique_crossover_offspring"",""persistent_population_size"":1,""unique_population_size"":1,""best_population_fitness"":0.214599609375,""configured_survivors_per_selection"":[16,4,1],""effective_survivors_per_selection"":[16,4,1],""effective_final_survivor_count"":1},""offspring_generation"":{""attempts"":128,""no_op_mutations"":0,""duplicate_candidates"":0,""infeasible_candidates"":0,""fixed_quant_legal_swap_counts"":[]},""maximum_depth_mutations_per_offspring"":3,""quantization_step_size"":1,""quantization_mutations_per_offspring"":1,""joint_aware_probability"":0.0,""adaptive_mutation"":false,""adaptive_mutation_strength"":1,""adaptive_mutation_patience"":3,""adaptive_mutation_max_strength"":3,""coarse_to_fine_mutation"":false,""coarse_to_fine_start_strength"":3,""coarse_to_fine_end_strength"":1,""stagnation_generations_after_selection"":0}",quantization,True,128,128,16,5,262144,262144,655360,7152,56623104,39318.68285969994,15276.82177734375
49,0.2103271484375,0.214599609375,kl,0.2103271484375,,,,,0,{},128,16,4,1,"[16,4,1]","[2048,16384,131072]",6375608320,3.4642857142857144,3216.5078125,26982023168,26982023168,0,4,4,"{""type"":""mixed_depth_quantization"",""sequential_mode"":""none"",""joint_mutation_mode"":""standard"",""parent_before_generation_hash"":""d965547c8d267ef99599f9d18af0f99af4c62e3c22284d874fef2c4c54ab61b4"",""parent_after_generation_hash"":""e21dc5e81c2f526db952b8e36d41db4599afba43b965be37277dc47fcf5a18f1"",""generated_offspring_by_type"":{""depth"":61,""quantization"":67,""joint_aware"":0,""interaction_aware"":0,""sequential_quantization"":0,""fixed_quant_depth"":0,""component crossover"":0,""component crossover + repair"":0,""layer bundle crossover"":0,""layer bundle crossover + repair"":0},""depth_mask_entries_changed_by_type"":{""depth"":192,""quantization"":0,""joint_aware"":0,""interaction_aware"":0,""sequential_quantization"":0,""fixed_quant_depth"":0,""component crossover"":0,""component crossover + repair"":0,""layer bundle crossover"":0,""layer bundle crossover + repair"":0},""quant_assignments_changed_by_type"":{""depth"":124,""quantization"":143,""joint_aware"":0,""interaction_aware"":0,""sequential_quantization"":0,""fixed_quant_depth"":0,""component crossover"":0,""component crossover + repair"":0,""layer bundle crossover"":0,""layer bundle crossover + repair"":0},""depth_mask_entries_changed_total"":192,""quant_assignments_changed_total"":267,""interaction_aware_details"":{""budget_repair_quant_changes"":0,""preferred_quant_exchanges_used"":0,""fallback_quant_exchanges_used"":0},""crossover_diagnostics"":{""crossover_type"":""component"",""crossover_parent_selection"":""uniform"",""crossover_offspring"":0,""crossover_offspring_accepted"":0,""mutation_offspring_accepted"":128,""mutation_offspring"":128,""crossover_offspring_attempted"":0,""crossover_duplicates"":0,""crossover_infeasible_candidates"":0,""crossover_repair_changed_gene_count"":0,""crossover_repaired_proposals"":0,""parent_distance_mean"":null,""parent_distance_min"":null,""parent_distance_max"":null,""child_distance_from_parent_a_mean"":null,""child_distance_from_parent_b_mean"":null,""layers_from_parent_a_mean"":null,""layers_from_parent_b_mean"":null,""crossover_no_legal_exchange"":0,""local_exchange_attention"":0,""local_exchange_mlp"":0,""local_exchange_quantization"":0,""local_exchange_block"":0,""child_distance_from_base_mean"":null,""child_distance_from_base_min"":null,""child_distance_from_base_max"":null,""child_distance_from_base_count"":0,""child_distance_from_donor_mean"":null,""child_distance_from_donor_min"":null,""child_distance_from_donor_max"":null,""child_distance_from_donor_count"":0,""donor_distance_reduction_mean"":null,""donor_distance_reduction_min"":null,""donor_distance_reduction_max"":null,""donor_distance_reduction_count"":0,""local_exchange_changed_gene_count_mean"":null,""local_exchange_changed_gene_count_min"":null,""local_exchange_changed_gene_count_max"":null,""local_exchange_changed_gene_count_count"":0,""child_distance_statistics_scope"":""accepted_unique_crossover_offspring"",""persistent_population_size"":1,""unique_population_size"":1,""best_population_fitness"":0.2103271484375,""configured_survivors_per_selection"":[16,4,1],""effective_survivors_per_selection"":[16,4,1],""effective_final_survivor_count"":1},""offspring_generation"":{""attempts"":128,""no_op_mutations"":0,""duplicate_candidates"":0,""infeasible_candidates"":0,""fixed_quant_legal_swap_counts"":[]},""maximum_depth_mutations_per_offspring"":3,""quantization_step_size"":1,""quantization_mutations_per_offspring"":1,""joint_aware_probability"":0.0,""adaptive_mutation"":false,""adaptive_mutation_strength"":1,""adaptive_mutation_patience"":3,""adaptive_mutation_max_strength"":3,""coarse_to_fine_mutation"":false,""coarse_to_fine_start_strength"":3,""coarse_to_fine_end_strength"":1,""stagnation_generations_after_selection"":0}",quantization,True,128,128,16,5,262144,262144,655360,7301,57802752,40079.22392828995,15276.82177734375
50,0.2178955078125,0.2103271484375,kl,0.2178955078125,,,,,0,{},128,16,4,1,"[16,4,1]","[2048,16384,131072]",6375608320,3.4642857142857144,3216.5078125,26982023168,26982023168,0,4,4,"{""type"":""mixed_depth_quantization"",""sequential_mode"":""none"",""joint_mutation_mode"":""standard"",""parent_before_generation_hash"":""e21dc5e81c2f526db952b8e36d41db4599afba43b965be37277dc47fcf5a18f1"",""parent_after_generation_hash"":""17f257c50435d14a738f65f1e31b965da84a3d86ca645312be438ea86d7666ad"",""generated_offspring_by_type"":{""depth"":62,""quantization"":66,""joint_aware"":0,""interaction_aware"":0,""sequential_quantization"":0,""fixed_quant_depth"":0,""component crossover"":0,""component crossover + repair"":0,""layer bundle crossover"":0,""layer bundle crossover + repair"":0},""depth_mask_entries_changed_by_type"":{""depth"":194,""quantization"":0,""joint_aware"":0,""interaction_aware"":0,""sequential_quantization"":0,""fixed_quant_depth"":0,""component crossover"":0,""component crossover + repair"":0,""layer bundle crossover"":0,""layer bundle crossover + repair"":0},""quant_assignments_changed_by_type"":{""depth"":111,""quantization"":138,""joint_aware"":0,""interaction_aware"":0,""sequential_quantization"":0,""fixed_quant_depth"":0,""component crossover"":0,""component crossover + repair"":0,""layer bundle crossover"":0,""layer bundle crossover + repair"":0},""depth_mask_entries_changed_total"":194,""quant_assignments_changed_total"":249,""interaction_aware_details"":{""budget_repair_quant_changes"":0,""preferred_quant_exchanges_used"":0,""fallback_quant_exchanges_used"":0},""crossover_diagnostics"":{""crossover_type"":""component"",""crossover_parent_selection"":""uniform"",""crossover_offspring"":0,""crossover_offspring_accepted"":0,""mutation_offspring_accepted"":128,""mutation_offspring"":128,""crossover_offspring_attempted"":0,""crossover_duplicates"":0,""crossover_infeasible_candidates"":0,""crossover_repair_changed_gene_count"":0,""crossover_repaired_proposals"":0,""parent_distance_mean"":null,""parent_distance_min"":null,""parent_distance_max"":null,""child_distance_from_parent_a_mean"":null,""child_distance_from_parent_b_mean"":null,""layers_from_parent_a_mean"":null,""layers_from_parent_b_mean"":null,""crossover_no_legal_exchange"":0,""local_exchange_attention"":0,""local_exchange_mlp"":0,""local_exchange_quantization"":0,""local_exchange_block"":0,""child_distance_from_base_mean"":null,""child_distance_from_base_min"":null,""child_distance_from_base_max"":null,""child_distance_from_base_count"":0,""child_distance_from_donor_mean"":null,""child_distance_from_donor_min"":null,""child_distance_from_donor_max"":null,""child_distance_from_donor_count"":0,""donor_distance_reduction_mean"":null,""donor_distance_reduction_min"":null,""donor_distance_reduction_max"":null,""donor_distance_reduction_count"":0,""local_exchange_changed_gene_count_mean"":null,""local_exchange_changed_gene_count_min"":null,""local_exchange_changed_gene_count_max"":null,""local_exchange_changed_gene_count_count"":0,""child_distance_statistics_scope"":""accepted_unique_crossover_offspring"",""persistent_population_size"":1,""unique_population_size"":1,""best_population_fitness"":0.2178955078125,""configured_survivors_per_selection"":[16,4,1],""effective_survivors_per_selection"":[16,4,1],""effective_final_survivor_count"":1},""offspring_generation"":{""attempts"":128,""no_op_mutations"":0,""duplicate_candidates"":0,""infeasible_candidates"":0,""fixed_quant_legal_swap_counts"":[]},""maximum_depth_mutations_per_offspring"":3,""quantization_step_size"":1,""quantization_mutations_per_offspring"":1,""joint_aware_probability"":0.0,""adaptive_mutation"":false,""adaptive_mutation_strength"":1,""adaptive_mutation_patience"":3,""adaptive_mutation_max_strength"":3,""coarse_to_fine_mutation"":false,""coarse_to_fine_start_strength"":3,""coarse_to_fine_end_strength"":1,""stagnation_generations_after_selection"":0}",quantization,True,128,128,16,5,262144,262144,655360,7450,58982400,40867.414926813915,15276.82177734375
51,0.2138671875,0.2178955078125,kl,0.2138671875,7.8828125,6.5546875,9.7734375,,917504,"{""wikitext2"":327680,""c4"":589824}",128,16,4,1,"[16,4,1]","[2048,16384,131072]",6375608320,3.4642857142857144,3216.5078125,26982023168,26982023168,0,4,4,"{""type"":""mixed_depth_quantization"",""sequential_mode"":""none"",""joint_mutation_mode"":""standard"",""parent_before_generation_hash"":""17f257c50435d14a738f65f1e31b965da84a3d86ca645312be438ea86d7666ad"",""parent_after_generation_hash"":""95a8335d137bf7529d07d80f0587d057342390cc403955e3c33347ff396ab345"",""generated_offspring_by_type"":{""depth"":61,""quantization"":67,""joint_aware"":0,""interaction_aware"":0,""sequential_quantization"":0,""fixed_quant_depth"":0,""component crossover"":0,""component crossover + repair"":0,""layer bundle crossover"":0,""layer bundle crossover + repair"":0},""depth_mask_entries_changed_by_type"":{""depth"":166,""quantization"":0,""joint_aware"":0,""interaction_aware"":0,""sequential_quantization"":0,""fixed_quant_depth"":0,""component crossover"":0,""component crossover + repair"":0,""layer bundle crossover"":0,""layer bundle crossover + repair"":0},""quant_assignments_changed_by_type"":{""depth"":114,""quantization"":148,""joint_aware"":0,""interaction_aware"":0,""sequential_quantization"":0,""fixed_quant_depth"":0,""component crossover"":0,""component crossover + repair"":0,""layer bundle crossover"":0,""layer bundle crossover + repair"":0},""depth_mask_entries_changed_total"":166,""quant_assignments_changed_total"":262,""interaction_aware_details"":{""budget_repair_quant_changes"":0,""preferred_quant_exchanges_used"":0,""fallback_quant_exchanges_used"":0},""crossover_diagnostics"":{""crossover_type"":""component"",""crossover_parent_selection"":""uniform"",""crossover_offspring"":0,""crossover_offspring_accepted"":0,""mutation_offspring_accepted"":128,""mutation_offspring"":128,""crossover_offspring_attempted"":0,""crossover_duplicates"":0,""crossover_infeasible_candidates"":0,""crossover_repair_changed_gene_count"":0,""crossover_repaired_proposals"":0,""parent_distance_mean"":null,""parent_distance_min"":null,""parent_distance_max"":null,""child_distance_from_parent_a_mean"":null,""child_distance_from_parent_b_mean"":null,""layers_from_parent_a_mean"":null,""layers_from_parent_b_mean"":null,""crossover_no_legal_exchange"":0,""local_exchange_attention"":0,""local_exchange_mlp"":0,""local_exchange_quantization"":0,""local_exchange_block"":0,""child_distance_from_base_mean"":null,""child_distance_from_base_min"":null,""child_distance_from_base_max"":null,""child_distance_from_base_count"":0,""child_distance_from_donor_mean"":null,""child_distance_from_donor_min"":null,""child_distance_from_donor_max"":null,""child_distance_from_donor_count"":0,""donor_distance_reduction_mean"":null,""donor_distance_reduction_min"":null,""donor_distance_reduction_max"":null,""donor_distance_reduction_count"":0,""local_exchange_changed_gene_count_mean"":null,""local_exchange_changed_gene_count_min"":null,""local_exchange_changed_gene_count_max"":null,""local_exchange_changed_gene_count_count"":0,""child_distance_statistics_scope"":""accepted_unique_crossover_offspring"",""persistent_population_size"":1,""unique_population_size"":1,""best_population_fitness"":0.2138671875,""configured_survivors_per_selection"":[16,4,1],""effective_survivors_per_selection"":[16,4,1],""effective_final_survivor_count"":1},""offspring_generation"":{""attempts"":128,""no_op_mutations"":0,""duplicate_candidates"":0,""infeasible_candidates"":0,""fixed_quant_legal_swap_counts"":[]},""maximum_depth_mutations_per_offspring"":3,""quantization_step_size"":1,""quantization_mutations_per_offspring"":1,""joint_aware_probability"":0.0,""adaptive_mutation"":false,""adaptive_mutation_strength"":1,""adaptive_mutation_patience"":3,""adaptive_mutation_max_strength"":3,""coarse_to_fine_mutation"":false,""coarse_to_fine_start_strength"":3,""coarse_to_fine_end_strength"":1,""stagnation_generations_after_selection"":0}",quantization,True,128,128,16,5,262144,262144,655360,7599,60162048,41916.03680836898,15276.82177734375
52,0.2093505859375,0.2138671875,kl,0.2093505859375,,,,,0,{},128,16,4,1,"[16,4,1]","[2048,16384,131072]",6375608320,3.4642857142857144,3216.5078125,26982023168,26982023168,0,4,4,"{""type"":""mixed_depth_quantization"",""sequential_mode"":""none"",""joint_mutation_mode"":""standard"",""parent_before_generation_hash"":""95a8335d137bf7529d07d80f0587d057342390cc403955e3c33347ff396ab345"",""parent_after_generation_hash"":""1e8db782a931a8583483886b99310cb4c84d65bc59fecfab1bdf978ceef395b5"",""generated_offspring_by_type"":{""depth"":70,""quantization"":58,""joint_aware"":0,""interaction_aware"":0,""sequential_quantization"":0,""fixed_quant_depth"":0,""component crossover"":0,""component crossover + repair"":0,""layer bundle crossover"":0,""layer bundle crossover + repair"":0},""depth_mask_entries_changed_by_type"":{""depth"":206,""quantization"":0,""joint_aware"":0,""interaction_aware"":0,""sequential_quantization"":0,""fixed_quant_depth"":0,""component crossover"":0,""component crossover + repair"":0,""layer bundle crossover"":0,""layer bundle crossover + repair"":0},""quant_assignments_changed_by_type"":{""depth"":125,""quantization"":128,""joint_aware"":0,""interaction_aware"":0,""sequential_quantization"":0,""fixed_quant_depth"":0,""component crossover"":0,""component crossover + repair"":0,""layer bundle crossover"":0,""layer bundle crossover + repair"":0},""depth_mask_entries_changed_total"":206,""quant_assignments_changed_total"":253,""interaction_aware_details"":{""budget_repair_quant_changes"":0,""preferred_quant_exchanges_used"":0,""fallback_quant_exchanges_used"":0},""crossover_diagnostics"":{""crossover_type"":""component"",""crossover_parent_selection"":""uniform"",""crossover_offspring"":0,""crossover_offspring_accepted"":0,""mutation_offspring_accepted"":128,""mutation_offspring"":128,""crossover_offspring_attempted"":0,""crossover_duplicates"":0,""crossover_infeasible_candidates"":0,""crossover_repair_changed_gene_count"":0,""crossover_repaired_proposals"":0,""parent_distance_mean"":null,""parent_distance_min"":null,""parent_distance_max"":null,""child_distance_from_parent_a_mean"":null,""child_distance_from_parent_b_mean"":null,""layers_from_parent_a_mean"":null,""layers_from_parent_b_mean"":null,""crossover_no_legal_exchange"":0,""local_exchange_attention"":0,""local_exchange_mlp"":0,""local_exchange_quantization"":0,""local_exchange_block"":0,""child_distance_from_base_mean"":null,""child_distance_from_base_min"":null,""child_distance_from_base_max"":null,""child_distance_from_base_count"":0,""child_distance_from_donor_mean"":null,""child_distance_from_donor_min"":null,""child_distance_from_donor_max"":null,""child_distance_from_donor_count"":0,""donor_distance_reduction_mean"":null,""donor_distance_reduction_min"":null,""donor_distance_reduction_max"":null,""donor_distance_reduction_count"":0,""local_exchange_changed_gene_count_mean"":null,""local_exchange_changed_gene_count_min"":null,""local_exchange_changed_gene_count_max"":null,""local_exchange_changed_gene_count_count"":0,""child_distance_statistics_scope"":""accepted_unique_crossover_offspring"",""persistent_population_size"":1,""unique_population_size"":1,""best_population_fitness"":0.2093505859375,""configured_survivors_per_selection"":[16,4,1],""effective_survivors_per_selection"":[16,4,1],""effective_final_survivor_count"":1},""offspring_generation"":{""attempts"":128,""no_op_mutations"":0,""duplicate_candidates"":0,""infeasible_candidates"":0,""fixed_quant_legal_swap_counts"":[]},""maximum_depth_mutations_per_offspring"":3,""quantization_step_size"":1,""quantization_mutations_per_offspring"":1,""joint_aware_probability"":0.0,""adaptive_mutation"":false,""adaptive_mutation_strength"":1,""adaptive_mutation_patience"":3,""adaptive_mutation_max_strength"":3,""coarse_to_fine_mutation"":false,""coarse_to_fine_start_strength"":3,""coarse_to_fine_end_strength"":1,""stagnation_generations_after_selection"":0}",quantization,True,128,128,16,5,262144,262144,655360,7748,61341696,42645.417473622016,15276.82177734375
53,0.2109375,0.2093505859375,kl,0.2109375,,,,,0,{},128,16,4,1,"[16,4,1]","[2048,16384,131072]",6375608320,3.4642857142857144,3216.5078125,26982023168,26982023168,0,4,4,"{""type"":""mixed_depth_quantization"",""sequential_mode"":""none"",""joint_mutation_mode"":""standard"",""parent_before_generation_hash"":""1e8db782a931a8583483886b99310cb4c84d65bc59fecfab1bdf978ceef395b5"",""parent_after_generation_hash"":""f7eb587fb33a2dd756264a12da58111780e137354785777f1aa10aff2153ec81"",""generated_offspring_by_type"":{""depth"":64,""quantization"":64,""joint_aware"":0,""interaction_aware"":0,""sequential_quantization"":0,""fixed_quant_depth"":0,""component crossover"":0,""component crossover + repair"":0,""layer bundle crossover"":0,""layer bundle crossover + repair"":0},""depth_mask_entries_changed_by_type"":{""depth"":178,""quantization"":0,""joint_aware"":0,""interaction_aware"":0,""sequential_quantization"":0,""fixed_quant_depth"":0,""component crossover"":0,""component crossover + repair"":0,""layer bundle crossover"":0,""layer bundle crossover + repair"":0},""quant_assignments_changed_by_type"":{""depth"":104,""quantization"":144,""joint_aware"":0,""interaction_aware"":0,""sequential_quantization"":0,""fixed_quant_depth"":0,""component crossover"":0,""component crossover + repair"":0,""layer bundle crossover"":0,""layer bundle crossover + repair"":0},""depth_mask_entries_changed_total"":178,""quant_assignments_changed_total"":248,""interaction_aware_details"":{""budget_repair_quant_changes"":0,""preferred_quant_exchanges_used"":0,""fallback_quant_exchanges_used"":0},""crossover_diagnostics"":{""crossover_type"":""component"",""crossover_parent_selection"":""uniform"",""crossover_offspring"":0,""crossover_offspring_accepted"":0,""mutation_offspring_accepted"":128,""mutation_offspring"":128,""crossover_offspring_attempted"":0,""crossover_duplicates"":0,""crossover_infeasible_candidates"":0,""crossover_repair_changed_gene_count"":0,""crossover_repaired_proposals"":0,""parent_distance_mean"":null,""parent_distance_min"":null,""parent_distance_max"":null,""child_distance_from_parent_a_mean"":null,""child_distance_from_parent_b_mean"":null,""layers_from_parent_a_mean"":null,""layers_from_parent_b_mean"":null,""crossover_no_legal_exchange"":0,""local_exchange_attention"":0,""local_exchange_mlp"":0,""local_exchange_quantization"":0,""local_exchange_block"":0,""child_distance_from_base_mean"":null,""child_distance_from_base_min"":null,""child_distance_from_base_max"":null,""child_distance_from_base_count"":0,""child_distance_from_donor_mean"":null,""child_distance_from_donor_min"":null,""child_distance_from_donor_max"":null,""child_distance_from_donor_count"":0,""donor_distance_reduction_mean"":null,""donor_distance_reduction_min"":null,""donor_distance_reduction_max"":null,""donor_distance_reduction_count"":0,""local_exchange_changed_gene_count_mean"":null,""local_exchange_changed_gene_count_min"":null,""local_exchange_changed_gene_count_max"":null,""local_exchange_changed_gene_count_count"":0,""child_distance_statistics_scope"":""accepted_unique_crossover_offspring"",""persistent_population_size"":1,""unique_population_size"":1,""best_population_fitness"":0.2109375,""configured_survivors_per_selection"":[16,4,1],""effective_survivors_per_selection"":[16,4,1],""effective_final_survivor_count"":1},""offspring_generation"":{""attempts"":129,""no_op_mutations"":0,""duplicate_candidates"":1,""infeasible_candidates"":0,""fixed_quant_legal_swap_counts"":[]},""maximum_depth_mutations_per_offspring"":3,""quantization_step_size"":1,""quantization_mutations_per_offspring"":1,""joint_aware_probability"":0.0,""adaptive_mutation"":false,""adaptive_mutation_strength"":1,""adaptive_mutation_patience"":3,""adaptive_mutation_max_strength"":3,""coarse_to_fine_mutation"":false,""coarse_to_fine_start_strength"":3,""coarse_to_fine_end_strength"":1,""stagnation_generations_after_selection"":0}",quantization,True,129,128,16,5,262144,262144,655360,7897,62521344,43395.28554918291,15276.82177734375
54,0.2081298828125,0.2109375,kl,0.2081298828125,,,,,0,{},128,16,4,1,"[16,4,1]","[2048,16384,131072]",6375608320,3.4642857142857144,3216.5078125,26982023168,26982023168,0,4,4,"{""type"":""mixed_depth_quantization"",""sequential_mode"":""none"",""joint_mutation_mode"":""standard"",""parent_before_generation_hash"":""f7eb587fb33a2dd756264a12da58111780e137354785777f1aa10aff2153ec81"",""parent_after_generation_hash"":""6f8123ee93d700c8d4c740a60e4fea4369bd8ddae9fd899a0e6abe4e2e78f82b"",""generated_offspring_by_type"":{""depth"":64,""quantization"":64,""joint_aware"":0,""interaction_aware"":0,""sequential_quantization"":0,""fixed_quant_depth"":0,""component crossover"":0,""component crossover + repair"":0,""layer bundle crossover"":0,""layer bundle crossover + repair"":0},""depth_mask_entries_changed_by_type"":{""depth"":196,""quantization"":0,""joint_aware"":0,""interaction_aware"":0,""sequential_quantization"":0,""fixed_quant_depth"":0,""component crossover"":0,""component crossover + repair"":0,""layer bundle crossover"":0,""layer bundle crossover + repair"":0},""quant_assignments_changed_by_type"":{""depth"":117,""quantization"":141,""joint_aware"":0,""interaction_aware"":0,""sequential_quantization"":0,""fixed_quant_depth"":0,""component crossover"":0,""component crossover + repair"":0,""layer bundle crossover"":0,""layer bundle crossover + repair"":0},""depth_mask_entries_changed_total"":196,""quant_assignments_changed_total"":258,""interaction_aware_details"":{""budget_repair_quant_changes"":0,""preferred_quant_exchanges_used"":0,""fallback_quant_exchanges_used"":0},""crossover_diagnostics"":{""crossover_type"":""component"",""crossover_parent_selection"":""uniform"",""crossover_offspring"":0,""crossover_offspring_accepted"":0,""mutation_offspring_accepted"":128,""mutation_offspring"":128,""crossover_offspring_attempted"":0,""crossover_duplicates"":0,""crossover_infeasible_candidates"":0,""crossover_repair_changed_gene_count"":0,""crossover_repaired_proposals"":0,""parent_distance_mean"":null,""parent_distance_min"":null,""parent_distance_max"":null,""child_distance_from_parent_a_mean"":null,""child_distance_from_parent_b_mean"":null,""layers_from_parent_a_mean"":null,""layers_from_parent_b_mean"":null,""crossover_no_legal_exchange"":0,""local_exchange_attention"":0,""local_exchange_mlp"":0,""local_exchange_quantization"":0,""local_exchange_block"":0,""child_distance_from_base_mean"":null,""child_distance_from_base_min"":null,""child_distance_from_base_max"":null,""child_distance_from_base_count"":0,""child_distance_from_donor_mean"":null,""child_distance_from_donor_min"":null,""child_distance_from_donor_max"":null,""child_distance_from_donor_count"":0,""donor_distance_reduction_mean"":null,""donor_distance_reduction_min"":null,""donor_distance_reduction_max"":null,""donor_distance_reduction_count"":0,""local_exchange_changed_gene_count_mean"":null,""local_exchange_changed_gene_count_min"":null,""local_exchange_changed_gene_count_max"":null,""local_exchange_changed_gene_count_count"":0,""child_distance_statistics_scope"":""accepted_unique_crossover_offspring"",""persistent_population_size"":1,""unique_population_size"":1,""best_population_fitness"":0.2081298828125,""configured_survivors_per_selection"":[16,4,1],""effective_survivors_per_selection"":[16,4,1],""effective_final_survivor_count"":1},""offspring_generation"":{""attempts"":130,""no_op_mutations"":0,""duplicate_candidates"":2,""infeasible_candidates"":0,""fixed_quant_legal_swap_counts"":[]},""maximum_depth_mutations_per_offspring"":3,""quantization_step_size"":1,""quantization_mutations_per_offspring"":1,""joint_aware_probability"":0.0,""adaptive_mutation"":false,""adaptive_mutation_strength"":1,""adaptive_mutation_patience"":3,""adaptive_mutation_max_strength"":3,""coarse_to_fine_mutation"":false,""coarse_to_fine_start_strength"":3,""coarse_to_fine_end_strength"":1,""stagnation_generations_after_selection"":0}",quantization,True,130,128,16,5,262144,262144,655360,8046,63700992,44187.80077791598,15276.82177734375
55,0.208740234375,0.2081298828125,kl,0.208740234375,,,,,0,{},128,16,4,1,"[16,4,1]","[2048,16384,131072]",6375608320,3.4642857142857144,3216.5078125,26982023168,26982023168,0,4,4,"{""type"":""mixed_depth_quantization"",""sequential_mode"":""none"",""joint_mutation_mode"":""standard"",""parent_before_generation_hash"":""6f8123ee93d700c8d4c740a60e4fea4369bd8ddae9fd899a0e6abe4e2e78f82b"",""parent_after_generation_hash"":""6925ccbf272c90574791b504c8dd0a6eb9c3f1cdb9dc8b4f74886b5e2e6eec36"",""generated_offspring_by_type"":{""depth"":64,""quantization"":64,""joint_aware"":0,""interaction_aware"":0,""sequential_quantization"":0,""fixed_quant_depth"":0,""component crossover"":0,""component crossover + repair"":0,""layer bundle crossover"":0,""layer bundle crossover + repair"":0},""depth_mask_entries_changed_by_type"":{""depth"":180,""quantization"":0,""joint_aware"":0,""interaction_aware"":0,""sequential_quantization"":0,""fixed_quant_depth"":0,""component crossover"":0,""component crossover + repair"":0,""layer bundle crossover"":0,""layer bundle crossover + repair"":0},""quant_assignments_changed_by_type"":{""depth"":83,""quantization"":140,""joint_aware"":0,""interaction_aware"":0,""sequential_quantization"":0,""fixed_quant_depth"":0,""component crossover"":0,""component crossover + repair"":0,""layer bundle crossover"":0,""layer bundle crossover + repair"":0},""depth_mask_entries_changed_total"":180,""quant_assignments_changed_total"":223,""interaction_aware_details"":{""budget_repair_quant_changes"":0,""preferred_quant_exchanges_used"":0,""fallback_quant_exchanges_used"":0},""crossover_diagnostics"":{""crossover_type"":""component"",""crossover_parent_selection"":""uniform"",""crossover_offspring"":0,""crossover_offspring_accepted"":0,""mutation_offspring_accepted"":128,""mutation_offspring"":128,""crossover_offspring_attempted"":0,""crossover_duplicates"":0,""crossover_infeasible_candidates"":0,""crossover_repair_changed_gene_count"":0,""crossover_repaired_proposals"":0,""parent_distance_mean"":null,""parent_distance_min"":null,""parent_distance_max"":null,""child_distance_from_parent_a_mean"":null,""child_distance_from_parent_b_mean"":null,""layers_from_parent_a_mean"":null,""layers_from_parent_b_mean"":null,""crossover_no_legal_exchange"":0,""local_exchange_attention"":0,""local_exchange_mlp"":0,""local_exchange_quantization"":0,""local_exchange_block"":0,""child_distance_from_base_mean"":null,""child_distance_from_base_min"":null,""child_distance_from_base_max"":null,""child_distance_from_base_count"":0,""child_distance_from_donor_mean"":null,""child_distance_from_donor_min"":null,""child_distance_from_donor_max"":null,""child_distance_from_donor_count"":0,""donor_distance_reduction_mean"":null,""donor_distance_reduction_min"":null,""donor_distance_reduction_max"":null,""donor_distance_reduction_count"":0,""local_exchange_changed_gene_count_mean"":null,""local_exchange_changed_gene_count_min"":null,""local_exchange_changed_gene_count_max"":null,""local_exchange_changed_gene_count_count"":0,""child_distance_statistics_scope"":""accepted_unique_crossover_offspring"",""persistent_population_size"":1,""unique_population_size"":1,""best_population_fitness"":0.208740234375,""configured_survivors_per_selection"":[16,4,1],""effective_survivors_per_selection"":[16,4,1],""effective_final_survivor_count"":1},""offspring_generation"":{""attempts"":128,""no_op_mutations"":0,""duplicate_candidates"":0,""infeasible_candidates"":0,""fixed_quant_legal_swap_counts"":[]},""maximum_depth_mutations_per_offspring"":3,""quantization_step_size"":1,""quantization_mutations_per_offspring"":1,""joint_aware_probability"":0.0,""adaptive_mutation"":false,""adaptive_mutation_strength"":1,""adaptive_mutation_patience"":3,""adaptive_mutation_max_strength"":3,""coarse_to_fine_mutation"":false,""coarse_to_fine_start_strength"":3,""coarse_to_fine_end_strength"":1,""stagnation_generations_after_selection"":0}",quantization,True,128,128,16,5,262144,262144,655360,8195,64880640,44944.51638472895,15276.82177734375
56,0.21484375,0.208740234375,kl,0.21484375,7.8828125,6.53515625,9.75,,917504,"{""wikitext2"":327680,""c4"":589824}",128,16,4,1,"[16,4,1]","[2048,16384,131072]",6375608320,3.4642857142857144,3216.5078125,26982023168,26982023168,0,4,4,"{""type"":""mixed_depth_quantization"",""sequential_mode"":""none"",""joint_mutation_mode"":""standard"",""parent_before_generation_hash"":""6925ccbf272c90574791b504c8dd0a6eb9c3f1cdb9dc8b4f74886b5e2e6eec36"",""parent_after_generation_hash"":""01dafa214b179475438049304d0e01a71eba42b2d4ff771702c87638400bbdef"",""generated_offspring_by_type"":{""depth"":71,""quantization"":57,""joint_aware"":0,""interaction_aware"":0,""sequential_quantization"":0,""fixed_quant_depth"":0,""component crossover"":0,""component crossover + repair"":0,""layer bundle crossover"":0,""layer bundle crossover + repair"":0},""depth_mask_entries_changed_by_type"":{""depth"":212,""quantization"":0,""joint_aware"":0,""interaction_aware"":0,""sequential_quantization"":0,""fixed_quant_depth"":0,""component crossover"":0,""component crossover + repair"":0,""layer bundle crossover"":0,""layer bundle crossover + repair"":0},""quant_assignments_changed_by_type"":{""depth"":121,""quantization"":130,""joint_aware"":0,""interaction_aware"":0,""sequential_quantization"":0,""fixed_quant_depth"":0,""component crossover"":0,""component crossover + repair"":0,""layer bundle crossover"":0,""layer bundle crossover + repair"":0},""depth_mask_entries_changed_total"":212,""quant_assignments_changed_total"":251,""interaction_aware_details"":{""budget_repair_quant_changes"":0,""preferred_quant_exchanges_used"":0,""fallback_quant_exchanges_used"":0},""crossover_diagnostics"":{""crossover_type"":""component"",""crossover_parent_selection"":""uniform"",""crossover_offspring"":0,""crossover_offspring_accepted"":0,""mutation_offspring_accepted"":128,""mutation_offspring"":128,""crossover_offspring_attempted"":0,""crossover_duplicates"":0,""crossover_infeasible_candidates"":0,""crossover_repair_changed_gene_count"":0,""crossover_repaired_proposals"":0,""parent_distance_mean"":null,""parent_distance_min"":null,""parent_distance_max"":null,""child_distance_from_parent_a_mean"":null,""child_distance_from_parent_b_mean"":null,""layers_from_parent_a_mean"":null,""layers_from_parent_b_mean"":null,""crossover_no_legal_exchange"":0,""local_exchange_attention"":0,""local_exchange_mlp"":0,""local_exchange_quantization"":0,""local_exchange_block"":0,""child_distance_from_base_mean"":null,""child_distance_from_base_min"":null,""child_distance_from_base_max"":null,""child_distance_from_base_count"":0,""child_distance_from_donor_mean"":null,""child_distance_from_donor_min"":null,""child_distance_from_donor_max"":null,""child_distance_from_donor_count"":0,""donor_distance_reduction_mean"":null,""donor_distance_reduction_min"":null,""donor_distance_reduction_max"":null,""donor_distance_reduction_count"":0,""local_exchange_changed_gene_count_mean"":null,""local_exchange_changed_gene_count_min"":null,""local_exchange_changed_gene_count_max"":null,""local_exchange_changed_gene_count_count"":0,""child_distance_statistics_scope"":""accepted_unique_crossover_offspring"",""persistent_population_size"":1,""unique_population_size"":1,""best_population_fitness"":0.21484375,""configured_survivors_per_selection"":[16,4,1],""effective_survivors_per_selection"":[16,4,1],""effective_final_survivor_count"":1},""offspring_generation"":{""attempts"":128,""no_op_mutations"":0,""duplicate_candidates"":0,""infeasible_candidates"":0,""fixed_quant_legal_swap_counts"":[]},""maximum_depth_mutations_per_offspring"":3,""quantization_step_size"":1,""quantization_mutations_per_offspring"":1,""joint_aware_probability"":0.0,""adaptive_mutation"":false,""adaptive_mutation_strength"":1,""adaptive_mutation_patience"":3,""adaptive_mutation_max_strength"":3,""coarse_to_fine_mutation"":false,""coarse_to_fine_start_strength"":3,""coarse_to_fine_end_strength"":1,""stagnation_generations_after_selection"":0}",quantization,True,128,128,16,5,262144,262144,655360,8344,66060288,46061.175268337945,15276.82177734375
57,0.2100830078125,0.21484375,kl,0.2100830078125,,,,,0,{},128,16,4,1,"[16,4,1]","[2048,16384,131072]",6375608320,3.4642857142857144,3216.5078125,26982023168,26982023168,0,4,4,"{""type"":""mixed_depth_quantization"",""sequential_mode"":""none"",""joint_mutation_mode"":""standard"",""parent_before_generation_hash"":""01dafa214b179475438049304d0e01a71eba42b2d4ff771702c87638400bbdef"",""parent_after_generation_hash"":""8e3aaeef03e3c7abdf673a5b71ae3d8d20141048c921d9e0849855cbc55d37c1"",""generated_offspring_by_type"":{""depth"":66,""quantization"":62,""joint_aware"":0,""interaction_aware"":0,""sequential_quantization"":0,""fixed_quant_depth"":0,""component crossover"":0,""component crossover + repair"":0,""layer bundle crossover"":0,""layer bundle crossover + repair"":0},""depth_mask_entries_changed_by_type"":{""depth"":190,""quantization"":0,""joint_aware"":0,""interaction_aware"":0,""sequential_quantization"":0,""fixed_quant_depth"":0,""component crossover"":0,""component crossover + repair"":0,""layer bundle crossover"":0,""layer bundle crossover + repair"":0},""quant_assignments_changed_by_type"":{""depth"":115,""quantization"":139,""joint_aware"":0,""interaction_aware"":0,""sequential_quantization"":0,""fixed_quant_depth"":0,""component crossover"":0,""component crossover + repair"":0,""layer bundle crossover"":0,""layer bundle crossover + repair"":0},""depth_mask_entries_changed_total"":190,""quant_assignments_changed_total"":254,""interaction_aware_details"":{""budget_repair_quant_changes"":0,""preferred_quant_exchanges_used"":0,""fallback_quant_exchanges_used"":0},""crossover_diagnostics"":{""crossover_type"":""component"",""crossover_parent_selection"":""uniform"",""crossover_offspring"":0,""crossover_offspring_accepted"":0,""mutation_offspring_accepted"":128,""mutation_offspring"":128,""crossover_offspring_attempted"":0,""crossover_duplicates"":0,""crossover_infeasible_candidates"":0,""crossover_repair_changed_gene_count"":0,""crossover_repaired_proposals"":0,""parent_distance_mean"":null,""parent_distance_min"":null,""parent_distance_max"":null,""child_distance_from_parent_a_mean"":null,""child_distance_from_parent_b_mean"":null,""layers_from_parent_a_mean"":null,""layers_from_parent_b_mean"":null,""crossover_no_legal_exchange"":0,""local_exchange_attention"":0,""local_exchange_mlp"":0,""local_exchange_quantization"":0,""local_exchange_block"":0,""child_distance_from_base_mean"":null,""child_distance_from_base_min"":null,""child_distance_from_base_max"":null,""child_distance_from_base_count"":0,""child_distance_from_donor_mean"":null,""child_distance_from_donor_min"":null,""child_distance_from_donor_max"":null,""child_distance_from_donor_count"":0,""donor_distance_reduction_mean"":null,""donor_distance_reduction_min"":null,""donor_distance_reduction_max"":null,""donor_distance_reduction_count"":0,""local_exchange_changed_gene_count_mean"":null,""local_exchange_changed_gene_count_min"":null,""local_exchange_changed_gene_count_max"":null,""local_exchange_changed_gene_count_count"":0,""child_distance_statistics_scope"":""accepted_unique_crossover_offspring"",""persistent_population_size"":1,""unique_population_size"":1,""best_population_fitness"":0.2100830078125,""configured_survivors_per_selection"":[16,4,1],""effective_survivors_per_selection"":[16,4,1],""effective_final_survivor_count"":1},""offspring_generation"":{""attempts"":128,""no_op_mutations"":0,""duplicate_candidates"":0,""infeasible_candidates"":0,""fixed_quant_legal_swap_counts"":[]},""maximum_depth_mutations_per_offspring"":3,""quantization_step_size"":1,""quantization_mutations_per_offspring"":1,""joint_aware_probability"":0.0,""adaptive_mutation"":false,""adaptive_mutation_strength"":1,""adaptive_mutation_patience"":3,""adaptive_mutation_max_strength"":3,""coarse_to_fine_mutation"":false,""coarse_to_fine_start_strength"":3,""coarse_to_fine_end_strength"":1,""stagnation_generations_after_selection"":0}",quantization,True,128,128,16,5,262144,262144,655360,8493,67239936,46945.950188028975,15276.82177734375
58,0.204345703125,0.2100830078125,kl,0.204345703125,,,,,0,{},128,16,4,1,"[16,4,1]","[2048,16384,131072]",6375608320,3.4642857142857144,3216.5078125,26982023168,26982023168,0,4,4,"{""type"":""mixed_depth_quantization"",""sequential_mode"":""none"",""joint_mutation_mode"":""standard"",""parent_before_generation_hash"":""8e3aaeef03e3c7abdf673a5b71ae3d8d20141048c921d9e0849855cbc55d37c1"",""parent_after_generation_hash"":""9ae883f2f5553b3740347b09b678c33dcb0652183f9c2a8f439f76436733cd20"",""generated_offspring_by_type"":{""depth"":75,""quantization"":53,""joint_aware"":0,""interaction_aware"":0,""sequential_quantization"":0,""fixed_quant_depth"":0,""component crossover"":0,""component crossover + repair"":0,""layer bundle crossover"":0,""layer bundle crossover + repair"":0},""depth_mask_entries_changed_by_type"":{""depth"":228,""quantization"":0,""joint_aware"":0,""interaction_aware"":0,""sequential_quantization"":0,""fixed_quant_depth"":0,""component crossover"":0,""component crossover + repair"":0,""layer bundle crossover"":0,""layer bundle crossover + repair"":0},""quant_assignments_changed_by_type"":{""depth"":157,""quantization"":118,""joint_aware"":0,""interaction_aware"":0,""sequential_quantization"":0,""fixed_quant_depth"":0,""component crossover"":0,""component crossover + repair"":0,""layer bundle crossover"":0,""layer bundle crossover + repair"":0},""depth_mask_entries_changed_total"":228,""quant_assignments_changed_total"":275,""interaction_aware_details"":{""budget_repair_quant_changes"":0,""preferred_quant_exchanges_used"":0,""fallback_quant_exchanges_used"":0},""crossover_diagnostics"":{""crossover_type"":""component"",""crossover_parent_selection"":""uniform"",""crossover_offspring"":0,""crossover_offspring_accepted"":0,""mutation_offspring_accepted"":128,""mutation_offspring"":128,""crossover_offspring_attempted"":0,""crossover_duplicates"":0,""crossover_infeasible_candidates"":0,""crossover_repair_changed_gene_count"":0,""crossover_repaired_proposals"":0,""parent_distance_mean"":null,""parent_distance_min"":null,""parent_distance_max"":null,""child_distance_from_parent_a_mean"":null,""child_distance_from_parent_b_mean"":null,""layers_from_parent_a_mean"":null,""layers_from_parent_b_mean"":null,""crossover_no_legal_exchange"":0,""local_exchange_attention"":0,""local_exchange_mlp"":0,""local_exchange_quantization"":0,""local_exchange_block"":0,""child_distance_from_base_mean"":null,""child_distance_from_base_min"":null,""child_distance_from_base_max"":null,""child_distance_from_base_count"":0,""child_distance_from_donor_mean"":null,""child_distance_from_donor_min"":null,""child_distance_from_donor_max"":null,""child_distance_from_donor_count"":0,""donor_distance_reduction_mean"":null,""donor_distance_reduction_min"":null,""donor_distance_reduction_max"":null,""donor_distance_reduction_count"":0,""local_exchange_changed_gene_count_mean"":null,""local_exchange_changed_gene_count_min"":null,""local_exchange_changed_gene_count_max"":null,""local_exchange_changed_gene_count_count"":0,""child_distance_statistics_scope"":""accepted_unique_crossover_offspring"",""persistent_population_size"":1,""unique_population_size"":1,""best_population_fitness"":0.204345703125,""configured_survivors_per_selection"":[16,4,1],""effective_survivors_per_selection"":[16,4,1],""effective_final_survivor_count"":1},""offspring_generation"":{""attempts"":128,""no_op_mutations"":0,""duplicate_candidates"":0,""infeasible_candidates"":0,""fixed_quant_legal_swap_counts"":[]},""maximum_depth_mutations_per_offspring"":3,""quantization_step_size"":1,""quantization_mutations_per_offspring"":1,""joint_aware_probability"":0.0,""adaptive_mutation"":false,""adaptive_mutation_strength"":1,""adaptive_mutation_patience"":3,""adaptive_mutation_max_strength"":3,""coarse_to_fine_mutation"":false,""coarse_to_fine_start_strength"":3,""coarse_to_fine_end_strength"":1,""stagnation_generations_after_selection"":0}",quantization,True,128,128,16,5,262144,262144,655360,8642,68419584,47798.802307031,15276.82177734375
59,0.2130126953125,0.204345703125,kl,0.2130126953125,,,,,0,{},128,16,4,1,"[16,4,1]","[2048,16384,131072]",6375608320,3.4642857142857144,3216.5078125,26982023168,26982023168,0,4,4,"{""type"":""mixed_depth_quantization"",""sequential_mode"":""none"",""joint_mutation_mode"":""standard"",""parent_before_generation_hash"":""9ae883f2f5553b3740347b09b678c33dcb0652183f9c2a8f439f76436733cd20"",""parent_after_generation_hash"":""7f58d2db02eb797170cd69a5afaf1515fba2f0934377b704b55e1a421f9c0de6"",""generated_offspring_by_type"":{""depth"":61,""quantization"":67,""joint_aware"":0,""interaction_aware"":0,""sequential_quantization"":0,""fixed_quant_depth"":0,""component crossover"":0,""component crossover + repair"":0,""layer bundle crossover"":0,""layer bundle crossover + repair"":0},""depth_mask_entries_changed_by_type"":{""depth"":178,""quantization"":0,""joint_aware"":0,""interaction_aware"":0,""sequential_quantization"":0,""fixed_quant_depth"":0,""component crossover"":0,""component crossover + repair"":0,""layer bundle crossover"":0,""layer bundle crossover + repair"":0},""quant_assignments_changed_by_type"":{""depth"":107,""quantization"":141,""joint_aware"":0,""interaction_aware"":0,""sequential_quantization"":0,""fixed_quant_depth"":0,""component crossover"":0,""component crossover + repair"":0,""layer bundle crossover"":0,""layer bundle crossover + repair"":0},""depth_mask_entries_changed_total"":178,""quant_assignments_changed_total"":248,""interaction_aware_details"":{""budget_repair_quant_changes"":0,""preferred_quant_exchanges_used"":0,""fallback_quant_exchanges_used"":0},""crossover_diagnostics"":{""crossover_type"":""component"",""crossover_parent_selection"":""uniform"",""crossover_offspring"":0,""crossover_offspring_accepted"":0,""mutation_offspring_accepted"":128,""mutation_offspring"":128,""crossover_offspring_attempted"":0,""crossover_duplicates"":0,""crossover_infeasible_candidates"":0,""crossover_repair_changed_gene_count"":0,""crossover_repaired_proposals"":0,""parent_distance_mean"":null,""parent_distance_min"":null,""parent_distance_max"":null,""child_distance_from_parent_a_mean"":null,""child_distance_from_parent_b_mean"":null,""layers_from_parent_a_mean"":null,""layers_from_parent_b_mean"":null,""crossover_no_legal_exchange"":0,""local_exchange_attention"":0,""local_exchange_mlp"":0,""local_exchange_quantization"":0,""local_exchange_block"":0,""child_distance_from_base_mean"":null,""child_distance_from_base_min"":null,""child_distance_from_base_max"":null,""child_distance_from_base_count"":0,""child_distance_from_donor_mean"":null,""child_distance_from_donor_min"":null,""child_distance_from_donor_max"":null,""child_distance_from_donor_count"":0,""donor_distance_reduction_mean"":null,""donor_distance_reduction_min"":null,""donor_distance_reduction_max"":null,""donor_distance_reduction_count"":0,""local_exchange_changed_gene_count_mean"":null,""local_exchange_changed_gene_count_min"":null,""local_exchange_changed_gene_count_max"":null,""local_exchange_changed_gene_count_count"":0,""child_distance_statistics_scope"":""accepted_unique_crossover_offspring"",""persistent_population_size"":1,""unique_population_size"":1,""best_population_fitness"":0.2130126953125,""configured_survivors_per_selection"":[16,4,1],""effective_survivors_per_selection"":[16,4,1],""effective_final_survivor_count"":1},""offspring_generation"":{""attempts"":128,""no_op_mutations"":0,""duplicate_candidates"":0,""infeasible_candidates"":0,""fixed_quant_legal_swap_counts"":[]},""maximum_depth_mutations_per_offspring"":3,""quantization_step_size"":1,""quantization_mutations_per_offspring"":1,""joint_aware_probability"":0.0,""adaptive_mutation"":false,""adaptive_mutation_strength"":1,""adaptive_mutation_patience"":3,""adaptive_mutation_max_strength"":3,""coarse_to_fine_mutation"":false,""coarse_to_fine_start_strength"":3,""coarse_to_fine_end_strength"":1,""stagnation_generations_after_selection"":0}",quantization,True,128,128,16,5,262144,262144,655360,8791,69599232,48542.247242947924,15276.82177734375
60,0.2191162109375,0.2130126953125,kl,0.2191162109375,,,,,0,{},128,16,4,1,"[16,4,1]","[2048,16384,131072]",6375608320,3.4642857142857144,3216.5078125,26982023168,26982023168,0,4,4,"{""type"":""mixed_depth_quantization"",""sequential_mode"":""none"",""joint_mutation_mode"":""standard"",""parent_before_generation_hash"":""7f58d2db02eb797170cd69a5afaf1515fba2f0934377b704b55e1a421f9c0de6"",""parent_after_generation_hash"":""8dfb16f8d15a9d152bdde3c4d9d49cb572178c2aeba6cb6b100e6ce3765bb66c"",""generated_offspring_by_type"":{""depth"":66,""quantization"":62,""joint_aware"":0,""interaction_aware"":0,""sequential_quantization"":0,""fixed_quant_depth"":0,""component crossover"":0,""component crossover + repair"":0,""layer bundle crossover"":0,""layer bundle crossover + repair"":0},""depth_mask_entries_changed_by_type"":{""depth"":186,""quantization"":0,""joint_aware"":0,""interaction_aware"":0,""sequential_quantization"":0,""fixed_quant_depth"":0,""component crossover"":0,""component crossover + repair"":0,""layer bundle crossover"":0,""layer bundle crossover + repair"":0},""quant_assignments_changed_by_type"":{""depth"":100,""quantization"":139,""joint_aware"":0,""interaction_aware"":0,""sequential_quantization"":0,""fixed_quant_depth"":0,""component crossover"":0,""component crossover + repair"":0,""layer bundle crossover"":0,""layer bundle crossover + repair"":0},""depth_mask_entries_changed_total"":186,""quant_assignments_changed_total"":239,""interaction_aware_details"":{""budget_repair_quant_changes"":0,""preferred_quant_exchanges_used"":0,""fallback_quant_exchanges_used"":0},""crossover_diagnostics"":{""crossover_type"":""component"",""crossover_parent_selection"":""uniform"",""crossover_offspring"":0,""crossover_offspring_accepted"":0,""mutation_offspring_accepted"":128,""mutation_offspring"":128,""crossover_offspring_attempted"":0,""crossover_duplicates"":0,""crossover_infeasible_candidates"":0,""crossover_repair_changed_gene_count"":0,""crossover_repaired_proposals"":0,""parent_distance_mean"":null,""parent_distance_min"":null,""parent_distance_max"":null,""child_distance_from_parent_a_mean"":null,""child_distance_from_parent_b_mean"":null,""layers_from_parent_a_mean"":null,""layers_from_parent_b_mean"":null,""crossover_no_legal_exchange"":0,""local_exchange_attention"":0,""local_exchange_mlp"":0,""local_exchange_quantization"":0,""local_exchange_block"":0,""child_distance_from_base_mean"":null,""child_distance_from_base_min"":null,""child_distance_from_base_max"":null,""child_distance_from_base_count"":0,""child_distance_from_donor_mean"":null,""child_distance_from_donor_min"":null,""child_distance_from_donor_max"":null,""child_distance_from_donor_count"":0,""donor_distance_reduction_mean"":null,""donor_distance_reduction_min"":null,""donor_distance_reduction_max"":null,""donor_distance_reduction_count"":0,""local_exchange_changed_gene_count_mean"":null,""local_exchange_changed_gene_count_min"":null,""local_exchange_changed_gene_count_max"":null,""local_exchange_changed_gene_count_count"":0,""child_distance_statistics_scope"":""accepted_unique_crossover_offspring"",""persistent_population_size"":1,""unique_population_size"":1,""best_population_fitness"":0.2191162109375,""configured_survivors_per_selection"":[16,4,1],""effective_survivors_per_selection"":[16,4,1],""effective_final_survivor_count"":1},""offspring_generation"":{""attempts"":131,""no_op_mutations"":1,""duplicate_candidates"":2,""infeasible_candidates"":0,""fixed_quant_legal_swap_counts"":[]},""maximum_depth_mutations_per_offspring"":3,""quantization_step_size"":1,""quantization_mutations_per_offspring"":1,""joint_aware_probability"":0.0,""adaptive_mutation"":false,""adaptive_mutation_strength"":1,""adaptive_mutation_patience"":3,""adaptive_mutation_max_strength"":3,""coarse_to_fine_mutation"":false,""coarse_to_fine_start_strength"":3,""coarse_to_fine_end_strength"":1,""stagnation_generations_after_selection"":0}",quantization,True,131,128,16,5,262144,262144,655360,8940,70778880,49293.66695657896,15276.82177734375
61,0.2110595703125,0.2191162109375,kl,0.2110595703125,7.8671875,6.52734375,9.7109375,,917504,"{""wikitext2"":327680,""c4"":589824}",128,16,4,1,"[16,4,1]","[2048,16384,131072]",6375608320,3.4642857142857144,3216.5078125,26982023168,26982023168,0,4,4,"{""type"":""mixed_depth_quantization"",""sequential_mode"":""none"",""joint_mutation_mode"":""standard"",""parent_before_generation_hash"":""8dfb16f8d15a9d152bdde3c4d9d49cb572178c2aeba6cb6b100e6ce3765bb66c"",""parent_after_generation_hash"":""b3eb065db59257f46db647ce68c9a12b9990301f1a5315d78d0e128f3907bed3"",""generated_offspring_by_type"":{""depth"":67,""quantization"":61,""joint_aware"":0,""interaction_aware"":0,""sequential_quantization"":0,""fixed_quant_depth"":0,""component crossover"":0,""component crossover + repair"":0,""layer bundle crossover"":0,""layer bundle crossover + repair"":0},""depth_mask_entries_changed_by_type"":{""depth"":180,""quantization"":0,""joint_aware"":0,""interaction_aware"":0,""sequential_quantization"":0,""fixed_quant_depth"":0,""component crossover"":0,""component crossover + repair"":0,""layer bundle crossover"":0,""layer bundle crossover + repair"":0},""quant_assignments_changed_by_type"":{""depth"":117,""quantization"":137,""joint_aware"":0,""interaction_aware"":0,""sequential_quantization"":0,""fixed_quant_depth"":0,""component crossover"":0,""component crossover + repair"":0,""layer bundle crossover"":0,""layer bundle crossover + repair"":0},""depth_mask_entries_changed_total"":180,""quant_assignments_changed_total"":254,""interaction_aware_details"":{""budget_repair_quant_changes"":0,""preferred_quant_exchanges_used"":0,""fallback_quant_exchanges_used"":0},""crossover_diagnostics"":{""crossover_type"":""component"",""crossover_parent_selection"":""uniform"",""crossover_offspring"":0,""crossover_offspring_accepted"":0,""mutation_offspring_accepted"":128,""mutation_offspring"":128,""crossover_offspring_attempted"":0,""crossover_duplicates"":0,""crossover_infeasible_candidates"":0,""crossover_repair_changed_gene_count"":0,""crossover_repaired_proposals"":0,""parent_distance_mean"":null,""parent_distance_min"":null,""parent_distance_max"":null,""child_distance_from_parent_a_mean"":null,""child_distance_from_parent_b_mean"":null,""layers_from_parent_a_mean"":null,""layers_from_parent_b_mean"":null,""crossover_no_legal_exchange"":0,""local_exchange_attention"":0,""local_exchange_mlp"":0,""local_exchange_quantization"":0,""local_exchange_block"":0,""child_distance_from_base_mean"":null,""child_distance_from_base_min"":null,""child_distance_from_base_max"":null,""child_distance_from_base_count"":0,""child_distance_from_donor_mean"":null,""child_distance_from_donor_min"":null,""child_distance_from_donor_max"":null,""child_distance_from_donor_count"":0,""donor_distance_reduction_mean"":null,""donor_distance_reduction_min"":null,""donor_distance_reduction_max"":null,""donor_distance_reduction_count"":0,""local_exchange_changed_gene_count_mean"":null,""local_exchange_changed_gene_count_min"":null,""local_exchange_changed_gene_count_max"":null,""local_exchange_changed_gene_count_count"":0,""child_distance_statistics_scope"":""accepted_unique_crossover_offspring"",""persistent_population_size"":1,""unique_population_size"":1,""best_population_fitness"":0.2110595703125,""configured_survivors_per_selection"":[16,4,1],""effective_survivors_per_selection"":[16,4,1],""effective_final_survivor_count"":1},""offspring_generation"":{""attempts"":129,""no_op_mutations"":0,""duplicate_candidates"":1,""infeasible_candidates"":0,""fixed_quant_legal_swap_counts"":[]},""maximum_depth_mutations_per_offspring"":3,""quantization_step_size"":1,""quantization_mutations_per_offspring"":1,""joint_aware_probability"":0.0,""adaptive_mutation"":false,""adaptive_mutation_strength"":1,""adaptive_mutation_patience"":3,""adaptive_mutation_max_strength"":3,""coarse_to_fine_mutation"":false,""coarse_to_fine_start_strength"":3,""coarse_to_fine_end_strength"":1,""stagnation_generations_after_selection"":0}",quantization,True,129,128,16,5,262144,262144,655360,9089,71958528,50259.295228748,15276.82177734375
62,0.2093505859375,0.2110595703125,kl,0.2093505859375,,,,,0,{},128,16,4,1,"[16,4,1]","[2048,16384,131072]",6375608320,3.4642857142857144,3216.5078125,26982023168,26982023168,0,4,4,"{""type"":""mixed_depth_quantization"",""sequential_mode"":""none"",""joint_mutation_mode"":""standard"",""parent_before_generation_hash"":""b3eb065db59257f46db647ce68c9a12b9990301f1a5315d78d0e128f3907bed3"",""parent_after_generation_hash"":""dd6b4b264573efdc2bd3fbce3f85b53965335f356b8f1f86e79d878890592d2d"",""generated_offspring_by_type"":{""depth"":57,""quantization"":71,""joint_aware"":0,""interaction_aware"":0,""sequential_quantization"":0,""fixed_quant_depth"":0,""component crossover"":0,""component crossover + repair"":0,""layer bundle crossover"":0,""layer bundle crossover + repair"":0},""depth_mask_entries_changed_by_type"":{""depth"":168,""quantization"":0,""joint_aware"":0,""interaction_aware"":0,""sequential_quantization"":0,""fixed_quant_depth"":0,""component crossover"":0,""component crossover + repair"":0,""layer bundle crossover"":0,""layer bundle crossover + repair"":0},""quant_assignments_changed_by_type"":{""depth"":110,""quantization"":154,""joint_aware"":0,""interaction_aware"":0,""sequential_quantization"":0,""fixed_quant_depth"":0,""component crossover"":0,""component crossover + repair"":0,""layer bundle crossover"":0,""layer bundle crossover + repair"":0},""depth_mask_entries_changed_total"":168,""quant_assignments_changed_total"":264,""interaction_aware_details"":{""budget_repair_quant_changes"":0,""preferred_quant_exchanges_used"":0,""fallback_quant_exchanges_used"":0},""crossover_diagnostics"":{""crossover_type"":""component"",""crossover_parent_selection"":""uniform"",""crossover_offspring"":0,""crossover_offspring_accepted"":0,""mutation_offspring_accepted"":128,""mutation_offspring"":128,""crossover_offspring_attempted"":0,""crossover_duplicates"":0,""crossover_infeasible_candidates"":0,""crossover_repair_changed_gene_count"":0,""crossover_repaired_proposals"":0,""parent_distance_mean"":null,""parent_distance_min"":null,""parent_distance_max"":null,""child_distance_from_parent_a_mean"":null,""child_distance_from_parent_b_mean"":null,""layers_from_parent_a_mean"":null,""layers_from_parent_b_mean"":null,""crossover_no_legal_exchange"":0,""local_exchange_attention"":0,""local_exchange_mlp"":0,""local_exchange_quantization"":0,""local_exchange_block"":0,""child_distance_from_base_mean"":null,""child_distance_from_base_min"":null,""child_distance_from_base_max"":null,""child_distance_from_base_count"":0,""child_distance_from_donor_mean"":null,""child_distance_from_donor_min"":null,""child_distance_from_donor_max"":null,""child_distance_from_donor_count"":0,""donor_distance_reduction_mean"":null,""donor_distance_reduction_min"":null,""donor_distance_reduction_max"":null,""donor_distance_reduction_count"":0,""local_exchange_changed_gene_count_mean"":null,""local_exchange_changed_gene_count_min"":null,""local_exchange_changed_gene_count_max"":null,""local_exchange_changed_gene_count_count"":0,""child_distance_statistics_scope"":""accepted_unique_crossover_offspring"",""persistent_population_size"":1,""unique_population_size"":1,""best_population_fitness"":0.2093505859375,""configured_survivors_per_selection"":[16,4,1],""effective_survivors_per_selection"":[16,4,1],""effective_final_survivor_count"":1},""offspring_generation"":{""attempts"":128,""no_op_mutations"":0,""duplicate_candidates"":0,""infeasible_candidates"":0,""fixed_quant_legal_swap_counts"":[]},""maximum_depth_mutations_per_offspring"":3,""quantization_step_size"":1,""quantization_mutations_per_offspring"":1,""joint_aware_probability"":0.0,""adaptive_mutation"":false,""adaptive_mutation_strength"":1,""adaptive_mutation_patience"":3,""adaptive_mutation_max_strength"":3,""coarse_to_fine_mutation"":false,""coarse_to_fine_start_strength"":3,""coarse_to_fine_end_strength"":1,""stagnation_generations_after_selection"":0}",quantization,True,128,128,16,5,262144,262144,655360,9238,73138176,51058.28606205492,15276.82177734375
63,0.2052001953125,0.2093505859375,kl,0.2052001953125,,,,,0,{},128,16,4,1,"[16,4,1]","[2048,16384,131072]",6375608320,3.4642857142857144,3216.5078125,26982023168,26982023168,0,4,4,"{""type"":""mixed_depth_quantization"",""sequential_mode"":""none"",""joint_mutation_mode"":""standard"",""parent_before_generation_hash"":""dd6b4b264573efdc2bd3fbce3f85b53965335f356b8f1f86e79d878890592d2d"",""parent_after_generation_hash"":""9ac477dc098754a8c6f598b0952849e11dedf87673df107515bb19cdb2ecde80"",""generated_offspring_by_type"":{""depth"":67,""quantization"":61,""joint_aware"":0,""interaction_aware"":0,""sequential_quantization"":0,""fixed_quant_depth"":0,""component crossover"":0,""component crossover + repair"":0,""layer bundle crossover"":0,""layer bundle crossover + repair"":0},""depth_mask_entries_changed_by_type"":{""depth"":206,""quantization"":0,""joint_aware"":0,""interaction_aware"":0,""sequential_quantization"":0,""fixed_quant_depth"":0,""component crossover"":0,""component crossover + repair"":0,""layer bundle crossover"":0,""layer bundle crossover + repair"":0},""quant_assignments_changed_by_type"":{""depth"":137,""quantization"":136,""joint_aware"":0,""interaction_aware"":0,""sequential_quantization"":0,""fixed_quant_depth"":0,""component crossover"":0,""component crossover + repair"":0,""layer bundle crossover"":0,""layer bundle crossover + repair"":0},""depth_mask_entries_changed_total"":206,""quant_assignments_changed_total"":273,""interaction_aware_details"":{""budget_repair_quant_changes"":0,""preferred_quant_exchanges_used"":0,""fallback_quant_exchanges_used"":0},""crossover_diagnostics"":{""crossover_type"":""component"",""crossover_parent_selection"":""uniform"",""crossover_offspring"":0,""crossover_offspring_accepted"":0,""mutation_offspring_accepted"":128,""mutation_offspring"":128,""crossover_offspring_attempted"":0,""crossover_duplicates"":0,""crossover_infeasible_candidates"":0,""crossover_repair_changed_gene_count"":0,""crossover_repaired_proposals"":0,""parent_distance_mean"":null,""parent_distance_min"":null,""parent_distance_max"":null,""child_distance_from_parent_a_mean"":null,""child_distance_from_parent_b_mean"":null,""layers_from_parent_a_mean"":null,""layers_from_parent_b_mean"":null,""crossover_no_legal_exchange"":0,""local_exchange_attention"":0,""local_exchange_mlp"":0,""local_exchange_quantization"":0,""local_exchange_block"":0,""child_distance_from_base_mean"":null,""child_distance_from_base_min"":null,""child_distance_from_base_max"":null,""child_distance_from_base_count"":0,""child_distance_from_donor_mean"":null,""child_distance_from_donor_min"":null,""child_distance_from_donor_max"":null,""child_distance_from_donor_count"":0,""donor_distance_reduction_mean"":null,""donor_distance_reduction_min"":null,""donor_distance_reduction_max"":null,""donor_distance_reduction_count"":0,""local_exchange_changed_gene_count_mean"":null,""local_exchange_changed_gene_count_min"":null,""local_exchange_changed_gene_count_max"":null,""local_exchange_changed_gene_count_count"":0,""child_distance_statistics_scope"":""accepted_unique_crossover_offspring"",""persistent_population_size"":1,""unique_population_size"":1,""best_population_fitness"":0.2052001953125,""configured_survivors_per_selection"":[16,4,1],""effective_survivors_per_selection"":[16,4,1],""effective_final_survivor_count"":1},""offspring_generation"":{""attempts"":129,""no_op_mutations"":0,""duplicate_candidates"":1,""infeasible_candidates"":0,""fixed_quant_legal_swap_counts"":[]},""maximum_depth_mutations_per_offspring"":3,""quantization_step_size"":1,""quantization_mutations_per_offspring"":1,""joint_aware_probability"":0.0,""adaptive_mutation"":false,""adaptive_mutation_strength"":1,""adaptive_mutation_patience"":3,""adaptive_mutation_max_strength"":3,""coarse_to_fine_mutation"":false,""coarse_to_fine_start_strength"":3,""coarse_to_fine_end_strength"":1,""stagnation_generations_after_selection"":0}",quantization,True,129,128,16,5,262144,262144,655360,9387,74317824,51765.04902802699,15276.82177734375
64,0.2100830078125,0.2052001953125,kl,0.2100830078125,,,,,0,{},128,16,4,1,"[16,4,1]","[2048,16384,131072]",6375608320,3.4642857142857144,3216.5078125,26982023168,26982023168,0,4,4,"{""type"":""mixed_depth_quantization"",""sequential_mode"":""none"",""joint_mutation_mode"":""standard"",""parent_before_generation_hash"":""9ac477dc098754a8c6f598b0952849e11dedf87673df107515bb19cdb2ecde80"",""parent_after_generation_hash"":""55f5f99e35fd3b9be53df67689afb3e59ae91869e2ec2b65f100133e950576fd"",""generated_offspring_by_type"":{""depth"":64,""quantization"":64,""joint_aware"":0,""interaction_aware"":0,""sequential_quantization"":0,""fixed_quant_depth"":0,""component crossover"":0,""component crossover + repair"":0,""layer bundle crossover"":0,""layer bundle crossover + repair"":0},""depth_mask_entries_changed_by_type"":{""depth"":178,""quantization"":0,""joint_aware"":0,""interaction_aware"":0,""sequential_quantization"":0,""fixed_quant_depth"":0,""component crossover"":0,""component crossover + repair"":0,""layer bundle crossover"":0,""layer bundle crossover + repair"":0},""quant_assignments_changed_by_type"":{""depth"":111,""quantization"":138,""joint_aware"":0,""interaction_aware"":0,""sequential_quantization"":0,""fixed_quant_depth"":0,""component crossover"":0,""component crossover + repair"":0,""layer bundle crossover"":0,""layer bundle crossover + repair"":0},""depth_mask_entries_changed_total"":178,""quant_assignments_changed_total"":249,""interaction_aware_details"":{""budget_repair_quant_changes"":0,""preferred_quant_exchanges_used"":0,""fallback_quant_exchanges_used"":0},""crossover_diagnostics"":{""crossover_type"":""component"",""crossover_parent_selection"":""uniform"",""crossover_offspring"":0,""crossover_offspring_accepted"":0,""mutation_offspring_accepted"":128,""mutation_offspring"":128,""crossover_offspring_attempted"":0,""crossover_duplicates"":0,""crossover_infeasible_candidates"":0,""crossover_repair_changed_gene_count"":0,""crossover_repaired_proposals"":0,""parent_distance_mean"":null,""parent_distance_min"":null,""parent_distance_max"":null,""child_distance_from_parent_a_mean"":null,""child_distance_from_parent_b_mean"":null,""layers_from_parent_a_mean"":null,""layers_from_parent_b_mean"":null,""crossover_no_legal_exchange"":0,""local_exchange_attention"":0,""local_exchange_mlp"":0,""local_exchange_quantization"":0,""local_exchange_block"":0,""child_distance_from_base_mean"":null,""child_distance_from_base_min"":null,""child_distance_from_base_max"":null,""child_distance_from_base_count"":0,""child_distance_from_donor_mean"":null,""child_distance_from_donor_min"":null,""child_distance_from_donor_max"":null,""child_distance_from_donor_count"":0,""donor_distance_reduction_mean"":null,""donor_distance_reduction_min"":null,""donor_distance_reduction_max"":null,""donor_distance_reduction_count"":0,""local_exchange_changed_gene_count_mean"":null,""local_exchange_changed_gene_count_min"":null,""local_exchange_changed_gene_count_max"":null,""local_exchange_changed_gene_count_count"":0,""child_distance_statistics_scope"":""accepted_unique_crossover_offspring"",""persistent_population_size"":1,""unique_population_size"":1,""best_population_fitness"":0.2100830078125,""configured_survivors_per_selection"":[16,4,1],""effective_survivors_per_selection"":[16,4,1],""effective_final_survivor_count"":1},""offspring_generation"":{""attempts"":128,""no_op_mutations"":0,""duplicate_candidates"":0,""infeasible_candidates"":0,""fixed_quant_legal_swap_counts"":[]},""maximum_depth_mutations_per_offspring"":3,""quantization_step_size"":1,""quantization_mutations_per_offspring"":1,""joint_aware_probability"":0.0,""adaptive_mutation"":false,""adaptive_mutation_strength"":1,""adaptive_mutation_patience"":3,""adaptive_mutation_max_strength"":3,""coarse_to_fine_mutation"":false,""coarse_to_fine_start_strength"":3,""coarse_to_fine_end_strength"":1,""stagnation_generations_after_selection"":0}",quantization,True,128,128,16,5,262144,262144,655360,9536,75497472,52539.71177322499,15276.82177734375
65,0.208251953125,0.2100830078125,kl,0.208251953125,,,,,0,{},128,16,4,1,"[16,4,1]","[2048,16384,131072]",6375608320,3.4642857142857144,3216.5078125,26982023168,26982023168,0,4,4,"{""type"":""mixed_depth_quantization"",""sequential_mode"":""none"",""joint_mutation_mode"":""standard"",""parent_before_generation_hash"":""55f5f99e35fd3b9be53df67689afb3e59ae91869e2ec2b65f100133e950576fd"",""parent_after_generation_hash"":""7f2da8f57c44d54031eecf96ab3a68bb59f9127aca019a17be8ac187f48b0173"",""generated_offspring_by_type"":{""depth"":68,""quantization"":60,""joint_aware"":0,""interaction_aware"":0,""sequential_quantization"":0,""fixed_quant_depth"":0,""component crossover"":0,""component crossover + repair"":0,""layer bundle crossover"":0,""layer bundle crossover + repair"":0},""depth_mask_entries_changed_by_type"":{""depth"":190,""quantization"":0,""joint_aware"":0,""interaction_aware"":0,""sequential_quantization"":0,""fixed_quant_depth"":0,""component crossover"":0,""component crossover + repair"":0,""layer bundle crossover"":0,""layer bundle crossover + repair"":0},""quant_assignments_changed_by_type"":{""depth"":102,""quantization"":136,""joint_aware"":0,""interaction_aware"":0,""sequential_quantization"":0,""fixed_quant_depth"":0,""component crossover"":0,""component crossover + repair"":0,""layer bundle crossover"":0,""layer bundle crossover + repair"":0},""depth_mask_entries_changed_total"":190,""quant_assignments_changed_total"":238,""interaction_aware_details"":{""budget_repair_quant_changes"":0,""preferred_quant_exchanges_used"":0,""fallback_quant_exchanges_used"":0},""crossover_diagnostics"":{""crossover_type"":""component"",""crossover_parent_selection"":""uniform"",""crossover_offspring"":0,""crossover_offspring_accepted"":0,""mutation_offspring_accepted"":128,""mutation_offspring"":128,""crossover_offspring_attempted"":0,""crossover_duplicates"":0,""crossover_infeasible_candidates"":0,""crossover_repair_changed_gene_count"":0,""crossover_repaired_proposals"":0,""parent_distance_mean"":null,""parent_distance_min"":null,""parent_distance_max"":null,""child_distance_from_parent_a_mean"":null,""child_distance_from_parent_b_mean"":null,""layers_from_parent_a_mean"":null,""layers_from_parent_b_mean"":null,""crossover_no_legal_exchange"":0,""local_exchange_attention"":0,""local_exchange_mlp"":0,""local_exchange_quantization"":0,""local_exchange_block"":0,""child_distance_from_base_mean"":null,""child_distance_from_base_min"":null,""child_distance_from_base_max"":null,""child_distance_from_base_count"":0,""child_distance_from_donor_mean"":null,""child_distance_from_donor_min"":null,""child_distance_from_donor_max"":null,""child_distance_from_donor_count"":0,""donor_distance_reduction_mean"":null,""donor_distance_reduction_min"":null,""donor_distance_reduction_max"":null,""donor_distance_reduction_count"":0,""local_exchange_changed_gene_count_mean"":null,""local_exchange_changed_gene_count_min"":null,""local_exchange_changed_gene_count_max"":null,""local_exchange_changed_gene_count_count"":0,""child_distance_statistics_scope"":""accepted_unique_crossover_offspring"",""persistent_population_size"":1,""unique_population_size"":1,""best_population_fitness"":0.208251953125,""configured_survivors_per_selection"":[16,4,1],""effective_survivors_per_selection"":[16,4,1],""effective_final_survivor_count"":1},""offspring_generation"":{""attempts"":130,""no_op_mutations"":1,""duplicate_candidates"":1,""infeasible_candidates"":0,""fixed_quant_legal_swap_counts"":[]},""maximum_depth_mutations_per_offspring"":3,""quantization_step_size"":1,""quantization_mutations_per_offspring"":1,""joint_aware_probability"":0.0,""adaptive_mutation"":false,""adaptive_mutation_strength"":1,""adaptive_mutation_patience"":3,""adaptive_mutation_max_strength"":3,""coarse_to_fine_mutation"":false,""coarse_to_fine_start_strength"":3,""coarse_to_fine_end_strength"":1,""stagnation_generations_after_selection"":0}",quantization,True,130,128,16,5,262144,262144,655360,9685,76677120,53345.27878235199,15276.82177734375
66,0.208984375,0.208251953125,kl,0.208984375,7.8671875,6.52734375,9.7109375,,917504,"{""wikitext2"":327680,""c4"":589824}",128,16,4,1,"[16,4,1]","[2048,16384,131072]",6375608320,3.4642857142857144,3216.5078125,26982023168,26982023168,0,4,4,"{""type"":""mixed_depth_quantization"",""sequential_mode"":""none"",""joint_mutation_mode"":""standard"",""parent_before_generation_hash"":""7f2da8f57c44d54031eecf96ab3a68bb59f9127aca019a17be8ac187f48b0173"",""parent_after_generation_hash"":""0986376203fb35aa4bcbf0a0c42dfe292f187aa07951c0b92e579b65090b4ac2"",""generated_offspring_by_type"":{""depth"":65,""quantization"":63,""joint_aware"":0,""interaction_aware"":0,""sequential_quantization"":0,""fixed_quant_depth"":0,""component crossover"":0,""component crossover + repair"":0,""layer bundle crossover"":0,""layer bundle crossover + repair"":0},""depth_mask_entries_changed_by_type"":{""depth"":206,""quantization"":0,""joint_aware"":0,""interaction_aware"":0,""sequential_quantization"":0,""fixed_quant_depth"":0,""component crossover"":0,""component crossover + repair"":0,""layer bundle crossover"":0,""layer bundle crossover + repair"":0},""quant_assignments_changed_by_type"":{""depth"":114,""quantization"":142,""joint_aware"":0,""interaction_aware"":0,""sequential_quantization"":0,""fixed_quant_depth"":0,""component crossover"":0,""component crossover + repair"":0,""layer bundle crossover"":0,""layer bundle crossover + repair"":0},""depth_mask_entries_changed_total"":206,""quant_assignments_changed_total"":256,""interaction_aware_details"":{""budget_repair_quant_changes"":0,""preferred_quant_exchanges_used"":0,""fallback_quant_exchanges_used"":0},""crossover_diagnostics"":{""crossover_type"":""component"",""crossover_parent_selection"":""uniform"",""crossover_offspring"":0,""crossover_offspring_accepted"":0,""mutation_offspring_accepted"":128,""mutation_offspring"":128,""crossover_offspring_attempted"":0,""crossover_duplicates"":0,""crossover_infeasible_candidates"":0,""crossover_repair_changed_gene_count"":0,""crossover_repaired_proposals"":0,""parent_distance_mean"":null,""parent_distance_min"":null,""parent_distance_max"":null,""child_distance_from_parent_a_mean"":null,""child_distance_from_parent_b_mean"":null,""layers_from_parent_a_mean"":null,""layers_from_parent_b_mean"":null,""crossover_no_legal_exchange"":0,""local_exchange_attention"":0,""local_exchange_mlp"":0,""local_exchange_quantization"":0,""local_exchange_block"":0,""child_distance_from_base_mean"":null,""child_distance_from_base_min"":null,""child_distance_from_base_max"":null,""child_distance_from_base_count"":0,""child_distance_from_donor_mean"":null,""child_distance_from_donor_min"":null,""child_distance_from_donor_max"":null,""child_distance_from_donor_count"":0,""donor_distance_reduction_mean"":null,""donor_distance_reduction_min"":null,""donor_distance_reduction_max"":null,""donor_distance_reduction_count"":0,""local_exchange_changed_gene_count_mean"":null,""local_exchange_changed_gene_count_min"":null,""local_exchange_changed_gene_count_max"":null,""local_exchange_changed_gene_count_count"":0,""child_distance_statistics_scope"":""accepted_unique_crossover_offspring"",""persistent_population_size"":1,""unique_population_size"":1,""best_population_fitness"":0.208984375,""configured_survivors_per_selection"":[16,4,1],""effective_survivors_per_selection"":[16,4,1],""effective_final_survivor_count"":1},""offspring_generation"":{""attempts"":129,""no_op_mutations"":0,""duplicate_candidates"":1,""infeasible_candidates"":0,""fixed_quant_legal_swap_counts"":[]},""maximum_depth_mutations_per_offspring"":3,""quantization_step_size"":1,""quantization_mutations_per_offspring"":1,""joint_aware_probability"":0.0,""adaptive_mutation"":false,""adaptive_mutation_strength"":1,""adaptive_mutation_patience"":3,""adaptive_mutation_max_strength"":3,""coarse_to_fine_mutation"":false,""coarse_to_fine_start_strength"":3,""coarse_to_fine_end_strength"":1,""stagnation_generations_after_selection"":0}",quantization,True,129,128,16,5,262144,262144,655360,9834,77856768,54327.25335992896,15276.82177734375
67,0.206298828125,0.208984375,kl,0.206298828125,,,,,0,{},128,16,4,1,"[16,4,1]","[2048,16384,131072]",6375608320,3.4642857142857144,3216.5078125,26982023168,26982023168,0,4,4,"{""type"":""mixed_depth_quantization"",""sequential_mode"":""none"",""joint_mutation_mode"":""standard"",""parent_before_generation_hash"":""0986376203fb35aa4bcbf0a0c42dfe292f187aa07951c0b92e579b65090b4ac2"",""parent_after_generation_hash"":""b2592fb756fad3e4689c5ac94c2d7584f18e8b4befba31de3d784ec15b1b6d07"",""generated_offspring_by_type"":{""depth"":60,""quantization"":68,""joint_aware"":0,""interaction_aware"":0,""sequential_quantization"":0,""fixed_quant_depth"":0,""component crossover"":0,""component crossover + repair"":0,""layer bundle crossover"":0,""layer bundle crossover + repair"":0},""depth_mask_entries_changed_by_type"":{""depth"":180,""quantization"":0,""joint_aware"":0,""interaction_aware"":0,""sequential_quantization"":0,""fixed_quant_depth"":0,""component crossover"":0,""component crossover + repair"":0,""layer bundle crossover"":0,""layer bundle crossover + repair"":0},""quant_assignments_changed_by_type"":{""depth"":111,""quantization"":151,""joint_aware"":0,""interaction_aware"":0,""sequential_quantization"":0,""fixed_quant_depth"":0,""component crossover"":0,""component crossover + repair"":0,""layer bundle crossover"":0,""layer bundle crossover + repair"":0},""depth_mask_entries_changed_total"":180,""quant_assignments_changed_total"":262,""interaction_aware_details"":{""budget_repair_quant_changes"":0,""preferred_quant_exchanges_used"":0,""fallback_quant_exchanges_used"":0},""crossover_diagnostics"":{""crossover_type"":""component"",""crossover_parent_selection"":""uniform"",""crossover_offspring"":0,""crossover_offspring_accepted"":0,""mutation_offspring_accepted"":128,""mutation_offspring"":128,""crossover_offspring_attempted"":0,""crossover_duplicates"":0,""crossover_infeasible_candidates"":0,""crossover_repair_changed_gene_count"":0,""crossover_repaired_proposals"":0,""parent_distance_mean"":null,""parent_distance_min"":null,""parent_distance_max"":null,""child_distance_from_parent_a_mean"":null,""child_distance_from_parent_b_mean"":null,""layers_from_parent_a_mean"":null,""layers_from_parent_b_mean"":null,""crossover_no_legal_exchange"":0,""local_exchange_attention"":0,""local_exchange_mlp"":0,""local_exchange_quantization"":0,""local_exchange_block"":0,""child_distance_from_base_mean"":null,""child_distance_from_base_min"":null,""child_distance_from_base_max"":null,""child_distance_from_base_count"":0,""child_distance_from_donor_mean"":null,""child_distance_from_donor_min"":null,""child_distance_from_donor_max"":null,""child_distance_from_donor_count"":0,""donor_distance_reduction_mean"":null,""donor_distance_reduction_min"":null,""donor_distance_reduction_max"":null,""donor_distance_reduction_count"":0,""local_exchange_changed_gene_count_mean"":null,""local_exchange_changed_gene_count_min"":null,""local_exchange_changed_gene_count_max"":null,""local_exchange_changed_gene_count_count"":0,""child_distance_statistics_scope"":""accepted_unique_crossover_offspring"",""persistent_population_size"":1,""unique_population_size"":1,""best_population_fitness"":0.206298828125,""configured_survivors_per_selection"":[16,4,1],""effective_survivors_per_selection"":[16,4,1],""effective_final_survivor_count"":1},""offspring_generation"":{""attempts"":130,""no_op_mutations"":0,""duplicate_candidates"":2,""infeasible_candidates"":0,""fixed_quant_legal_swap_counts"":[]},""maximum_depth_mutations_per_offspring"":3,""quantization_step_size"":1,""quantization_mutations_per_offspring"":1,""joint_aware_probability"":0.0,""adaptive_mutation"":false,""adaptive_mutation_strength"":1,""adaptive_mutation_patience"":3,""adaptive_mutation_max_strength"":3,""coarse_to_fine_mutation"":false,""coarse_to_fine_start_strength"":3,""coarse_to_fine_end_strength"":1,""stagnation_generations_after_selection"":0}",quantization,True,130,128,16,5,262144,262144,655360,9983,79036416,55106.10886001098,15276.82177734375
68,0.206298828125,0.206298828125,kl,0.206298828125,,,,,0,{},128,16,4,1,"[16,4,1]","[2048,16384,131072]",6375608320,3.4642857142857144,3216.5078125,26982023168,26982023168,0,4,4,"{""type"":""mixed_depth_quantization"",""sequential_mode"":""none"",""joint_mutation_mode"":""standard"",""parent_before_generation_hash"":""b2592fb756fad3e4689c5ac94c2d7584f18e8b4befba31de3d784ec15b1b6d07"",""parent_after_generation_hash"":""a094df64339e4a5b0cf60f8773d7cec0b69c3375600d993db6b25afbc6b3cdbb"",""generated_offspring_by_type"":{""depth"":66,""quantization"":62,""joint_aware"":0,""interaction_aware"":0,""sequential_quantization"":0,""fixed_quant_depth"":0,""component crossover"":0,""component crossover + repair"":0,""layer bundle crossover"":0,""layer bundle crossover + repair"":0},""depth_mask_entries_changed_by_type"":{""depth"":200,""quantization"":0,""joint_aware"":0,""interaction_aware"":0,""sequential_quantization"":0,""fixed_quant_depth"":0,""component crossover"":0,""component crossover + repair"":0,""layer bundle crossover"":0,""layer bundle crossover + repair"":0},""quant_assignments_changed_by_type"":{""depth"":120,""quantization"":136,""joint_aware"":0,""interaction_aware"":0,""sequential_quantization"":0,""fixed_quant_depth"":0,""component crossover"":0,""component crossover + repair"":0,""layer bundle crossover"":0,""layer bundle crossover + repair"":0},""depth_mask_entries_changed_total"":200,""quant_assignments_changed_total"":256,""interaction_aware_details"":{""budget_repair_quant_changes"":0,""preferred_quant_exchanges_used"":0,""fallback_quant_exchanges_used"":0},""crossover_diagnostics"":{""crossover_type"":""component"",""crossover_parent_selection"":""uniform"",""crossover_offspring"":0,""crossover_offspring_accepted"":0,""mutation_offspring_accepted"":128,""mutation_offspring"":128,""crossover_offspring_attempted"":0,""crossover_duplicates"":0,""crossover_infeasible_candidates"":0,""crossover_repair_changed_gene_count"":0,""crossover_repaired_proposals"":0,""parent_distance_mean"":null,""parent_distance_min"":null,""parent_distance_max"":null,""child_distance_from_parent_a_mean"":null,""child_distance_from_parent_b_mean"":null,""layers_from_parent_a_mean"":null,""layers_from_parent_b_mean"":null,""crossover_no_legal_exchange"":0,""local_exchange_attention"":0,""local_exchange_mlp"":0,""local_exchange_quantization"":0,""local_exchange_block"":0,""child_distance_from_base_mean"":null,""child_distance_from_base_min"":null,""child_distance_from_base_max"":null,""child_distance_from_base_count"":0,""child_distance_from_donor_mean"":null,""child_distance_from_donor_min"":null,""child_distance_from_donor_max"":null,""child_distance_from_donor_count"":0,""donor_distance_reduction_mean"":null,""donor_distance_reduction_min"":null,""donor_distance_reduction_max"":null,""donor_distance_reduction_count"":0,""local_exchange_changed_gene_count_mean"":null,""local_exchange_changed_gene_count_min"":null,""local_exchange_changed_gene_count_max"":null,""local_exchange_changed_gene_count_count"":0,""child_distance_statistics_scope"":""accepted_unique_crossover_offspring"",""persistent_population_size"":1,""unique_population_size"":1,""best_population_fitness"":0.206298828125,""configured_survivors_per_selection"":[16,4,1],""effective_survivors_per_selection"":[16,4,1],""effective_final_survivor_count"":1},""offspring_generation"":{""attempts"":129,""no_op_mutations"":0,""duplicate_candidates"":1,""infeasible_candidates"":0,""fixed_quant_legal_swap_counts"":[]},""maximum_depth_mutations_per_offspring"":3,""quantization_step_size"":1,""quantization_mutations_per_offspring"":1,""joint_aware_probability"":0.0,""adaptive_mutation"":false,""adaptive_mutation_strength"":1,""adaptive_mutation_patience"":3,""adaptive_mutation_max_strength"":3,""coarse_to_fine_mutation"":false,""coarse_to_fine_start_strength"":3,""coarse_to_fine_end_strength"":1,""stagnation_generations_after_selection"":0}",quantization,True,129,128,16,5,262144,262144,655360,10132,80216064,55895.839471707935,15276.82177734375
69,0.2103271484375,0.206298828125,kl,0.2103271484375,,,,,0,{},128,16,4,1,"[16,4,1]","[2048,16384,131072]",6375608320,3.4642857142857144,3216.5078125,26982023168,26982023168,0,4,4,"{""type"":""mixed_depth_quantization"",""sequential_mode"":""none"",""joint_mutation_mode"":""standard"",""parent_before_generation_hash"":""a094df64339e4a5b0cf60f8773d7cec0b69c3375600d993db6b25afbc6b3cdbb"",""parent_after_generation_hash"":""080a1e7c544cddceef05f947d51b8393ea4adbdd0ad47439f7b3d2b4a65d4525"",""generated_offspring_by_type"":{""depth"":75,""quantization"":53,""joint_aware"":0,""interaction_aware"":0,""sequential_quantization"":0,""fixed_quant_depth"":0,""component crossover"":0,""component crossover + repair"":0,""layer bundle crossover"":0,""layer bundle crossover + repair"":0},""depth_mask_entries_changed_by_type"":{""depth"":214,""quantization"":0,""joint_aware"":0,""interaction_aware"":0,""sequential_quantization"":0,""fixed_quant_depth"":0,""component crossover"":0,""component crossover + repair"":0,""layer bundle crossover"":0,""layer bundle crossover + repair"":0},""quant_assignments_changed_by_type"":{""depth"":151,""quantization"":116,""joint_aware"":0,""interaction_aware"":0,""sequential_quantization"":0,""fixed_quant_depth"":0,""component crossover"":0,""component crossover + repair"":0,""layer bundle crossover"":0,""layer bundle crossover + repair"":0},""depth_mask_entries_changed_total"":214,""quant_assignments_changed_total"":267,""interaction_aware_details"":{""budget_repair_quant_changes"":0,""preferred_quant_exchanges_used"":0,""fallback_quant_exchanges_used"":0},""crossover_diagnostics"":{""crossover_type"":""component"",""crossover_parent_selection"":""uniform"",""crossover_offspring"":0,""crossover_offspring_accepted"":0,""mutation_offspring_accepted"":128,""mutation_offspring"":128,""crossover_offspring_attempted"":0,""crossover_duplicates"":0,""crossover_infeasible_candidates"":0,""crossover_repair_changed_gene_count"":0,""crossover_repaired_proposals"":0,""parent_distance_mean"":null,""parent_distance_min"":null,""parent_distance_max"":null,""child_distance_from_parent_a_mean"":null,""child_distance_from_parent_b_mean"":null,""layers_from_parent_a_mean"":null,""layers_from_parent_b_mean"":null,""crossover_no_legal_exchange"":0,""local_exchange_attention"":0,""local_exchange_mlp"":0,""local_exchange_quantization"":0,""local_exchange_block"":0,""child_distance_from_base_mean"":null,""child_distance_from_base_min"":null,""child_distance_from_base_max"":null,""child_distance_from_base_count"":0,""child_distance_from_donor_mean"":null,""child_distance_from_donor_min"":null,""child_distance_from_donor_max"":null,""child_distance_from_donor_count"":0,""donor_distance_reduction_mean"":null,""donor_distance_reduction_min"":null,""donor_distance_reduction_max"":null,""donor_distance_reduction_count"":0,""local_exchange_changed_gene_count_mean"":null,""local_exchange_changed_gene_count_min"":null,""local_exchange_changed_gene_count_max"":null,""local_exchange_changed_gene_count_count"":0,""child_distance_statistics_scope"":""accepted_unique_crossover_offspring"",""persistent_population_size"":1,""unique_population_size"":1,""best_population_fitness"":0.2103271484375,""configured_survivors_per_selection"":[16,4,1],""effective_survivors_per_selection"":[16,4,1],""effective_final_survivor_count"":1},""offspring_generation"":{""attempts"":128,""no_op_mutations"":0,""duplicate_candidates"":0,""infeasible_candidates"":0,""fixed_quant_legal_swap_counts"":[]},""maximum_depth_mutations_per_offspring"":3,""quantization_step_size"":1,""quantization_mutations_per_offspring"":1,""joint_aware_probability"":0.0,""adaptive_mutation"":false,""adaptive_mutation_strength"":1,""adaptive_mutation_patience"":3,""adaptive_mutation_max_strength"":3,""coarse_to_fine_mutation"":false,""coarse_to_fine_start_strength"":3,""coarse_to_fine_end_strength"":1,""stagnation_generations_after_selection"":0}",quantization,True,128,128,16,5,262144,262144,655360,10281,81395712,56664.98934925895,15276.82177734375
70,0.2047119140625,0.2103271484375,kl,0.2047119140625,,,,,0,{},128,16,4,1,"[16,4,1]","[2048,16384,131072]",6375608320,3.4642857142857144,3216.5078125,26982023168,26982023168,0,4,4,"{""type"":""mixed_depth_quantization"",""sequential_mode"":""none"",""joint_mutation_mode"":""standard"",""parent_before_generation_hash"":""080a1e7c544cddceef05f947d51b8393ea4adbdd0ad47439f7b3d2b4a65d4525"",""parent_after_generation_hash"":""598531673e70459235662f0b36119fbfd5d3e0e03645ed5c5c7b37fcbe4c5805"",""generated_offspring_by_type"":{""depth"":64,""quantization"":64,""joint_aware"":0,""interaction_aware"":0,""sequential_quantization"":0,""fixed_quant_depth"":0,""component crossover"":0,""component crossover + repair"":0,""layer bundle crossover"":0,""layer bundle crossover + repair"":0},""depth_mask_entries_changed_by_type"":{""depth"":196,""quantization"":0,""joint_aware"":0,""interaction_aware"":0,""sequential_quantization"":0,""fixed_quant_depth"":0,""component crossover"":0,""component crossover + repair"":0,""layer bundle crossover"":0,""layer bundle crossover + repair"":0},""quant_assignments_changed_by_type"":{""depth"":137,""quantization"":140,""joint_aware"":0,""interaction_aware"":0,""sequential_quantization"":0,""fixed_quant_depth"":0,""component crossover"":0,""component crossover + repair"":0,""layer bundle crossover"":0,""layer bundle crossover + repair"":0},""depth_mask_entries_changed_total"":196,""quant_assignments_changed_total"":277,""interaction_aware_details"":{""budget_repair_quant_changes"":0,""preferred_quant_exchanges_used"":0,""fallback_quant_exchanges_used"":0},""crossover_diagnostics"":{""crossover_type"":""component"",""crossover_parent_selection"":""uniform"",""crossover_offspring"":0,""crossover_offspring_accepted"":0,""mutation_offspring_accepted"":128,""mutation_offspring"":128,""crossover_offspring_attempted"":0,""crossover_duplicates"":0,""crossover_infeasible_candidates"":0,""crossover_repair_changed_gene_count"":0,""crossover_repaired_proposals"":0,""parent_distance_mean"":null,""parent_distance_min"":null,""parent_distance_max"":null,""child_distance_from_parent_a_mean"":null,""child_distance_from_parent_b_mean"":null,""layers_from_parent_a_mean"":null,""layers_from_parent_b_mean"":null,""crossover_no_legal_exchange"":0,""local_exchange_attention"":0,""local_exchange_mlp"":0,""local_exchange_quantization"":0,""local_exchange_block"":0,""child_distance_from_base_mean"":null,""child_distance_from_base_min"":null,""child_distance_from_base_max"":null,""child_distance_from_base_count"":0,""child_distance_from_donor_mean"":null,""child_distance_from_donor_min"":null,""child_distance_from_donor_max"":null,""child_distance_from_donor_count"":0,""donor_distance_reduction_mean"":null,""donor_distance_reduction_min"":null,""donor_distance_reduction_max"":null,""donor_distance_reduction_count"":0,""local_exchange_changed_gene_count_mean"":null,""local_exchange_changed_gene_count_min"":null,""local_exchange_changed_gene_count_max"":null,""local_exchange_changed_gene_count_count"":0,""child_distance_statistics_scope"":""accepted_unique_crossover_offspring"",""persistent_population_size"":1,""unique_population_size"":1,""best_population_fitness"":0.2047119140625,""configured_survivors_per_selection"":[16,4,1],""effective_survivors_per_selection"":[16,4,1],""effective_final_survivor_count"":1},""offspring_generation"":{""attempts"":129,""no_op_mutations"":1,""duplicate_candidates"":0,""infeasible_candidates"":0,""fixed_quant_legal_swap_counts"":[]},""maximum_depth_mutations_per_offspring"":3,""quantization_step_size"":1,""quantization_mutations_per_offspring"":1,""joint_aware_probability"":0.0,""adaptive_mutation"":false,""adaptive_mutation_strength"":1,""adaptive_mutation_patience"":3,""adaptive_mutation_max_strength"":3,""coarse_to_fine_mutation"":false,""coarse_to_fine_start_strength"":3,""coarse_to_fine_end_strength"":1,""stagnation_generations_after_selection"":0}",quantization,True,129,128,16,5,262144,262144,655360,10430,82575360,57427.72975411196,15276.82177734375
71,0.2061767578125,0.2047119140625,kl,0.2061767578125,7.8359375,6.5390625,9.6171875,,917504,"{""wikitext2"":327680,""c4"":589824}",128,16,4,1,"[16,4,1]","[2048,16384,131072]",6375608320,3.4642857142857144,3216.5078125,26982023168,26982023168,0,4,4,"{""type"":""mixed_depth_quantization"",""sequential_mode"":""none"",""joint_mutation_mode"":""standard"",""parent_before_generation_hash"":""598531673e70459235662f0b36119fbfd5d3e0e03645ed5c5c7b37fcbe4c5805"",""parent_after_generation_hash"":""390cc7d88de75fa5749715690b62e04a2189c91cf669d664f0a58951dc08e451"",""generated_offspring_by_type"":{""depth"":70,""quantization"":58,""joint_aware"":0,""interaction_aware"":0,""sequential_quantization"":0,""fixed_quant_depth"":0,""component crossover"":0,""component crossover + repair"":0,""layer bundle crossover"":0,""layer bundle crossover + repair"":0},""depth_mask_entries_changed_by_type"":{""depth"":212,""quantization"":0,""joint_aware"":0,""interaction_aware"":0,""sequential_quantization"":0,""fixed_quant_depth"":0,""component crossover"":0,""component crossover + repair"":0,""layer bundle crossover"":0,""layer bundle crossover + repair"":0},""quant_assignments_changed_by_type"":{""depth"":133,""quantization"":126,""joint_aware"":0,""interaction_aware"":0,""sequential_quantization"":0,""fixed_quant_depth"":0,""component crossover"":0,""component crossover + repair"":0,""layer bundle crossover"":0,""layer bundle crossover + repair"":0},""depth_mask_entries_changed_total"":212,""quant_assignments_changed_total"":259,""interaction_aware_details"":{""budget_repair_quant_changes"":0,""preferred_quant_exchanges_used"":0,""fallback_quant_exchanges_used"":0},""crossover_diagnostics"":{""crossover_type"":""component"",""crossover_parent_selection"":""uniform"",""crossover_offspring"":0,""crossover_offspring_accepted"":0,""mutation_offspring_accepted"":128,""mutation_offspring"":128,""crossover_offspring_attempted"":0,""crossover_duplicates"":0,""crossover_infeasible_candidates"":0,""crossover_repair_changed_gene_count"":0,""crossover_repaired_proposals"":0,""parent_distance_mean"":null,""parent_distance_min"":null,""parent_distance_max"":null,""child_distance_from_parent_a_mean"":null,""child_distance_from_parent_b_mean"":null,""layers_from_parent_a_mean"":null,""layers_from_parent_b_mean"":null,""crossover_no_legal_exchange"":0,""local_exchange_attention"":0,""local_exchange_mlp"":0,""local_exchange_quantization"":0,""local_exchange_block"":0,""child_distance_from_base_mean"":null,""child_distance_from_base_min"":null,""child_distance_from_base_max"":null,""child_distance_from_base_count"":0,""child_distance_from_donor_mean"":null,""child_distance_from_donor_min"":null,""child_distance_from_donor_max"":null,""child_distance_from_donor_count"":0,""donor_distance_reduction_mean"":null,""donor_distance_reduction_min"":null,""donor_distance_reduction_max"":null,""donor_distance_reduction_count"":0,""local_exchange_changed_gene_count_mean"":null,""local_exchange_changed_gene_count_min"":null,""local_exchange_changed_gene_count_max"":null,""local_exchange_changed_gene_count_count"":0,""child_distance_statistics_scope"":""accepted_unique_crossover_offspring"",""persistent_population_size"":1,""unique_population_size"":1,""best_population_fitness"":0.2061767578125,""configured_survivors_per_selection"":[16,4,1],""effective_survivors_per_selection"":[16,4,1],""effective_final_survivor_count"":1},""offspring_generation"":{""attempts"":129,""no_op_mutations"":0,""duplicate_candidates"":1,""infeasible_candidates"":0,""fixed_quant_legal_swap_counts"":[]},""maximum_depth_mutations_per_offspring"":3,""quantization_step_size"":1,""quantization_mutations_per_offspring"":1,""joint_aware_probability"":0.0,""adaptive_mutation"":false,""adaptive_mutation_strength"":1,""adaptive_mutation_patience"":3,""adaptive_mutation_max_strength"":3,""coarse_to_fine_mutation"":false,""coarse_to_fine_start_strength"":3,""coarse_to_fine_end_strength"":1,""stagnation_generations_after_selection"":0}",quantization,True,129,128,16,5,262144,262144,655360,10579,83755008,58478.96844107297,15276.82177734375
72,0.2198486328125,0.2061767578125,kl,0.2198486328125,,,,,0,{},128,16,4,1,"[16,4,1]","[2048,16384,131072]",6375608320,3.4642857142857144,3216.5078125,26982023168,26982023168,0,4,4,"{""type"":""mixed_depth_quantization"",""sequential_mode"":""none"",""joint_mutation_mode"":""standard"",""parent_before_generation_hash"":""390cc7d88de75fa5749715690b62e04a2189c91cf669d664f0a58951dc08e451"",""parent_after_generation_hash"":""a14bb4c41f265c2dc1b8fe1cb74385f5e837f77308e6ceacf9a5ea805f3a31ad"",""generated_offspring_by_type"":{""depth"":62,""quantization"":66,""joint_aware"":0,""interaction_aware"":0,""sequential_quantization"":0,""fixed_quant_depth"":0,""component crossover"":0,""component crossover + repair"":0,""layer bundle crossover"":0,""layer bundle crossover + repair"":0},""depth_mask_entries_changed_by_type"":{""depth"":180,""quantization"":0,""joint_aware"":0,""interaction_aware"":0,""sequential_quantization"":0,""fixed_quant_depth"":0,""component crossover"":0,""component crossover + repair"":0,""layer bundle crossover"":0,""layer bundle crossover + repair"":0},""quant_assignments_changed_by_type"":{""depth"":122,""quantization"":145,""joint_aware"":0,""interaction_aware"":0,""sequential_quantization"":0,""fixed_quant_depth"":0,""component crossover"":0,""component crossover + repair"":0,""layer bundle crossover"":0,""layer bundle crossover + repair"":0},""depth_mask_entries_changed_total"":180,""quant_assignments_changed_total"":267,""interaction_aware_details"":{""budget_repair_quant_changes"":0,""preferred_quant_exchanges_used"":0,""fallback_quant_exchanges_used"":0},""crossover_diagnostics"":{""crossover_type"":""component"",""crossover_parent_selection"":""uniform"",""crossover_offspring"":0,""crossover_offspring_accepted"":0,""mutation_offspring_accepted"":128,""mutation_offspring"":128,""crossover_offspring_attempted"":0,""crossover_duplicates"":0,""crossover_infeasible_candidates"":0,""crossover_repair_changed_gene_count"":0,""crossover_repaired_proposals"":0,""parent_distance_mean"":null,""parent_distance_min"":null,""parent_distance_max"":null,""child_distance_from_parent_a_mean"":null,""child_distance_from_parent_b_mean"":null,""layers_from_parent_a_mean"":null,""layers_from_parent_b_mean"":null,""crossover_no_legal_exchange"":0,""local_exchange_attention"":0,""local_exchange_mlp"":0,""local_exchange_quantization"":0,""local_exchange_block"":0,""child_distance_from_base_mean"":null,""child_distance_from_base_min"":null,""child_distance_from_base_max"":null,""child_distance_from_base_count"":0,""child_distance_from_donor_mean"":null,""child_distance_from_donor_min"":null,""child_distance_from_donor_max"":null,""child_distance_from_donor_count"":0,""donor_distance_reduction_mean"":null,""donor_distance_reduction_min"":null,""donor_distance_reduction_max"":null,""donor_distance_reduction_count"":0,""local_exchange_changed_gene_count_mean"":null,""local_exchange_changed_gene_count_min"":null,""local_exchange_changed_gene_count_max"":null,""local_exchange_changed_gene_count_count"":0,""child_distance_statistics_scope"":""accepted_unique_crossover_offspring"",""persistent_population_size"":1,""unique_population_size"":1,""best_population_fitness"":0.2198486328125,""configured_survivors_per_selection"":[16,4,1],""effective_survivors_per_selection"":[16,4,1],""effective_final_survivor_count"":1},""offspring_generation"":{""attempts"":128,""no_op_mutations"":0,""duplicate_candidates"":0,""infeasible_candidates"":0,""fixed_quant_legal_swap_counts"":[]},""maximum_depth_mutations_per_offspring"":3,""quantization_step_size"":1,""quantization_mutations_per_offspring"":1,""joint_aware_probability"":0.0,""adaptive_mutation"":false,""adaptive_mutation_strength"":1,""adaptive_mutation_patience"":3,""adaptive_mutation_max_strength"":3,""coarse_to_fine_mutation"":false,""coarse_to_fine_start_strength"":3,""coarse_to_fine_end_strength"":1,""stagnation_generations_after_selection"":0}",quantization,True,128,128,16,5,262144,262144,655360,10728,84934656,59247.95767722197,15276.82177734375
73,0.2093505859375,0.2198486328125,kl,0.2093505859375,,,,,0,{},128,16,4,1,"[16,4,1]","[2048,16384,131072]",6375608320,3.4642857142857144,3216.5078125,26982023168,26982023168,0,4,4,"{""type"":""mixed_depth_quantization"",""sequential_mode"":""none"",""joint_mutation_mode"":""standard"",""parent_before_generation_hash"":""a14bb4c41f265c2dc1b8fe1cb74385f5e837f77308e6ceacf9a5ea805f3a31ad"",""parent_after_generation_hash"":""0b98cd67706ba5ae1ba5828f040b68f195ecce03a59e56abf1b2830cfb5f86d5"",""generated_offspring_by_type"":{""depth"":57,""quantization"":71,""joint_aware"":0,""interaction_aware"":0,""sequential_quantization"":0,""fixed_quant_depth"":0,""component crossover"":0,""component crossover + repair"":0,""layer bundle crossover"":0,""layer bundle crossover + repair"":0},""depth_mask_entries_changed_by_type"":{""depth"":168,""quantization"":0,""joint_aware"":0,""interaction_aware"":0,""sequential_quantization"":0,""fixed_quant_depth"":0,""component crossover"":0,""component crossover + repair"":0,""layer bundle crossover"":0,""layer bundle crossover + repair"":0},""quant_assignments_changed_by_type"":{""depth"":106,""quantization"":153,""joint_aware"":0,""interaction_aware"":0,""sequential_quantization"":0,""fixed_quant_depth"":0,""component crossover"":0,""component crossover + repair"":0,""layer bundle crossover"":0,""layer bundle crossover + repair"":0},""depth_mask_entries_changed_total"":168,""quant_assignments_changed_total"":259,""interaction_aware_details"":{""budget_repair_quant_changes"":0,""preferred_quant_exchanges_used"":0,""fallback_quant_exchanges_used"":0},""crossover_diagnostics"":{""crossover_type"":""component"",""crossover_parent_selection"":""uniform"",""crossover_offspring"":0,""crossover_offspring_accepted"":0,""mutation_offspring_accepted"":128,""mutation_offspring"":128,""crossover_offspring_attempted"":0,""crossover_duplicates"":0,""crossover_infeasible_candidates"":0,""crossover_repair_changed_gene_count"":0,""crossover_repaired_proposals"":0,""parent_distance_mean"":null,""parent_distance_min"":null,""parent_distance_max"":null,""child_distance_from_parent_a_mean"":null,""child_distance_from_parent_b_mean"":null,""layers_from_parent_a_mean"":null,""layers_from_parent_b_mean"":null,""crossover_no_legal_exchange"":0,""local_exchange_attention"":0,""local_exchange_mlp"":0,""local_exchange_quantization"":0,""local_exchange_block"":0,""child_distance_from_base_mean"":null,""child_distance_from_base_min"":null,""child_distance_from_base_max"":null,""child_distance_from_base_count"":0,""child_distance_from_donor_mean"":null,""child_distance_from_donor_min"":null,""child_distance_from_donor_max"":null,""child_distance_from_donor_count"":0,""donor_distance_reduction_mean"":null,""donor_distance_reduction_min"":null,""donor_distance_reduction_max"":null,""donor_distance_reduction_count"":0,""local_exchange_changed_gene_count_mean"":null,""local_exchange_changed_gene_count_min"":null,""local_exchange_changed_gene_count_max"":null,""local_exchange_changed_gene_count_count"":0,""child_distance_statistics_scope"":""accepted_unique_crossover_offspring"",""persistent_population_size"":1,""unique_population_size"":1,""best_population_fitness"":0.2093505859375,""configured_survivors_per_selection"":[16,4,1],""effective_survivors_per_selection"":[16,4,1],""effective_final_survivor_count"":1},""offspring_generation"":{""attempts"":128,""no_op_mutations"":0,""duplicate_candidates"":0,""infeasible_candidates"":0,""fixed_quant_legal_swap_counts"":[]},""maximum_depth_mutations_per_offspring"":3,""quantization_step_size"":1,""quantization_mutations_per_offspring"":1,""joint_aware_probability"":0.0,""adaptive_mutation"":false,""adaptive_mutation_strength"":1,""adaptive_mutation_patience"":3,""adaptive_mutation_max_strength"":3,""coarse_to_fine_mutation"":false,""coarse_to_fine_start_strength"":3,""coarse_to_fine_end_strength"":1,""stagnation_generations_after_selection"":0}",quantization,True,128,128,16,5,262144,262144,655360,10877,86114304,60001.65141830093,15276.82177734375
74,0.21240234375,0.2093505859375,kl,0.21240234375,,,,,0,{},128,16,4,1,"[16,4,1]","[2048,16384,131072]",6375608320,3.4642857142857144,3216.5078125,26982023168,26982023168,0,4,4,"{""type"":""mixed_depth_quantization"",""sequential_mode"":""none"",""joint_mutation_mode"":""standard"",""parent_before_generation_hash"":""0b98cd67706ba5ae1ba5828f040b68f195ecce03a59e56abf1b2830cfb5f86d5"",""parent_after_generation_hash"":""af3cc684808df49cd48e4136151af8f205e1c2c5a078378e83bd03a48d839d5f"",""generated_offspring_by_type"":{""depth"":62,""quantization"":66,""joint_aware"":0,""interaction_aware"":0,""sequential_quantization"":0,""fixed_quant_depth"":0,""component crossover"":0,""component crossover + repair"":0,""layer bundle crossover"":0,""layer bundle crossover + repair"":0},""depth_mask_entries_changed_by_type"":{""depth"":182,""quantization"":0,""joint_aware"":0,""interaction_aware"":0,""sequential_quantization"":0,""fixed_quant_depth"":0,""component crossover"":0,""component crossover + repair"":0,""layer bundle crossover"":0,""layer bundle crossover + repair"":0},""quant_assignments_changed_by_type"":{""depth"":140,""quantization"":150,""joint_aware"":0,""interaction_aware"":0,""sequential_quantization"":0,""fixed_quant_depth"":0,""component crossover"":0,""component crossover + repair"":0,""layer bundle crossover"":0,""layer bundle crossover + repair"":0},""depth_mask_entries_changed_total"":182,""quant_assignments_changed_total"":290,""interaction_aware_details"":{""budget_repair_quant_changes"":0,""preferred_quant_exchanges_used"":0,""fallback_quant_exchanges_used"":0},""crossover_diagnostics"":{""crossover_type"":""component"",""crossover_parent_selection"":""uniform"",""crossover_offspring"":0,""crossover_offspring_accepted"":0,""mutation_offspring_accepted"":128,""mutation_offspring"":128,""crossover_offspring_attempted"":0,""crossover_duplicates"":0,""crossover_infeasible_candidates"":0,""crossover_repair_changed_gene_count"":0,""crossover_repaired_proposals"":0,""parent_distance_mean"":null,""parent_distance_min"":null,""parent_distance_max"":null,""child_distance_from_parent_a_mean"":null,""child_distance_from_parent_b_mean"":null,""layers_from_parent_a_mean"":null,""layers_from_parent_b_mean"":null,""crossover_no_legal_exchange"":0,""local_exchange_attention"":0,""local_exchange_mlp"":0,""local_exchange_quantization"":0,""local_exchange_block"":0,""child_distance_from_base_mean"":null,""child_distance_from_base_min"":null,""child_distance_from_base_max"":null,""child_distance_from_base_count"":0,""child_distance_from_donor_mean"":null,""child_distance_from_donor_min"":null,""child_distance_from_donor_max"":null,""child_distance_from_donor_count"":0,""donor_distance_reduction_mean"":null,""donor_distance_reduction_min"":null,""donor_distance_reduction_max"":null,""donor_distance_reduction_count"":0,""local_exchange_changed_gene_count_mean"":null,""local_exchange_changed_gene_count_min"":null,""local_exchange_changed_gene_count_max"":null,""local_exchange_changed_gene_count_count"":0,""child_distance_statistics_scope"":""accepted_unique_crossover_offspring"",""persistent_population_size"":1,""unique_population_size"":1,""best_population_fitness"":0.21240234375,""configured_survivors_per_selection"":[16,4,1],""effective_survivors_per_selection"":[16,4,1],""effective_final_survivor_count"":1},""offspring_generation"":{""attempts"":129,""no_op_mutations"":0,""duplicate_candidates"":1,""infeasible_candidates"":0,""fixed_quant_legal_swap_counts"":[]},""maximum_depth_mutations_per_offspring"":3,""quantization_step_size"":1,""quantization_mutations_per_offspring"":1,""joint_aware_probability"":0.0,""adaptive_mutation"":false,""adaptive_mutation_strength"":1,""adaptive_mutation_patience"":3,""adaptive_mutation_max_strength"":3,""coarse_to_fine_mutation"":false,""coarse_to_fine_start_strength"":3,""coarse_to_fine_end_strength"":1,""stagnation_generations_after_selection"":0}",quantization,True,129,128,16,5,262144,262144,655360,11026,87293952,60722.743749417015,15276.82177734375
75,0.2001953125,0.21240234375,kl,0.2001953125,,,,,0,{},128,16,4,1,"[16,4,1]","[2048,16384,131072]",6375608320,3.4642857142857144,3216.5078125,26982023168,26982023168,0,4,4,"{""type"":""mixed_depth_quantization"",""sequential_mode"":""none"",""joint_mutation_mode"":""standard"",""parent_before_generation_hash"":""af3cc684808df49cd48e4136151af8f205e1c2c5a078378e83bd03a48d839d5f"",""parent_after_generation_hash"":""5456e1bc167b234eae61526e88b641196c36ca571e54f4ccf5137f0fbe8f1850"",""generated_offspring_by_type"":{""depth"":61,""quantization"":67,""joint_aware"":0,""interaction_aware"":0,""sequential_quantization"":0,""fixed_quant_depth"":0,""component crossover"":0,""component crossover + repair"":0,""layer bundle crossover"":0,""layer bundle crossover + repair"":0},""depth_mask_entries_changed_by_type"":{""depth"":180,""quantization"":0,""joint_aware"":0,""interaction_aware"":0,""sequential_quantization"":0,""fixed_quant_depth"":0,""component crossover"":0,""component crossover + repair"":0,""layer bundle crossover"":0,""layer bundle crossover + repair"":0},""quant_assignments_changed_by_type"":{""depth"":110,""quantization"":146,""joint_aware"":0,""interaction_aware"":0,""sequential_quantization"":0,""fixed_quant_depth"":0,""component crossover"":0,""component crossover + repair"":0,""layer bundle crossover"":0,""layer bundle crossover + repair"":0},""depth_mask_entries_changed_total"":180,""quant_assignments_changed_total"":256,""interaction_aware_details"":{""budget_repair_quant_changes"":0,""preferred_quant_exchanges_used"":0,""fallback_quant_exchanges_used"":0},""crossover_diagnostics"":{""crossover_type"":""component"",""crossover_parent_selection"":""uniform"",""crossover_offspring"":0,""crossover_offspring_accepted"":0,""mutation_offspring_accepted"":128,""mutation_offspring"":128,""crossover_offspring_attempted"":0,""crossover_duplicates"":0,""crossover_infeasible_candidates"":0,""crossover_repair_changed_gene_count"":0,""crossover_repaired_proposals"":0,""parent_distance_mean"":null,""parent_distance_min"":null,""parent_distance_max"":null,""child_distance_from_parent_a_mean"":null,""child_distance_from_parent_b_mean"":null,""layers_from_parent_a_mean"":null,""layers_from_parent_b_mean"":null,""crossover_no_legal_exchange"":0,""local_exchange_attention"":0,""local_exchange_mlp"":0,""local_exchange_quantization"":0,""local_exchange_block"":0,""child_distance_from_base_mean"":null,""child_distance_from_base_min"":null,""child_distance_from_base_max"":null,""child_distance_from_base_count"":0,""child_distance_from_donor_mean"":null,""child_distance_from_donor_min"":null,""child_distance_from_donor_max"":null,""child_distance_from_donor_count"":0,""donor_distance_reduction_mean"":null,""donor_distance_reduction_min"":null,""donor_distance_reduction_max"":null,""donor_distance_reduction_count"":0,""local_exchange_changed_gene_count_mean"":null,""local_exchange_changed_gene_count_min"":null,""local_exchange_changed_gene_count_max"":null,""local_exchange_changed_gene_count_count"":0,""child_distance_statistics_scope"":""accepted_unique_crossover_offspring"",""persistent_population_size"":1,""unique_population_size"":1,""best_population_fitness"":0.2001953125,""configured_survivors_per_selection"":[16,4,1],""effective_survivors_per_selection"":[16,4,1],""effective_final_survivor_count"":1},""offspring_generation"":{""attempts"":130,""no_op_mutations"":1,""duplicate_candidates"":1,""infeasible_candidates"":0,""fixed_quant_legal_swap_counts"":[]},""maximum_depth_mutations_per_offspring"":3,""quantization_step_size"":1,""quantization_mutations_per_offspring"":1,""joint_aware_probability"":0.0,""adaptive_mutation"":false,""adaptive_mutation_strength"":1,""adaptive_mutation_patience"":3,""adaptive_mutation_max_strength"":3,""coarse_to_fine_mutation"":false,""coarse_to_fine_start_strength"":3,""coarse_to_fine_end_strength"":1,""stagnation_generations_after_selection"":0}",quantization,True,130,128,16,5,262144,262144,655360,11175,88473600,61494.10711432097,15276.82177734375
76,0.2108154296875,0.2001953125,kl,0.2108154296875,7.8515625,6.51953125,9.640625,,917504,"{""wikitext2"":327680,""c4"":589824}",128,16,4,1,"[16,4,1]","[2048,16384,131072]",6375608320,3.4642857142857144,3216.5078125,26982023168,26982023168,0,4,4,"{""type"":""mixed_depth_quantization"",""sequential_mode"":""none"",""joint_mutation_mode"":""standard"",""parent_before_generation_hash"":""5456e1bc167b234eae61526e88b641196c36ca571e54f4ccf5137f0fbe8f1850"",""parent_after_generation_hash"":""d95c441a804d67d05bda1667b9872370c073668af8ef75399e499da429d5d640"",""generated_offspring_by_type"":{""depth"":56,""quantization"":72,""joint_aware"":0,""interaction_aware"":0,""sequential_quantization"":0,""fixed_quant_depth"":0,""component crossover"":0,""component crossover + repair"":0,""layer bundle crossover"":0,""layer bundle crossover + repair"":0},""depth_mask_entries_changed_by_type"":{""depth"":172,""quantization"":0,""joint_aware"":0,""interaction_aware"":0,""sequential_quantization"":0,""fixed_quant_depth"":0,""component crossover"":0,""component crossover + repair"":0,""layer bundle crossover"":0,""layer bundle crossover + repair"":0},""quant_assignments_changed_by_type"":{""depth"":121,""quantization"":157,""joint_aware"":0,""interaction_aware"":0,""sequential_quantization"":0,""fixed_quant_depth"":0,""component crossover"":0,""component crossover + repair"":0,""layer bundle crossover"":0,""layer bundle crossover + repair"":0},""depth_mask_entries_changed_total"":172,""quant_assignments_changed_total"":278,""interaction_aware_details"":{""budget_repair_quant_changes"":0,""preferred_quant_exchanges_used"":0,""fallback_quant_exchanges_used"":0},""crossover_diagnostics"":{""crossover_type"":""component"",""crossover_parent_selection"":""uniform"",""crossover_offspring"":0,""crossover_offspring_accepted"":0,""mutation_offspring_accepted"":128,""mutation_offspring"":128,""crossover_offspring_attempted"":0,""crossover_duplicates"":0,""crossover_infeasible_candidates"":0,""crossover_repair_changed_gene_count"":0,""crossover_repaired_proposals"":0,""parent_distance_mean"":null,""parent_distance_min"":null,""parent_distance_max"":null,""child_distance_from_parent_a_mean"":null,""child_distance_from_parent_b_mean"":null,""layers_from_parent_a_mean"":null,""layers_from_parent_b_mean"":null,""crossover_no_legal_exchange"":0,""local_exchange_attention"":0,""local_exchange_mlp"":0,""local_exchange_quantization"":0,""local_exchange_block"":0,""child_distance_from_base_mean"":null,""child_distance_from_base_min"":null,""child_distance_from_base_max"":null,""child_distance_from_base_count"":0,""child_distance_from_donor_mean"":null,""child_distance_from_donor_min"":null,""child_distance_from_donor_max"":null,""child_distance_from_donor_count"":0,""donor_distance_reduction_mean"":null,""donor_distance_reduction_min"":null,""donor_distance_reduction_max"":null,""donor_distance_reduction_count"":0,""local_exchange_changed_gene_count_mean"":null,""local_exchange_changed_gene_count_min"":null,""local_exchange_changed_gene_count_max"":null,""local_exchange_changed_gene_count_count"":0,""child_distance_statistics_scope"":""accepted_unique_crossover_offspring"",""persistent_population_size"":1,""unique_population_size"":1,""best_population_fitness"":0.2108154296875,""configured_survivors_per_selection"":[16,4,1],""effective_survivors_per_selection"":[16,4,1],""effective_final_survivor_count"":1},""offspring_generation"":{""attempts"":128,""no_op_mutations"":0,""duplicate_candidates"":0,""infeasible_candidates"":0,""fixed_quant_legal_swap_counts"":[]},""maximum_depth_mutations_per_offspring"":3,""quantization_step_size"":1,""quantization_mutations_per_offspring"":1,""joint_aware_probability"":0.0,""adaptive_mutation"":false,""adaptive_mutation_strength"":1,""adaptive_mutation_patience"":3,""adaptive_mutation_max_strength"":3,""coarse_to_fine_mutation"":false,""coarse_to_fine_start_strength"":3,""coarse_to_fine_end_strength"":1,""stagnation_generations_after_selection"":0}",quantization,True,128,128,16,5,262144,262144,655360,11324,89653248,62526.37338201492,15276.82177734375
77,0.2025146484375,0.2108154296875,kl,0.2025146484375,,,,,0,{},128,16,4,1,"[16,4,1]","[2048,16384,131072]",6375608320,3.4642857142857144,3216.5078125,26982023168,26982023168,0,4,4,"{""type"":""mixed_depth_quantization"",""sequential_mode"":""none"",""joint_mutation_mode"":""standard"",""parent_before_generation_hash"":""d95c441a804d67d05bda1667b9872370c073668af8ef75399e499da429d5d640"",""parent_after_generation_hash"":""82155fceb35f738b7fd92f4f3d7c9592559722b506bfbfd5cd56401325fd60a3"",""generated_offspring_by_type"":{""depth"":69,""quantization"":59,""joint_aware"":0,""interaction_aware"":0,""sequential_quantization"":0,""fixed_quant_depth"":0,""component crossover"":0,""component crossover + repair"":0,""layer bundle crossover"":0,""layer bundle crossover + repair"":0},""depth_mask_entries_changed_by_type"":{""depth"":214,""quantization"":0,""joint_aware"":0,""interaction_aware"":0,""sequential_quantization"":0,""fixed_quant_depth"":0,""component crossover"":0,""component crossover + repair"":0,""layer bundle crossover"":0,""layer bundle crossover + repair"":0},""quant_assignments_changed_by_type"":{""depth"":137,""quantization"":135,""joint_aware"":0,""interaction_aware"":0,""sequential_quantization"":0,""fixed_quant_depth"":0,""component crossover"":0,""component crossover + repair"":0,""layer bundle crossover"":0,""layer bundle crossover + repair"":0},""depth_mask_entries_changed_total"":214,""quant_assignments_changed_total"":272,""interaction_aware_details"":{""budget_repair_quant_changes"":0,""preferred_quant_exchanges_used"":0,""fallback_quant_exchanges_used"":0},""crossover_diagnostics"":{""crossover_type"":""component"",""crossover_parent_selection"":""uniform"",""crossover_offspring"":0,""crossover_offspring_accepted"":0,""mutation_offspring_accepted"":128,""mutation_offspring"":128,""crossover_offspring_attempted"":0,""crossover_duplicates"":0,""crossover_infeasible_candidates"":0,""crossover_repair_changed_gene_count"":0,""crossover_repaired_proposals"":0,""parent_distance_mean"":null,""parent_distance_min"":null,""parent_distance_max"":null,""child_distance_from_parent_a_mean"":null,""child_distance_from_parent_b_mean"":null,""layers_from_parent_a_mean"":null,""layers_from_parent_b_mean"":null,""crossover_no_legal_exchange"":0,""local_exchange_attention"":0,""local_exchange_mlp"":0,""local_exchange_quantization"":0,""local_exchange_block"":0,""child_distance_from_base_mean"":null,""child_distance_from_base_min"":null,""child_distance_from_base_max"":null,""child_distance_from_base_count"":0,""child_distance_from_donor_mean"":null,""child_distance_from_donor_min"":null,""child_distance_from_donor_max"":null,""child_distance_from_donor_count"":0,""donor_distance_reduction_mean"":null,""donor_distance_reduction_min"":null,""donor_distance_reduction_max"":null,""donor_distance_reduction_count"":0,""local_exchange_changed_gene_count_mean"":null,""local_exchange_changed_gene_count_min"":null,""local_exchange_changed_gene_count_max"":null,""local_exchange_changed_gene_count_count"":0,""child_distance_statistics_scope"":""accepted_unique_crossover_offspring"",""persistent_population_size"":1,""unique_population_size"":1,""best_population_fitness"":0.2025146484375,""configured_survivors_per_selection"":[16,4,1],""effective_survivors_per_selection"":[16,4,1],""effective_final_survivor_count"":1},""offspring_generation"":{""attempts"":129,""no_op_mutations"":1,""duplicate_candidates"":0,""infeasible_candidates"":0,""fixed_quant_legal_swap_counts"":[]},""maximum_depth_mutations_per_offspring"":3,""quantization_step_size"":1,""quantization_mutations_per_offspring"":1,""joint_aware_probability"":0.0,""adaptive_mutation"":false,""adaptive_mutation_strength"":1,""adaptive_mutation_patience"":3,""adaptive_mutation_max_strength"":3,""coarse_to_fine_mutation"":false,""coarse_to_fine_start_strength"":3,""coarse_to_fine_end_strength"":1,""stagnation_generations_after_selection"":0}",quantization,True,129,128,16,5,262144,262144,655360,11473,90832896,63304.81362362695,15276.82177734375
78,0.20654296875,0.2025146484375,kl,0.20654296875,,,,,0,{},128,16,4,1,"[16,4,1]","[2048,16384,131072]",6375608320,3.4642857142857144,3216.5078125,26982023168,26982023168,0,4,4,"{""type"":""mixed_depth_quantization"",""sequential_mode"":""none"",""joint_mutation_mode"":""standard"",""parent_before_generation_hash"":""82155fceb35f738b7fd92f4f3d7c9592559722b506bfbfd5cd56401325fd60a3"",""parent_after_generation_hash"":""dd1ca9f194f967c519326d769d2e57b15732339203ea1039620100512f8ffca4"",""generated_offspring_by_type"":{""depth"":64,""quantization"":64,""joint_aware"":0,""interaction_aware"":0,""sequential_quantization"":0,""fixed_quant_depth"":0,""component crossover"":0,""component crossover + repair"":0,""layer bundle crossover"":0,""layer bundle crossover + repair"":0},""depth_mask_entries_changed_by_type"":{""depth"":176,""quantization"":0,""joint_aware"":0,""interaction_aware"":0,""sequential_quantization"":0,""fixed_quant_depth"":0,""component crossover"":0,""component crossover + repair"":0,""layer bundle crossover"":0,""layer bundle crossover + repair"":0},""quant_assignments_changed_by_type"":{""depth"":135,""quantization"":144,""joint_aware"":0,""interaction_aware"":0,""sequential_quantization"":0,""fixed_quant_depth"":0,""component crossover"":0,""component crossover + repair"":0,""layer bundle crossover"":0,""layer bundle crossover + repair"":0},""depth_mask_entries_changed_total"":176,""quant_assignments_changed_total"":279,""interaction_aware_details"":{""budget_repair_quant_changes"":0,""preferred_quant_exchanges_used"":0,""fallback_quant_exchanges_used"":0},""crossover_diagnostics"":{""crossover_type"":""component"",""crossover_parent_selection"":""uniform"",""crossover_offspring"":0,""crossover_offspring_accepted"":0,""mutation_offspring_accepted"":128,""mutation_offspring"":128,""crossover_offspring_attempted"":0,""crossover_duplicates"":0,""crossover_infeasible_candidates"":0,""crossover_repair_changed_gene_count"":0,""crossover_repaired_proposals"":0,""parent_distance_mean"":null,""parent_distance_min"":null,""parent_distance_max"":null,""child_distance_from_parent_a_mean"":null,""child_distance_from_parent_b_mean"":null,""layers_from_parent_a_mean"":null,""layers_from_parent_b_mean"":null,""crossover_no_legal_exchange"":0,""local_exchange_attention"":0,""local_exchange_mlp"":0,""local_exchange_quantization"":0,""local_exchange_block"":0,""child_distance_from_base_mean"":null,""child_distance_from_base_min"":null,""child_distance_from_base_max"":null,""child_distance_from_base_count"":0,""child_distance_from_donor_mean"":null,""child_distance_from_donor_min"":null,""child_distance_from_donor_max"":null,""child_distance_from_donor_count"":0,""donor_distance_reduction_mean"":null,""donor_distance_reduction_min"":null,""donor_distance_reduction_max"":null,""donor_distance_reduction_count"":0,""local_exchange_changed_gene_count_mean"":null,""local_exchange_changed_gene_count_min"":null,""local_exchange_changed_gene_count_max"":null,""local_exchange_changed_gene_count_count"":0,""child_distance_statistics_scope"":""accepted_unique_crossover_offspring"",""persistent_population_size"":1,""unique_population_size"":1,""best_population_fitness"":0.20654296875,""configured_survivors_per_selection"":[16,4,1],""effective_survivors_per_selection"":[16,4,1],""effective_final_survivor_count"":1},""offspring_generation"":{""attempts"":128,""no_op_mutations"":0,""duplicate_candidates"":0,""infeasible_candidates"":0,""fixed_quant_legal_swap_counts"":[]},""maximum_depth_mutations_per_offspring"":3,""quantization_step_size"":1,""quantization_mutations_per_offspring"":1,""joint_aware_probability"":0.0,""adaptive_mutation"":false,""adaptive_mutation_strength"":1,""adaptive_mutation_patience"":3,""adaptive_mutation_max_strength"":3,""coarse_to_fine_mutation"":false,""coarse_to_fine_start_strength"":3,""coarse_to_fine_end_strength"":1,""stagnation_generations_after_selection"":0}",quantization,True,128,128,16,5,262144,262144,655360,11622,92012544,64031.992522583925,15276.82177734375
79,0.19775390625,0.20654296875,kl,0.19775390625,,,,,0,{},128,16,4,1,"[16,4,1]","[2048,16384,131072]",6375608320,3.4642857142857144,3216.5078125,26982023168,26982023168,0,4,4,"{""type"":""mixed_depth_quantization"",""sequential_mode"":""none"",""joint_mutation_mode"":""standard"",""parent_before_generation_hash"":""dd1ca9f194f967c519326d769d2e57b15732339203ea1039620100512f8ffca4"",""parent_after_generation_hash"":""6e8b590f278168b7e540d94c2bd72ca2e38fea1c60adfb12ddb2fbe6bb40d746"",""generated_offspring_by_type"":{""depth"":59,""quantization"":69,""joint_aware"":0,""interaction_aware"":0,""sequential_quantization"":0,""fixed_quant_depth"":0,""component crossover"":0,""component crossover + repair"":0,""layer bundle crossover"":0,""layer bundle crossover + repair"":0},""depth_mask_entries_changed_by_type"":{""depth"":188,""quantization"":0,""joint_aware"":0,""interaction_aware"":0,""sequential_quantization"":0,""fixed_quant_depth"":0,""component crossover"":0,""component crossover + repair"":0,""layer bundle crossover"":0,""layer bundle crossover + repair"":0},""quant_assignments_changed_by_type"":{""depth"":126,""quantization"":152,""joint_aware"":0,""interaction_aware"":0,""sequential_quantization"":0,""fixed_quant_depth"":0,""component crossover"":0,""component crossover + repair"":0,""layer bundle crossover"":0,""layer bundle crossover + repair"":0},""depth_mask_entries_changed_total"":188,""quant_assignments_changed_total"":278,""interaction_aware_details"":{""budget_repair_quant_changes"":0,""preferred_quant_exchanges_used"":0,""fallback_quant_exchanges_used"":0},""crossover_diagnostics"":{""crossover_type"":""component"",""crossover_parent_selection"":""uniform"",""crossover_offspring"":0,""crossover_offspring_accepted"":0,""mutation_offspring_accepted"":128,""mutation_offspring"":128,""crossover_offspring_attempted"":0,""crossover_duplicates"":0,""crossover_infeasible_candidates"":0,""crossover_repair_changed_gene_count"":0,""crossover_repaired_proposals"":0,""parent_distance_mean"":null,""parent_distance_min"":null,""parent_distance_max"":null,""child_distance_from_parent_a_mean"":null,""child_distance_from_parent_b_mean"":null,""layers_from_parent_a_mean"":null,""layers_from_parent_b_mean"":null,""crossover_no_legal_exchange"":0,""local_exchange_attention"":0,""local_exchange_mlp"":0,""local_exchange_quantization"":0,""local_exchange_block"":0,""child_distance_from_base_mean"":null,""child_distance_from_base_min"":null,""child_distance_from_base_max"":null,""child_distance_from_base_count"":0,""child_distance_from_donor_mean"":null,""child_distance_from_donor_min"":null,""child_distance_from_donor_max"":null,""child_distance_from_donor_count"":0,""donor_distance_reduction_mean"":null,""donor_distance_reduction_min"":null,""donor_distance_reduction_max"":null,""donor_distance_reduction_count"":0,""local_exchange_changed_gene_count_mean"":null,""local_exchange_changed_gene_count_min"":null,""local_exchange_changed_gene_count_max"":null,""local_exchange_changed_gene_count_count"":0,""child_distance_statistics_scope"":""accepted_unique_crossover_offspring"",""persistent_population_size"":1,""unique_population_size"":1,""best_population_fitness"":0.19775390625,""configured_survivors_per_selection"":[16,4,1],""effective_survivors_per_selection"":[16,4,1],""effective_final_survivor_count"":1},""offspring_generation"":{""attempts"":128,""no_op_mutations"":0,""duplicate_candidates"":0,""infeasible_candidates"":0,""fixed_quant_legal_swap_counts"":[]},""maximum_depth_mutations_per_offspring"":3,""quantization_step_size"":1,""quantization_mutations_per_offspring"":1,""joint_aware_probability"":0.0,""adaptive_mutation"":false,""adaptive_mutation_strength"":1,""adaptive_mutation_patience"":3,""adaptive_mutation_max_strength"":3,""coarse_to_fine_mutation"":false,""coarse_to_fine_start_strength"":3,""coarse_to_fine_end_strength"":1,""stagnation_generations_after_selection"":0}",quantization,True,128,128,16,5,262144,262144,655360,11771,93192192,64719.275507529965,15276.82177734375
80,0.2060546875,0.19775390625,kl,0.2060546875,,,,,0,{},128,16,4,1,"[16,4,1]","[2048,16384,131072]",6375608320,3.4642857142857144,3216.5078125,26982023168,26982023168,0,4,4,"{""type"":""mixed_depth_quantization"",""sequential_mode"":""none"",""joint_mutation_mode"":""standard"",""parent_before_generation_hash"":""6e8b590f278168b7e540d94c2bd72ca2e38fea1c60adfb12ddb2fbe6bb40d746"",""parent_after_generation_hash"":""b97af6bc60c0effe2018ab41a74caf2d6e01a5c1dcea6ca252b8487bb316b5d1"",""generated_offspring_by_type"":{""depth"":60,""quantization"":68,""joint_aware"":0,""interaction_aware"":0,""sequential_quantization"":0,""fixed_quant_depth"":0,""component crossover"":0,""component crossover + repair"":0,""layer bundle crossover"":0,""layer bundle crossover + repair"":0},""depth_mask_entries_changed_by_type"":{""depth"":180,""quantization"":0,""joint_aware"":0,""interaction_aware"":0,""sequential_quantization"":0,""fixed_quant_depth"":0,""component crossover"":0,""component crossover + repair"":0,""layer bundle crossover"":0,""layer bundle crossover + repair"":0},""quant_assignments_changed_by_type"":{""depth"":111,""quantization"":147,""joint_aware"":0,""interaction_aware"":0,""sequential_quantization"":0,""fixed_quant_depth"":0,""component crossover"":0,""component crossover + repair"":0,""layer bundle crossover"":0,""layer bundle crossover + repair"":0},""depth_mask_entries_changed_total"":180,""quant_assignments_changed_total"":258,""interaction_aware_details"":{""budget_repair_quant_changes"":0,""preferred_quant_exchanges_used"":0,""fallback_quant_exchanges_used"":0},""crossover_diagnostics"":{""crossover_type"":""component"",""crossover_parent_selection"":""uniform"",""crossover_offspring"":0,""crossover_offspring_accepted"":0,""mutation_offspring_accepted"":128,""mutation_offspring"":128,""crossover_offspring_attempted"":0,""crossover_duplicates"":0,""crossover_infeasible_candidates"":0,""crossover_repair_changed_gene_count"":0,""crossover_repaired_proposals"":0,""parent_distance_mean"":null,""parent_distance_min"":null,""parent_distance_max"":null,""child_distance_from_parent_a_mean"":null,""child_distance_from_parent_b_mean"":null,""layers_from_parent_a_mean"":null,""layers_from_parent_b_mean"":null,""crossover_no_legal_exchange"":0,""local_exchange_attention"":0,""local_exchange_mlp"":0,""local_exchange_quantization"":0,""local_exchange_block"":0,""child_distance_from_base_mean"":null,""child_distance_from_base_min"":null,""child_distance_from_base_max"":null,""child_distance_from_base_count"":0,""child_distance_from_donor_mean"":null,""child_distance_from_donor_min"":null,""child_distance_from_donor_max"":null,""child_distance_from_donor_count"":0,""donor_distance_reduction_mean"":null,""donor_distance_reduction_min"":null,""donor_distance_reduction_max"":null,""donor_distance_reduction_count"":0,""local_exchange_changed_gene_count_mean"":null,""local_exchange_changed_gene_count_min"":null,""local_exchange_changed_gene_count_max"":null,""local_exchange_changed_gene_count_count"":0,""child_distance_statistics_scope"":""accepted_unique_crossover_offspring"",""persistent_population_size"":1,""unique_population_size"":1,""best_population_fitness"":0.2060546875,""configured_survivors_per_selection"":[16,4,1],""effective_survivors_per_selection"":[16,4,1],""effective_final_survivor_count"":1},""offspring_generation"":{""attempts"":128,""no_op_mutations"":0,""duplicate_candidates"":0,""infeasible_candidates"":0,""fixed_quant_legal_swap_counts"":[]},""maximum_depth_mutations_per_offspring"":3,""quantization_step_size"":1,""quantization_mutations_per_offspring"":1,""joint_aware_probability"":0.0,""adaptive_mutation"":false,""adaptive_mutation_strength"":1,""adaptive_mutation_patience"":3,""adaptive_mutation_max_strength"":3,""coarse_to_fine_mutation"":false,""coarse_to_fine_start_strength"":3,""coarse_to_fine_end_strength"":1,""stagnation_generations_after_selection"":0}",quantization,True,128,128,16,5,262144,262144,655360,11920,94371840,65536.10709043499,15276.82177734375
81,0.1982421875,0.2060546875,kl,0.1982421875,7.8046875,6.45703125,9.6171875,,917504,"{""wikitext2"":327680,""c4"":589824}",128,16,4,1,"[16,4,1]","[2048,16384,131072]",6375608320,3.4642857142857144,3216.5078125,26982023168,26982023168,0,4,4,"{""type"":""mixed_depth_quantization"",""sequential_mode"":""none"",""joint_mutation_mode"":""standard"",""parent_before_generation_hash"":""b97af6bc60c0effe2018ab41a74caf2d6e01a5c1dcea6ca252b8487bb316b5d1"",""parent_after_generation_hash"":""1e3cc058572917b76985e3bf5e599c734bb1404473e443d66bd459584f99e548"",""generated_offspring_by_type"":{""depth"":63,""quantization"":65,""joint_aware"":0,""interaction_aware"":0,""sequential_quantization"":0,""fixed_quant_depth"":0,""component crossover"":0,""component crossover + repair"":0,""layer bundle crossover"":0,""layer bundle crossover + repair"":0},""depth_mask_entries_changed_by_type"":{""depth"":168,""quantization"":0,""joint_aware"":0,""interaction_aware"":0,""sequential_quantization"":0,""fixed_quant_depth"":0,""component crossover"":0,""component crossover + repair"":0,""layer bundle crossover"":0,""layer bundle crossover + repair"":0},""quant_assignments_changed_by_type"":{""depth"":118,""quantization"":143,""joint_aware"":0,""interaction_aware"":0,""sequential_quantization"":0,""fixed_quant_depth"":0,""component crossover"":0,""component crossover + repair"":0,""layer bundle crossover"":0,""layer bundle crossover + repair"":0},""depth_mask_entries_changed_total"":168,""quant_assignments_changed_total"":261,""interaction_aware_details"":{""budget_repair_quant_changes"":0,""preferred_quant_exchanges_used"":0,""fallback_quant_exchanges_used"":0},""crossover_diagnostics"":{""crossover_type"":""component"",""crossover_parent_selection"":""uniform"",""crossover_offspring"":0,""crossover_offspring_accepted"":0,""mutation_offspring_accepted"":128,""mutation_offspring"":128,""crossover_offspring_attempted"":0,""crossover_duplicates"":0,""crossover_infeasible_candidates"":0,""crossover_repair_changed_gene_count"":0,""crossover_repaired_proposals"":0,""parent_distance_mean"":null,""parent_distance_min"":null,""parent_distance_max"":null,""child_distance_from_parent_a_mean"":null,""child_distance_from_parent_b_mean"":null,""layers_from_parent_a_mean"":null,""layers_from_parent_b_mean"":null,""crossover_no_legal_exchange"":0,""local_exchange_attention"":0,""local_exchange_mlp"":0,""local_exchange_quantization"":0,""local_exchange_block"":0,""child_distance_from_base_mean"":null,""child_distance_from_base_min"":null,""child_distance_from_base_max"":null,""child_distance_from_base_count"":0,""child_distance_from_donor_mean"":null,""child_distance_from_donor_min"":null,""child_distance_from_donor_max"":null,""child_distance_from_donor_count"":0,""donor_distance_reduction_mean"":null,""donor_distance_reduction_min"":null,""donor_distance_reduction_max"":null,""donor_distance_reduction_count"":0,""local_exchange_changed_gene_count_mean"":null,""local_exchange_changed_gene_count_min"":null,""local_exchange_changed_gene_count_max"":null,""local_exchange_changed_gene_count_count"":0,""child_distance_statistics_scope"":""accepted_unique_crossover_offspring"",""persistent_population_size"":1,""unique_population_size"":1,""best_population_fitness"":0.1982421875,""configured_survivors_per_selection"":[16,4,1],""effective_survivors_per_selection"":[16,4,1],""effective_final_survivor_count"":1},""offspring_generation"":{""attempts"":129,""no_op_mutations"":0,""duplicate_candidates"":1,""infeasible_candidates"":0,""fixed_quant_legal_swap_counts"":[]},""maximum_depth_mutations_per_offspring"":3,""quantization_step_size"":1,""quantization_mutations_per_offspring"":1,""joint_aware_probability"":0.0,""adaptive_mutation"":false,""adaptive_mutation_strength"":1,""adaptive_mutation_patience"":3,""adaptive_mutation_max_strength"":3,""coarse_to_fine_mutation"":false,""coarse_to_fine_start_strength"":3,""coarse_to_fine_end_strength"":1,""stagnation_generations_after_selection"":0}",quantization,True,129,128,16,5,262144,262144,655360,12069,95551488,66586.20988311991,15276.82177734375
82,0.202392578125,0.1982421875,kl,0.202392578125,,,,,0,{},128,16,4,1,"[16,4,1]","[2048,16384,131072]",6375608320,3.4642857142857144,3216.5078125,26982023168,26982023168,0,4,4,"{""type"":""mixed_depth_quantization"",""sequential_mode"":""none"",""joint_mutation_mode"":""standard"",""parent_before_generation_hash"":""1e3cc058572917b76985e3bf5e599c734bb1404473e443d66bd459584f99e548"",""parent_after_generation_hash"":""2f4f71a4419a45b3284893bc4abc2fbd8fc678573241f6305bc901530b93c21e"",""generated_offspring_by_type"":{""depth"":58,""quantization"":70,""joint_aware"":0,""interaction_aware"":0,""sequential_quantization"":0,""fixed_quant_depth"":0,""component crossover"":0,""component crossover + repair"":0,""layer bundle crossover"":0,""layer bundle crossover + repair"":0},""depth_mask_entries_changed_by_type"":{""depth"":180,""quantization"":0,""joint_aware"":0,""interaction_aware"":0,""sequential_quantization"":0,""fixed_quant_depth"":0,""component crossover"":0,""component crossover + repair"":0,""layer bundle crossover"":0,""layer bundle crossover + repair"":0},""quant_assignments_changed_by_type"":{""depth"":116,""quantization"":149,""joint_aware"":0,""interaction_aware"":0,""sequential_quantization"":0,""fixed_quant_depth"":0,""component crossover"":0,""component crossover + repair"":0,""layer bundle crossover"":0,""layer bundle crossover + repair"":0},""depth_mask_entries_changed_total"":180,""quant_assignments_changed_total"":265,""interaction_aware_details"":{""budget_repair_quant_changes"":0,""preferred_quant_exchanges_used"":0,""fallback_quant_exchanges_used"":0},""crossover_diagnostics"":{""crossover_type"":""component"",""crossover_parent_selection"":""uniform"",""crossover_offspring"":0,""crossover_offspring_accepted"":0,""mutation_offspring_accepted"":128,""mutation_offspring"":128,""crossover_offspring_attempted"":0,""crossover_duplicates"":0,""crossover_infeasible_candidates"":0,""crossover_repair_changed_gene_count"":0,""crossover_repaired_proposals"":0,""parent_distance_mean"":null,""parent_distance_min"":null,""parent_distance_max"":null,""child_distance_from_parent_a_mean"":null,""child_distance_from_parent_b_mean"":null,""layers_from_parent_a_mean"":null,""layers_from_parent_b_mean"":null,""crossover_no_legal_exchange"":0,""local_exchange_attention"":0,""local_exchange_mlp"":0,""local_exchange_quantization"":0,""local_exchange_block"":0,""child_distance_from_base_mean"":null,""child_distance_from_base_min"":null,""child_distance_from_base_max"":null,""child_distance_from_base_count"":0,""child_distance_from_donor_mean"":null,""child_distance_from_donor_min"":null,""child_distance_from_donor_max"":null,""child_distance_from_donor_count"":0,""donor_distance_reduction_mean"":null,""donor_distance_reduction_min"":null,""donor_distance_reduction_max"":null,""donor_distance_reduction_count"":0,""local_exchange_changed_gene_count_mean"":null,""local_exchange_changed_gene_count_min"":null,""local_exchange_changed_gene_count_max"":null,""local_exchange_changed_gene_count_count"":0,""child_distance_statistics_scope"":""accepted_unique_crossover_offspring"",""persistent_population_size"":1,""unique_population_size"":1,""best_population_fitness"":0.202392578125,""configured_survivors_per_selection"":[16,4,1],""effective_survivors_per_selection"":[16,4,1],""effective_final_survivor_count"":1},""offspring_generation"":{""attempts"":128,""no_op_mutations"":0,""duplicate_candidates"":0,""infeasible_candidates"":0,""fixed_quant_legal_swap_counts"":[]},""maximum_depth_mutations_per_offspring"":3,""quantization_step_size"":1,""quantization_mutations_per_offspring"":1,""joint_aware_probability"":0.0,""adaptive_mutation"":false,""adaptive_mutation_strength"":1,""adaptive_mutation_patience"":3,""adaptive_mutation_max_strength"":3,""coarse_to_fine_mutation"":false,""coarse_to_fine_start_strength"":3,""coarse_to_fine_end_strength"":1,""stagnation_generations_after_selection"":0}",quantization,True,128,128,16,5,262144,262144,655360,12218,96731136,67443.23550615995,15276.82177734375
83,0.201171875,0.202392578125,kl,0.201171875,,,,,0,{},128,16,4,1,"[16,4,1]","[2048,16384,131072]",6375608320,3.4642857142857144,3216.5078125,26982023168,26982023168,0,4,4,"{""type"":""mixed_depth_quantization"",""sequential_mode"":""none"",""joint_mutation_mode"":""standard"",""parent_before_generation_hash"":""2f4f71a4419a45b3284893bc4abc2fbd8fc678573241f6305bc901530b93c21e"",""parent_after_generation_hash"":""9753c74bb343208563595a860becec15230e16ba1778d9d5068847d072244f6a"",""generated_offspring_by_type"":{""depth"":68,""quantization"":60,""joint_aware"":0,""interaction_aware"":0,""sequential_quantization"":0,""fixed_quant_depth"":0,""component crossover"":0,""component crossover + repair"":0,""layer bundle crossover"":0,""layer bundle crossover + repair"":0},""depth_mask_entries_changed_by_type"":{""depth"":196,""quantization"":0,""joint_aware"":0,""interaction_aware"":0,""sequential_quantization"":0,""fixed_quant_depth"":0,""component crossover"":0,""component crossover + repair"":0,""layer bundle crossover"":0,""layer bundle crossover + repair"":0},""quant_assignments_changed_by_type"":{""depth"":130,""quantization"":131,""joint_aware"":0,""interaction_aware"":0,""sequential_quantization"":0,""fixed_quant_depth"":0,""component crossover"":0,""component crossover + repair"":0,""layer bundle crossover"":0,""layer bundle crossover + repair"":0},""depth_mask_entries_changed_total"":196,""quant_assignments_changed_total"":261,""interaction_aware_details"":{""budget_repair_quant_changes"":0,""preferred_quant_exchanges_used"":0,""fallback_quant_exchanges_used"":0},""crossover_diagnostics"":{""crossover_type"":""component"",""crossover_parent_selection"":""uniform"",""crossover_offspring"":0,""crossover_offspring_accepted"":0,""mutation_offspring_accepted"":128,""mutation_offspring"":128,""crossover_offspring_attempted"":0,""crossover_duplicates"":0,""crossover_infeasible_candidates"":0,""crossover_repair_changed_gene_count"":0,""crossover_repaired_proposals"":0,""parent_distance_mean"":null,""parent_distance_min"":null,""parent_distance_max"":null,""child_distance_from_parent_a_mean"":null,""child_distance_from_parent_b_mean"":null,""layers_from_parent_a_mean"":null,""layers_from_parent_b_mean"":null,""crossover_no_legal_exchange"":0,""local_exchange_attention"":0,""local_exchange_mlp"":0,""local_exchange_quantization"":0,""local_exchange_block"":0,""child_distance_from_base_mean"":null,""child_distance_from_base_min"":null,""child_distance_from_base_max"":null,""child_distance_from_base_count"":0,""child_distance_from_donor_mean"":null,""child_distance_from_donor_min"":null,""child_distance_from_donor_max"":null,""child_distance_from_donor_count"":0,""donor_distance_reduction_mean"":null,""donor_distance_reduction_min"":null,""donor_distance_reduction_max"":null,""donor_distance_reduction_count"":0,""local_exchange_changed_gene_count_mean"":null,""local_exchange_changed_gene_count_min"":null,""local_exchange_changed_gene_count_max"":null,""local_exchange_changed_gene_count_count"":0,""child_distance_statistics_scope"":""accepted_unique_crossover_offspring"",""persistent_population_size"":1,""unique_population_size"":1,""best_population_fitness"":0.201171875,""configured_survivors_per_selection"":[16,4,1],""effective_survivors_per_selection"":[16,4,1],""effective_final_survivor_count"":1},""offspring_generation"":{""attempts"":128,""no_op_mutations"":0,""duplicate_candidates"":0,""infeasible_candidates"":0,""fixed_quant_legal_swap_counts"":[]},""maximum_depth_mutations_per_offspring"":3,""quantization_step_size"":1,""quantization_mutations_per_offspring"":1,""joint_aware_probability"":0.0,""adaptive_mutation"":false,""adaptive_mutation_strength"":1,""adaptive_mutation_patience"":3,""adaptive_mutation_max_strength"":3,""coarse_to_fine_mutation"":false,""coarse_to_fine_start_strength"":3,""coarse_to_fine_end_strength"":1,""stagnation_generations_after_selection"":0}",quantization,True,128,128,16,5,262144,262144,655360,12367,97910784,68135.13196855597,15276.82177734375
84,0.208740234375,0.201171875,kl,0.208740234375,,,,,0,{},128,16,4,1,"[16,4,1]","[2048,16384,131072]",6375608320,3.4642857142857144,3216.5078125,26982023168,26982023168,0,4,4,"{""type"":""mixed_depth_quantization"",""sequential_mode"":""none"",""joint_mutation_mode"":""standard"",""parent_before_generation_hash"":""9753c74bb343208563595a860becec15230e16ba1778d9d5068847d072244f6a"",""parent_after_generation_hash"":""a87d043750119b0ddbf39e8923418308df352b138eaef8b8dd1f3c3173680a35"",""generated_offspring_by_type"":{""depth"":54,""quantization"":74,""joint_aware"":0,""interaction_aware"":0,""sequential_quantization"":0,""fixed_quant_depth"":0,""component crossover"":0,""component crossover + repair"":0,""layer bundle crossover"":0,""layer bundle crossover + repair"":0},""depth_mask_entries_changed_by_type"":{""depth"":152,""quantization"":0,""joint_aware"":0,""interaction_aware"":0,""sequential_quantization"":0,""fixed_quant_depth"":0,""component crossover"":0,""component crossover + repair"":0,""layer bundle crossover"":0,""layer bundle crossover + repair"":0},""quant_assignments_changed_by_type"":{""depth"":105,""quantization"":161,""joint_aware"":0,""interaction_aware"":0,""sequential_quantization"":0,""fixed_quant_depth"":0,""component crossover"":0,""component crossover + repair"":0,""layer bundle crossover"":0,""layer bundle crossover + repair"":0},""depth_mask_entries_changed_total"":152,""quant_assignments_changed_total"":266,""interaction_aware_details"":{""budget_repair_quant_changes"":0,""preferred_quant_exchanges_used"":0,""fallback_quant_exchanges_used"":0},""crossover_diagnostics"":{""crossover_type"":""component"",""crossover_parent_selection"":""uniform"",""crossover_offspring"":0,""crossover_offspring_accepted"":0,""mutation_offspring_accepted"":128,""mutation_offspring"":128,""crossover_offspring_attempted"":0,""crossover_duplicates"":0,""crossover_infeasible_candidates"":0,""crossover_repair_changed_gene_count"":0,""crossover_repaired_proposals"":0,""parent_distance_mean"":null,""parent_distance_min"":null,""parent_distance_max"":null,""child_distance_from_parent_a_mean"":null,""child_distance_from_parent_b_mean"":null,""layers_from_parent_a_mean"":null,""layers_from_parent_b_mean"":null,""crossover_no_legal_exchange"":0,""local_exchange_attention"":0,""local_exchange_mlp"":0,""local_exchange_quantization"":0,""local_exchange_block"":0,""child_distance_from_base_mean"":null,""child_distance_from_base_min"":null,""child_distance_from_base_max"":null,""child_distance_from_base_count"":0,""child_distance_from_donor_mean"":null,""child_distance_from_donor_min"":null,""child_distance_from_donor_max"":null,""child_distance_from_donor_count"":0,""donor_distance_reduction_mean"":null,""donor_distance_reduction_min"":null,""donor_distance_reduction_max"":null,""donor_distance_reduction_count"":0,""local_exchange_changed_gene_count_mean"":null,""local_exchange_changed_gene_count_min"":null,""local_exchange_changed_gene_count_max"":null,""local_exchange_changed_gene_count_count"":0,""child_distance_statistics_scope"":""accepted_unique_crossover_offspring"",""persistent_population_size"":1,""unique_population_size"":1,""best_population_fitness"":0.208740234375,""configured_survivors_per_selection"":[16,4,1],""effective_survivors_per_selection"":[16,4,1],""effective_final_survivor_count"":1},""offspring_generation"":{""attempts"":128,""no_op_mutations"":0,""duplicate_candidates"":0,""infeasible_candidates"":0,""fixed_quant_legal_swap_counts"":[]},""maximum_depth_mutations_per_offspring"":3,""quantization_step_size"":1,""quantization_mutations_per_offspring"":1,""joint_aware_probability"":0.0,""adaptive_mutation"":false,""adaptive_mutation_strength"":1,""adaptive_mutation_patience"":3,""adaptive_mutation_max_strength"":3,""coarse_to_fine_mutation"":false,""coarse_to_fine_start_strength"":3,""coarse_to_fine_end_strength"":1,""stagnation_generations_after_selection"":0}",quantization,True,128,128,16,5,262144,262144,655360,12516,99090432,68937.56020269694,15276.82177734375
85,0.19970703125,0.208740234375,kl,0.19970703125,,,,,0,{},128,16,4,1,"[16,4,1]","[2048,16384,131072]",6375608320,3.4642857142857144,3216.5078125,26982023168,26982023168,0,4,4,"{""type"":""mixed_depth_quantization"",""sequential_mode"":""none"",""joint_mutation_mode"":""standard"",""parent_before_generation_hash"":""a87d043750119b0ddbf39e8923418308df352b138eaef8b8dd1f3c3173680a35"",""parent_after_generation_hash"":""1bbc4a936544fd87afc763b3a6fa2efd288a6abecdf33c9674607239355b8359"",""generated_offspring_by_type"":{""depth"":65,""quantization"":63,""joint_aware"":0,""interaction_aware"":0,""sequential_quantization"":0,""fixed_quant_depth"":0,""component crossover"":0,""component crossover + repair"":0,""layer bundle crossover"":0,""layer bundle crossover + repair"":0},""depth_mask_entries_changed_by_type"":{""depth"":184,""quantization"":0,""joint_aware"":0,""interaction_aware"":0,""sequential_quantization"":0,""fixed_quant_depth"":0,""component crossover"":0,""component crossover + repair"":0,""layer bundle crossover"":0,""layer bundle crossover + repair"":0},""quant_assignments_changed_by_type"":{""depth"":144,""quantization"":137,""joint_aware"":0,""interaction_aware"":0,""sequential_quantization"":0,""fixed_quant_depth"":0,""component crossover"":0,""component crossover + repair"":0,""layer bundle crossover"":0,""layer bundle crossover + repair"":0},""depth_mask_entries_changed_total"":184,""quant_assignments_changed_total"":281,""interaction_aware_details"":{""budget_repair_quant_changes"":0,""preferred_quant_exchanges_used"":0,""fallback_quant_exchanges_used"":0},""crossover_diagnostics"":{""crossover_type"":""component"",""crossover_parent_selection"":""uniform"",""crossover_offspring"":0,""crossover_offspring_accepted"":0,""mutation_offspring_accepted"":128,""mutation_offspring"":128,""crossover_offspring_attempted"":0,""crossover_duplicates"":0,""crossover_infeasible_candidates"":0,""crossover_repair_changed_gene_count"":0,""crossover_repaired_proposals"":0,""parent_distance_mean"":null,""parent_distance_min"":null,""parent_distance_max"":null,""child_distance_from_parent_a_mean"":null,""child_distance_from_parent_b_mean"":null,""layers_from_parent_a_mean"":null,""layers_from_parent_b_mean"":null,""crossover_no_legal_exchange"":0,""local_exchange_attention"":0,""local_exchange_mlp"":0,""local_exchange_quantization"":0,""local_exchange_block"":0,""child_distance_from_base_mean"":null,""child_distance_from_base_min"":null,""child_distance_from_base_max"":null,""child_distance_from_base_count"":0,""child_distance_from_donor_mean"":null,""child_distance_from_donor_min"":null,""child_distance_from_donor_max"":null,""child_distance_from_donor_count"":0,""donor_distance_reduction_mean"":null,""donor_distance_reduction_min"":null,""donor_distance_reduction_max"":null,""donor_distance_reduction_count"":0,""local_exchange_changed_gene_count_mean"":null,""local_exchange_changed_gene_count_min"":null,""local_exchange_changed_gene_count_max"":null,""local_exchange_changed_gene_count_count"":0,""child_distance_statistics_scope"":""accepted_unique_crossover_offspring"",""persistent_population_size"":1,""unique_population_size"":1,""best_population_fitness"":0.19970703125,""configured_survivors_per_selection"":[16,4,1],""effective_survivors_per_selection"":[16,4,1],""effective_final_survivor_count"":1},""offspring_generation"":{""attempts"":129,""no_op_mutations"":0,""duplicate_candidates"":1,""infeasible_candidates"":0,""fixed_quant_legal_swap_counts"":[]},""maximum_depth_mutations_per_offspring"":3,""quantization_step_size"":1,""quantization_mutations_per_offspring"":1,""joint_aware_probability"":0.0,""adaptive_mutation"":false,""adaptive_mutation_strength"":1,""adaptive_mutation_patience"":3,""adaptive_mutation_max_strength"":3,""coarse_to_fine_mutation"":false,""coarse_to_fine_start_strength"":3,""coarse_to_fine_end_strength"":1,""stagnation_generations_after_selection"":0}",quantization,True,129,128,16,5,262144,262144,655360,12665,100270080,69761.29633568693,15276.82177734375
86,0.198974609375,0.19970703125,kl,0.198974609375,7.8046875,6.46875,9.6171875,,917504,"{""wikitext2"":327680,""c4"":589824}",128,16,4,1,"[16,4,1]","[2048,16384,131072]",6375608320,3.4642857142857144,3216.5078125,26982023168,26982023168,0,4,4,"{""type"":""mixed_depth_quantization"",""sequential_mode"":""none"",""joint_mutation_mode"":""standard"",""parent_before_generation_hash"":""1bbc4a936544fd87afc763b3a6fa2efd288a6abecdf33c9674607239355b8359"",""parent_after_generation_hash"":""1bbc4a936544fd87afc763b3a6fa2efd288a6abecdf33c9674607239355b8359"",""generated_offspring_by_type"":{""depth"":65,""quantization"":63,""joint_aware"":0,""interaction_aware"":0,""sequential_quantization"":0,""fixed_quant_depth"":0,""component crossover"":0,""component crossover + repair"":0,""layer bundle crossover"":0,""layer bundle crossover + repair"":0},""depth_mask_entries_changed_by_type"":{""depth"":192,""quantization"":0,""joint_aware"":0,""interaction_aware"":0,""sequential_quantization"":0,""fixed_quant_depth"":0,""component crossover"":0,""component crossover + repair"":0,""layer bundle crossover"":0,""layer bundle crossover + repair"":0},""quant_assignments_changed_by_type"":{""depth"":121,""quantization"":141,""joint_aware"":0,""interaction_aware"":0,""sequential_quantization"":0,""fixed_quant_depth"":0,""component crossover"":0,""component crossover + repair"":0,""layer bundle crossover"":0,""layer bundle crossover + repair"":0},""depth_mask_entries_changed_total"":192,""quant_assignments_changed_total"":262,""interaction_aware_details"":{""budget_repair_quant_changes"":0,""preferred_quant_exchanges_used"":0,""fallback_quant_exchanges_used"":0},""crossover_diagnostics"":{""crossover_type"":""component"",""crossover_parent_selection"":""uniform"",""crossover_offspring"":0,""crossover_offspring_accepted"":0,""mutation_offspring_accepted"":128,""mutation_offspring"":128,""crossover_offspring_attempted"":0,""crossover_duplicates"":0,""crossover_infeasible_candidates"":0,""crossover_repair_changed_gene_count"":0,""crossover_repaired_proposals"":0,""parent_distance_mean"":null,""parent_distance_min"":null,""parent_distance_max"":null,""child_distance_from_parent_a_mean"":null,""child_distance_from_parent_b_mean"":null,""layers_from_parent_a_mean"":null,""layers_from_parent_b_mean"":null,""crossover_no_legal_exchange"":0,""local_exchange_attention"":0,""local_exchange_mlp"":0,""local_exchange_quantization"":0,""local_exchange_block"":0,""child_distance_from_base_mean"":null,""child_distance_from_base_min"":null,""child_distance_from_base_max"":null,""child_distance_from_base_count"":0,""child_distance_from_donor_mean"":null,""child_distance_from_donor_min"":null,""child_distance_from_donor_max"":null,""child_distance_from_donor_count"":0,""donor_distance_reduction_mean"":null,""donor_distance_reduction_min"":null,""donor_distance_reduction_max"":null,""donor_distance_reduction_count"":0,""local_exchange_changed_gene_count_mean"":null,""local_exchange_changed_gene_count_min"":null,""local_exchange_changed_gene_count_max"":null,""local_exchange_changed_gene_count_count"":0,""child_distance_statistics_scope"":""accepted_unique_crossover_offspring"",""persistent_population_size"":1,""unique_population_size"":1,""best_population_fitness"":0.198974609375,""configured_survivors_per_selection"":[16,4,1],""effective_survivors_per_selection"":[16,4,1],""effective_final_survivor_count"":1},""offspring_generation"":{""attempts"":128,""no_op_mutations"":0,""duplicate_candidates"":0,""infeasible_candidates"":0,""fixed_quant_legal_swap_counts"":[]},""maximum_depth_mutations_per_offspring"":3,""quantization_step_size"":1,""quantization_mutations_per_offspring"":1,""joint_aware_probability"":0.0,""adaptive_mutation"":false,""adaptive_mutation_strength"":1,""adaptive_mutation_patience"":3,""adaptive_mutation_max_strength"":3,""coarse_to_fine_mutation"":false,""coarse_to_fine_start_strength"":3,""coarse_to_fine_end_strength"":1,""stagnation_generations_after_selection"":1}",parent,False,128,128,16,5,262144,262144,655360,12814,101449728,70731.25368569791,15276.82177734375
87,0.2032470703125,0.198974609375,kl,0.2032470703125,,,,,0,{},128,16,4,1,"[16,4,1]","[2048,16384,131072]",6375608320,3.4642857142857144,3216.5078125,26982023168,26982023168,0,4,4,"{""type"":""mixed_depth_quantization"",""sequential_mode"":""none"",""joint_mutation_mode"":""standard"",""parent_before_generation_hash"":""1bbc4a936544fd87afc763b3a6fa2efd288a6abecdf33c9674607239355b8359"",""parent_after_generation_hash"":""de4ca3fd323fc4ee1f01ff7cfa3f6c75aaeaa6ca9fa1a0b8985b79fdf1fcda78"",""generated_offspring_by_type"":{""depth"":70,""quantization"":58,""joint_aware"":0,""interaction_aware"":0,""sequential_quantization"":0,""fixed_quant_depth"":0,""component crossover"":0,""component crossover + repair"":0,""layer bundle crossover"":0,""layer bundle crossover + repair"":0},""depth_mask_entries_changed_by_type"":{""depth"":216,""quantization"":0,""joint_aware"":0,""interaction_aware"":0,""sequential_quantization"":0,""fixed_quant_depth"":0,""component crossover"":0,""component crossover + repair"":0,""layer bundle crossover"":0,""layer bundle crossover + repair"":0},""quant_assignments_changed_by_type"":{""depth"":145,""quantization"":120,""joint_aware"":0,""interaction_aware"":0,""sequential_quantization"":0,""fixed_quant_depth"":0,""component crossover"":0,""component crossover + repair"":0,""layer bundle crossover"":0,""layer bundle crossover + repair"":0},""depth_mask_entries_changed_total"":216,""quant_assignments_changed_total"":265,""interaction_aware_details"":{""budget_repair_quant_changes"":0,""preferred_quant_exchanges_used"":0,""fallback_quant_exchanges_used"":0},""crossover_diagnostics"":{""crossover_type"":""component"",""crossover_parent_selection"":""uniform"",""crossover_offspring"":0,""crossover_offspring_accepted"":0,""mutation_offspring_accepted"":128,""mutation_offspring"":128,""crossover_offspring_attempted"":0,""crossover_duplicates"":0,""crossover_infeasible_candidates"":0,""crossover_repair_changed_gene_count"":0,""crossover_repaired_proposals"":0,""parent_distance_mean"":null,""parent_distance_min"":null,""parent_distance_max"":null,""child_distance_from_parent_a_mean"":null,""child_distance_from_parent_b_mean"":null,""layers_from_parent_a_mean"":null,""layers_from_parent_b_mean"":null,""crossover_no_legal_exchange"":0,""local_exchange_attention"":0,""local_exchange_mlp"":0,""local_exchange_quantization"":0,""local_exchange_block"":0,""child_distance_from_base_mean"":null,""child_distance_from_base_min"":null,""child_distance_from_base_max"":null,""child_distance_from_base_count"":0,""child_distance_from_donor_mean"":null,""child_distance_from_donor_min"":null,""child_distance_from_donor_max"":null,""child_distance_from_donor_count"":0,""donor_distance_reduction_mean"":null,""donor_distance_reduction_min"":null,""donor_distance_reduction_max"":null,""donor_distance_reduction_count"":0,""local_exchange_changed_gene_count_mean"":null,""local_exchange_changed_gene_count_min"":null,""local_exchange_changed_gene_count_max"":null,""local_exchange_changed_gene_count_count"":0,""child_distance_statistics_scope"":""accepted_unique_crossover_offspring"",""persistent_population_size"":1,""unique_population_size"":1,""best_population_fitness"":0.2032470703125,""configured_survivors_per_selection"":[16,4,1],""effective_survivors_per_selection"":[16,4,1],""effective_final_survivor_count"":1},""offspring_generation"":{""attempts"":128,""no_op_mutations"":0,""duplicate_candidates"":0,""infeasible_candidates"":0,""fixed_quant_legal_swap_counts"":[]},""maximum_depth_mutations_per_offspring"":3,""quantization_step_size"":1,""quantization_mutations_per_offspring"":1,""joint_aware_probability"":0.0,""adaptive_mutation"":false,""adaptive_mutation_strength"":1,""adaptive_mutation_patience"":3,""adaptive_mutation_max_strength"":3,""coarse_to_fine_mutation"":false,""coarse_to_fine_start_strength"":3,""coarse_to_fine_end_strength"":1,""stagnation_generations_after_selection"":0}",quantization,True,128,128,16,5,262144,262144,655360,12963,102629376,71560.68880867795,15276.82177734375
88,0.2034912109375,0.2032470703125,kl,0.2034912109375,,,,,0,{},128,16,4,1,"[16,4,1]","[2048,16384,131072]",6375608320,3.4642857142857144,3216.5078125,26982023168,26982023168,0,4,4,"{""type"":""mixed_depth_quantization"",""sequential_mode"":""none"",""joint_mutation_mode"":""standard"",""parent_before_generation_hash"":""de4ca3fd323fc4ee1f01ff7cfa3f6c75aaeaa6ca9fa1a0b8985b79fdf1fcda78"",""parent_after_generation_hash"":""880703dc0b7d959ad38ae671cf7c9099d3bef4b358b4e90f0dce5e36a20d373c"",""generated_offspring_by_type"":{""depth"":69,""quantization"":59,""joint_aware"":0,""interaction_aware"":0,""sequential_quantization"":0,""fixed_quant_depth"":0,""component crossover"":0,""component crossover + repair"":0,""layer bundle crossover"":0,""layer bundle crossover + repair"":0},""depth_mask_entries_changed_by_type"":{""depth"":232,""quantization"":0,""joint_aware"":0,""interaction_aware"":0,""sequential_quantization"":0,""fixed_quant_depth"":0,""component crossover"":0,""component crossover + repair"":0,""layer bundle crossover"":0,""layer bundle crossover + repair"":0},""quant_assignments_changed_by_type"":{""depth"":151,""quantization"":127,""joint_aware"":0,""interaction_aware"":0,""sequential_quantization"":0,""fixed_quant_depth"":0,""component crossover"":0,""component crossover + repair"":0,""layer bundle crossover"":0,""layer bundle crossover + repair"":0},""depth_mask_entries_changed_total"":232,""quant_assignments_changed_total"":278,""interaction_aware_details"":{""budget_repair_quant_changes"":0,""preferred_quant_exchanges_used"":0,""fallback_quant_exchanges_used"":0},""crossover_diagnostics"":{""crossover_type"":""component"",""crossover_parent_selection"":""uniform"",""crossover_offspring"":0,""crossover_offspring_accepted"":0,""mutation_offspring_accepted"":128,""mutation_offspring"":128,""crossover_offspring_attempted"":0,""crossover_duplicates"":0,""crossover_infeasible_candidates"":0,""crossover_repair_changed_gene_count"":0,""crossover_repaired_proposals"":0,""parent_distance_mean"":null,""parent_distance_min"":null,""parent_distance_max"":null,""child_distance_from_parent_a_mean"":null,""child_distance_from_parent_b_mean"":null,""layers_from_parent_a_mean"":null,""layers_from_parent_b_mean"":null,""crossover_no_legal_exchange"":0,""local_exchange_attention"":0,""local_exchange_mlp"":0,""local_exchange_quantization"":0,""local_exchange_block"":0,""child_distance_from_base_mean"":null,""child_distance_from_base_min"":null,""child_distance_from_base_max"":null,""child_distance_from_base_count"":0,""child_distance_from_donor_mean"":null,""child_distance_from_donor_min"":null,""child_distance_from_donor_max"":null,""child_distance_from_donor_count"":0,""donor_distance_reduction_mean"":null,""donor_distance_reduction_min"":null,""donor_distance_reduction_max"":null,""donor_distance_reduction_count"":0,""local_exchange_changed_gene_count_mean"":null,""local_exchange_changed_gene_count_min"":null,""local_exchange_changed_gene_count_max"":null,""local_exchange_changed_gene_count_count"":0,""child_distance_statistics_scope"":""accepted_unique_crossover_offspring"",""persistent_population_size"":1,""unique_population_size"":1,""best_population_fitness"":0.2034912109375,""configured_survivors_per_selection"":[16,4,1],""effective_survivors_per_selection"":[16,4,1],""effective_final_survivor_count"":1},""offspring_generation"":{""attempts"":129,""no_op_mutations"":0,""duplicate_candidates"":1,""infeasible_candidates"":0,""fixed_quant_legal_swap_counts"":[]},""maximum_depth_mutations_per_offspring"":3,""quantization_step_size"":1,""quantization_mutations_per_offspring"":1,""joint_aware_probability"":0.0,""adaptive_mutation"":false,""adaptive_mutation_strength"":1,""adaptive_mutation_patience"":3,""adaptive_mutation_max_strength"":3,""coarse_to_fine_mutation"":false,""coarse_to_fine_start_strength"":3,""coarse_to_fine_end_strength"":1,""stagnation_generations_after_selection"":0}",quantization,True,129,128,16,5,262144,262144,655360,13112,103809024,72307.97006411594,15276.82177734375
89,0.214111328125,0.2034912109375,kl,0.214111328125,,,,,0,{},128,16,4,1,"[16,4,1]","[2048,16384,131072]",6375608320,3.4642857142857144,3216.5078125,26982023168,26982023168,0,4,4,"{""type"":""mixed_depth_quantization"",""sequential_mode"":""none"",""joint_mutation_mode"":""standard"",""parent_before_generation_hash"":""880703dc0b7d959ad38ae671cf7c9099d3bef4b358b4e90f0dce5e36a20d373c"",""parent_after_generation_hash"":""7e738a4fea0406d708aeb15e4152623bb6352ce1c1505a0b0ec8bd85afaf1e04"",""generated_offspring_by_type"":{""depth"":71,""quantization"":57,""joint_aware"":0,""interaction_aware"":0,""sequential_quantization"":0,""fixed_quant_depth"":0,""component crossover"":0,""component crossover + repair"":0,""layer bundle crossover"":0,""layer bundle crossover + repair"":0},""depth_mask_entries_changed_by_type"":{""depth"":202,""quantization"":0,""joint_aware"":0,""interaction_aware"":0,""sequential_quantization"":0,""fixed_quant_depth"":0,""component crossover"":0,""component crossover + repair"":0,""layer bundle crossover"":0,""layer bundle crossover + repair"":0},""quant_assignments_changed_by_type"":{""depth"":135,""quantization"":129,""joint_aware"":0,""interaction_aware"":0,""sequential_quantization"":0,""fixed_quant_depth"":0,""component crossover"":0,""component crossover + repair"":0,""layer bundle crossover"":0,""layer bundle crossover + repair"":0},""depth_mask_entries_changed_total"":202,""quant_assignments_changed_total"":264,""interaction_aware_details"":{""budget_repair_quant_changes"":0,""preferred_quant_exchanges_used"":0,""fallback_quant_exchanges_used"":0},""crossover_diagnostics"":{""crossover_type"":""component"",""crossover_parent_selection"":""uniform"",""crossover_offspring"":0,""crossover_offspring_accepted"":0,""mutation_offspring_accepted"":128,""mutation_offspring"":128,""crossover_offspring_attempted"":0,""crossover_duplicates"":0,""crossover_infeasible_candidates"":0,""crossover_repair_changed_gene_count"":0,""crossover_repaired_proposals"":0,""parent_distance_mean"":null,""parent_distance_min"":null,""parent_distance_max"":null,""child_distance_from_parent_a_mean"":null,""child_distance_from_parent_b_mean"":null,""layers_from_parent_a_mean"":null,""layers_from_parent_b_mean"":null,""crossover_no_legal_exchange"":0,""local_exchange_attention"":0,""local_exchange_mlp"":0,""local_exchange_quantization"":0,""local_exchange_block"":0,""child_distance_from_base_mean"":null,""child_distance_from_base_min"":null,""child_distance_from_base_max"":null,""child_distance_from_base_count"":0,""child_distance_from_donor_mean"":null,""child_distance_from_donor_min"":null,""child_distance_from_donor_max"":null,""child_distance_from_donor_count"":0,""donor_distance_reduction_mean"":null,""donor_distance_reduction_min"":null,""donor_distance_reduction_max"":null,""donor_distance_reduction_count"":0,""local_exchange_changed_gene_count_mean"":null,""local_exchange_changed_gene_count_min"":null,""local_exchange_changed_gene_count_max"":null,""local_exchange_changed_gene_count_count"":0,""child_distance_statistics_scope"":""accepted_unique_crossover_offspring"",""persistent_population_size"":1,""unique_population_size"":1,""best_population_fitness"":0.214111328125,""configured_survivors_per_selection"":[16,4,1],""effective_survivors_per_selection"":[16,4,1],""effective_final_survivor_count"":1},""offspring_generation"":{""attempts"":128,""no_op_mutations"":0,""duplicate_candidates"":0,""infeasible_candidates"":0,""fixed_quant_legal_swap_counts"":[]},""maximum_depth_mutations_per_offspring"":3,""quantization_step_size"":1,""quantization_mutations_per_offspring"":1,""joint_aware_probability"":0.0,""adaptive_mutation"":false,""adaptive_mutation_strength"":1,""adaptive_mutation_patience"":3,""adaptive_mutation_max_strength"":3,""coarse_to_fine_mutation"":false,""coarse_to_fine_start_strength"":3,""coarse_to_fine_end_strength"":1,""stagnation_generations_after_selection"":0}",quantization,True,128,128,16,5,262144,262144,655360,13261,104988672,73190.36004635296,15276.82177734375
90,0.2088623046875,0.214111328125,kl,0.2088623046875,,,,,0,{},128,16,4,1,"[16,4,1]","[2048,16384,131072]",6375608320,3.4642857142857144,3216.5078125,26982023168,26982023168,0,4,4,"{""type"":""mixed_depth_quantization"",""sequential_mode"":""none"",""joint_mutation_mode"":""standard"",""parent_before_generation_hash"":""7e738a4fea0406d708aeb15e4152623bb6352ce1c1505a0b0ec8bd85afaf1e04"",""parent_after_generation_hash"":""36b00f3d33860c908c728deb913ad7093d1682bd3e0bf69def0d4317c5e21867"",""generated_offspring_by_type"":{""depth"":70,""quantization"":58,""joint_aware"":0,""interaction_aware"":0,""sequential_quantization"":0,""fixed_quant_depth"":0,""component crossover"":0,""component crossover + repair"":0,""layer bundle crossover"":0,""layer bundle crossover + repair"":0},""depth_mask_entries_changed_by_type"":{""depth"":198,""quantization"":0,""joint_aware"":0,""interaction_aware"":0,""sequential_quantization"":0,""fixed_quant_depth"":0,""component crossover"":0,""component crossover + repair"":0,""layer bundle crossover"":0,""layer bundle crossover + repair"":0},""quant_assignments_changed_by_type"":{""depth"":142,""quantization"":128,""joint_aware"":0,""interaction_aware"":0,""sequential_quantization"":0,""fixed_quant_depth"":0,""component crossover"":0,""component crossover + repair"":0,""layer bundle crossover"":0,""layer bundle crossover + repair"":0},""depth_mask_entries_changed_total"":198,""quant_assignments_changed_total"":270,""interaction_aware_details"":{""budget_repair_quant_changes"":0,""preferred_quant_exchanges_used"":0,""fallback_quant_exchanges_used"":0},""crossover_diagnostics"":{""crossover_type"":""component"",""crossover_parent_selection"":""uniform"",""crossover_offspring"":0,""crossover_offspring_accepted"":0,""mutation_offspring_accepted"":128,""mutation_offspring"":128,""crossover_offspring_attempted"":0,""crossover_duplicates"":0,""crossover_infeasible_candidates"":0,""crossover_repair_changed_gene_count"":0,""crossover_repaired_proposals"":0,""parent_distance_mean"":null,""parent_distance_min"":null,""parent_distance_max"":null,""child_distance_from_parent_a_mean"":null,""child_distance_from_parent_b_mean"":null,""layers_from_parent_a_mean"":null,""layers_from_parent_b_mean"":null,""crossover_no_legal_exchange"":0,""local_exchange_attention"":0,""local_exchange_mlp"":0,""local_exchange_quantization"":0,""local_exchange_block"":0,""child_distance_from_base_mean"":null,""child_distance_from_base_min"":null,""child_distance_from_base_max"":null,""child_distance_from_base_count"":0,""child_distance_from_donor_mean"":null,""child_distance_from_donor_min"":null,""child_distance_from_donor_max"":null,""child_distance_from_donor_count"":0,""donor_distance_reduction_mean"":null,""donor_distance_reduction_min"":null,""donor_distance_reduction_max"":null,""donor_distance_reduction_count"":0,""local_exchange_changed_gene_count_mean"":null,""local_exchange_changed_gene_count_min"":null,""local_exchange_changed_gene_count_max"":null,""local_exchange_changed_gene_count_count"":0,""child_distance_statistics_scope"":""accepted_unique_crossover_offspring"",""persistent_population_size"":1,""unique_population_size"":1,""best_population_fitness"":0.2088623046875,""configured_survivors_per_selection"":[16,4,1],""effective_survivors_per_selection"":[16,4,1],""effective_final_survivor_count"":1},""offspring_generation"":{""attempts"":128,""no_op_mutations"":0,""duplicate_candidates"":0,""infeasible_candidates"":0,""fixed_quant_legal_swap_counts"":[]},""maximum_depth_mutations_per_offspring"":3,""quantization_step_size"":1,""quantization_mutations_per_offspring"":1,""joint_aware_probability"":0.0,""adaptive_mutation"":false,""adaptive_mutation_strength"":1,""adaptive_mutation_patience"":3,""adaptive_mutation_max_strength"":3,""coarse_to_fine_mutation"":false,""coarse_to_fine_start_strength"":3,""coarse_to_fine_end_strength"":1,""stagnation_generations_after_selection"":0}",quantization,True,128,128,16,5,262144,262144,655360,13410,106168320,73918.91884188901,15276.82177734375
91,0.2017822265625,0.2088623046875,kl,0.2017822265625,7.8046875,6.4765625,9.6015625,,917504,"{""wikitext2"":327680,""c4"":589824}",128,16,4,1,"[16,4,1]","[2048,16384,131072]",6375608320,3.4642857142857144,3216.5078125,26982023168,26982023168,0,4,4,"{""type"":""mixed_depth_quantization"",""sequential_mode"":""none"",""joint_mutation_mode"":""standard"",""parent_before_generation_hash"":""36b00f3d33860c908c728deb913ad7093d1682bd3e0bf69def0d4317c5e21867"",""parent_after_generation_hash"":""ac1be426a1183502dc028eef4ea7b4b04f08484d2df4902534fc6105531bffda"",""generated_offspring_by_type"":{""depth"":59,""quantization"":69,""joint_aware"":0,""interaction_aware"":0,""sequential_quantization"":0,""fixed_quant_depth"":0,""component crossover"":0,""component crossover + repair"":0,""layer bundle crossover"":0,""layer bundle crossover + repair"":0},""depth_mask_entries_changed_by_type"":{""depth"":160,""quantization"":0,""joint_aware"":0,""interaction_aware"":0,""sequential_quantization"":0,""fixed_quant_depth"":0,""component crossover"":0,""component crossover + repair"":0,""layer bundle crossover"":0,""layer bundle crossover + repair"":0},""quant_assignments_changed_by_type"":{""depth"":105,""quantization"":151,""joint_aware"":0,""interaction_aware"":0,""sequential_quantization"":0,""fixed_quant_depth"":0,""component crossover"":0,""component crossover + repair"":0,""layer bundle crossover"":0,""layer bundle crossover + repair"":0},""depth_mask_entries_changed_total"":160,""quant_assignments_changed_total"":256,""interaction_aware_details"":{""budget_repair_quant_changes"":0,""preferred_quant_exchanges_used"":0,""fallback_quant_exchanges_used"":0},""crossover_diagnostics"":{""crossover_type"":""component"",""crossover_parent_selection"":""uniform"",""crossover_offspring"":0,""crossover_offspring_accepted"":0,""mutation_offspring_accepted"":128,""mutation_offspring"":128,""crossover_offspring_attempted"":0,""crossover_duplicates"":0,""crossover_infeasible_candidates"":0,""crossover_repair_changed_gene_count"":0,""crossover_repaired_proposals"":0,""parent_distance_mean"":null,""parent_distance_min"":null,""parent_distance_max"":null,""child_distance_from_parent_a_mean"":null,""child_distance_from_parent_b_mean"":null,""layers_from_parent_a_mean"":null,""layers_from_parent_b_mean"":null,""crossover_no_legal_exchange"":0,""local_exchange_attention"":0,""local_exchange_mlp"":0,""local_exchange_quantization"":0,""local_exchange_block"":0,""child_distance_from_base_mean"":null,""child_distance_from_base_min"":null,""child_distance_from_base_max"":null,""child_distance_from_base_count"":0,""child_distance_from_donor_mean"":null,""child_distance_from_donor_min"":null,""child_distance_from_donor_max"":null,""child_distance_from_donor_count"":0,""donor_distance_reduction_mean"":null,""donor_distance_reduction_min"":null,""donor_distance_reduction_max"":null,""donor_distance_reduction_count"":0,""local_exchange_changed_gene_count_mean"":null,""local_exchange_changed_gene_count_min"":null,""local_exchange_changed_gene_count_max"":null,""local_exchange_changed_gene_count_count"":0,""child_distance_statistics_scope"":""accepted_unique_crossover_offspring"",""persistent_population_size"":1,""unique_population_size"":1,""best_population_fitness"":0.2017822265625,""configured_survivors_per_selection"":[16,4,1],""effective_survivors_per_selection"":[16,4,1],""effective_final_survivor_count"":1},""offspring_generation"":{""attempts"":129,""no_op_mutations"":0,""duplicate_candidates"":1,""infeasible_candidates"":0,""fixed_quant_legal_swap_counts"":[]},""maximum_depth_mutations_per_offspring"":3,""quantization_step_size"":1,""quantization_mutations_per_offspring"":1,""joint_aware_probability"":0.0,""adaptive_mutation"":false,""adaptive_mutation_strength"":1,""adaptive_mutation_patience"":3,""adaptive_mutation_max_strength"":3,""coarse_to_fine_mutation"":false,""coarse_to_fine_start_strength"":3,""coarse_to_fine_end_strength"":1,""stagnation_generations_after_selection"":0}",quantization,True,129,128,16,5,262144,262144,655360,13559,107347968,74966.751456058,15276.82177734375
92,0.195068359375,0.2017822265625,kl,0.195068359375,,,,,0,{},128,16,4,1,"[16,4,1]","[2048,16384,131072]",6375608320,3.4642857142857144,3216.5078125,26982023168,26982023168,0,4,4,"{""type"":""mixed_depth_quantization"",""sequential_mode"":""none"",""joint_mutation_mode"":""standard"",""parent_before_generation_hash"":""ac1be426a1183502dc028eef4ea7b4b04f08484d2df4902534fc6105531bffda"",""parent_after_generation_hash"":""6b6ec32d939c6ae6406f0c42d2355d6ac3f1b4359223d3a52fae5b77305f52dd"",""generated_offspring_by_type"":{""depth"":65,""quantization"":63,""joint_aware"":0,""interaction_aware"":0,""sequential_quantization"":0,""fixed_quant_depth"":0,""component crossover"":0,""component crossover + repair"":0,""layer bundle crossover"":0,""layer bundle crossover + repair"":0},""depth_mask_entries_changed_by_type"":{""depth"":214,""quantization"":0,""joint_aware"":0,""interaction_aware"":0,""sequential_quantization"":0,""fixed_quant_depth"":0,""component crossover"":0,""component crossover + repair"":0,""layer bundle crossover"":0,""layer bundle crossover + repair"":0},""quant_assignments_changed_by_type"":{""depth"":149,""quantization"":137,""joint_aware"":0,""interaction_aware"":0,""sequential_quantization"":0,""fixed_quant_depth"":0,""component crossover"":0,""component crossover + repair"":0,""layer bundle crossover"":0,""layer bundle crossover + repair"":0},""depth_mask_entries_changed_total"":214,""quant_assignments_changed_total"":286,""interaction_aware_details"":{""budget_repair_quant_changes"":0,""preferred_quant_exchanges_used"":0,""fallback_quant_exchanges_used"":0},""crossover_diagnostics"":{""crossover_type"":""component"",""crossover_parent_selection"":""uniform"",""crossover_offspring"":0,""crossover_offspring_accepted"":0,""mutation_offspring_accepted"":128,""mutation_offspring"":128,""crossover_offspring_attempted"":0,""crossover_duplicates"":0,""crossover_infeasible_candidates"":0,""crossover_repair_changed_gene_count"":0,""crossover_repaired_proposals"":0,""parent_distance_mean"":null,""parent_distance_min"":null,""parent_distance_max"":null,""child_distance_from_parent_a_mean"":null,""child_distance_from_parent_b_mean"":null,""layers_from_parent_a_mean"":null,""layers_from_parent_b_mean"":null,""crossover_no_legal_exchange"":0,""local_exchange_attention"":0,""local_exchange_mlp"":0,""local_exchange_quantization"":0,""local_exchange_block"":0,""child_distance_from_base_mean"":null,""child_distance_from_base_min"":null,""child_distance_from_base_max"":null,""child_distance_from_base_count"":0,""child_distance_from_donor_mean"":null,""child_distance_from_donor_min"":null,""child_distance_from_donor_max"":null,""child_distance_from_donor_count"":0,""donor_distance_reduction_mean"":null,""donor_distance_reduction_min"":null,""donor_distance_reduction_max"":null,""donor_distance_reduction_count"":0,""local_exchange_changed_gene_count_mean"":null,""local_exchange_changed_gene_count_min"":null,""local_exchange_changed_gene_count_max"":null,""local_exchange_changed_gene_count_count"":0,""child_distance_statistics_scope"":""accepted_unique_crossover_offspring"",""persistent_population_size"":1,""unique_population_size"":1,""best_population_fitness"":0.195068359375,""configured_survivors_per_selection"":[16,4,1],""effective_survivors_per_selection"":[16,4,1],""effective_final_survivor_count"":1},""offspring_generation"":{""attempts"":129,""no_op_mutations"":0,""duplicate_candidates"":1,""infeasible_candidates"":0,""fixed_quant_legal_swap_counts"":[]},""maximum_depth_mutations_per_offspring"":3,""quantization_step_size"":1,""quantization_mutations_per_offspring"":1,""joint_aware_probability"":0.0,""adaptive_mutation"":false,""adaptive_mutation_strength"":1,""adaptive_mutation_patience"":3,""adaptive_mutation_max_strength"":3,""coarse_to_fine_mutation"":false,""coarse_to_fine_start_strength"":3,""coarse_to_fine_end_strength"":1,""stagnation_generations_after_selection"":0}",quantization,True,129,128,16,5,262144,262144,655360,13708,108527616,75711.768881917,15276.82177734375
93,0.2003173828125,0.195068359375,kl,0.2003173828125,,,,,0,{},128,16,4,1,"[16,4,1]","[2048,16384,131072]",6375608320,3.4642857142857144,3216.5078125,26982023168,26982023168,0,4,4,"{""type"":""mixed_depth_quantization"",""sequential_mode"":""none"",""joint_mutation_mode"":""standard"",""parent_before_generation_hash"":""6b6ec32d939c6ae6406f0c42d2355d6ac3f1b4359223d3a52fae5b77305f52dd"",""parent_after_generation_hash"":""fb339bdf478b08410b7794b0239807713aaf45515231654f6689c1a2bf7f263d"",""generated_offspring_by_type"":{""depth"":59,""quantization"":69,""joint_aware"":0,""interaction_aware"":0,""sequential_quantization"":0,""fixed_quant_depth"":0,""component crossover"":0,""component crossover + repair"":0,""layer bundle crossover"":0,""layer bundle crossover + repair"":0},""depth_mask_entries_changed_by_type"":{""depth"":178,""quantization"":0,""joint_aware"":0,""interaction_aware"":0,""sequential_quantization"":0,""fixed_quant_depth"":0,""component crossover"":0,""component crossover + repair"":0,""layer bundle crossover"":0,""layer bundle crossover + repair"":0},""quant_assignments_changed_by_type"":{""depth"":115,""quantization"":155,""joint_aware"":0,""interaction_aware"":0,""sequential_quantization"":0,""fixed_quant_depth"":0,""component crossover"":0,""component crossover + repair"":0,""layer bundle crossover"":0,""layer bundle crossover + repair"":0},""depth_mask_entries_changed_total"":178,""quant_assignments_changed_total"":270,""interaction_aware_details"":{""budget_repair_quant_changes"":0,""preferred_quant_exchanges_used"":0,""fallback_quant_exchanges_used"":0},""crossover_diagnostics"":{""crossover_type"":""component"",""crossover_parent_selection"":""uniform"",""crossover_offspring"":0,""crossover_offspring_accepted"":0,""mutation_offspring_accepted"":128,""mutation_offspring"":128,""crossover_offspring_attempted"":0,""crossover_duplicates"":0,""crossover_infeasible_candidates"":0,""crossover_repair_changed_gene_count"":0,""crossover_repaired_proposals"":0,""parent_distance_mean"":null,""parent_distance_min"":null,""parent_distance_max"":null,""child_distance_from_parent_a_mean"":null,""child_distance_from_parent_b_mean"":null,""layers_from_parent_a_mean"":null,""layers_from_parent_b_mean"":null,""crossover_no_legal_exchange"":0,""local_exchange_attention"":0,""local_exchange_mlp"":0,""local_exchange_quantization"":0,""local_exchange_block"":0,""child_distance_from_base_mean"":null,""child_distance_from_base_min"":null,""child_distance_from_base_max"":null,""child_distance_from_base_count"":0,""child_distance_from_donor_mean"":null,""child_distance_from_donor_min"":null,""child_distance_from_donor_max"":null,""child_distance_from_donor_count"":0,""donor_distance_reduction_mean"":null,""donor_distance_reduction_min"":null,""donor_distance_reduction_max"":null,""donor_distance_reduction_count"":0,""local_exchange_changed_gene_count_mean"":null,""local_exchange_changed_gene_count_min"":null,""local_exchange_changed_gene_count_max"":null,""local_exchange_changed_gene_count_count"":0,""child_distance_statistics_scope"":""accepted_unique_crossover_offspring"",""persistent_population_size"":1,""unique_population_size"":1,""best_population_fitness"":0.2003173828125,""configured_survivors_per_selection"":[16,4,1],""effective_survivors_per_selection"":[16,4,1],""effective_final_survivor_count"":1},""offspring_generation"":{""attempts"":128,""no_op_mutations"":0,""duplicate_candidates"":0,""infeasible_candidates"":0,""fixed_quant_legal_swap_counts"":[]},""maximum_depth_mutations_per_offspring"":3,""quantization_step_size"":1,""quantization_mutations_per_offspring"":1,""joint_aware_probability"":0.0,""adaptive_mutation"":false,""adaptive_mutation_strength"":1,""adaptive_mutation_patience"":3,""adaptive_mutation_max_strength"":3,""coarse_to_fine_mutation"":false,""coarse_to_fine_start_strength"":3,""coarse_to_fine_end_strength"":1,""stagnation_generations_after_selection"":0}",quantization,True,128,128,16,5,262144,262144,655360,13857,109707264,76494.1380560589,15276.82177734375
94,0.202880859375,0.2003173828125,kl,0.202880859375,,,,,0,{},128,16,4,1,"[16,4,1]","[2048,16384,131072]",6375608320,3.4642857142857144,3216.5078125,26982023168,26982023168,0,4,4,"{""type"":""mixed_depth_quantization"",""sequential_mode"":""none"",""joint_mutation_mode"":""standard"",""parent_before_generation_hash"":""fb339bdf478b08410b7794b0239807713aaf45515231654f6689c1a2bf7f263d"",""parent_after_generation_hash"":""fb339bdf478b08410b7794b0239807713aaf45515231654f6689c1a2bf7f263d"",""generated_offspring_by_type"":{""depth"":59,""quantization"":69,""joint_aware"":0,""interaction_aware"":0,""sequential_quantization"":0,""fixed_quant_depth"":0,""component crossover"":0,""component crossover + repair"":0,""layer bundle crossover"":0,""layer bundle crossover + repair"":0},""depth_mask_entries_changed_by_type"":{""depth"":182,""quantization"":0,""joint_aware"":0,""interaction_aware"":0,""sequential_quantization"":0,""fixed_quant_depth"":0,""component crossover"":0,""component crossover + repair"":0,""layer bundle crossover"":0,""layer bundle crossover + repair"":0},""quant_assignments_changed_by_type"":{""depth"":119,""quantization"":151,""joint_aware"":0,""interaction_aware"":0,""sequential_quantization"":0,""fixed_quant_depth"":0,""component crossover"":0,""component crossover + repair"":0,""layer bundle crossover"":0,""layer bundle crossover + repair"":0},""depth_mask_entries_changed_total"":182,""quant_assignments_changed_total"":270,""interaction_aware_details"":{""budget_repair_quant_changes"":0,""preferred_quant_exchanges_used"":0,""fallback_quant_exchanges_used"":0},""crossover_diagnostics"":{""crossover_type"":""component"",""crossover_parent_selection"":""uniform"",""crossover_offspring"":0,""crossover_offspring_accepted"":0,""mutation_offspring_accepted"":128,""mutation_offspring"":128,""crossover_offspring_attempted"":0,""crossover_duplicates"":0,""crossover_infeasible_candidates"":0,""crossover_repair_changed_gene_count"":0,""crossover_repaired_proposals"":0,""parent_distance_mean"":null,""parent_distance_min"":null,""parent_distance_max"":null,""child_distance_from_parent_a_mean"":null,""child_distance_from_parent_b_mean"":null,""layers_from_parent_a_mean"":null,""layers_from_parent_b_mean"":null,""crossover_no_legal_exchange"":0,""local_exchange_attention"":0,""local_exchange_mlp"":0,""local_exchange_quantization"":0,""local_exchange_block"":0,""child_distance_from_base_mean"":null,""child_distance_from_base_min"":null,""child_distance_from_base_max"":null,""child_distance_from_base_count"":0,""child_distance_from_donor_mean"":null,""child_distance_from_donor_min"":null,""child_distance_from_donor_max"":null,""child_distance_from_donor_count"":0,""donor_distance_reduction_mean"":null,""donor_distance_reduction_min"":null,""donor_distance_reduction_max"":null,""donor_distance_reduction_count"":0,""local_exchange_changed_gene_count_mean"":null,""local_exchange_changed_gene_count_min"":null,""local_exchange_changed_gene_count_max"":null,""local_exchange_changed_gene_count_count"":0,""child_distance_statistics_scope"":""accepted_unique_crossover_offspring"",""persistent_population_size"":1,""unique_population_size"":1,""best_population_fitness"":0.202880859375,""configured_survivors_per_selection"":[16,4,1],""effective_survivors_per_selection"":[16,4,1],""effective_final_survivor_count"":1},""offspring_generation"":{""attempts"":128,""no_op_mutations"":0,""duplicate_candidates"":0,""infeasible_candidates"":0,""fixed_quant_legal_swap_counts"":[]},""maximum_depth_mutations_per_offspring"":3,""quantization_step_size"":1,""quantization_mutations_per_offspring"":1,""joint_aware_probability"":0.0,""adaptive_mutation"":false,""adaptive_mutation_strength"":1,""adaptive_mutation_patience"":3,""adaptive_mutation_max_strength"":3,""coarse_to_fine_mutation"":false,""coarse_to_fine_start_strength"":3,""coarse_to_fine_end_strength"":1,""stagnation_generations_after_selection"":1}",parent,False,128,128,16,5,262144,262144,655360,14006,110886912,77225.70165039098,15276.82177734375
95,0.202880859375,0.202880859375,kl,0.202880859375,,,,,0,{},128,16,4,1,"[16,4,1]","[2048,16384,131072]",6375608320,3.4642857142857144,3216.5078125,26982023168,26982023168,0,4,4,"{""type"":""mixed_depth_quantization"",""sequential_mode"":""none"",""joint_mutation_mode"":""standard"",""parent_before_generation_hash"":""fb339bdf478b08410b7794b0239807713aaf45515231654f6689c1a2bf7f263d"",""parent_after_generation_hash"":""e4216a0c245d2eae715ff3436ba875b91eaed017fb3c282576038f298594587e"",""generated_offspring_by_type"":{""depth"":59,""quantization"":69,""joint_aware"":0,""interaction_aware"":0,""sequential_quantization"":0,""fixed_quant_depth"":0,""component crossover"":0,""component crossover + repair"":0,""layer bundle crossover"":0,""layer bundle crossover + repair"":0},""depth_mask_entries_changed_by_type"":{""depth"":184,""quantization"":0,""joint_aware"":0,""interaction_aware"":0,""sequential_quantization"":0,""fixed_quant_depth"":0,""component crossover"":0,""component crossover + repair"":0,""layer bundle crossover"":0,""layer bundle crossover + repair"":0},""quant_assignments_changed_by_type"":{""depth"":122,""quantization"":152,""joint_aware"":0,""interaction_aware"":0,""sequential_quantization"":0,""fixed_quant_depth"":0,""component crossover"":0,""component crossover + repair"":0,""layer bundle crossover"":0,""layer bundle crossover + repair"":0},""depth_mask_entries_changed_total"":184,""quant_assignments_changed_total"":274,""interaction_aware_details"":{""budget_repair_quant_changes"":0,""preferred_quant_exchanges_used"":0,""fallback_quant_exchanges_used"":0},""crossover_diagnostics"":{""crossover_type"":""component"",""crossover_parent_selection"":""uniform"",""crossover_offspring"":0,""crossover_offspring_accepted"":0,""mutation_offspring_accepted"":128,""mutation_offspring"":128,""crossover_offspring_attempted"":0,""crossover_duplicates"":0,""crossover_infeasible_candidates"":0,""crossover_repair_changed_gene_count"":0,""crossover_repaired_proposals"":0,""parent_distance_mean"":null,""parent_distance_min"":null,""parent_distance_max"":null,""child_distance_from_parent_a_mean"":null,""child_distance_from_parent_b_mean"":null,""layers_from_parent_a_mean"":null,""layers_from_parent_b_mean"":null,""crossover_no_legal_exchange"":0,""local_exchange_attention"":0,""local_exchange_mlp"":0,""local_exchange_quantization"":0,""local_exchange_block"":0,""child_distance_from_base_mean"":null,""child_distance_from_base_min"":null,""child_distance_from_base_max"":null,""child_distance_from_base_count"":0,""child_distance_from_donor_mean"":null,""child_distance_from_donor_min"":null,""child_distance_from_donor_max"":null,""child_distance_from_donor_count"":0,""donor_distance_reduction_mean"":null,""donor_distance_reduction_min"":null,""donor_distance_reduction_max"":null,""donor_distance_reduction_count"":0,""local_exchange_changed_gene_count_mean"":null,""local_exchange_changed_gene_count_min"":null,""local_exchange_changed_gene_count_max"":null,""local_exchange_changed_gene_count_count"":0,""child_distance_statistics_scope"":""accepted_unique_crossover_offspring"",""persistent_population_size"":1,""unique_population_size"":1,""best_population_fitness"":0.202880859375,""configured_survivors_per_selection"":[16,4,1],""effective_survivors_per_selection"":[16,4,1],""effective_final_survivor_count"":1},""offspring_generation"":{""attempts"":128,""no_op_mutations"":0,""duplicate_candidates"":0,""infeasible_candidates"":0,""fixed_quant_legal_swap_counts"":[]},""maximum_depth_mutations_per_offspring"":3,""quantization_step_size"":1,""quantization_mutations_per_offspring"":1,""joint_aware_probability"":0.0,""adaptive_mutation"":false,""adaptive_mutation_strength"":1,""adaptive_mutation_patience"":3,""adaptive_mutation_max_strength"":3,""coarse_to_fine_mutation"":false,""coarse_to_fine_start_strength"":3,""coarse_to_fine_end_strength"":1,""stagnation_generations_after_selection"":0}",quantization,True,128,128,16,5,262144,262144,655360,14155,112066560,77994.55574535695,15276.82177734375
96,0.20703125,0.202880859375,kl,0.20703125,7.8203125,6.4765625,9.6015625,,917504,"{""wikitext2"":327680,""c4"":589824}",128,16,4,1,"[16,4,1]","[2048,16384,131072]",6375608320,3.4642857142857144,3216.5078125,26982023168,26982023168,0,4,4,"{""type"":""mixed_depth_quantization"",""sequential_mode"":""none"",""joint_mutation_mode"":""standard"",""parent_before_generation_hash"":""e4216a0c245d2eae715ff3436ba875b91eaed017fb3c282576038f298594587e"",""parent_after_generation_hash"":""150516957de63f6cbb17a1f0975798001af07baf3b9d055ddc339e254f17d47f"",""generated_offspring_by_type"":{""depth"":65,""quantization"":63,""joint_aware"":0,""interaction_aware"":0,""sequential_quantization"":0,""fixed_quant_depth"":0,""component crossover"":0,""component crossover + repair"":0,""layer bundle crossover"":0,""layer bundle crossover + repair"":0},""depth_mask_entries_changed_by_type"":{""depth"":180,""quantization"":0,""joint_aware"":0,""interaction_aware"":0,""sequential_quantization"":0,""fixed_quant_depth"":0,""component crossover"":0,""component crossover + repair"":0,""layer bundle crossover"":0,""layer bundle crossover + repair"":0},""quant_assignments_changed_by_type"":{""depth"":130,""quantization"":140,""joint_aware"":0,""interaction_aware"":0,""sequential_quantization"":0,""fixed_quant_depth"":0,""component crossover"":0,""component crossover + repair"":0,""layer bundle crossover"":0,""layer bundle crossover + repair"":0},""depth_mask_entries_changed_total"":180,""quant_assignments_changed_total"":270,""interaction_aware_details"":{""budget_repair_quant_changes"":0,""preferred_quant_exchanges_used"":0,""fallback_quant_exchanges_used"":0},""crossover_diagnostics"":{""crossover_type"":""component"",""crossover_parent_selection"":""uniform"",""crossover_offspring"":0,""crossover_offspring_accepted"":0,""mutation_offspring_accepted"":128,""mutation_offspring"":128,""crossover_offspring_attempted"":0,""crossover_duplicates"":0,""crossover_infeasible_candidates"":0,""crossover_repair_changed_gene_count"":0,""crossover_repaired_proposals"":0,""parent_distance_mean"":null,""parent_distance_min"":null,""parent_distance_max"":null,""child_distance_from_parent_a_mean"":null,""child_distance_from_parent_b_mean"":null,""layers_from_parent_a_mean"":null,""layers_from_parent_b_mean"":null,""crossover_no_legal_exchange"":0,""local_exchange_attention"":0,""local_exchange_mlp"":0,""local_exchange_quantization"":0,""local_exchange_block"":0,""child_distance_from_base_mean"":null,""child_distance_from_base_min"":null,""child_distance_from_base_max"":null,""child_distance_from_base_count"":0,""child_distance_from_donor_mean"":null,""child_distance_from_donor_min"":null,""child_distance_from_donor_max"":null,""child_distance_from_donor_count"":0,""donor_distance_reduction_mean"":null,""donor_distance_reduction_min"":null,""donor_distance_reduction_max"":null,""donor_distance_reduction_count"":0,""local_exchange_changed_gene_count_mean"":null,""local_exchange_changed_gene_count_min"":null,""local_exchange_changed_gene_count_max"":null,""local_exchange_changed_gene_count_count"":0,""child_distance_statistics_scope"":""accepted_unique_crossover_offspring"",""persistent_population_size"":1,""unique_population_size"":1,""best_population_fitness"":0.20703125,""configured_survivors_per_selection"":[16,4,1],""effective_survivors_per_selection"":[16,4,1],""effective_final_survivor_count"":1},""offspring_generation"":{""attempts"":129,""no_op_mutations"":0,""duplicate_candidates"":1,""infeasible_candidates"":0,""fixed_quant_legal_swap_counts"":[]},""maximum_depth_mutations_per_offspring"":3,""quantization_step_size"":1,""quantization_mutations_per_offspring"":1,""joint_aware_probability"":0.0,""adaptive_mutation"":false,""adaptive_mutation_strength"":1,""adaptive_mutation_patience"":3,""adaptive_mutation_max_strength"":3,""coarse_to_fine_mutation"":false,""coarse_to_fine_start_strength"":3,""coarse_to_fine_end_strength"":1,""stagnation_generations_after_selection"":0}",quantization,True,129,128,16,5,262144,262144,655360,14304,113246208,78994.85161257791,15276.82177734375
97,0.2037353515625,0.20703125,kl,0.2037353515625,,,,,0,{},128,16,4,1,"[16,4,1]","[2048,16384,131072]",6375608320,3.4642857142857144,3216.5078125,26982023168,26982023168,0,4,4,"{""type"":""mixed_depth_quantization"",""sequential_mode"":""none"",""joint_mutation_mode"":""standard"",""parent_before_generation_hash"":""150516957de63f6cbb17a1f0975798001af07baf3b9d055ddc339e254f17d47f"",""parent_after_generation_hash"":""f485c42c61c58c0abd4eaca8c3d19cbd7119b0488a78d42d7717d8deb74d54b8"",""generated_offspring_by_type"":{""depth"":73,""quantization"":55,""joint_aware"":0,""interaction_aware"":0,""sequential_quantization"":0,""fixed_quant_depth"":0,""component crossover"":0,""component crossover + repair"":0,""layer bundle crossover"":0,""layer bundle crossover + repair"":0},""depth_mask_entries_changed_by_type"":{""depth"":212,""quantization"":0,""joint_aware"":0,""interaction_aware"":0,""sequential_quantization"":0,""fixed_quant_depth"":0,""component crossover"":0,""component crossover + repair"":0,""layer bundle crossover"":0,""layer bundle crossover + repair"":0},""quant_assignments_changed_by_type"":{""depth"":134,""quantization"":116,""joint_aware"":0,""interaction_aware"":0,""sequential_quantization"":0,""fixed_quant_depth"":0,""component crossover"":0,""component crossover + repair"":0,""layer bundle crossover"":0,""layer bundle crossover + repair"":0},""depth_mask_entries_changed_total"":212,""quant_assignments_changed_total"":250,""interaction_aware_details"":{""budget_repair_quant_changes"":0,""preferred_quant_exchanges_used"":0,""fallback_quant_exchanges_used"":0},""crossover_diagnostics"":{""crossover_type"":""component"",""crossover_parent_selection"":""uniform"",""crossover_offspring"":0,""crossover_offspring_accepted"":0,""mutation_offspring_accepted"":128,""mutation_offspring"":128,""crossover_offspring_attempted"":0,""crossover_duplicates"":0,""crossover_infeasible_candidates"":0,""crossover_repair_changed_gene_count"":0,""crossover_repaired_proposals"":0,""parent_distance_mean"":null,""parent_distance_min"":null,""parent_distance_max"":null,""child_distance_from_parent_a_mean"":null,""child_distance_from_parent_b_mean"":null,""layers_from_parent_a_mean"":null,""layers_from_parent_b_mean"":null,""crossover_no_legal_exchange"":0,""local_exchange_attention"":0,""local_exchange_mlp"":0,""local_exchange_quantization"":0,""local_exchange_block"":0,""child_distance_from_base_mean"":null,""child_distance_from_base_min"":null,""child_distance_from_base_max"":null,""child_distance_from_base_count"":0,""child_distance_from_donor_mean"":null,""child_distance_from_donor_min"":null,""child_distance_from_donor_max"":null,""child_distance_from_donor_count"":0,""donor_distance_reduction_mean"":null,""donor_distance_reduction_min"":null,""donor_distance_reduction_max"":null,""donor_distance_reduction_count"":0,""local_exchange_changed_gene_count_mean"":null,""local_exchange_changed_gene_count_min"":null,""local_exchange_changed_gene_count_max"":null,""local_exchange_changed_gene_count_count"":0,""child_distance_statistics_scope"":""accepted_unique_crossover_offspring"",""persistent_population_size"":1,""unique_population_size"":1,""best_population_fitness"":0.2037353515625,""configured_survivors_per_selection"":[16,4,1],""effective_survivors_per_selection"":[16,4,1],""effective_final_survivor_count"":1},""offspring_generation"":{""attempts"":129,""no_op_mutations"":0,""duplicate_candidates"":1,""infeasible_candidates"":0,""fixed_quant_legal_swap_counts"":[]},""maximum_depth_mutations_per_offspring"":3,""quantization_step_size"":1,""quantization_mutations_per_offspring"":1,""joint_aware_probability"":0.0,""adaptive_mutation"":false,""adaptive_mutation_strength"":1,""adaptive_mutation_patience"":3,""adaptive_mutation_max_strength"":3,""coarse_to_fine_mutation"":false,""coarse_to_fine_start_strength"":3,""coarse_to_fine_end_strength"":1,""stagnation_generations_after_selection"":0}",quantization,True,129,128,16,5,262144,262144,655360,14453,114425856,79689.39752139698,15276.82177734375
98,0.198974609375,0.2037353515625,kl,0.198974609375,,,,,0,{},128,16,4,1,"[16,4,1]","[2048,16384,131072]",6375608320,3.4642857142857144,3216.5078125,26982023168,26982023168,0,4,4,"{""type"":""mixed_depth_quantization"",""sequential_mode"":""none"",""joint_mutation_mode"":""standard"",""parent_before_generation_hash"":""f485c42c61c58c0abd4eaca8c3d19cbd7119b0488a78d42d7717d8deb74d54b8"",""parent_after_generation_hash"":""6d73433935cf2c447de29057ffa2eb18956143730b887c5e87d224a5b9e3c665"",""generated_offspring_by_type"":{""depth"":57,""quantization"":71,""joint_aware"":0,""interaction_aware"":0,""sequential_quantization"":0,""fixed_quant_depth"":0,""component crossover"":0,""component crossover + repair"":0,""layer bundle crossover"":0,""layer bundle crossover + repair"":0},""depth_mask_entries_changed_by_type"":{""depth"":174,""quantization"":0,""joint_aware"":0,""interaction_aware"":0,""sequential_quantization"":0,""fixed_quant_depth"":0,""component crossover"":0,""component crossover + repair"":0,""layer bundle crossover"":0,""layer bundle crossover + repair"":0},""quant_assignments_changed_by_type"":{""depth"":100,""quantization"":157,""joint_aware"":0,""interaction_aware"":0,""sequential_quantization"":0,""fixed_quant_depth"":0,""component crossover"":0,""component crossover + repair"":0,""layer bundle crossover"":0,""layer bundle crossover + repair"":0},""depth_mask_entries_changed_total"":174,""quant_assignments_changed_total"":257,""interaction_aware_details"":{""budget_repair_quant_changes"":0,""preferred_quant_exchanges_used"":0,""fallback_quant_exchanges_used"":0},""crossover_diagnostics"":{""crossover_type"":""component"",""crossover_parent_selection"":""uniform"",""crossover_offspring"":0,""crossover_offspring_accepted"":0,""mutation_offspring_accepted"":128,""mutation_offspring"":128,""crossover_offspring_attempted"":0,""crossover_duplicates"":0,""crossover_infeasible_candidates"":0,""crossover_repair_changed_gene_count"":0,""crossover_repaired_proposals"":0,""parent_distance_mean"":null,""parent_distance_min"":null,""parent_distance_max"":null,""child_distance_from_parent_a_mean"":null,""child_distance_from_parent_b_mean"":null,""layers_from_parent_a_mean"":null,""layers_from_parent_b_mean"":null,""crossover_no_legal_exchange"":0,""local_exchange_attention"":0,""local_exchange_mlp"":0,""local_exchange_quantization"":0,""local_exchange_block"":0,""child_distance_from_base_mean"":null,""child_distance_from_base_min"":null,""child_distance_from_base_max"":null,""child_distance_from_base_count"":0,""child_distance_from_donor_mean"":null,""child_distance_from_donor_min"":null,""child_distance_from_donor_max"":null,""child_distance_from_donor_count"":0,""donor_distance_reduction_mean"":null,""donor_distance_reduction_min"":null,""donor_distance_reduction_max"":null,""donor_distance_reduction_count"":0,""local_exchange_changed_gene_count_mean"":null,""local_exchange_changed_gene_count_min"":null,""local_exchange_changed_gene_count_max"":null,""local_exchange_changed_gene_count_count"":0,""child_distance_statistics_scope"":""accepted_unique_crossover_offspring"",""persistent_population_size"":1,""unique_population_size"":1,""best_population_fitness"":0.198974609375,""configured_survivors_per_selection"":[16,4,1],""effective_survivors_per_selection"":[16,4,1],""effective_final_survivor_count"":1},""offspring_generation"":{""attempts"":128,""no_op_mutations"":0,""duplicate_candidates"":0,""infeasible_candidates"":0,""fixed_quant_legal_swap_counts"":[]},""maximum_depth_mutations_per_offspring"":3,""quantization_step_size"":1,""quantization_mutations_per_offspring"":1,""joint_aware_probability"":0.0,""adaptive_mutation"":false,""adaptive_mutation_strength"":1,""adaptive_mutation_patience"":3,""adaptive_mutation_max_strength"":3,""coarse_to_fine_mutation"":false,""coarse_to_fine_start_strength"":3,""coarse_to_fine_end_strength"":1,""stagnation_generations_after_selection"":0}",quantization,True,128,128,16,5,262144,262144,655360,14602,115605504,80466.79718174401,15276.82177734375
99,0.194091796875,0.198974609375,kl,0.194091796875,,,,,0,{},128,16,4,1,"[16,4,1]","[2048,16384,131072]",6375608320,3.4642857142857144,3216.5078125,26982023168,26982023168,0,4,4,"{""type"":""mixed_depth_quantization"",""sequential_mode"":""none"",""joint_mutation_mode"":""standard"",""parent_before_generation_hash"":""6d73433935cf2c447de29057ffa2eb18956143730b887c5e87d224a5b9e3c665"",""parent_after_generation_hash"":""629a4372e830cf0dfaf3db4d2d9f0689e28b67f7c88939a35050f2e3aac4894b"",""generated_offspring_by_type"":{""depth"":65,""quantization"":63,""joint_aware"":0,""interaction_aware"":0,""sequential_quantization"":0,""fixed_quant_depth"":0,""component crossover"":0,""component crossover + repair"":0,""layer bundle crossover"":0,""layer bundle crossover + repair"":0},""depth_mask_entries_changed_by_type"":{""depth"":200,""quantization"":0,""joint_aware"":0,""interaction_aware"":0,""sequential_quantization"":0,""fixed_quant_depth"":0,""component crossover"":0,""component crossover + repair"":0,""layer bundle crossover"":0,""layer bundle crossover + repair"":0},""quant_assignments_changed_by_type"":{""depth"":138,""quantization"":137,""joint_aware"":0,""interaction_aware"":0,""sequential_quantization"":0,""fixed_quant_depth"":0,""component crossover"":0,""component crossover + repair"":0,""layer bundle crossover"":0,""layer bundle crossover + repair"":0},""depth_mask_entries_changed_total"":200,""quant_assignments_changed_total"":275,""interaction_aware_details"":{""budget_repair_quant_changes"":0,""preferred_quant_exchanges_used"":0,""fallback_quant_exchanges_used"":0},""crossover_diagnostics"":{""crossover_type"":""component"",""crossover_parent_selection"":""uniform"",""crossover_offspring"":0,""crossover_offspring_accepted"":0,""mutation_offspring_accepted"":128,""mutation_offspring"":128,""crossover_offspring_attempted"":0,""crossover_duplicates"":0,""crossover_infeasible_candidates"":0,""crossover_repair_changed_gene_count"":0,""crossover_repaired_proposals"":0,""parent_distance_mean"":null,""parent_distance_min"":null,""parent_distance_max"":null,""child_distance_from_parent_a_mean"":null,""child_distance_from_parent_b_mean"":null,""layers_from_parent_a_mean"":null,""layers_from_parent_b_mean"":null,""crossover_no_legal_exchange"":0,""local_exchange_attention"":0,""local_exchange_mlp"":0,""local_exchange_quantization"":0,""local_exchange_block"":0,""child_distance_from_base_mean"":null,""child_distance_from_base_min"":null,""child_distance_from_base_max"":null,""child_distance_from_base_count"":0,""child_distance_from_donor_mean"":null,""child_distance_from_donor_min"":null,""child_distance_from_donor_max"":null,""child_distance_from_donor_count"":0,""donor_distance_reduction_mean"":null,""donor_distance_reduction_min"":null,""donor_distance_reduction_max"":null,""donor_distance_reduction_count"":0,""local_exchange_changed_gene_count_mean"":null,""local_exchange_changed_gene_count_min"":null,""local_exchange_changed_gene_count_max"":null,""local_exchange_changed_gene_count_count"":0,""child_distance_statistics_scope"":""accepted_unique_crossover_offspring"",""persistent_population_size"":1,""unique_population_size"":1,""best_population_fitness"":0.194091796875,""configured_survivors_per_selection"":[16,4,1],""effective_survivors_per_selection"":[16,4,1],""effective_final_survivor_count"":1},""offspring_generation"":{""attempts"":128,""no_op_mutations"":0,""duplicate_candidates"":0,""infeasible_candidates"":0,""fixed_quant_legal_swap_counts"":[]},""maximum_depth_mutations_per_offspring"":3,""quantization_step_size"":1,""quantization_mutations_per_offspring"":1,""joint_aware_probability"":0.0,""adaptive_mutation"":false,""adaptive_mutation_strength"":1,""adaptive_mutation_patience"":3,""adaptive_mutation_max_strength"":3,""coarse_to_fine_mutation"":false,""coarse_to_fine_start_strength"":3,""coarse_to_fine_end_strength"":1,""stagnation_generations_after_selection"":0}",quantization,True,128,128,16,5,262144,262144,655360,14751,116785152,81190.83360453998,15276.82177734375
100,0.201904296875,0.194091796875,kl,0.201904296875,,,,,0,{},128,16,4,1,"[16,4,1]","[2048,16384,131072]",6375608320,3.4642857142857144,3216.5078125,26982023168,26982023168,0,4,4,"{""type"":""mixed_depth_quantization"",""sequential_mode"":""none"",""joint_mutation_mode"":""standard"",""parent_before_generation_hash"":""629a4372e830cf0dfaf3db4d2d9f0689e28b67f7c88939a35050f2e3aac4894b"",""parent_after_generation_hash"":""4a55858411130858cca62a5292cf1c0593fd56ccf620464ca5d4f2f49e1f2662"",""generated_offspring_by_type"":{""depth"":55,""quantization"":73,""joint_aware"":0,""interaction_aware"":0,""sequential_quantization"":0,""fixed_quant_depth"":0,""component crossover"":0,""component crossover + repair"":0,""layer bundle crossover"":0,""layer bundle crossover + repair"":0},""depth_mask_entries_changed_by_type"":{""depth"":162,""quantization"":0,""joint_aware"":0,""interaction_aware"":0,""sequential_quantization"":0,""fixed_quant_depth"":0,""component crossover"":0,""component crossover + repair"":0,""layer bundle crossover"":0,""layer bundle crossover + repair"":0},""quant_assignments_changed_by_type"":{""depth"":113,""quantization"":160,""joint_aware"":0,""interaction_aware"":0,""sequential_quantization"":0,""fixed_quant_depth"":0,""component crossover"":0,""component crossover + repair"":0,""layer bundle crossover"":0,""layer bundle crossover + repair"":0},""depth_mask_entries_changed_total"":162,""quant_assignments_changed_total"":273,""interaction_aware_details"":{""budget_repair_quant_changes"":0,""preferred_quant_exchanges_used"":0,""fallback_quant_exchanges_used"":0},""crossover_diagnostics"":{""crossover_type"":""component"",""crossover_parent_selection"":""uniform"",""crossover_offspring"":0,""crossover_offspring_accepted"":0,""mutation_offspring_accepted"":128,""mutation_offspring"":128,""crossover_offspring_attempted"":0,""crossover_duplicates"":0,""crossover_infeasible_candidates"":0,""crossover_repair_changed_gene_count"":0,""crossover_repaired_proposals"":0,""parent_distance_mean"":null,""parent_distance_min"":null,""parent_distance_max"":null,""child_distance_from_parent_a_mean"":null,""child_distance_from_parent_b_mean"":null,""layers_from_parent_a_mean"":null,""layers_from_parent_b_mean"":null,""crossover_no_legal_exchange"":0,""local_exchange_attention"":0,""local_exchange_mlp"":0,""local_exchange_quantization"":0,""local_exchange_block"":0,""child_distance_from_base_mean"":null,""child_distance_from_base_min"":null,""child_distance_from_base_max"":null,""child_distance_from_base_count"":0,""child_distance_from_donor_mean"":null,""child_distance_from_donor_min"":null,""child_distance_from_donor_max"":null,""child_distance_from_donor_count"":0,""donor_distance_reduction_mean"":null,""donor_distance_reduction_min"":null,""donor_distance_reduction_max"":null,""donor_distance_reduction_count"":0,""local_exchange_changed_gene_count_mean"":null,""local_exchange_changed_gene_count_min"":null,""local_exchange_changed_gene_count_max"":null,""local_exchange_changed_gene_count_count"":0,""child_distance_statistics_scope"":""accepted_unique_crossover_offspring"",""persistent_population_size"":1,""unique_population_size"":1,""best_population_fitness"":0.201904296875,""configured_survivors_per_selection"":[16,4,1],""effective_survivors_per_selection"":[16,4,1],""effective_final_survivor_count"":1},""offspring_generation"":{""attempts"":128,""no_op_mutations"":0,""duplicate_candidates"":0,""infeasible_candidates"":0,""fixed_quant_legal_swap_counts"":[]},""maximum_depth_mutations_per_offspring"":3,""quantization_step_size"":1,""quantization_mutations_per_offspring"":1,""joint_aware_probability"":0.0,""adaptive_mutation"":false,""adaptive_mutation_strength"":1,""adaptive_mutation_patience"":3,""adaptive_mutation_max_strength"":3,""coarse_to_fine_mutation"":false,""coarse_to_fine_start_strength"":3,""coarse_to_fine_end_strength"":1,""stagnation_generations_after_selection"":0}",quantization,True,128,128,16,5,262144,262144,655360,14900,117964800,81968.46471625997,15276.82177734375
101,0.2119140625,0.201904296875,kl,0.2119140625,7.7890625,6.51953125,9.6015625,,917504,"{""wikitext2"":327680,""c4"":589824}",128,16,4,1,"[16,4,1]","[2048,16384,131072]",6375608320,3.4642857142857144,3216.5078125,26982023168,26982023168,0,4,4,"{""type"":""mixed_depth_quantization"",""sequential_mode"":""none"",""joint_mutation_mode"":""standard"",""parent_before_generation_hash"":""4a55858411130858cca62a5292cf1c0593fd56ccf620464ca5d4f2f49e1f2662"",""parent_after_generation_hash"":""ca8693996640238cfed22efad019eb9eb535673630e86bbc74f98b362722ea91"",""generated_offspring_by_type"":{""depth"":54,""quantization"":74,""joint_aware"":0,""interaction_aware"":0,""sequential_quantization"":0,""fixed_quant_depth"":0,""component crossover"":0,""component crossover + repair"":0,""layer bundle crossover"":0,""layer bundle crossover + repair"":0},""depth_mask_entries_changed_by_type"":{""depth"":148,""quantization"":0,""joint_aware"":0,""interaction_aware"":0,""sequential_quantization"":0,""fixed_quant_depth"":0,""component crossover"":0,""component crossover + repair"":0,""layer bundle crossover"":0,""layer bundle crossover + repair"":0},""quant_assignments_changed_by_type"":{""depth"":101,""quantization"":162,""joint_aware"":0,""interaction_aware"":0,""sequential_quantization"":0,""fixed_quant_depth"":0,""component crossover"":0,""component crossover + repair"":0,""layer bundle crossover"":0,""layer bundle crossover + repair"":0},""depth_mask_entries_changed_total"":148,""quant_assignments_changed_total"":263,""interaction_aware_details"":{""budget_repair_quant_changes"":0,""preferred_quant_exchanges_used"":0,""fallback_quant_exchanges_used"":0},""crossover_diagnostics"":{""crossover_type"":""component"",""crossover_parent_selection"":""uniform"",""crossover_offspring"":0,""crossover_offspring_accepted"":0,""mutation_offspring_accepted"":128,""mutation_offspring"":128,""crossover_offspring_attempted"":0,""crossover_duplicates"":0,""crossover_infeasible_candidates"":0,""crossover_repair_changed_gene_count"":0,""crossover_repaired_proposals"":0,""parent_distance_mean"":null,""parent_distance_min"":null,""parent_distance_max"":null,""child_distance_from_parent_a_mean"":null,""child_distance_from_parent_b_mean"":null,""layers_from_parent_a_mean"":null,""layers_from_parent_b_mean"":null,""crossover_no_legal_exchange"":0,""local_exchange_attention"":0,""local_exchange_mlp"":0,""local_exchange_quantization"":0,""local_exchange_block"":0,""child_distance_from_base_mean"":null,""child_distance_from_base_min"":null,""child_distance_from_base_max"":null,""child_distance_from_base_count"":0,""child_distance_from_donor_mean"":null,""child_distance_from_donor_min"":null,""child_distance_from_donor_max"":null,""child_distance_from_donor_count"":0,""donor_distance_reduction_mean"":null,""donor_distance_reduction_min"":null,""donor_distance_reduction_max"":null,""donor_distance_reduction_count"":0,""local_exchange_changed_gene_count_mean"":null,""local_exchange_changed_gene_count_min"":null,""local_exchange_changed_gene_count_max"":null,""local_exchange_changed_gene_count_count"":0,""child_distance_statistics_scope"":""accepted_unique_crossover_offspring"",""persistent_population_size"":1,""unique_population_size"":1,""best_population_fitness"":0.2119140625,""configured_survivors_per_selection"":[16,4,1],""effective_survivors_per_selection"":[16,4,1],""effective_final_survivor_count"":1},""offspring_generation"":{""attempts"":128,""no_op_mutations"":0,""duplicate_candidates"":0,""infeasible_candidates"":0,""fixed_quant_legal_swap_counts"":[]},""maximum_depth_mutations_per_offspring"":3,""quantization_step_size"":1,""quantization_mutations_per_offspring"":1,""joint_aware_probability"":0.0,""adaptive_mutation"":false,""adaptive_mutation_strength"":1,""adaptive_mutation_patience"":3,""adaptive_mutation_max_strength"":3,""coarse_to_fine_mutation"":false,""coarse_to_fine_start_strength"":3,""coarse_to_fine_end_strength"":1,""stagnation_generations_after_selection"":0}",quantization,True,128,128,16,5,262144,262144,655360,15049,119144448,82941.117039848,15276.82177734375
102,0.2032470703125,0.2119140625,kl,0.2032470703125,,,,,0,{},128,16,4,1,"[16,4,1]","[2048,16384,131072]",6375608320,3.4642857142857144,3216.5078125,26982023168,26982023168,0,4,4,"{""type"":""mixed_depth_quantization"",""sequential_mode"":""none"",""joint_mutation_mode"":""standard"",""parent_before_generation_hash"":""ca8693996640238cfed22efad019eb9eb535673630e86bbc74f98b362722ea91"",""parent_after_generation_hash"":""db95222ed32f7e9ff5ca4cb91bd6a453fc8a1823ea33fc7cfac0dc651c6c4309"",""generated_offspring_by_type"":{""depth"":70,""quantization"":58,""joint_aware"":0,""interaction_aware"":0,""sequential_quantization"":0,""fixed_quant_depth"":0,""component crossover"":0,""component crossover + repair"":0,""layer bundle crossover"":0,""layer bundle crossover + repair"":0},""depth_mask_entries_changed_by_type"":{""depth"":216,""quantization"":0,""joint_aware"":0,""interaction_aware"":0,""sequential_quantization"":0,""fixed_quant_depth"":0,""component crossover"":0,""component crossover + repair"":0,""layer bundle crossover"":0,""layer bundle crossover + repair"":0},""quant_assignments_changed_by_type"":{""depth"":136,""quantization"":126,""joint_aware"":0,""interaction_aware"":0,""sequential_quantization"":0,""fixed_quant_depth"":0,""component crossover"":0,""component crossover + repair"":0,""layer bundle crossover"":0,""layer bundle crossover + repair"":0},""depth_mask_entries_changed_total"":216,""quant_assignments_changed_total"":262,""interaction_aware_details"":{""budget_repair_quant_changes"":0,""preferred_quant_exchanges_used"":0,""fallback_quant_exchanges_used"":0},""crossover_diagnostics"":{""crossover_type"":""component"",""crossover_parent_selection"":""uniform"",""crossover_offspring"":0,""crossover_offspring_accepted"":0,""mutation_offspring_accepted"":128,""mutation_offspring"":128,""crossover_offspring_attempted"":0,""crossover_duplicates"":0,""crossover_infeasible_candidates"":0,""crossover_repair_changed_gene_count"":0,""crossover_repaired_proposals"":0,""parent_distance_mean"":null,""parent_distance_min"":null,""parent_distance_max"":null,""child_distance_from_parent_a_mean"":null,""child_distance_from_parent_b_mean"":null,""layers_from_parent_a_mean"":null,""layers_from_parent_b_mean"":null,""crossover_no_legal_exchange"":0,""local_exchange_attention"":0,""local_exchange_mlp"":0,""local_exchange_quantization"":0,""local_exchange_block"":0,""child_distance_from_base_mean"":null,""child_distance_from_base_min"":null,""child_distance_from_base_max"":null,""child_distance_from_base_count"":0,""child_distance_from_donor_mean"":null,""child_distance_from_donor_min"":null,""child_distance_from_donor_max"":null,""child_distance_from_donor_count"":0,""donor_distance_reduction_mean"":null,""donor_distance_reduction_min"":null,""donor_distance_reduction_max"":null,""donor_distance_reduction_count"":0,""local_exchange_changed_gene_count_mean"":null,""local_exchange_changed_gene_count_min"":null,""local_exchange_changed_gene_count_max"":null,""local_exchange_changed_gene_count_count"":0,""child_distance_statistics_scope"":""accepted_unique_crossover_offspring"",""persistent_population_size"":1,""unique_population_size"":1,""best_population_fitness"":0.2032470703125,""configured_survivors_per_selection"":[16,4,1],""effective_survivors_per_selection"":[16,4,1],""effective_final_survivor_count"":1},""offspring_generation"":{""attempts"":128,""no_op_mutations"":0,""duplicate_candidates"":0,""infeasible_candidates"":0,""fixed_quant_legal_swap_counts"":[]},""maximum_depth_mutations_per_offspring"":3,""quantization_step_size"":1,""quantization_mutations_per_offspring"":1,""joint_aware_probability"":0.0,""adaptive_mutation"":false,""adaptive_mutation_strength"":1,""adaptive_mutation_patience"":3,""adaptive_mutation_max_strength"":3,""coarse_to_fine_mutation"":false,""coarse_to_fine_start_strength"":3,""coarse_to_fine_end_strength"":1,""stagnation_generations_after_selection"":0}",quantization,True,128,128,16,5,262144,262144,655360,15198,120324096,83764.27643201896,15276.82177734375
103,0.2052001953125,0.2032470703125,kl,0.2052001953125,,,,,0,{},128,16,4,1,"[16,4,1]","[2048,16384,131072]",6375608320,3.4642857142857144,3216.5078125,26982023168,26982023168,0,4,4,"{""type"":""mixed_depth_quantization"",""sequential_mode"":""none"",""joint_mutation_mode"":""standard"",""parent_before_generation_hash"":""db95222ed32f7e9ff5ca4cb91bd6a453fc8a1823ea33fc7cfac0dc651c6c4309"",""parent_after_generation_hash"":""23f2b8696bc6ca19bea1639f72e8749d1f13528a751ecc9f695bbc9bf7b59f21"",""generated_offspring_by_type"":{""depth"":68,""quantization"":60,""joint_aware"":0,""interaction_aware"":0,""sequential_quantization"":0,""fixed_quant_depth"":0,""component crossover"":0,""component crossover + repair"":0,""layer bundle crossover"":0,""layer bundle crossover + repair"":0},""depth_mask_entries_changed_by_type"":{""depth"":186,""quantization"":0,""joint_aware"":0,""interaction_aware"":0,""sequential_quantization"":0,""fixed_quant_depth"":0,""component crossover"":0,""component crossover + repair"":0,""layer bundle crossover"":0,""layer bundle crossover + repair"":0},""quant_assignments_changed_by_type"":{""depth"":128,""quantization"":144,""joint_aware"":0,""interaction_aware"":0,""sequential_quantization"":0,""fixed_quant_depth"":0,""component crossover"":0,""component crossover + repair"":0,""layer bundle crossover"":0,""layer bundle crossover + repair"":0},""depth_mask_entries_changed_total"":186,""quant_assignments_changed_total"":272,""interaction_aware_details"":{""budget_repair_quant_changes"":0,""preferred_quant_exchanges_used"":0,""fallback_quant_exchanges_used"":0},""crossover_diagnostics"":{""crossover_type"":""component"",""crossover_parent_selection"":""uniform"",""crossover_offspring"":0,""crossover_offspring_accepted"":0,""mutation_offspring_accepted"":128,""mutation_offspring"":128,""crossover_offspring_attempted"":0,""crossover_duplicates"":0,""crossover_infeasible_candidates"":0,""crossover_repair_changed_gene_count"":0,""crossover_repaired_proposals"":0,""parent_distance_mean"":null,""parent_distance_min"":null,""parent_distance_max"":null,""child_distance_from_parent_a_mean"":null,""child_distance_from_parent_b_mean"":null,""layers_from_parent_a_mean"":null,""layers_from_parent_b_mean"":null,""crossover_no_legal_exchange"":0,""local_exchange_attention"":0,""local_exchange_mlp"":0,""local_exchange_quantization"":0,""local_exchange_block"":0,""child_distance_from_base_mean"":null,""child_distance_from_base_min"":null,""child_distance_from_base_max"":null,""child_distance_from_base_count"":0,""child_distance_from_donor_mean"":null,""child_distance_from_donor_min"":null,""child_distance_from_donor_max"":null,""child_distance_from_donor_count"":0,""donor_distance_reduction_mean"":null,""donor_distance_reduction_min"":null,""donor_distance_reduction_max"":null,""donor_distance_reduction_count"":0,""local_exchange_changed_gene_count_mean"":null,""local_exchange_changed_gene_count_min"":null,""local_exchange_changed_gene_count_max"":null,""local_exchange_changed_gene_count_count"":0,""child_distance_statistics_scope"":""accepted_unique_crossover_offspring"",""persistent_population_size"":1,""unique_population_size"":1,""best_population_fitness"":0.2052001953125,""configured_survivors_per_selection"":[16,4,1],""effective_survivors_per_selection"":[16,4,1],""effective_final_survivor_count"":1},""offspring_generation"":{""attempts"":128,""no_op_mutations"":0,""duplicate_candidates"":0,""infeasible_candidates"":0,""fixed_quant_legal_swap_counts"":[]},""maximum_depth_mutations_per_offspring"":3,""quantization_step_size"":1,""quantization_mutations_per_offspring"":1,""joint_aware_probability"":0.0,""adaptive_mutation"":false,""adaptive_mutation_strength"":1,""adaptive_mutation_patience"":3,""adaptive_mutation_max_strength"":3,""coarse_to_fine_mutation"":false,""coarse_to_fine_start_strength"":3,""coarse_to_fine_end_strength"":1,""stagnation_generations_after_selection"":0}",quantization,True,128,128,16,5,262144,262144,655360,15347,121503744,84633.70685073093,15276.82177734375
104,0.190673828125,0.2052001953125,kl,0.190673828125,,,,,0,{},128,16,4,1,"[16,4,1]","[2048,16384,131072]",6375608320,3.4642857142857144,3216.5078125,26982023168,26982023168,0,4,4,"{""type"":""mixed_depth_quantization"",""sequential_mode"":""none"",""joint_mutation_mode"":""standard"",""parent_before_generation_hash"":""23f2b8696bc6ca19bea1639f72e8749d1f13528a751ecc9f695bbc9bf7b59f21"",""parent_after_generation_hash"":""25bcc630df2c34d5dee00ec7d62411ea5e7838e8dfda73b5ff7ca619469d0edc"",""generated_offspring_by_type"":{""depth"":69,""quantization"":59,""joint_aware"":0,""interaction_aware"":0,""sequential_quantization"":0,""fixed_quant_depth"":0,""component crossover"":0,""component crossover + repair"":0,""layer bundle crossover"":0,""layer bundle crossover + repair"":0},""depth_mask_entries_changed_by_type"":{""depth"":200,""quantization"":0,""joint_aware"":0,""interaction_aware"":0,""sequential_quantization"":0,""fixed_quant_depth"":0,""component crossover"":0,""component crossover + repair"":0,""layer bundle crossover"":0,""layer bundle crossover + repair"":0},""quant_assignments_changed_by_type"":{""depth"":121,""quantization"":130,""joint_aware"":0,""interaction_aware"":0,""sequential_quantization"":0,""fixed_quant_depth"":0,""component crossover"":0,""component crossover + repair"":0,""layer bundle crossover"":0,""layer bundle crossover + repair"":0},""depth_mask_entries_changed_total"":200,""quant_assignments_changed_total"":251,""interaction_aware_details"":{""budget_repair_quant_changes"":0,""preferred_quant_exchanges_used"":0,""fallback_quant_exchanges_used"":0},""crossover_diagnostics"":{""crossover_type"":""component"",""crossover_parent_selection"":""uniform"",""crossover_offspring"":0,""crossover_offspring_accepted"":0,""mutation_offspring_accepted"":128,""mutation_offspring"":128,""crossover_offspring_attempted"":0,""crossover_duplicates"":0,""crossover_infeasible_candidates"":0,""crossover_repair_changed_gene_count"":0,""crossover_repaired_proposals"":0,""parent_distance_mean"":null,""parent_distance_min"":null,""parent_distance_max"":null,""child_distance_from_parent_a_mean"":null,""child_distance_from_parent_b_mean"":null,""layers_from_parent_a_mean"":null,""layers_from_parent_b_mean"":null,""crossover_no_legal_exchange"":0,""local_exchange_attention"":0,""local_exchange_mlp"":0,""local_exchange_quantization"":0,""local_exchange_block"":0,""child_distance_from_base_mean"":null,""child_distance_from_base_min"":null,""child_distance_from_base_max"":null,""child_distance_from_base_count"":0,""child_distance_from_donor_mean"":null,""child_distance_from_donor_min"":null,""child_distance_from_donor_max"":null,""child_distance_from_donor_count"":0,""donor_distance_reduction_mean"":null,""donor_distance_reduction_min"":null,""donor_distance_reduction_max"":null,""donor_distance_reduction_count"":0,""local_exchange_changed_gene_count_mean"":null,""local_exchange_changed_gene_count_min"":null,""local_exchange_changed_gene_count_max"":null,""local_exchange_changed_gene_count_count"":0,""child_distance_statistics_scope"":""accepted_unique_crossover_offspring"",""persistent_population_size"":1,""unique_population_size"":1,""best_population_fitness"":0.190673828125,""configured_survivors_per_selection"":[16,4,1],""effective_survivors_per_selection"":[16,4,1],""effective_final_survivor_count"":1},""offspring_generation"":{""attempts"":128,""no_op_mutations"":0,""duplicate_candidates"":0,""infeasible_candidates"":0,""fixed_quant_legal_swap_counts"":[]},""maximum_depth_mutations_per_offspring"":3,""quantization_step_size"":1,""quantization_mutations_per_offspring"":1,""joint_aware_probability"":0.0,""adaptive_mutation"":false,""adaptive_mutation_strength"":1,""adaptive_mutation_patience"":3,""adaptive_mutation_max_strength"":3,""coarse_to_fine_mutation"":false,""coarse_to_fine_start_strength"":3,""coarse_to_fine_end_strength"":1,""stagnation_generations_after_selection"":0}",quantization,True,128,128,16,5,262144,262144,655360,15496,122683392,85459.50782138295,15276.82177734375
105,0.202392578125,0.190673828125,kl,0.202392578125,,,,,0,{},128,16,4,1,"[16,4,1]","[2048,16384,131072]",6375608320,3.4642857142857144,3216.5078125,26982023168,26982023168,0,4,4,"{""type"":""mixed_depth_quantization"",""sequential_mode"":""none"",""joint_mutation_mode"":""standard"",""parent_before_generation_hash"":""25bcc630df2c34d5dee00ec7d62411ea5e7838e8dfda73b5ff7ca619469d0edc"",""parent_after_generation_hash"":""c23791978a924309eba8ab9d0d0309319c6111a4683b5ffafee9d3db8e876f7c"",""generated_offspring_by_type"":{""depth"":61,""quantization"":67,""joint_aware"":0,""interaction_aware"":0,""sequential_quantization"":0,""fixed_quant_depth"":0,""component crossover"":0,""component crossover + repair"":0,""layer bundle crossover"":0,""layer bundle crossover + repair"":0},""depth_mask_entries_changed_by_type"":{""depth"":176,""quantization"":0,""joint_aware"":0,""interaction_aware"":0,""sequential_quantization"":0,""fixed_quant_depth"":0,""component crossover"":0,""component crossover + repair"":0,""layer bundle crossover"":0,""layer bundle crossover + repair"":0},""quant_assignments_changed_by_type"":{""depth"":122,""quantization"":148,""joint_aware"":0,""interaction_aware"":0,""sequential_quantization"":0,""fixed_quant_depth"":0,""component crossover"":0,""component crossover + repair"":0,""layer bundle crossover"":0,""layer bundle crossover + repair"":0},""depth_mask_entries_changed_total"":176,""quant_assignments_changed_total"":270,""interaction_aware_details"":{""budget_repair_quant_changes"":0,""preferred_quant_exchanges_used"":0,""fallback_quant_exchanges_used"":0},""crossover_diagnostics"":{""crossover_type"":""component"",""crossover_parent_selection"":""uniform"",""crossover_offspring"":0,""crossover_offspring_accepted"":0,""mutation_offspring_accepted"":128,""mutation_offspring"":128,""crossover_offspring_attempted"":0,""crossover_duplicates"":0,""crossover_infeasible_candidates"":0,""crossover_repair_changed_gene_count"":0,""crossover_repaired_proposals"":0,""parent_distance_mean"":null,""parent_distance_min"":null,""parent_distance_max"":null,""child_distance_from_parent_a_mean"":null,""child_distance_from_parent_b_mean"":null,""layers_from_parent_a_mean"":null,""layers_from_parent_b_mean"":null,""crossover_no_legal_exchange"":0,""local_exchange_attention"":0,""local_exchange_mlp"":0,""local_exchange_quantization"":0,""local_exchange_block"":0,""child_distance_from_base_mean"":null,""child_distance_from_base_min"":null,""child_distance_from_base_max"":null,""child_distance_from_base_count"":0,""child_distance_from_donor_mean"":null,""child_distance_from_donor_min"":null,""child_distance_from_donor_max"":null,""child_distance_from_donor_count"":0,""donor_distance_reduction_mean"":null,""donor_distance_reduction_min"":null,""donor_distance_reduction_max"":null,""donor_distance_reduction_count"":0,""local_exchange_changed_gene_count_mean"":null,""local_exchange_changed_gene_count_min"":null,""local_exchange_changed_gene_count_max"":null,""local_exchange_changed_gene_count_count"":0,""child_distance_statistics_scope"":""accepted_unique_crossover_offspring"",""persistent_population_size"":1,""unique_population_size"":1,""best_population_fitness"":0.202392578125,""configured_survivors_per_selection"":[16,4,1],""effective_survivors_per_selection"":[16,4,1],""effective_final_survivor_count"":1},""offspring_generation"":{""attempts"":128,""no_op_mutations"":0,""duplicate_candidates"":0,""infeasible_candidates"":0,""fixed_quant_legal_swap_counts"":[]},""maximum_depth_mutations_per_offspring"":3,""quantization_step_size"":1,""quantization_mutations_per_offspring"":1,""joint_aware_probability"":0.0,""adaptive_mutation"":false,""adaptive_mutation_strength"":1,""adaptive_mutation_patience"":3,""adaptive_mutation_max_strength"":3,""coarse_to_fine_mutation"":false,""coarse_to_fine_start_strength"":3,""coarse_to_fine_end_strength"":1,""stagnation_generations_after_selection"":0}",quantization,True,128,128,16,5,262144,262144,655360,15645,123863040,86343.695795735,15276.82177734375
106,0.202880859375,0.202392578125,kl,0.202880859375,7.7890625,6.4453125,9.6171875,,917504,"{""wikitext2"":327680,""c4"":589824}",128,16,4,1,"[16,4,1]","[2048,16384,131072]",6375608320,3.4642857142857144,3216.5078125,26982023168,26982023168,0,4,4,"{""type"":""mixed_depth_quantization"",""sequential_mode"":""none"",""joint_mutation_mode"":""standard"",""parent_before_generation_hash"":""c23791978a924309eba8ab9d0d0309319c6111a4683b5ffafee9d3db8e876f7c"",""parent_after_generation_hash"":""461348d57240f04edcf80aa6d59586f589b4dc8fffececd80f4b617f11dc27c2"",""generated_offspring_by_type"":{""depth"":63,""quantization"":65,""joint_aware"":0,""interaction_aware"":0,""sequential_quantization"":0,""fixed_quant_depth"":0,""component crossover"":0,""component crossover + repair"":0,""layer bundle crossover"":0,""layer bundle crossover + repair"":0},""depth_mask_entries_changed_by_type"":{""depth"":190,""quantization"":0,""joint_aware"":0,""interaction_aware"":0,""sequential_quantization"":0,""fixed_quant_depth"":0,""component crossover"":0,""component crossover + repair"":0,""layer bundle crossover"":0,""layer bundle crossover + repair"":0},""quant_assignments_changed_by_type"":{""depth"":113,""quantization"":136,""joint_aware"":0,""interaction_aware"":0,""sequential_quantization"":0,""fixed_quant_depth"":0,""component crossover"":0,""component crossover + repair"":0,""layer bundle crossover"":0,""layer bundle crossover + repair"":0},""depth_mask_entries_changed_total"":190,""quant_assignments_changed_total"":249,""interaction_aware_details"":{""budget_repair_quant_changes"":0,""preferred_quant_exchanges_used"":0,""fallback_quant_exchanges_used"":0},""crossover_diagnostics"":{""crossover_type"":""component"",""crossover_parent_selection"":""uniform"",""crossover_offspring"":0,""crossover_offspring_accepted"":0,""mutation_offspring_accepted"":128,""mutation_offspring"":128,""crossover_offspring_attempted"":0,""crossover_duplicates"":0,""crossover_infeasible_candidates"":0,""crossover_repair_changed_gene_count"":0,""crossover_repaired_proposals"":0,""parent_distance_mean"":null,""parent_distance_min"":null,""parent_distance_max"":null,""child_distance_from_parent_a_mean"":null,""child_distance_from_parent_b_mean"":null,""layers_from_parent_a_mean"":null,""layers_from_parent_b_mean"":null,""crossover_no_legal_exchange"":0,""local_exchange_attention"":0,""local_exchange_mlp"":0,""local_exchange_quantization"":0,""local_exchange_block"":0,""child_distance_from_base_mean"":null,""child_distance_from_base_min"":null,""child_distance_from_base_max"":null,""child_distance_from_base_count"":0,""child_distance_from_donor_mean"":null,""child_distance_from_donor_min"":null,""child_distance_from_donor_max"":null,""child_distance_from_donor_count"":0,""donor_distance_reduction_mean"":null,""donor_distance_reduction_min"":null,""donor_distance_reduction_max"":null,""donor_distance_reduction_count"":0,""local_exchange_changed_gene_count_mean"":null,""local_exchange_changed_gene_count_min"":null,""local_exchange_changed_gene_count_max"":null,""local_exchange_changed_gene_count_count"":0,""child_distance_statistics_scope"":""accepted_unique_crossover_offspring"",""persistent_population_size"":1,""unique_population_size"":1,""best_population_fitness"":0.202880859375,""configured_survivors_per_selection"":[16,4,1],""effective_survivors_per_selection"":[16,4,1],""effective_final_survivor_count"":1},""offspring_generation"":{""attempts"":129,""no_op_mutations"":0,""duplicate_candidates"":1,""infeasible_candidates"":0,""fixed_quant_legal_swap_counts"":[]},""maximum_depth_mutations_per_offspring"":3,""quantization_step_size"":1,""quantization_mutations_per_offspring"":1,""joint_aware_probability"":0.0,""adaptive_mutation"":false,""adaptive_mutation_strength"":1,""adaptive_mutation_patience"":3,""adaptive_mutation_max_strength"":3,""coarse_to_fine_mutation"":false,""coarse_to_fine_start_strength"":3,""coarse_to_fine_end_strength"":1,""stagnation_generations_after_selection"":0}",quantization,True,129,128,16,5,262144,262144,655360,15794,125042688,87414.11596005096,15276.82177734375
107,0.1993408203125,0.202880859375,kl,0.1993408203125,,,,,0,{},128,16,4,1,"[16,4,1]","[2048,16384,131072]",6375608320,3.4642857142857144,3216.5078125,26982023168,26982023168,0,4,4,"{""type"":""mixed_depth_quantization"",""sequential_mode"":""none"",""joint_mutation_mode"":""standard"",""parent_before_generation_hash"":""461348d57240f04edcf80aa6d59586f589b4dc8fffececd80f4b617f11dc27c2"",""parent_after_generation_hash"":""5c13e9f46a46aa2e8b4da3ed21c17c32e22b1b688d9ce62383e937b1686f11a0"",""generated_offspring_by_type"":{""depth"":70,""quantization"":58,""joint_aware"":0,""interaction_aware"":0,""sequential_quantization"":0,""fixed_quant_depth"":0,""component crossover"":0,""component crossover + repair"":0,""layer bundle crossover"":0,""layer bundle crossover + repair"":0},""depth_mask_entries_changed_by_type"":{""depth"":202,""quantization"":0,""joint_aware"":0,""interaction_aware"":0,""sequential_quantization"":0,""fixed_quant_depth"":0,""component crossover"":0,""component crossover + repair"":0,""layer bundle crossover"":0,""layer bundle crossover + repair"":0},""quant_assignments_changed_by_type"":{""depth"":145,""quantization"":129,""joint_aware"":0,""interaction_aware"":0,""sequential_quantization"":0,""fixed_quant_depth"":0,""component crossover"":0,""component crossover + repair"":0,""layer bundle crossover"":0,""layer bundle crossover + repair"":0},""depth_mask_entries_changed_total"":202,""quant_assignments_changed_total"":274,""interaction_aware_details"":{""budget_repair_quant_changes"":0,""preferred_quant_exchanges_used"":0,""fallback_quant_exchanges_used"":0},""crossover_diagnostics"":{""crossover_type"":""component"",""crossover_parent_selection"":""uniform"",""crossover_offspring"":0,""crossover_offspring_accepted"":0,""mutation_offspring_accepted"":128,""mutation_offspring"":128,""crossover_offspring_attempted"":0,""crossover_duplicates"":0,""crossover_infeasible_candidates"":0,""crossover_repair_changed_gene_count"":0,""crossover_repaired_proposals"":0,""parent_distance_mean"":null,""parent_distance_min"":null,""parent_distance_max"":null,""child_distance_from_parent_a_mean"":null,""child_distance_from_parent_b_mean"":null,""layers_from_parent_a_mean"":null,""layers_from_parent_b_mean"":null,""crossover_no_legal_exchange"":0,""local_exchange_attention"":0,""local_exchange_mlp"":0,""local_exchange_quantization"":0,""local_exchange_block"":0,""child_distance_from_base_mean"":null,""child_distance_from_base_min"":null,""child_distance_from_base_max"":null,""child_distance_from_base_count"":0,""child_distance_from_donor_mean"":null,""child_distance_from_donor_min"":null,""child_distance_from_donor_max"":null,""child_distance_from_donor_count"":0,""donor_distance_reduction_mean"":null,""donor_distance_reduction_min"":null,""donor_distance_reduction_max"":null,""donor_distance_reduction_count"":0,""local_exchange_changed_gene_count_mean"":null,""local_exchange_changed_gene_count_min"":null,""local_exchange_changed_gene_count_max"":null,""local_exchange_changed_gene_count_count"":0,""child_distance_statistics_scope"":""accepted_unique_crossover_offspring"",""persistent_population_size"":1,""unique_population_size"":1,""best_population_fitness"":0.1993408203125,""configured_survivors_per_selection"":[16,4,1],""effective_survivors_per_selection"":[16,4,1],""effective_final_survivor_count"":1},""offspring_generation"":{""attempts"":128,""no_op_mutations"":0,""duplicate_candidates"":0,""infeasible_candidates"":0,""fixed_quant_legal_swap_counts"":[]},""maximum_depth_mutations_per_offspring"":3,""quantization_step_size"":1,""quantization_mutations_per_offspring"":1,""joint_aware_probability"":0.0,""adaptive_mutation"":false,""adaptive_mutation_strength"":1,""adaptive_mutation_patience"":3,""adaptive_mutation_max_strength"":3,""coarse_to_fine_mutation"":false,""coarse_to_fine_start_strength"":3,""coarse_to_fine_end_strength"":1,""stagnation_generations_after_selection"":0}",quantization,True,128,128,16,5,262144,262144,655360,15943,126222336,88242.06302598701,15276.82177734375
108,0.1998291015625,0.1993408203125,kl,0.1998291015625,,,,,0,{},128,16,4,1,"[16,4,1]","[2048,16384,131072]",6375608320,3.4642857142857144,3216.5078125,26982023168,26982023168,0,4,4,"{""type"":""mixed_depth_quantization"",""sequential_mode"":""none"",""joint_mutation_mode"":""standard"",""parent_before_generation_hash"":""5c13e9f46a46aa2e8b4da3ed21c17c32e22b1b688d9ce62383e937b1686f11a0"",""parent_after_generation_hash"":""c9ef7a2146f8cab4c6c422f141315ece1b202716839ee3fa54aae775484aa4ad"",""generated_offspring_by_type"":{""depth"":61,""quantization"":67,""joint_aware"":0,""interaction_aware"":0,""sequential_quantization"":0,""fixed_quant_depth"":0,""component crossover"":0,""component crossover + repair"":0,""layer bundle crossover"":0,""layer bundle crossover + repair"":0},""depth_mask_entries_changed_by_type"":{""depth"":174,""quantization"":0,""joint_aware"":0,""interaction_aware"":0,""sequential_quantization"":0,""fixed_quant_depth"":0,""component crossover"":0,""component crossover + repair"":0,""layer bundle crossover"":0,""layer bundle crossover + repair"":0},""quant_assignments_changed_by_type"":{""depth"":130,""quantization"":144,""joint_aware"":0,""interaction_aware"":0,""sequential_quantization"":0,""fixed_quant_depth"":0,""component crossover"":0,""component crossover + repair"":0,""layer bundle crossover"":0,""layer bundle crossover + repair"":0},""depth_mask_entries_changed_total"":174,""quant_assignments_changed_total"":274,""interaction_aware_details"":{""budget_repair_quant_changes"":0,""preferred_quant_exchanges_used"":0,""fallback_quant_exchanges_used"":0},""crossover_diagnostics"":{""crossover_type"":""component"",""crossover_parent_selection"":""uniform"",""crossover_offspring"":0,""crossover_offspring_accepted"":0,""mutation_offspring_accepted"":128,""mutation_offspring"":128,""crossover_offspring_attempted"":0,""crossover_duplicates"":0,""crossover_infeasible_candidates"":0,""crossover_repair_changed_gene_count"":0,""crossover_repaired_proposals"":0,""parent_distance_mean"":null,""parent_distance_min"":null,""parent_distance_max"":null,""child_distance_from_parent_a_mean"":null,""child_distance_from_parent_b_mean"":null,""layers_from_parent_a_mean"":null,""layers_from_parent_b_mean"":null,""crossover_no_legal_exchange"":0,""local_exchange_attention"":0,""local_exchange_mlp"":0,""local_exchange_quantization"":0,""local_exchange_block"":0,""child_distance_from_base_mean"":null,""child_distance_from_base_min"":null,""child_distance_from_base_max"":null,""child_distance_from_base_count"":0,""child_distance_from_donor_mean"":null,""child_distance_from_donor_min"":null,""child_distance_from_donor_max"":null,""child_distance_from_donor_count"":0,""donor_distance_reduction_mean"":null,""donor_distance_reduction_min"":null,""donor_distance_reduction_max"":null,""donor_distance_reduction_count"":0,""local_exchange_changed_gene_count_mean"":null,""local_exchange_changed_gene_count_min"":null,""local_exchange_changed_gene_count_max"":null,""local_exchange_changed_gene_count_count"":0,""child_distance_statistics_scope"":""accepted_unique_crossover_offspring"",""persistent_population_size"":1,""unique_population_size"":1,""best_population_fitness"":0.1998291015625,""configured_survivors_per_selection"":[16,4,1],""effective_survivors_per_selection"":[16,4,1],""effective_final_survivor_count"":1},""offspring_generation"":{""attempts"":129,""no_op_mutations"":1,""duplicate_candidates"":0,""infeasible_candidates"":0,""fixed_quant_legal_swap_counts"":[]},""maximum_depth_mutations_per_offspring"":3,""quantization_step_size"":1,""quantization_mutations_per_offspring"":1,""joint_aware_probability"":0.0,""adaptive_mutation"":false,""adaptive_mutation_strength"":1,""adaptive_mutation_patience"":3,""adaptive_mutation_max_strength"":3,""coarse_to_fine_mutation"":false,""coarse_to_fine_start_strength"":3,""coarse_to_fine_end_strength"":1,""stagnation_generations_after_selection"":0}",quantization,True,129,128,16,5,262144,262144,655360,16092,127401984,88935.19613151602,15276.82177734375
109,0.198486328125,0.1998291015625,kl,0.198486328125,,,,,0,{},128,16,4,1,"[16,4,1]","[2048,16384,131072]",6375608320,3.4642857142857144,3216.5078125,26982023168,26982023168,0,4,4,"{""type"":""mixed_depth_quantization"",""sequential_mode"":""none"",""joint_mutation_mode"":""standard"",""parent_before_generation_hash"":""c9ef7a2146f8cab4c6c422f141315ece1b202716839ee3fa54aae775484aa4ad"",""parent_after_generation_hash"":""3910f9883679e15382f31ad822c46854f1e502d3035de33c1b0c86e78cf85b51"",""generated_offspring_by_type"":{""depth"":52,""quantization"":76,""joint_aware"":0,""interaction_aware"":0,""sequential_quantization"":0,""fixed_quant_depth"":0,""component crossover"":0,""component crossover + repair"":0,""layer bundle crossover"":0,""layer bundle crossover + repair"":0},""depth_mask_entries_changed_by_type"":{""depth"":156,""quantization"":0,""joint_aware"":0,""interaction_aware"":0,""sequential_quantization"":0,""fixed_quant_depth"":0,""component crossover"":0,""component crossover + repair"":0,""layer bundle crossover"":0,""layer bundle crossover + repair"":0},""quant_assignments_changed_by_type"":{""depth"":106,""quantization"":166,""joint_aware"":0,""interaction_aware"":0,""sequential_quantization"":0,""fixed_quant_depth"":0,""component crossover"":0,""component crossover + repair"":0,""layer bundle crossover"":0,""layer bundle crossover + repair"":0},""depth_mask_entries_changed_total"":156,""quant_assignments_changed_total"":272,""interaction_aware_details"":{""budget_repair_quant_changes"":0,""preferred_quant_exchanges_used"":0,""fallback_quant_exchanges_used"":0},""crossover_diagnostics"":{""crossover_type"":""component"",""crossover_parent_selection"":""uniform"",""crossover_offspring"":0,""crossover_offspring_accepted"":0,""mutation_offspring_accepted"":128,""mutation_offspring"":128,""crossover_offspring_attempted"":0,""crossover_duplicates"":0,""crossover_infeasible_candidates"":0,""crossover_repair_changed_gene_count"":0,""crossover_repaired_proposals"":0,""parent_distance_mean"":null,""parent_distance_min"":null,""parent_distance_max"":null,""child_distance_from_parent_a_mean"":null,""child_distance_from_parent_b_mean"":null,""layers_from_parent_a_mean"":null,""layers_from_parent_b_mean"":null,""crossover_no_legal_exchange"":0,""local_exchange_attention"":0,""local_exchange_mlp"":0,""local_exchange_quantization"":0,""local_exchange_block"":0,""child_distance_from_base_mean"":null,""child_distance_from_base_min"":null,""child_distance_from_base_max"":null,""child_distance_from_base_count"":0,""child_distance_from_donor_mean"":null,""child_distance_from_donor_min"":null,""child_distance_from_donor_max"":null,""child_distance_from_donor_count"":0,""donor_distance_reduction_mean"":null,""donor_distance_reduction_min"":null,""donor_distance_reduction_max"":null,""donor_distance_reduction_count"":0,""local_exchange_changed_gene_count_mean"":null,""local_exchange_changed_gene_count_min"":null,""local_exchange_changed_gene_count_max"":null,""local_exchange_changed_gene_count_count"":0,""child_distance_statistics_scope"":""accepted_unique_crossover_offspring"",""persistent_population_size"":1,""unique_population_size"":1,""best_population_fitness"":0.198486328125,""configured_survivors_per_selection"":[16,4,1],""effective_survivors_per_selection"":[16,4,1],""effective_final_survivor_count"":1},""offspring_generation"":{""attempts"":130,""no_op_mutations"":0,""duplicate_candidates"":2,""infeasible_candidates"":0,""fixed_quant_legal_swap_counts"":[]},""maximum_depth_mutations_per_offspring"":3,""quantization_step_size"":1,""quantization_mutations_per_offspring"":1,""joint_aware_probability"":0.0,""adaptive_mutation"":false,""adaptive_mutation_strength"":1,""adaptive_mutation_patience"":3,""adaptive_mutation_max_strength"":3,""coarse_to_fine_mutation"":false,""coarse_to_fine_start_strength"":3,""coarse_to_fine_end_strength"":1,""stagnation_generations_after_selection"":0}",quantization,True,130,128,16,5,262144,262144,655360,16241,128581632,89685.00035269896,15276.82177734375
110,0.20166015625,0.198486328125,kl,0.20166015625,,,,,0,{},128,16,4,1,"[16,4,1]","[2048,16384,131072]",6375608320,3.4642857142857144,3216.5078125,26982023168,26982023168,0,4,4,"{""type"":""mixed_depth_quantization"",""sequential_mode"":""none"",""joint_mutation_mode"":""standard"",""parent_before_generation_hash"":""3910f9883679e15382f31ad822c46854f1e502d3035de33c1b0c86e78cf85b51"",""parent_after_generation_hash"":""383dc463b8386bcdfe504aa6646026bfecb5993a05baaac3ae154166b67cfc39"",""generated_offspring_by_type"":{""depth"":49,""quantization"":79,""joint_aware"":0,""interaction_aware"":0,""sequential_quantization"":0,""fixed_quant_depth"":0,""component crossover"":0,""component crossover + repair"":0,""layer bundle crossover"":0,""layer bundle crossover + repair"":0},""depth_mask_entries_changed_by_type"":{""depth"":142,""quantization"":0,""joint_aware"":0,""interaction_aware"":0,""sequential_quantization"":0,""fixed_quant_depth"":0,""component crossover"":0,""component crossover + repair"":0,""layer bundle crossover"":0,""layer bundle crossover + repair"":0},""quant_assignments_changed_by_type"":{""depth"":92,""quantization"":175,""joint_aware"":0,""interaction_aware"":0,""sequential_quantization"":0,""fixed_quant_depth"":0,""component crossover"":0,""component crossover + repair"":0,""layer bundle crossover"":0,""layer bundle crossover + repair"":0},""depth_mask_entries_changed_total"":142,""quant_assignments_changed_total"":267,""interaction_aware_details"":{""budget_repair_quant_changes"":0,""preferred_quant_exchanges_used"":0,""fallback_quant_exchanges_used"":0},""crossover_diagnostics"":{""crossover_type"":""component"",""crossover_parent_selection"":""uniform"",""crossover_offspring"":0,""crossover_offspring_accepted"":0,""mutation_offspring_accepted"":128,""mutation_offspring"":128,""crossover_offspring_attempted"":0,""crossover_duplicates"":0,""crossover_infeasible_candidates"":0,""crossover_repair_changed_gene_count"":0,""crossover_repaired_proposals"":0,""parent_distance_mean"":null,""parent_distance_min"":null,""parent_distance_max"":null,""child_distance_from_parent_a_mean"":null,""child_distance_from_parent_b_mean"":null,""layers_from_parent_a_mean"":null,""layers_from_parent_b_mean"":null,""crossover_no_legal_exchange"":0,""local_exchange_attention"":0,""local_exchange_mlp"":0,""local_exchange_quantization"":0,""local_exchange_block"":0,""child_distance_from_base_mean"":null,""child_distance_from_base_min"":null,""child_distance_from_base_max"":null,""child_distance_from_base_count"":0,""child_distance_from_donor_mean"":null,""child_distance_from_donor_min"":null,""child_distance_from_donor_max"":null,""child_distance_from_donor_count"":0,""donor_distance_reduction_mean"":null,""donor_distance_reduction_min"":null,""donor_distance_reduction_max"":null,""donor_distance_reduction_count"":0,""local_exchange_changed_gene_count_mean"":null,""local_exchange_changed_gene_count_min"":null,""local_exchange_changed_gene_count_max"":null,""local_exchange_changed_gene_count_count"":0,""child_distance_statistics_scope"":""accepted_unique_crossover_offspring"",""persistent_population_size"":1,""unique_population_size"":1,""best_population_fitness"":0.20166015625,""configured_survivors_per_selection"":[16,4,1],""effective_survivors_per_selection"":[16,4,1],""effective_final_survivor_count"":1},""offspring_generation"":{""attempts"":128,""no_op_mutations"":0,""duplicate_candidates"":0,""infeasible_candidates"":0,""fixed_quant_legal_swap_counts"":[]},""maximum_depth_mutations_per_offspring"":3,""quantization_step_size"":1,""quantization_mutations_per_offspring"":1,""joint_aware_probability"":0.0,""adaptive_mutation"":false,""adaptive_mutation_strength"":1,""adaptive_mutation_patience"":3,""adaptive_mutation_max_strength"":3,""coarse_to_fine_mutation"":false,""coarse_to_fine_start_strength"":3,""coarse_to_fine_end_strength"":1,""stagnation_generations_after_selection"":0}",quantization,True,128,128,16,5,262144,262144,655360,16390,129761280,90504.59417688393,15276.82177734375
111,0.2012939453125,0.20166015625,kl,0.2012939453125,7.8046875,6.4453125,9.6171875,,917504,"{""wikitext2"":327680,""c4"":589824}",128,16,4,1,"[16,4,1]","[2048,16384,131072]",6375608320,3.4642857142857144,3216.5078125,26982023168,26982023168,0,4,4,"{""type"":""mixed_depth_quantization"",""sequential_mode"":""none"",""joint_mutation_mode"":""standard"",""parent_before_generation_hash"":""383dc463b8386bcdfe504aa6646026bfecb5993a05baaac3ae154166b67cfc39"",""parent_after_generation_hash"":""f3d2242ae3b4ea55ca2e5e66eade83892fc57c3b96d5342fa8b771ce4b93a3e3"",""generated_offspring_by_type"":{""depth"":59,""quantization"":69,""joint_aware"":0,""interaction_aware"":0,""sequential_quantization"":0,""fixed_quant_depth"":0,""component crossover"":0,""component crossover + repair"":0,""layer bundle crossover"":0,""layer bundle crossover + repair"":0},""depth_mask_entries_changed_by_type"":{""depth"":172,""quantization"":0,""joint_aware"":0,""interaction_aware"":0,""sequential_quantization"":0,""fixed_quant_depth"":0,""component crossover"":0,""component crossover + repair"":0,""layer bundle crossover"":0,""layer bundle crossover + repair"":0},""quant_assignments_changed_by_type"":{""depth"":120,""quantization"":155,""joint_aware"":0,""interaction_aware"":0,""sequential_quantization"":0,""fixed_quant_depth"":0,""component crossover"":0,""component crossover + repair"":0,""layer bundle crossover"":0,""layer bundle crossover + repair"":0},""depth_mask_entries_changed_total"":172,""quant_assignments_changed_total"":275,""interaction_aware_details"":{""budget_repair_quant_changes"":0,""preferred_quant_exchanges_used"":0,""fallback_quant_exchanges_used"":0},""crossover_diagnostics"":{""crossover_type"":""component"",""crossover_parent_selection"":""uniform"",""crossover_offspring"":0,""crossover_offspring_accepted"":0,""mutation_offspring_accepted"":128,""mutation_offspring"":128,""crossover_offspring_attempted"":0,""crossover_duplicates"":0,""crossover_infeasible_candidates"":0,""crossover_repair_changed_gene_count"":0,""crossover_repaired_proposals"":0,""parent_distance_mean"":null,""parent_distance_min"":null,""parent_distance_max"":null,""child_distance_from_parent_a_mean"":null,""child_distance_from_parent_b_mean"":null,""layers_from_parent_a_mean"":null,""layers_from_parent_b_mean"":null,""crossover_no_legal_exchange"":0,""local_exchange_attention"":0,""local_exchange_mlp"":0,""local_exchange_quantization"":0,""local_exchange_block"":0,""child_distance_from_base_mean"":null,""child_distance_from_base_min"":null,""child_distance_from_base_max"":null,""child_distance_from_base_count"":0,""child_distance_from_donor_mean"":null,""child_distance_from_donor_min"":null,""child_distance_from_donor_max"":null,""child_distance_from_donor_count"":0,""donor_distance_reduction_mean"":null,""donor_distance_reduction_min"":null,""donor_distance_reduction_max"":null,""donor_distance_reduction_count"":0,""local_exchange_changed_gene_count_mean"":null,""local_exchange_changed_gene_count_min"":null,""local_exchange_changed_gene_count_max"":null,""local_exchange_changed_gene_count_count"":0,""child_distance_statistics_scope"":""accepted_unique_crossover_offspring"",""persistent_population_size"":1,""unique_population_size"":1,""best_population_fitness"":0.2012939453125,""configured_survivors_per_selection"":[16,4,1],""effective_survivors_per_selection"":[16,4,1],""effective_final_survivor_count"":1},""offspring_generation"":{""attempts"":129,""no_op_mutations"":0,""duplicate_candidates"":1,""infeasible_candidates"":0,""fixed_quant_legal_swap_counts"":[]},""maximum_depth_mutations_per_offspring"":3,""quantization_step_size"":1,""quantization_mutations_per_offspring"":1,""joint_aware_probability"":0.0,""adaptive_mutation"":false,""adaptive_mutation_strength"":1,""adaptive_mutation_patience"":3,""adaptive_mutation_max_strength"":3,""coarse_to_fine_mutation"":false,""coarse_to_fine_start_strength"":3,""coarse_to_fine_end_strength"":1,""stagnation_generations_after_selection"":0}",quantization,True,129,128,16,5,262144,262144,655360,16539,130940928,91563.64028935798,15276.82177734375
112,0.19677734375,0.2012939453125,kl,0.19677734375,,,,,0,{},128,16,4,1,"[16,4,1]","[2048,16384,131072]",6375608320,3.4642857142857144,3216.5078125,26982023168,26982023168,0,4,4,"{""type"":""mixed_depth_quantization"",""sequential_mode"":""none"",""joint_mutation_mode"":""standard"",""parent_before_generation_hash"":""f3d2242ae3b4ea55ca2e5e66eade83892fc57c3b96d5342fa8b771ce4b93a3e3"",""parent_after_generation_hash"":""479a3444f58acb342a8ce06543634022a24841e2b55736389c7a600b5aafa426"",""generated_offspring_by_type"":{""depth"":74,""quantization"":54,""joint_aware"":0,""interaction_aware"":0,""sequential_quantization"":0,""fixed_quant_depth"":0,""component crossover"":0,""component crossover + repair"":0,""layer bundle crossover"":0,""layer bundle crossover + repair"":0},""depth_mask_entries_changed_by_type"":{""depth"":218,""quantization"":0,""joint_aware"":0,""interaction_aware"":0,""sequential_quantization"":0,""fixed_quant_depth"":0,""component crossover"":0,""component crossover + repair"":0,""layer bundle crossover"":0,""layer bundle crossover + repair"":0},""quant_assignments_changed_by_type"":{""depth"":163,""quantization"":118,""joint_aware"":0,""interaction_aware"":0,""sequential_quantization"":0,""fixed_quant_depth"":0,""component crossover"":0,""component crossover + repair"":0,""layer bundle crossover"":0,""layer bundle crossover + repair"":0},""depth_mask_entries_changed_total"":218,""quant_assignments_changed_total"":281,""interaction_aware_details"":{""budget_repair_quant_changes"":0,""preferred_quant_exchanges_used"":0,""fallback_quant_exchanges_used"":0},""crossover_diagnostics"":{""crossover_type"":""component"",""crossover_parent_selection"":""uniform"",""crossover_offspring"":0,""crossover_offspring_accepted"":0,""mutation_offspring_accepted"":128,""mutation_offspring"":128,""crossover_offspring_attempted"":0,""crossover_duplicates"":0,""crossover_infeasible_candidates"":0,""crossover_repair_changed_gene_count"":0,""crossover_repaired_proposals"":0,""parent_distance_mean"":null,""parent_distance_min"":null,""parent_distance_max"":null,""child_distance_from_parent_a_mean"":null,""child_distance_from_parent_b_mean"":null,""layers_from_parent_a_mean"":null,""layers_from_parent_b_mean"":null,""crossover_no_legal_exchange"":0,""local_exchange_attention"":0,""local_exchange_mlp"":0,""local_exchange_quantization"":0,""local_exchange_block"":0,""child_distance_from_base_mean"":null,""child_distance_from_base_min"":null,""child_distance_from_base_max"":null,""child_distance_from_base_count"":0,""child_distance_from_donor_mean"":null,""child_distance_from_donor_min"":null,""child_distance_from_donor_max"":null,""child_distance_from_donor_count"":0,""donor_distance_reduction_mean"":null,""donor_distance_reduction_min"":null,""donor_distance_reduction_max"":null,""donor_distance_reduction_count"":0,""local_exchange_changed_gene_count_mean"":null,""local_exchange_changed_gene_count_min"":null,""local_exchange_changed_gene_count_max"":null,""local_exchange_changed_gene_count_count"":0,""child_distance_statistics_scope"":""accepted_unique_crossover_offspring"",""persistent_population_size"":1,""unique_population_size"":1,""best_population_fitness"":0.19677734375,""configured_survivors_per_selection"":[16,4,1],""effective_survivors_per_selection"":[16,4,1],""effective_final_survivor_count"":1},""offspring_generation"":{""attempts"":129,""no_op_mutations"":1,""duplicate_candidates"":0,""infeasible_candidates"":0,""fixed_quant_legal_swap_counts"":[]},""maximum_depth_mutations_per_offspring"":3,""quantization_step_size"":1,""quantization_mutations_per_offspring"":1,""joint_aware_probability"":0.0,""adaptive_mutation"":false,""adaptive_mutation_strength"":1,""adaptive_mutation_patience"":3,""adaptive_mutation_max_strength"":3,""coarse_to_fine_mutation"":false,""coarse_to_fine_start_strength"":3,""coarse_to_fine_end_strength"":1,""stagnation_generations_after_selection"":0}",quantization,True,129,128,16,5,262144,262144,655360,16688,132120576,92290.39202425897,15276.82177734375
113,0.20556640625,0.19677734375,kl,0.20556640625,,,,,0,{},128,16,4,1,"[16,4,1]","[2048,16384,131072]",6375608320,3.4642857142857144,3216.5078125,26982023168,26982023168,0,4,4,"{""type"":""mixed_depth_quantization"",""sequential_mode"":""none"",""joint_mutation_mode"":""standard"",""parent_before_generation_hash"":""479a3444f58acb342a8ce06543634022a24841e2b55736389c7a600b5aafa426"",""parent_after_generation_hash"":""9400c48a9e7ea981e0b9c4e0ee220f1524cc3a23f0dfad5d44b22e14181d90cd"",""generated_offspring_by_type"":{""depth"":53,""quantization"":75,""joint_aware"":0,""interaction_aware"":0,""sequential_quantization"":0,""fixed_quant_depth"":0,""component crossover"":0,""component crossover + repair"":0,""layer bundle crossover"":0,""layer bundle crossover + repair"":0},""depth_mask_entries_changed_by_type"":{""depth"":140,""quantization"":0,""joint_aware"":0,""interaction_aware"":0,""sequential_quantization"":0,""fixed_quant_depth"":0,""component crossover"":0,""component crossover + repair"":0,""layer bundle crossover"":0,""layer bundle crossover + repair"":0},""quant_assignments_changed_by_type"":{""depth"":112,""quantization"":163,""joint_aware"":0,""interaction_aware"":0,""sequential_quantization"":0,""fixed_quant_depth"":0,""component crossover"":0,""component crossover + repair"":0,""layer bundle crossover"":0,""layer bundle crossover + repair"":0},""depth_mask_entries_changed_total"":140,""quant_assignments_changed_total"":275,""interaction_aware_details"":{""budget_repair_quant_changes"":0,""preferred_quant_exchanges_used"":0,""fallback_quant_exchanges_used"":0},""crossover_diagnostics"":{""crossover_type"":""component"",""crossover_parent_selection"":""uniform"",""crossover_offspring"":0,""crossover_offspring_accepted"":0,""mutation_offspring_accepted"":128,""mutation_offspring"":128,""crossover_offspring_attempted"":0,""crossover_duplicates"":0,""crossover_infeasible_candidates"":0,""crossover_repair_changed_gene_count"":0,""crossover_repaired_proposals"":0,""parent_distance_mean"":null,""parent_distance_min"":null,""parent_distance_max"":null,""child_distance_from_parent_a_mean"":null,""child_distance_from_parent_b_mean"":null,""layers_from_parent_a_mean"":null,""layers_from_parent_b_mean"":null,""crossover_no_legal_exchange"":0,""local_exchange_attention"":0,""local_exchange_mlp"":0,""local_exchange_quantization"":0,""local_exchange_block"":0,""child_distance_from_base_mean"":null,""child_distance_from_base_min"":null,""child_distance_from_base_max"":null,""child_distance_from_base_count"":0,""child_distance_from_donor_mean"":null,""child_distance_from_donor_min"":null,""child_distance_from_donor_max"":null,""child_distance_from_donor_count"":0,""donor_distance_reduction_mean"":null,""donor_distance_reduction_min"":null,""donor_distance_reduction_max"":null,""donor_distance_reduction_count"":0,""local_exchange_changed_gene_count_mean"":null,""local_exchange_changed_gene_count_min"":null,""local_exchange_changed_gene_count_max"":null,""local_exchange_changed_gene_count_count"":0,""child_distance_statistics_scope"":""accepted_unique_crossover_offspring"",""persistent_population_size"":1,""unique_population_size"":1,""best_population_fitness"":0.20556640625,""configured_survivors_per_selection"":[16,4,1],""effective_survivors_per_selection"":[16,4,1],""effective_final_survivor_count"":1},""offspring_generation"":{""attempts"":128,""no_op_mutations"":0,""duplicate_candidates"":0,""infeasible_candidates"":0,""fixed_quant_legal_swap_counts"":[]},""maximum_depth_mutations_per_offspring"":3,""quantization_step_size"":1,""quantization_mutations_per_offspring"":1,""joint_aware_probability"":0.0,""adaptive_mutation"":false,""adaptive_mutation_strength"":1,""adaptive_mutation_patience"":3,""adaptive_mutation_max_strength"":3,""coarse_to_fine_mutation"":false,""coarse_to_fine_start_strength"":3,""coarse_to_fine_end_strength"":1,""stagnation_generations_after_selection"":0}",quantization,True,128,128,16,5,262144,262144,655360,16837,133300224,93086.35660898197,15276.82177734375
114,0.205322265625,0.20556640625,kl,0.205322265625,,,,,0,{},128,16,4,1,"[16,4,1]","[2048,16384,131072]",6375608320,3.4642857142857144,3216.5078125,26982023168,26982023168,0,4,4,"{""type"":""mixed_depth_quantization"",""sequential_mode"":""none"",""joint_mutation_mode"":""standard"",""parent_before_generation_hash"":""9400c48a9e7ea981e0b9c4e0ee220f1524cc3a23f0dfad5d44b22e14181d90cd"",""parent_after_generation_hash"":""7d724067646b412da525511ef08f5a413e9be05326c5192860aaf923d76fb909"",""generated_offspring_by_type"":{""depth"":62,""quantization"":66,""joint_aware"":0,""interaction_aware"":0,""sequential_quantization"":0,""fixed_quant_depth"":0,""component crossover"":0,""component crossover + repair"":0,""layer bundle crossover"":0,""layer bundle crossover + repair"":0},""depth_mask_entries_changed_by_type"":{""depth"":170,""quantization"":0,""joint_aware"":0,""interaction_aware"":0,""sequential_quantization"":0,""fixed_quant_depth"":0,""component crossover"":0,""component crossover + repair"":0,""layer bundle crossover"":0,""layer bundle crossover + repair"":0},""quant_assignments_changed_by_type"":{""depth"":143,""quantization"":142,""joint_aware"":0,""interaction_aware"":0,""sequential_quantization"":0,""fixed_quant_depth"":0,""component crossover"":0,""component crossover + repair"":0,""layer bundle crossover"":0,""layer bundle crossover + repair"":0},""depth_mask_entries_changed_total"":170,""quant_assignments_changed_total"":285,""interaction_aware_details"":{""budget_repair_quant_changes"":0,""preferred_quant_exchanges_used"":0,""fallback_quant_exchanges_used"":0},""crossover_diagnostics"":{""crossover_type"":""component"",""crossover_parent_selection"":""uniform"",""crossover_offspring"":0,""crossover_offspring_accepted"":0,""mutation_offspring_accepted"":128,""mutation_offspring"":128,""crossover_offspring_attempted"":0,""crossover_duplicates"":0,""crossover_infeasible_candidates"":0,""crossover_repair_changed_gene_count"":0,""crossover_repaired_proposals"":0,""parent_distance_mean"":null,""parent_distance_min"":null,""parent_distance_max"":null,""child_distance_from_parent_a_mean"":null,""child_distance_from_parent_b_mean"":null,""layers_from_parent_a_mean"":null,""layers_from_parent_b_mean"":null,""crossover_no_legal_exchange"":0,""local_exchange_attention"":0,""local_exchange_mlp"":0,""local_exchange_quantization"":0,""local_exchange_block"":0,""child_distance_from_base_mean"":null,""child_distance_from_base_min"":null,""child_distance_from_base_max"":null,""child_distance_from_base_count"":0,""child_distance_from_donor_mean"":null,""child_distance_from_donor_min"":null,""child_distance_from_donor_max"":null,""child_distance_from_donor_count"":0,""donor_distance_reduction_mean"":null,""donor_distance_reduction_min"":null,""donor_distance_reduction_max"":null,""donor_distance_reduction_count"":0,""local_exchange_changed_gene_count_mean"":null,""local_exchange_changed_gene_count_min"":null,""local_exchange_changed_gene_count_max"":null,""local_exchange_changed_gene_count_count"":0,""child_distance_statistics_scope"":""accepted_unique_crossover_offspring"",""persistent_population_size"":1,""unique_population_size"":1,""best_population_fitness"":0.205322265625,""configured_survivors_per_selection"":[16,4,1],""effective_survivors_per_selection"":[16,4,1],""effective_final_survivor_count"":1},""offspring_generation"":{""attempts"":128,""no_op_mutations"":0,""duplicate_candidates"":0,""infeasible_candidates"":0,""fixed_quant_legal_swap_counts"":[]},""maximum_depth_mutations_per_offspring"":3,""quantization_step_size"":1,""quantization_mutations_per_offspring"":1,""joint_aware_probability"":0.0,""adaptive_mutation"":false,""adaptive_mutation_strength"":1,""adaptive_mutation_patience"":3,""adaptive_mutation_max_strength"":3,""coarse_to_fine_mutation"":false,""coarse_to_fine_start_strength"":3,""coarse_to_fine_end_strength"":1,""stagnation_generations_after_selection"":0}",quantization,True,128,128,16,5,262144,262144,655360,16986,134479872,94008.25843229296,15276.82177734375
115,0.2001953125,0.205322265625,kl,0.2001953125,,,,,0,{},128,16,4,1,"[16,4,1]","[2048,16384,131072]",6375608320,3.4642857142857144,3216.5078125,26982023168,26982023168,0,4,4,"{""type"":""mixed_depth_quantization"",""sequential_mode"":""none"",""joint_mutation_mode"":""standard"",""parent_before_generation_hash"":""7d724067646b412da525511ef08f5a413e9be05326c5192860aaf923d76fb909"",""parent_after_generation_hash"":""bf33ad8fd174c8c6a0edec30bc8d8a22b0c3e39f281f4730da62d3afdf2b1bf0"",""generated_offspring_by_type"":{""depth"":60,""quantization"":68,""joint_aware"":0,""interaction_aware"":0,""sequential_quantization"":0,""fixed_quant_depth"":0,""component crossover"":0,""component crossover + repair"":0,""layer bundle crossover"":0,""layer bundle crossover + repair"":0},""depth_mask_entries_changed_by_type"":{""depth"":150,""quantization"":0,""joint_aware"":0,""interaction_aware"":0,""sequential_quantization"":0,""fixed_quant_depth"":0,""component crossover"":0,""component crossover + repair"":0,""layer bundle crossover"":0,""layer bundle crossover + repair"":0},""quant_assignments_changed_by_type"":{""depth"":127,""quantization"":149,""joint_aware"":0,""interaction_aware"":0,""sequential_quantization"":0,""fixed_quant_depth"":0,""component crossover"":0,""component crossover + repair"":0,""layer bundle crossover"":0,""layer bundle crossover + repair"":0},""depth_mask_entries_changed_total"":150,""quant_assignments_changed_total"":276,""interaction_aware_details"":{""budget_repair_quant_changes"":0,""preferred_quant_exchanges_used"":0,""fallback_quant_exchanges_used"":0},""crossover_diagnostics"":{""crossover_type"":""component"",""crossover_parent_selection"":""uniform"",""crossover_offspring"":0,""crossover_offspring_accepted"":0,""mutation_offspring_accepted"":128,""mutation_offspring"":128,""crossover_offspring_attempted"":0,""crossover_duplicates"":0,""crossover_infeasible_candidates"":0,""crossover_repair_changed_gene_count"":0,""crossover_repaired_proposals"":0,""parent_distance_mean"":null,""parent_distance_min"":null,""parent_distance_max"":null,""child_distance_from_parent_a_mean"":null,""child_distance_from_parent_b_mean"":null,""layers_from_parent_a_mean"":null,""layers_from_parent_b_mean"":null,""crossover_no_legal_exchange"":0,""local_exchange_attention"":0,""local_exchange_mlp"":0,""local_exchange_quantization"":0,""local_exchange_block"":0,""child_distance_from_base_mean"":null,""child_distance_from_base_min"":null,""child_distance_from_base_max"":null,""child_distance_from_base_count"":0,""child_distance_from_donor_mean"":null,""child_distance_from_donor_min"":null,""child_distance_from_donor_max"":null,""child_distance_from_donor_count"":0,""donor_distance_reduction_mean"":null,""donor_distance_reduction_min"":null,""donor_distance_reduction_max"":null,""donor_distance_reduction_count"":0,""local_exchange_changed_gene_count_mean"":null,""local_exchange_changed_gene_count_min"":null,""local_exchange_changed_gene_count_max"":null,""local_exchange_changed_gene_count_count"":0,""child_distance_statistics_scope"":""accepted_unique_crossover_offspring"",""persistent_population_size"":1,""unique_population_size"":1,""best_population_fitness"":0.2001953125,""configured_survivors_per_selection"":[16,4,1],""effective_survivors_per_selection"":[16,4,1],""effective_final_survivor_count"":1},""offspring_generation"":{""attempts"":128,""no_op_mutations"":0,""duplicate_candidates"":0,""infeasible_candidates"":0,""fixed_quant_legal_swap_counts"":[]},""maximum_depth_mutations_per_offspring"":3,""quantization_step_size"":1,""quantization_mutations_per_offspring"":1,""joint_aware_probability"":0.0,""adaptive_mutation"":false,""adaptive_mutation_strength"":1,""adaptive_mutation_patience"":3,""adaptive_mutation_max_strength"":3,""coarse_to_fine_mutation"":false,""coarse_to_fine_start_strength"":3,""coarse_to_fine_end_strength"":1,""stagnation_generations_after_selection"":0}",quantization,True,128,128,16,5,262144,262144,655360,17135,135659520,94854.4687254189,15276.82177734375
116,0.2122802734375,0.2001953125,kl,0.2122802734375,7.7734375,6.41796875,9.6015625,,917504,"{""wikitext2"":327680,""c4"":589824}",128,16,4,1,"[16,4,1]","[2048,16384,131072]",6375608320,3.4642857142857144,3216.5078125,26982023168,26982023168,0,4,4,"{""type"":""mixed_depth_quantization"",""sequential_mode"":""none"",""joint_mutation_mode"":""standard"",""parent_before_generation_hash"":""bf33ad8fd174c8c6a0edec30bc8d8a22b0c3e39f281f4730da62d3afdf2b1bf0"",""parent_after_generation_hash"":""e8546680af5e9b0057bbc212349ee859d75b3a12c467bd2db9142467381a03b0"",""generated_offspring_by_type"":{""depth"":58,""quantization"":70,""joint_aware"":0,""interaction_aware"":0,""sequential_quantization"":0,""fixed_quant_depth"":0,""component crossover"":0,""component crossover + repair"":0,""layer bundle crossover"":0,""layer bundle crossover + repair"":0},""depth_mask_entries_changed_by_type"":{""depth"":172,""quantization"":0,""joint_aware"":0,""interaction_aware"":0,""sequential_quantization"":0,""fixed_quant_depth"":0,""component crossover"":0,""component crossover + repair"":0,""layer bundle crossover"":0,""layer bundle crossover + repair"":0},""quant_assignments_changed_by_type"":{""depth"":133,""quantization"":149,""joint_aware"":0,""interaction_aware"":0,""sequential_quantization"":0,""fixed_quant_depth"":0,""component crossover"":0,""component crossover + repair"":0,""layer bundle crossover"":0,""layer bundle crossover + repair"":0},""depth_mask_entries_changed_total"":172,""quant_assignments_changed_total"":282,""interaction_aware_details"":{""budget_repair_quant_changes"":0,""preferred_quant_exchanges_used"":0,""fallback_quant_exchanges_used"":0},""crossover_diagnostics"":{""crossover_type"":""component"",""crossover_parent_selection"":""uniform"",""crossover_offspring"":0,""crossover_offspring_accepted"":0,""mutation_offspring_accepted"":128,""mutation_offspring"":128,""crossover_offspring_attempted"":0,""crossover_duplicates"":0,""crossover_infeasible_candidates"":0,""crossover_repair_changed_gene_count"":0,""crossover_repaired_proposals"":0,""parent_distance_mean"":null,""parent_distance_min"":null,""parent_distance_max"":null,""child_distance_from_parent_a_mean"":null,""child_distance_from_parent_b_mean"":null,""layers_from_parent_a_mean"":null,""layers_from_parent_b_mean"":null,""crossover_no_legal_exchange"":0,""local_exchange_attention"":0,""local_exchange_mlp"":0,""local_exchange_quantization"":0,""local_exchange_block"":0,""child_distance_from_base_mean"":null,""child_distance_from_base_min"":null,""child_distance_from_base_max"":null,""child_distance_from_base_count"":0,""child_distance_from_donor_mean"":null,""child_distance_from_donor_min"":null,""child_distance_from_donor_max"":null,""child_distance_from_donor_count"":0,""donor_distance_reduction_mean"":null,""donor_distance_reduction_min"":null,""donor_distance_reduction_max"":null,""donor_distance_reduction_count"":0,""local_exchange_changed_gene_count_mean"":null,""local_exchange_changed_gene_count_min"":null,""local_exchange_changed_gene_count_max"":null,""local_exchange_changed_gene_count_count"":0,""child_distance_statistics_scope"":""accepted_unique_crossover_offspring"",""persistent_population_size"":1,""unique_population_size"":1,""best_population_fitness"":0.2122802734375,""configured_survivors_per_selection"":[16,4,1],""effective_survivors_per_selection"":[16,4,1],""effective_final_survivor_count"":1},""offspring_generation"":{""attempts"":128,""no_op_mutations"":0,""duplicate_candidates"":0,""infeasible_candidates"":0,""fixed_quant_legal_swap_counts"":[]},""maximum_depth_mutations_per_offspring"":3,""quantization_step_size"":1,""quantization_mutations_per_offspring"":1,""joint_aware_probability"":0.0,""adaptive_mutation"":false,""adaptive_mutation_strength"":1,""adaptive_mutation_patience"":3,""adaptive_mutation_max_strength"":3,""coarse_to_fine_mutation"":false,""coarse_to_fine_start_strength"":3,""coarse_to_fine_end_strength"":1,""stagnation_generations_after_selection"":0}",quantization,True,128,128,16,5,262144,262144,655360,17284,136839168,95802.78415751096,15276.82177734375
117,0.1934814453125,0.2122802734375,kl,0.1934814453125,,,,,0,{},128,16,4,1,"[16,4,1]","[2048,16384,131072]",6375608320,3.4642857142857144,3216.5078125,26982023168,26982023168,0,4,4,"{""type"":""mixed_depth_quantization"",""sequential_mode"":""none"",""joint_mutation_mode"":""standard"",""parent_before_generation_hash"":""e8546680af5e9b0057bbc212349ee859d75b3a12c467bd2db9142467381a03b0"",""parent_after_generation_hash"":""e938dfa9f70377ff235b63eb878084f547a501295ffeb985544ccdeb24debc04"",""generated_offspring_by_type"":{""depth"":56,""quantization"":72,""joint_aware"":0,""interaction_aware"":0,""sequential_quantization"":0,""fixed_quant_depth"":0,""component crossover"":0,""component crossover + repair"":0,""layer bundle crossover"":0,""layer bundle crossover + repair"":0},""depth_mask_entries_changed_by_type"":{""depth"":160,""quantization"":0,""joint_aware"":0,""interaction_aware"":0,""sequential_quantization"":0,""fixed_quant_depth"":0,""component crossover"":0,""component crossover + repair"":0,""layer bundle crossover"":0,""layer bundle crossover + repair"":0},""quant_assignments_changed_by_type"":{""depth"":128,""quantization"":161,""joint_aware"":0,""interaction_aware"":0,""sequential_quantization"":0,""fixed_quant_depth"":0,""component crossover"":0,""component crossover + repair"":0,""layer bundle crossover"":0,""layer bundle crossover + repair"":0},""depth_mask_entries_changed_total"":160,""quant_assignments_changed_total"":289,""interaction_aware_details"":{""budget_repair_quant_changes"":0,""preferred_quant_exchanges_used"":0,""fallback_quant_exchanges_used"":0},""crossover_diagnostics"":{""crossover_type"":""component"",""crossover_parent_selection"":""uniform"",""crossover_offspring"":0,""crossover_offspring_accepted"":0,""mutation_offspring_accepted"":128,""mutation_offspring"":128,""crossover_offspring_attempted"":0,""crossover_duplicates"":0,""crossover_infeasible_candidates"":0,""crossover_repair_changed_gene_count"":0,""crossover_repaired_proposals"":0,""parent_distance_mean"":null,""parent_distance_min"":null,""parent_distance_max"":null,""child_distance_from_parent_a_mean"":null,""child_distance_from_parent_b_mean"":null,""layers_from_parent_a_mean"":null,""layers_from_parent_b_mean"":null,""crossover_no_legal_exchange"":0,""local_exchange_attention"":0,""local_exchange_mlp"":0,""local_exchange_quantization"":0,""local_exchange_block"":0,""child_distance_from_base_mean"":null,""child_distance_from_base_min"":null,""child_distance_from_base_max"":null,""child_distance_from_base_count"":0,""child_distance_from_donor_mean"":null,""child_distance_from_donor_min"":null,""child_distance_from_donor_max"":null,""child_distance_from_donor_count"":0,""donor_distance_reduction_mean"":null,""donor_distance_reduction_min"":null,""donor_distance_reduction_max"":null,""donor_distance_reduction_count"":0,""local_exchange_changed_gene_count_mean"":null,""local_exchange_changed_gene_count_min"":null,""local_exchange_changed_gene_count_max"":null,""local_exchange_changed_gene_count_count"":0,""child_distance_statistics_scope"":""accepted_unique_crossover_offspring"",""persistent_population_size"":1,""unique_population_size"":1,""best_population_fitness"":0.1934814453125,""configured_survivors_per_selection"":[16,4,1],""effective_survivors_per_selection"":[16,4,1],""effective_final_survivor_count"":1},""offspring_generation"":{""attempts"":128,""no_op_mutations"":0,""duplicate_candidates"":0,""infeasible_candidates"":0,""fixed_quant_legal_swap_counts"":[]},""maximum_depth_mutations_per_offspring"":3,""quantization_step_size"":1,""quantization_mutations_per_offspring"":1,""joint_aware_probability"":0.0,""adaptive_mutation"":false,""adaptive_mutation_strength"":1,""adaptive_mutation_patience"":3,""adaptive_mutation_max_strength"":3,""coarse_to_fine_mutation"":false,""coarse_to_fine_start_strength"":3,""coarse_to_fine_end_strength"":1,""stagnation_generations_after_selection"":0}",quantization,True,128,128,16,5,262144,262144,655360,17433,138018816,96572.86889375094,15276.82177734375
118,0.19677734375,0.1934814453125,kl,0.19677734375,,,,,0,{},128,16,4,1,"[16,4,1]","[2048,16384,131072]",6375608320,3.4642857142857144,3216.5078125,26982023168,26982023168,0,4,4,"{""type"":""mixed_depth_quantization"",""sequential_mode"":""none"",""joint_mutation_mode"":""standard"",""parent_before_generation_hash"":""e938dfa9f70377ff235b63eb878084f547a501295ffeb985544ccdeb24debc04"",""parent_after_generation_hash"":""5178deb5943cf600240b519bec6c6573e97e950b62f56ba10955453f2dc36ed7"",""generated_offspring_by_type"":{""depth"":64,""quantization"":64,""joint_aware"":0,""interaction_aware"":0,""sequential_quantization"":0,""fixed_quant_depth"":0,""component crossover"":0,""component crossover + repair"":0,""layer bundle crossover"":0,""layer bundle crossover + repair"":0},""depth_mask_entries_changed_by_type"":{""depth"":184,""quantization"":0,""joint_aware"":0,""interaction_aware"":0,""sequential_quantization"":0,""fixed_quant_depth"":0,""component crossover"":0,""component crossover + repair"":0,""layer bundle crossover"":0,""layer bundle crossover + repair"":0},""quant_assignments_changed_by_type"":{""depth"":125,""quantization"":146,""joint_aware"":0,""interaction_aware"":0,""sequential_quantization"":0,""fixed_quant_depth"":0,""component crossover"":0,""component crossover + repair"":0,""layer bundle crossover"":0,""layer bundle crossover + repair"":0},""depth_mask_entries_changed_total"":184,""quant_assignments_changed_total"":271,""interaction_aware_details"":{""budget_repair_quant_changes"":0,""preferred_quant_exchanges_used"":0,""fallback_quant_exchanges_used"":0},""crossover_diagnostics"":{""crossover_type"":""component"",""crossover_parent_selection"":""uniform"",""crossover_offspring"":0,""crossover_offspring_accepted"":0,""mutation_offspring_accepted"":128,""mutation_offspring"":128,""crossover_offspring_attempted"":0,""crossover_duplicates"":0,""crossover_infeasible_candidates"":0,""crossover_repair_changed_gene_count"":0,""crossover_repaired_proposals"":0,""parent_distance_mean"":null,""parent_distance_min"":null,""parent_distance_max"":null,""child_distance_from_parent_a_mean"":null,""child_distance_from_parent_b_mean"":null,""layers_from_parent_a_mean"":null,""layers_from_parent_b_mean"":null,""crossover_no_legal_exchange"":0,""local_exchange_attention"":0,""local_exchange_mlp"":0,""local_exchange_quantization"":0,""local_exchange_block"":0,""child_distance_from_base_mean"":null,""child_distance_from_base_min"":null,""child_distance_from_base_max"":null,""child_distance_from_base_count"":0,""child_distance_from_donor_mean"":null,""child_distance_from_donor_min"":null,""child_distance_from_donor_max"":null,""child_distance_from_donor_count"":0,""donor_distance_reduction_mean"":null,""donor_distance_reduction_min"":null,""donor_distance_reduction_max"":null,""donor_distance_reduction_count"":0,""local_exchange_changed_gene_count_mean"":null,""local_exchange_changed_gene_count_min"":null,""local_exchange_changed_gene_count_max"":null,""local_exchange_changed_gene_count_count"":0,""child_distance_statistics_scope"":""accepted_unique_crossover_offspring"",""persistent_population_size"":1,""unique_population_size"":1,""best_population_fitness"":0.19677734375,""configured_survivors_per_selection"":[16,4,1],""effective_survivors_per_selection"":[16,4,1],""effective_final_survivor_count"":1},""offspring_generation"":{""attempts"":130,""no_op_mutations"":0,""duplicate_candidates"":2,""infeasible_candidates"":0,""fixed_quant_legal_swap_counts"":[]},""maximum_depth_mutations_per_offspring"":3,""quantization_step_size"":1,""quantization_mutations_per_offspring"":1,""joint_aware_probability"":0.0,""adaptive_mutation"":false,""adaptive_mutation_strength"":1,""adaptive_mutation_patience"":3,""adaptive_mutation_max_strength"":3,""coarse_to_fine_mutation"":false,""coarse_to_fine_start_strength"":3,""coarse_to_fine_end_strength"":1,""stagnation_generations_after_selection"":0}",quantization,True,130,128,16,5,262144,262144,655360,17582,139198464,97437.92480986193,15276.82177734375
119,0.210205078125,0.19677734375,kl,0.210205078125,,,,,0,{},128,16,4,1,"[16,4,1]","[2048,16384,131072]",6375608320,3.4642857142857144,3216.5078125,26982023168,26982023168,0,4,4,"{""type"":""mixed_depth_quantization"",""sequential_mode"":""none"",""joint_mutation_mode"":""standard"",""parent_before_generation_hash"":""5178deb5943cf600240b519bec6c6573e97e950b62f56ba10955453f2dc36ed7"",""parent_after_generation_hash"":""5178deb5943cf600240b519bec6c6573e97e950b62f56ba10955453f2dc36ed7"",""generated_offspring_by_type"":{""depth"":66,""quantization"":62,""joint_aware"":0,""interaction_aware"":0,""sequential_quantization"":0,""fixed_quant_depth"":0,""component crossover"":0,""component crossover + repair"":0,""layer bundle crossover"":0,""layer bundle crossover + repair"":0},""depth_mask_entries_changed_by_type"":{""depth"":180,""quantization"":0,""joint_aware"":0,""interaction_aware"":0,""sequential_quantization"":0,""fixed_quant_depth"":0,""component crossover"":0,""component crossover + repair"":0,""layer bundle crossover"":0,""layer bundle crossover + repair"":0},""quant_assignments_changed_by_type"":{""depth"":136,""quantization"":132,""joint_aware"":0,""interaction_aware"":0,""sequential_quantization"":0,""fixed_quant_depth"":0,""component crossover"":0,""component crossover + repair"":0,""layer bundle crossover"":0,""layer bundle crossover + repair"":0},""depth_mask_entries_changed_total"":180,""quant_assignments_changed_total"":268,""interaction_aware_details"":{""budget_repair_quant_changes"":0,""preferred_quant_exchanges_used"":0,""fallback_quant_exchanges_used"":0},""crossover_diagnostics"":{""crossover_type"":""component"",""crossover_parent_selection"":""uniform"",""crossover_offspring"":0,""crossover_offspring_accepted"":0,""mutation_offspring_accepted"":128,""mutation_offspring"":128,""crossover_offspring_attempted"":0,""crossover_duplicates"":0,""crossover_infeasible_candidates"":0,""crossover_repair_changed_gene_count"":0,""crossover_repaired_proposals"":0,""parent_distance_mean"":null,""parent_distance_min"":null,""parent_distance_max"":null,""child_distance_from_parent_a_mean"":null,""child_distance_from_parent_b_mean"":null,""layers_from_parent_a_mean"":null,""layers_from_parent_b_mean"":null,""crossover_no_legal_exchange"":0,""local_exchange_attention"":0,""local_exchange_mlp"":0,""local_exchange_quantization"":0,""local_exchange_block"":0,""child_distance_from_base_mean"":null,""child_distance_from_base_min"":null,""child_distance_from_base_max"":null,""child_distance_from_base_count"":0,""child_distance_from_donor_mean"":null,""child_distance_from_donor_min"":null,""child_distance_from_donor_max"":null,""child_distance_from_donor_count"":0,""donor_distance_reduction_mean"":null,""donor_distance_reduction_min"":null,""donor_distance_reduction_max"":null,""donor_distance_reduction_count"":0,""local_exchange_changed_gene_count_mean"":null,""local_exchange_changed_gene_count_min"":null,""local_exchange_changed_gene_count_max"":null,""local_exchange_changed_gene_count_count"":0,""child_distance_statistics_scope"":""accepted_unique_crossover_offspring"",""persistent_population_size"":1,""unique_population_size"":1,""best_population_fitness"":0.210205078125,""configured_survivors_per_selection"":[16,4,1],""effective_survivors_per_selection"":[16,4,1],""effective_final_survivor_count"":1},""offspring_generation"":{""attempts"":128,""no_op_mutations"":0,""duplicate_candidates"":0,""infeasible_candidates"":0,""fixed_quant_legal_swap_counts"":[]},""maximum_depth_mutations_per_offspring"":3,""quantization_step_size"":1,""quantization_mutations_per_offspring"":1,""joint_aware_probability"":0.0,""adaptive_mutation"":false,""adaptive_mutation_strength"":1,""adaptive_mutation_patience"":3,""adaptive_mutation_max_strength"":3,""coarse_to_fine_mutation"":false,""coarse_to_fine_start_strength"":3,""coarse_to_fine_end_strength"":1,""stagnation_generations_after_selection"":1}",parent,False,128,128,16,5,262144,262144,655360,17731,140378112,98310.86960645695,15276.82177734375
120,0.19873046875,0.210205078125,kl,0.19873046875,,,,,0,{},128,16,4,1,"[16,4,1]","[2048,16384,131072]",6375608320,3.4642857142857144,3216.5078125,26982023168,26982023168,0,4,4,"{""type"":""mixed_depth_quantization"",""sequential_mode"":""none"",""joint_mutation_mode"":""standard"",""parent_before_generation_hash"":""5178deb5943cf600240b519bec6c6573e97e950b62f56ba10955453f2dc36ed7"",""parent_after_generation_hash"":""250261282500de931e6b0a8d654de9f83e1e8e4bf8d76ba3e23942094ccf3e20"",""generated_offspring_by_type"":{""depth"":64,""quantization"":64,""joint_aware"":0,""interaction_aware"":0,""sequential_quantization"":0,""fixed_quant_depth"":0,""component crossover"":0,""component crossover + repair"":0,""layer bundle crossover"":0,""layer bundle crossover + repair"":0},""depth_mask_entries_changed_by_type"":{""depth"":184,""quantization"":0,""joint_aware"":0,""interaction_aware"":0,""sequential_quantization"":0,""fixed_quant_depth"":0,""component crossover"":0,""component crossover + repair"":0,""layer bundle crossover"":0,""layer bundle crossover + repair"":0},""quant_assignments_changed_by_type"":{""depth"":132,""quantization"":139,""joint_aware"":0,""interaction_aware"":0,""sequential_quantization"":0,""fixed_quant_depth"":0,""component crossover"":0,""component crossover + repair"":0,""layer bundle crossover"":0,""layer bundle crossover + repair"":0},""depth_mask_entries_changed_total"":184,""quant_assignments_changed_total"":271,""interaction_aware_details"":{""budget_repair_quant_changes"":0,""preferred_quant_exchanges_used"":0,""fallback_quant_exchanges_used"":0},""crossover_diagnostics"":{""crossover_type"":""component"",""crossover_parent_selection"":""uniform"",""crossover_offspring"":0,""crossover_offspring_accepted"":0,""mutation_offspring_accepted"":128,""mutation_offspring"":128,""crossover_offspring_attempted"":0,""crossover_duplicates"":0,""crossover_infeasible_candidates"":0,""crossover_repair_changed_gene_count"":0,""crossover_repaired_proposals"":0,""parent_distance_mean"":null,""parent_distance_min"":null,""parent_distance_max"":null,""child_distance_from_parent_a_mean"":null,""child_distance_from_parent_b_mean"":null,""layers_from_parent_a_mean"":null,""layers_from_parent_b_mean"":null,""crossover_no_legal_exchange"":0,""local_exchange_attention"":0,""local_exchange_mlp"":0,""local_exchange_quantization"":0,""local_exchange_block"":0,""child_distance_from_base_mean"":null,""child_distance_from_base_min"":null,""child_distance_from_base_max"":null,""child_distance_from_base_count"":0,""child_distance_from_donor_mean"":null,""child_distance_from_donor_min"":null,""child_distance_from_donor_max"":null,""child_distance_from_donor_count"":0,""donor_distance_reduction_mean"":null,""donor_distance_reduction_min"":null,""donor_distance_reduction_max"":null,""donor_distance_reduction_count"":0,""local_exchange_changed_gene_count_mean"":null,""local_exchange_changed_gene_count_min"":null,""local_exchange_changed_gene_count_max"":null,""local_exchange_changed_gene_count_count"":0,""child_distance_statistics_scope"":""accepted_unique_crossover_offspring"",""persistent_population_size"":1,""unique_population_size"":1,""best_population_fitness"":0.19873046875,""configured_survivors_per_selection"":[16,4,1],""effective_survivors_per_selection"":[16,4,1],""effective_final_survivor_count"":1},""offspring_generation"":{""attempts"":128,""no_op_mutations"":0,""duplicate_candidates"":0,""infeasible_candidates"":0,""fixed_quant_legal_swap_counts"":[]},""maximum_depth_mutations_per_offspring"":3,""quantization_step_size"":1,""quantization_mutations_per_offspring"":1,""joint_aware_probability"":0.0,""adaptive_mutation"":false,""adaptive_mutation_strength"":1,""adaptive_mutation_patience"":3,""adaptive_mutation_max_strength"":3,""coarse_to_fine_mutation"":false,""coarse_to_fine_start_strength"":3,""coarse_to_fine_end_strength"":1,""stagnation_generations_after_selection"":0}",quantization,True,128,128,16,5,262144,262144,655360,17880,141557760,99095.34051289398,15276.82177734375
121,0.1951904296875,0.19873046875,kl,0.1951904296875,7.7890625,6.40625,9.6015625,,917504,"{""wikitext2"":327680,""c4"":589824}",128,16,4,1,"[16,4,1]","[2048,16384,131072]",6375608320,3.4642857142857144,3216.5078125,26982023168,26982023168,0,4,4,"{""type"":""mixed_depth_quantization"",""sequential_mode"":""none"",""joint_mutation_mode"":""standard"",""parent_before_generation_hash"":""250261282500de931e6b0a8d654de9f83e1e8e4bf8d76ba3e23942094ccf3e20"",""parent_after_generation_hash"":""57100c488b1dcb5b04eceaa225e0501a7facce6aa8958dd554bdf69d4f39d020"",""generated_offspring_by_type"":{""depth"":54,""quantization"":74,""joint_aware"":0,""interaction_aware"":0,""sequential_quantization"":0,""fixed_quant_depth"":0,""component crossover"":0,""component crossover + repair"":0,""layer bundle crossover"":0,""layer bundle crossover + repair"":0},""depth_mask_entries_changed_by_type"":{""depth"":152,""quantization"":0,""joint_aware"":0,""interaction_aware"":0,""sequential_quantization"":0,""fixed_quant_depth"":0,""component crossover"":0,""component crossover + repair"":0,""layer bundle crossover"":0,""layer bundle crossover + repair"":0},""quant_assignments_changed_by_type"":{""depth"":121,""quantization"":157,""joint_aware"":0,""interaction_aware"":0,""sequential_quantization"":0,""fixed_quant_depth"":0,""component crossover"":0,""component crossover + repair"":0,""layer bundle crossover"":0,""layer bundle crossover + repair"":0},""depth_mask_entries_changed_total"":152,""quant_assignments_changed_total"":278,""interaction_aware_details"":{""budget_repair_quant_changes"":0,""preferred_quant_exchanges_used"":0,""fallback_quant_exchanges_used"":0},""crossover_diagnostics"":{""crossover_type"":""component"",""crossover_parent_selection"":""uniform"",""crossover_offspring"":0,""crossover_offspring_accepted"":0,""mutation_offspring_accepted"":128,""mutation_offspring"":128,""crossover_offspring_attempted"":0,""crossover_duplicates"":0,""crossover_infeasible_candidates"":0,""crossover_repair_changed_gene_count"":0,""crossover_repaired_proposals"":0,""parent_distance_mean"":null,""parent_distance_min"":null,""parent_distance_max"":null,""child_distance_from_parent_a_mean"":null,""child_distance_from_parent_b_mean"":null,""layers_from_parent_a_mean"":null,""layers_from_parent_b_mean"":null,""crossover_no_legal_exchange"":0,""local_exchange_attention"":0,""local_exchange_mlp"":0,""local_exchange_quantization"":0,""local_exchange_block"":0,""child_distance_from_base_mean"":null,""child_distance_from_base_min"":null,""child_distance_from_base_max"":null,""child_distance_from_base_count"":0,""child_distance_from_donor_mean"":null,""child_distance_from_donor_min"":null,""child_distance_from_donor_max"":null,""child_distance_from_donor_count"":0,""donor_distance_reduction_mean"":null,""donor_distance_reduction_min"":null,""donor_distance_reduction_max"":null,""donor_distance_reduction_count"":0,""local_exchange_changed_gene_count_mean"":null,""local_exchange_changed_gene_count_min"":null,""local_exchange_changed_gene_count_max"":null,""local_exchange_changed_gene_count_count"":0,""child_distance_statistics_scope"":""accepted_unique_crossover_offspring"",""persistent_population_size"":1,""unique_population_size"":1,""best_population_fitness"":0.1951904296875,""configured_survivors_per_selection"":[16,4,1],""effective_survivors_per_selection"":[16,4,1],""effective_final_survivor_count"":1},""offspring_generation"":{""attempts"":129,""no_op_mutations"":0,""duplicate_candidates"":1,""infeasible_candidates"":0,""fixed_quant_legal_swap_counts"":[]},""maximum_depth_mutations_per_offspring"":3,""quantization_step_size"":1,""quantization_mutations_per_offspring"":1,""joint_aware_probability"":0.0,""adaptive_mutation"":false,""adaptive_mutation_strength"":1,""adaptive_mutation_patience"":3,""adaptive_mutation_max_strength"":3,""coarse_to_fine_mutation"":false,""coarse_to_fine_start_strength"":3,""coarse_to_fine_end_strength"":1,""stagnation_generations_after_selection"":0}",quantization,True,129,128,16,5,262144,262144,655360,18029,142737408,100084.61948986701,15276.82177734375
122,0.1981201171875,0.1951904296875,kl,0.1981201171875,,,,,0,{},128,16,4,1,"[16,4,1]","[2048,16384,131072]",6375608320,3.4642857142857144,3216.5078125,26982023168,26982023168,0,4,4,"{""type"":""mixed_depth_quantization"",""sequential_mode"":""none"",""joint_mutation_mode"":""standard"",""parent_before_generation_hash"":""57100c488b1dcb5b04eceaa225e0501a7facce6aa8958dd554bdf69d4f39d020"",""parent_after_generation_hash"":""490f19ef5c6e61ea874ab1807101cfc64ff98900eaf1b160e9e3709a24169c66"",""generated_offspring_by_type"":{""depth"":62,""quantization"":66,""joint_aware"":0,""interaction_aware"":0,""sequential_quantization"":0,""fixed_quant_depth"":0,""component crossover"":0,""component crossover + repair"":0,""layer bundle crossover"":0,""layer bundle crossover + repair"":0},""depth_mask_entries_changed_by_type"":{""depth"":172,""quantization"":0,""joint_aware"":0,""interaction_aware"":0,""sequential_quantization"":0,""fixed_quant_depth"":0,""component crossover"":0,""component crossover + repair"":0,""layer bundle crossover"":0,""layer bundle crossover + repair"":0},""quant_assignments_changed_by_type"":{""depth"":123,""quantization"":150,""joint_aware"":0,""interaction_aware"":0,""sequential_quantization"":0,""fixed_quant_depth"":0,""component crossover"":0,""component crossover + repair"":0,""layer bundle crossover"":0,""layer bundle crossover + repair"":0},""depth_mask_entries_changed_total"":172,""quant_assignments_changed_total"":273,""interaction_aware_details"":{""budget_repair_quant_changes"":0,""preferred_quant_exchanges_used"":0,""fallback_quant_exchanges_used"":0},""crossover_diagnostics"":{""crossover_type"":""component"",""crossover_parent_selection"":""uniform"",""crossover_offspring"":0,""crossover_offspring_accepted"":0,""mutation_offspring_accepted"":128,""mutation_offspring"":128,""crossover_offspring_attempted"":0,""crossover_duplicates"":0,""crossover_infeasible_candidates"":0,""crossover_repair_changed_gene_count"":0,""crossover_repaired_proposals"":0,""parent_distance_mean"":null,""parent_distance_min"":null,""parent_distance_max"":null,""child_distance_from_parent_a_mean"":null,""child_distance_from_parent_b_mean"":null,""layers_from_parent_a_mean"":null,""layers_from_parent_b_mean"":null,""crossover_no_legal_exchange"":0,""local_exchange_attention"":0,""local_exchange_mlp"":0,""local_exchange_quantization"":0,""local_exchange_block"":0,""child_distance_from_base_mean"":null,""child_distance_from_base_min"":null,""child_distance_from_base_max"":null,""child_distance_from_base_count"":0,""child_distance_from_donor_mean"":null,""child_distance_from_donor_min"":null,""child_distance_from_donor_max"":null,""child_distance_from_donor_count"":0,""donor_distance_reduction_mean"":null,""donor_distance_reduction_min"":null,""donor_distance_reduction_max"":null,""donor_distance_reduction_count"":0,""local_exchange_changed_gene_count_mean"":null,""local_exchange_changed_gene_count_min"":null,""local_exchange_changed_gene_count_max"":null,""local_exchange_changed_gene_count_count"":0,""child_distance_statistics_scope"":""accepted_unique_crossover_offspring"",""persistent_population_size"":1,""unique_population_size"":1,""best_population_fitness"":0.1981201171875,""configured_survivors_per_selection"":[16,4,1],""effective_survivors_per_selection"":[16,4,1],""effective_final_survivor_count"":1},""offspring_generation"":{""attempts"":128,""no_op_mutations"":0,""duplicate_candidates"":0,""infeasible_candidates"":0,""fixed_quant_legal_swap_counts"":[]},""maximum_depth_mutations_per_offspring"":3,""quantization_step_size"":1,""quantization_mutations_per_offspring"":1,""joint_aware_probability"":0.0,""adaptive_mutation"":false,""adaptive_mutation_strength"":1,""adaptive_mutation_patience"":3,""adaptive_mutation_max_strength"":3,""coarse_to_fine_mutation"":false,""coarse_to_fine_start_strength"":3,""coarse_to_fine_end_strength"":1,""stagnation_generations_after_selection"":0}",quantization,True,128,128,16,5,262144,262144,655360,18178,143917056,100861.2461691359,15276.82177734375
123,0.19384765625,0.1981201171875,kl,0.19384765625,,,,,0,{},128,16,4,1,"[16,4,1]","[2048,16384,131072]",6375608320,3.4642857142857144,3216.5078125,26982023168,26982023168,0,4,4,"{""type"":""mixed_depth_quantization"",""sequential_mode"":""none"",""joint_mutation_mode"":""standard"",""parent_before_generation_hash"":""490f19ef5c6e61ea874ab1807101cfc64ff98900eaf1b160e9e3709a24169c66"",""parent_after_generation_hash"":""74ff9f8f4f046bbde35dbf54becc17a6649817d5171784b81c2f71906bf5347e"",""generated_offspring_by_type"":{""depth"":62,""quantization"":66,""joint_aware"":0,""interaction_aware"":0,""sequential_quantization"":0,""fixed_quant_depth"":0,""component crossover"":0,""component crossover + repair"":0,""layer bundle crossover"":0,""layer bundle crossover + repair"":0},""depth_mask_entries_changed_by_type"":{""depth"":188,""quantization"":0,""joint_aware"":0,""interaction_aware"":0,""sequential_quantization"":0,""fixed_quant_depth"":0,""component crossover"":0,""component crossover + repair"":0,""layer bundle crossover"":0,""layer bundle crossover + repair"":0},""quant_assignments_changed_by_type"":{""depth"":149,""quantization"":140,""joint_aware"":0,""interaction_aware"":0,""sequential_quantization"":0,""fixed_quant_depth"":0,""component crossover"":0,""component crossover + repair"":0,""layer bundle crossover"":0,""layer bundle crossover + repair"":0},""depth_mask_entries_changed_total"":188,""quant_assignments_changed_total"":289,""interaction_aware_details"":{""budget_repair_quant_changes"":0,""preferred_quant_exchanges_used"":0,""fallback_quant_exchanges_used"":0},""crossover_diagnostics"":{""crossover_type"":""component"",""crossover_parent_selection"":""uniform"",""crossover_offspring"":0,""crossover_offspring_accepted"":0,""mutation_offspring_accepted"":128,""mutation_offspring"":128,""crossover_offspring_attempted"":0,""crossover_duplicates"":0,""crossover_infeasible_candidates"":0,""crossover_repair_changed_gene_count"":0,""crossover_repaired_proposals"":0,""parent_distance_mean"":null,""parent_distance_min"":null,""parent_distance_max"":null,""child_distance_from_parent_a_mean"":null,""child_distance_from_parent_b_mean"":null,""layers_from_parent_a_mean"":null,""layers_from_parent_b_mean"":null,""crossover_no_legal_exchange"":0,""local_exchange_attention"":0,""local_exchange_mlp"":0,""local_exchange_quantization"":0,""local_exchange_block"":0,""child_distance_from_base_mean"":null,""child_distance_from_base_min"":null,""child_distance_from_base_max"":null,""child_distance_from_base_count"":0,""child_distance_from_donor_mean"":null,""child_distance_from_donor_min"":null,""child_distance_from_donor_max"":null,""child_distance_from_donor_count"":0,""donor_distance_reduction_mean"":null,""donor_distance_reduction_min"":null,""donor_distance_reduction_max"":null,""donor_distance_reduction_count"":0,""local_exchange_changed_gene_count_mean"":null,""local_exchange_changed_gene_count_min"":null,""local_exchange_changed_gene_count_max"":null,""local_exchange_changed_gene_count_count"":0,""child_distance_statistics_scope"":""accepted_unique_crossover_offspring"",""persistent_population_size"":1,""unique_population_size"":1,""best_population_fitness"":0.19384765625,""configured_survivors_per_selection"":[16,4,1],""effective_survivors_per_selection"":[16,4,1],""effective_final_survivor_count"":1},""offspring_generation"":{""attempts"":128,""no_op_mutations"":0,""duplicate_candidates"":0,""infeasible_candidates"":0,""fixed_quant_legal_swap_counts"":[]},""maximum_depth_mutations_per_offspring"":3,""quantization_step_size"":1,""quantization_mutations_per_offspring"":1,""joint_aware_probability"":0.0,""adaptive_mutation"":false,""adaptive_mutation_strength"":1,""adaptive_mutation_patience"":3,""adaptive_mutation_max_strength"":3,""coarse_to_fine_mutation"":false,""coarse_to_fine_start_strength"":3,""coarse_to_fine_end_strength"":1,""stagnation_generations_after_selection"":0}",quantization,True,128,128,16,5,262144,262144,655360,18327,145096704,101629.537722209,15276.82177734375
124,0.1995849609375,0.19384765625,kl,0.1995849609375,,,,,0,{},128,16,4,1,"[16,4,1]","[2048,16384,131072]",6375608320,3.4642857142857144,3216.5078125,26982023168,26982023168,0,4,4,"{""type"":""mixed_depth_quantization"",""sequential_mode"":""none"",""joint_mutation_mode"":""standard"",""parent_before_generation_hash"":""74ff9f8f4f046bbde35dbf54becc17a6649817d5171784b81c2f71906bf5347e"",""parent_after_generation_hash"":""2b7242c7e8bbcfd4497b03bf8de80679a6009919dffd1f2385c57b66bee0d15c"",""generated_offspring_by_type"":{""depth"":64,""quantization"":64,""joint_aware"":0,""interaction_aware"":0,""sequential_quantization"":0,""fixed_quant_depth"":0,""component crossover"":0,""component crossover + repair"":0,""layer bundle crossover"":0,""layer bundle crossover + repair"":0},""depth_mask_entries_changed_by_type"":{""depth"":180,""quantization"":0,""joint_aware"":0,""interaction_aware"":0,""sequential_quantization"":0,""fixed_quant_depth"":0,""component crossover"":0,""component crossover + repair"":0,""layer bundle crossover"":0,""layer bundle crossover + repair"":0},""quant_assignments_changed_by_type"":{""depth"":126,""quantization"":143,""joint_aware"":0,""interaction_aware"":0,""sequential_quantization"":0,""fixed_quant_depth"":0,""component crossover"":0,""component crossover + repair"":0,""layer bundle crossover"":0,""layer bundle crossover + repair"":0},""depth_mask_entries_changed_total"":180,""quant_assignments_changed_total"":269,""interaction_aware_details"":{""budget_repair_quant_changes"":0,""preferred_quant_exchanges_used"":0,""fallback_quant_exchanges_used"":0},""crossover_diagnostics"":{""crossover_type"":""component"",""crossover_parent_selection"":""uniform"",""crossover_offspring"":0,""crossover_offspring_accepted"":0,""mutation_offspring_accepted"":128,""mutation_offspring"":128,""crossover_offspring_attempted"":0,""crossover_duplicates"":0,""crossover_infeasible_candidates"":0,""crossover_repair_changed_gene_count"":0,""crossover_repaired_proposals"":0,""parent_distance_mean"":null,""parent_distance_min"":null,""parent_distance_max"":null,""child_distance_from_parent_a_mean"":null,""child_distance_from_parent_b_mean"":null,""layers_from_parent_a_mean"":null,""layers_from_parent_b_mean"":null,""crossover_no_legal_exchange"":0,""local_exchange_attention"":0,""local_exchange_mlp"":0,""local_exchange_quantization"":0,""local_exchange_block"":0,""child_distance_from_base_mean"":null,""child_distance_from_base_min"":null,""child_distance_from_base_max"":null,""child_distance_from_base_count"":0,""child_distance_from_donor_mean"":null,""child_distance_from_donor_min"":null,""child_distance_from_donor_max"":null,""child_distance_from_donor_count"":0,""donor_distance_reduction_mean"":null,""donor_distance_reduction_min"":null,""donor_distance_reduction_max"":null,""donor_distance_reduction_count"":0,""local_exchange_changed_gene_count_mean"":null,""local_exchange_changed_gene_count_min"":null,""local_exchange_changed_gene_count_max"":null,""local_exchange_changed_gene_count_count"":0,""child_distance_statistics_scope"":""accepted_unique_crossover_offspring"",""persistent_population_size"":1,""unique_population_size"":1,""best_population_fitness"":0.1995849609375,""configured_survivors_per_selection"":[16,4,1],""effective_survivors_per_selection"":[16,4,1],""effective_final_survivor_count"":1},""offspring_generation"":{""attempts"":129,""no_op_mutations"":0,""duplicate_candidates"":1,""infeasible_candidates"":0,""fixed_quant_legal_swap_counts"":[]},""maximum_depth_mutations_per_offspring"":3,""quantization_step_size"":1,""quantization_mutations_per_offspring"":1,""joint_aware_probability"":0.0,""adaptive_mutation"":false,""adaptive_mutation_strength"":1,""adaptive_mutation_patience"":3,""adaptive_mutation_max_strength"":3,""coarse_to_fine_mutation"":false,""coarse_to_fine_start_strength"":3,""coarse_to_fine_end_strength"":1,""stagnation_generations_after_selection"":0}",quantization,True,129,128,16,5,262144,262144,655360,18476,146276352,102467.16686560796,15276.82177734375
125,0.2034912109375,0.1995849609375,kl,0.2034912109375,,,,,0,{},128,16,4,1,"[16,4,1]","[2048,16384,131072]",6375608320,3.4642857142857144,3216.5078125,26982023168,26982023168,0,4,4,"{""type"":""mixed_depth_quantization"",""sequential_mode"":""none"",""joint_mutation_mode"":""standard"",""parent_before_generation_hash"":""2b7242c7e8bbcfd4497b03bf8de80679a6009919dffd1f2385c57b66bee0d15c"",""parent_after_generation_hash"":""2b7242c7e8bbcfd4497b03bf8de80679a6009919dffd1f2385c57b66bee0d15c"",""generated_offspring_by_type"":{""depth"":69,""quantization"":59,""joint_aware"":0,""interaction_aware"":0,""sequential_quantization"":0,""fixed_quant_depth"":0,""component crossover"":0,""component crossover + repair"":0,""layer bundle crossover"":0,""layer bundle crossover + repair"":0},""depth_mask_entries_changed_by_type"":{""depth"":192,""quantization"":0,""joint_aware"":0,""interaction_aware"":0,""sequential_quantization"":0,""fixed_quant_depth"":0,""component crossover"":0,""component crossover + repair"":0,""layer bundle crossover"":0,""layer bundle crossover + repair"":0},""quant_assignments_changed_by_type"":{""depth"":128,""quantization"":128,""joint_aware"":0,""interaction_aware"":0,""sequential_quantization"":0,""fixed_quant_depth"":0,""component crossover"":0,""component crossover + repair"":0,""layer bundle crossover"":0,""layer bundle crossover + repair"":0},""depth_mask_entries_changed_total"":192,""quant_assignments_changed_total"":256,""interaction_aware_details"":{""budget_repair_quant_changes"":0,""preferred_quant_exchanges_used"":0,""fallback_quant_exchanges_used"":0},""crossover_diagnostics"":{""crossover_type"":""component"",""crossover_parent_selection"":""uniform"",""crossover_offspring"":0,""crossover_offspring_accepted"":0,""mutation_offspring_accepted"":128,""mutation_offspring"":128,""crossover_offspring_attempted"":0,""crossover_duplicates"":0,""crossover_infeasible_candidates"":0,""crossover_repair_changed_gene_count"":0,""crossover_repaired_proposals"":0,""parent_distance_mean"":null,""parent_distance_min"":null,""parent_distance_max"":null,""child_distance_from_parent_a_mean"":null,""child_distance_from_parent_b_mean"":null,""layers_from_parent_a_mean"":null,""layers_from_parent_b_mean"":null,""crossover_no_legal_exchange"":0,""local_exchange_attention"":0,""local_exchange_mlp"":0,""local_exchange_quantization"":0,""local_exchange_block"":0,""child_distance_from_base_mean"":null,""child_distance_from_base_min"":null,""child_distance_from_base_max"":null,""child_distance_from_base_count"":0,""child_distance_from_donor_mean"":null,""child_distance_from_donor_min"":null,""child_distance_from_donor_max"":null,""child_distance_from_donor_count"":0,""donor_distance_reduction_mean"":null,""donor_distance_reduction_min"":null,""donor_distance_reduction_max"":null,""donor_distance_reduction_count"":0,""local_exchange_changed_gene_count_mean"":null,""local_exchange_changed_gene_count_min"":null,""local_exchange_changed_gene_count_max"":null,""local_exchange_changed_gene_count_count"":0,""child_distance_statistics_scope"":""accepted_unique_crossover_offspring"",""persistent_population_size"":1,""unique_population_size"":1,""best_population_fitness"":0.2034912109375,""configured_survivors_per_selection"":[16,4,1],""effective_survivors_per_selection"":[16,4,1],""effective_final_survivor_count"":1},""offspring_generation"":{""attempts"":128,""no_op_mutations"":0,""duplicate_candidates"":0,""infeasible_candidates"":0,""fixed_quant_legal_swap_counts"":[]},""maximum_depth_mutations_per_offspring"":3,""quantization_step_size"":1,""quantization_mutations_per_offspring"":1,""joint_aware_probability"":0.0,""adaptive_mutation"":false,""adaptive_mutation_strength"":1,""adaptive_mutation_patience"":3,""adaptive_mutation_max_strength"":3,""coarse_to_fine_mutation"":false,""coarse_to_fine_start_strength"":3,""coarse_to_fine_end_strength"":1,""stagnation_generations_after_selection"":1}",parent,False,128,128,16,5,262144,262144,655360,18625,147456000,103280.65471545793,15276.82177734375
126,0.2061767578125,0.2034912109375,kl,0.2061767578125,7.8046875,6.38671875,9.6015625,,917504,"{""wikitext2"":327680,""c4"":589824}",128,16,4,1,"[16,4,1]","[2048,16384,131072]",6375608320,3.4642857142857144,3216.5078125,26982023168,26982023168,0,4,4,"{""type"":""mixed_depth_quantization"",""sequential_mode"":""none"",""joint_mutation_mode"":""standard"",""parent_before_generation_hash"":""2b7242c7e8bbcfd4497b03bf8de80679a6009919dffd1f2385c57b66bee0d15c"",""parent_after_generation_hash"":""984856d0cee825b61d1cfe70876d3649b4e3227cf93ad726807aff2c8444fd80"",""generated_offspring_by_type"":{""depth"":68,""quantization"":60,""joint_aware"":0,""interaction_aware"":0,""sequential_quantization"":0,""fixed_quant_depth"":0,""component crossover"":0,""component crossover + repair"":0,""layer bundle crossover"":0,""layer bundle crossover + repair"":0},""depth_mask_entries_changed_by_type"":{""depth"":208,""quantization"":0,""joint_aware"":0,""interaction_aware"":0,""sequential_quantization"":0,""fixed_quant_depth"":0,""component crossover"":0,""component crossover + repair"":0,""layer bundle crossover"":0,""layer bundle crossover + repair"":0},""quant_assignments_changed_by_type"":{""depth"":143,""quantization"":128,""joint_aware"":0,""interaction_aware"":0,""sequential_quantization"":0,""fixed_quant_depth"":0,""component crossover"":0,""component crossover + repair"":0,""layer bundle crossover"":0,""layer bundle crossover + repair"":0},""depth_mask_entries_changed_total"":208,""quant_assignments_changed_total"":271,""interaction_aware_details"":{""budget_repair_quant_changes"":0,""preferred_quant_exchanges_used"":0,""fallback_quant_exchanges_used"":0},""crossover_diagnostics"":{""crossover_type"":""component"",""crossover_parent_selection"":""uniform"",""crossover_offspring"":0,""crossover_offspring_accepted"":0,""mutation_offspring_accepted"":128,""mutation_offspring"":128,""crossover_offspring_attempted"":0,""crossover_duplicates"":0,""crossover_infeasible_candidates"":0,""crossover_repair_changed_gene_count"":0,""crossover_repaired_proposals"":0,""parent_distance_mean"":null,""parent_distance_min"":null,""parent_distance_max"":null,""child_distance_from_parent_a_mean"":null,""child_distance_from_parent_b_mean"":null,""layers_from_parent_a_mean"":null,""layers_from_parent_b_mean"":null,""crossover_no_legal_exchange"":0,""local_exchange_attention"":0,""local_exchange_mlp"":0,""local_exchange_quantization"":0,""local_exchange_block"":0,""child_distance_from_base_mean"":null,""child_distance_from_base_min"":null,""child_distance_from_base_max"":null,""child_distance_from_base_count"":0,""child_distance_from_donor_mean"":null,""child_distance_from_donor_min"":null,""child_distance_from_donor_max"":null,""child_distance_from_donor_count"":0,""donor_distance_reduction_mean"":null,""donor_distance_reduction_min"":null,""donor_distance_reduction_max"":null,""donor_distance_reduction_count"":0,""local_exchange_changed_gene_count_mean"":null,""local_exchange_changed_gene_count_min"":null,""local_exchange_changed_gene_count_max"":null,""local_exchange_changed_gene_count_count"":0,""child_distance_statistics_scope"":""accepted_unique_crossover_offspring"",""persistent_population_size"":1,""unique_population_size"":1,""best_population_fitness"":0.2061767578125,""configured_survivors_per_selection"":[16,4,1],""effective_survivors_per_selection"":[16,4,1],""effective_final_survivor_count"":1},""offspring_generation"":{""attempts"":128,""no_op_mutations"":0,""duplicate_candidates"":0,""infeasible_candidates"":0,""fixed_quant_legal_swap_counts"":[]},""maximum_depth_mutations_per_offspring"":3,""quantization_step_size"":1,""quantization_mutations_per_offspring"":1,""joint_aware_probability"":0.0,""adaptive_mutation"":false,""adaptive_mutation_strength"":1,""adaptive_mutation_patience"":3,""adaptive_mutation_max_strength"":3,""coarse_to_fine_mutation"":false,""coarse_to_fine_start_strength"":3,""coarse_to_fine_end_strength"":1,""stagnation_generations_after_selection"":0}",quantization,True,128,128,16,5,262144,262144,655360,18774,148635648,104309.529984185,15276.82177734375
127,0.19384765625,0.2061767578125,kl,0.19384765625,,,,,0,{},128,16,4,1,"[16,4,1]","[2048,16384,131072]",6375608320,3.4642857142857144,3216.5078125,26982023168,26982023168,0,4,4,"{""type"":""mixed_depth_quantization"",""sequential_mode"":""none"",""joint_mutation_mode"":""standard"",""parent_before_generation_hash"":""984856d0cee825b61d1cfe70876d3649b4e3227cf93ad726807aff2c8444fd80"",""parent_after_generation_hash"":""f7dd2c267c08c72cd5a548b3bb0fb6070f616367e09fd2d2f45b612954253f0c"",""generated_offspring_by_type"":{""depth"":65,""quantization"":63,""joint_aware"":0,""interaction_aware"":0,""sequential_quantization"":0,""fixed_quant_depth"":0,""component crossover"":0,""component crossover + repair"":0,""layer bundle crossover"":0,""layer bundle crossover + repair"":0},""depth_mask_entries_changed_by_type"":{""depth"":188,""quantization"":0,""joint_aware"":0,""interaction_aware"":0,""sequential_quantization"":0,""fixed_quant_depth"":0,""component crossover"":0,""component crossover + repair"":0,""layer bundle crossover"":0,""layer bundle crossover + repair"":0},""quant_assignments_changed_by_type"":{""depth"":142,""quantization"":133,""joint_aware"":0,""interaction_aware"":0,""sequential_quantization"":0,""fixed_quant_depth"":0,""component crossover"":0,""component crossover + repair"":0,""layer bundle crossover"":0,""layer bundle crossover + repair"":0},""depth_mask_entries_changed_total"":188,""quant_assignments_changed_total"":275,""interaction_aware_details"":{""budget_repair_quant_changes"":0,""preferred_quant_exchanges_used"":0,""fallback_quant_exchanges_used"":0},""crossover_diagnostics"":{""crossover_type"":""component"",""crossover_parent_selection"":""uniform"",""crossover_offspring"":0,""crossover_offspring_accepted"":0,""mutation_offspring_accepted"":128,""mutation_offspring"":128,""crossover_offspring_attempted"":0,""crossover_duplicates"":0,""crossover_infeasible_candidates"":0,""crossover_repair_changed_gene_count"":0,""crossover_repaired_proposals"":0,""parent_distance_mean"":null,""parent_distance_min"":null,""parent_distance_max"":null,""child_distance_from_parent_a_mean"":null,""child_distance_from_parent_b_mean"":null,""layers_from_parent_a_mean"":null,""layers_from_parent_b_mean"":null,""crossover_no_legal_exchange"":0,""local_exchange_attention"":0,""local_exchange_mlp"":0,""local_exchange_quantization"":0,""local_exchange_block"":0,""child_distance_from_base_mean"":null,""child_distance_from_base_min"":null,""child_distance_from_base_max"":null,""child_distance_from_base_count"":0,""child_distance_from_donor_mean"":null,""child_distance_from_donor_min"":null,""child_distance_from_donor_max"":null,""child_distance_from_donor_count"":0,""donor_distance_reduction_mean"":null,""donor_distance_reduction_min"":null,""donor_distance_reduction_max"":null,""donor_distance_reduction_count"":0,""local_exchange_changed_gene_count_mean"":null,""local_exchange_changed_gene_count_min"":null,""local_exchange_changed_gene_count_max"":null,""local_exchange_changed_gene_count_count"":0,""child_distance_statistics_scope"":""accepted_unique_crossover_offspring"",""persistent_population_size"":1,""unique_population_size"":1,""best_population_fitness"":0.19384765625,""configured_survivors_per_selection"":[16,4,1],""effective_survivors_per_selection"":[16,4,1],""effective_final_survivor_count"":1},""offspring_generation"":{""attempts"":128,""no_op_mutations"":0,""duplicate_candidates"":0,""infeasible_candidates"":0,""fixed_quant_legal_swap_counts"":[]},""maximum_depth_mutations_per_offspring"":3,""quantization_step_size"":1,""quantization_mutations_per_offspring"":1,""joint_aware_probability"":0.0,""adaptive_mutation"":false,""adaptive_mutation_strength"":1,""adaptive_mutation_patience"":3,""adaptive_mutation_max_strength"":3,""coarse_to_fine_mutation"":false,""coarse_to_fine_start_strength"":3,""coarse_to_fine_end_strength"":1,""stagnation_generations_after_selection"":0}",quantization,True,128,128,16,5,262144,262144,655360,18923,149815296,105111.36661014601,15276.82177734375
128,0.1953125,0.19384765625,kl,0.1953125,,,,,0,{},128,16,4,1,"[16,4,1]","[2048,16384,131072]",6375608320,3.4642857142857144,3216.5078125,26982023168,26982023168,0,4,4,"{""type"":""mixed_depth_quantization"",""sequential_mode"":""none"",""joint_mutation_mode"":""standard"",""parent_before_generation_hash"":""f7dd2c267c08c72cd5a548b3bb0fb6070f616367e09fd2d2f45b612954253f0c"",""parent_after_generation_hash"":""7ff9ba0a0c4c48fa6265ad8cb07639f8ee4b73c534d698366112272982d7a209"",""generated_offspring_by_type"":{""depth"":58,""quantization"":70,""joint_aware"":0,""interaction_aware"":0,""sequential_quantization"":0,""fixed_quant_depth"":0,""component crossover"":0,""component crossover + repair"":0,""layer bundle crossover"":0,""layer bundle crossover + repair"":0},""depth_mask_entries_changed_by_type"":{""depth"":172,""quantization"":0,""joint_aware"":0,""interaction_aware"":0,""sequential_quantization"":0,""fixed_quant_depth"":0,""component crossover"":0,""component crossover + repair"":0,""layer bundle crossover"":0,""layer bundle crossover + repair"":0},""quant_assignments_changed_by_type"":{""depth"":121,""quantization"":154,""joint_aware"":0,""interaction_aware"":0,""sequential_quantization"":0,""fixed_quant_depth"":0,""component crossover"":0,""component crossover + repair"":0,""layer bundle crossover"":0,""layer bundle crossover + repair"":0},""depth_mask_entries_changed_total"":172,""quant_assignments_changed_total"":275,""interaction_aware_details"":{""budget_repair_quant_changes"":0,""preferred_quant_exchanges_used"":0,""fallback_quant_exchanges_used"":0},""crossover_diagnostics"":{""crossover_type"":""component"",""crossover_parent_selection"":""uniform"",""crossover_offspring"":0,""crossover_offspring_accepted"":0,""mutation_offspring_accepted"":128,""mutation_offspring"":128,""crossover_offspring_attempted"":0,""crossover_duplicates"":0,""crossover_infeasible_candidates"":0,""crossover_repair_changed_gene_count"":0,""crossover_repaired_proposals"":0,""parent_distance_mean"":null,""parent_distance_min"":null,""parent_distance_max"":null,""child_distance_from_parent_a_mean"":null,""child_distance_from_parent_b_mean"":null,""layers_from_parent_a_mean"":null,""layers_from_parent_b_mean"":null,""crossover_no_legal_exchange"":0,""local_exchange_attention"":0,""local_exchange_mlp"":0,""local_exchange_quantization"":0,""local_exchange_block"":0,""child_distance_from_base_mean"":null,""child_distance_from_base_min"":null,""child_distance_from_base_max"":null,""child_distance_from_base_count"":0,""child_distance_from_donor_mean"":null,""child_distance_from_donor_min"":null,""child_distance_from_donor_max"":null,""child_distance_from_donor_count"":0,""donor_distance_reduction_mean"":null,""donor_distance_reduction_min"":null,""donor_distance_reduction_max"":null,""donor_distance_reduction_count"":0,""local_exchange_changed_gene_count_mean"":null,""local_exchange_changed_gene_count_min"":null,""local_exchange_changed_gene_count_max"":null,""local_exchange_changed_gene_count_count"":0,""child_distance_statistics_scope"":""accepted_unique_crossover_offspring"",""persistent_population_size"":1,""unique_population_size"":1,""best_population_fitness"":0.1953125,""configured_survivors_per_selection"":[16,4,1],""effective_survivors_per_selection"":[16,4,1],""effective_final_survivor_count"":1},""offspring_generation"":{""attempts"":128,""no_op_mutations"":0,""duplicate_candidates"":0,""infeasible_candidates"":0,""fixed_quant_legal_swap_counts"":[]},""maximum_depth_mutations_per_offspring"":3,""quantization_step_size"":1,""quantization_mutations_per_offspring"":1,""joint_aware_probability"":0.0,""adaptive_mutation"":false,""adaptive_mutation_strength"":1,""adaptive_mutation_patience"":3,""adaptive_mutation_max_strength"":3,""coarse_to_fine_mutation"":false,""coarse_to_fine_start_strength"":3,""coarse_to_fine_end_strength"":1,""stagnation_generations_after_selection"":0}",quantization,True,128,128,16,5,262144,262144,655360,19072,150994944,105904.69843390898,15276.82177734375
129,0.207275390625,0.1953125,kl,0.207275390625,,,,,0,{},128,16,4,1,"[16,4,1]","[2048,16384,131072]",6375608320,3.4642857142857144,3216.5078125,26982023168,26982023168,0,4,4,"{""type"":""mixed_depth_quantization"",""sequential_mode"":""none"",""joint_mutation_mode"":""standard"",""parent_before_generation_hash"":""7ff9ba0a0c4c48fa6265ad8cb07639f8ee4b73c534d698366112272982d7a209"",""parent_after_generation_hash"":""4957dd2950d526d99dded03e99cc35c10ad0c8d64854ef19202817862c3e704d"",""generated_offspring_by_type"":{""depth"":59,""quantization"":69,""joint_aware"":0,""interaction_aware"":0,""sequential_quantization"":0,""fixed_quant_depth"":0,""component crossover"":0,""component crossover + repair"":0,""layer bundle crossover"":0,""layer bundle crossover + repair"":0},""depth_mask_entries_changed_by_type"":{""depth"":180,""quantization"":0,""joint_aware"":0,""interaction_aware"":0,""sequential_quantization"":0,""fixed_quant_depth"":0,""component crossover"":0,""component crossover + repair"":0,""layer bundle crossover"":0,""layer bundle crossover + repair"":0},""quant_assignments_changed_by_type"":{""depth"":129,""quantization"":153,""joint_aware"":0,""interaction_aware"":0,""sequential_quantization"":0,""fixed_quant_depth"":0,""component crossover"":0,""component crossover + repair"":0,""layer bundle crossover"":0,""layer bundle crossover + repair"":0},""depth_mask_entries_changed_total"":180,""quant_assignments_changed_total"":282,""interaction_aware_details"":{""budget_repair_quant_changes"":0,""preferred_quant_exchanges_used"":0,""fallback_quant_exchanges_used"":0},""crossover_diagnostics"":{""crossover_type"":""component"",""crossover_parent_selection"":""uniform"",""crossover_offspring"":0,""crossover_offspring_accepted"":0,""mutation_offspring_accepted"":128,""mutation_offspring"":128,""crossover_offspring_attempted"":0,""crossover_duplicates"":0,""crossover_infeasible_candidates"":0,""crossover_repair_changed_gene_count"":0,""crossover_repaired_proposals"":0,""parent_distance_mean"":null,""parent_distance_min"":null,""parent_distance_max"":null,""child_distance_from_parent_a_mean"":null,""child_distance_from_parent_b_mean"":null,""layers_from_parent_a_mean"":null,""layers_from_parent_b_mean"":null,""crossover_no_legal_exchange"":0,""local_exchange_attention"":0,""local_exchange_mlp"":0,""local_exchange_quantization"":0,""local_exchange_block"":0,""child_distance_from_base_mean"":null,""child_distance_from_base_min"":null,""child_distance_from_base_max"":null,""child_distance_from_base_count"":0,""child_distance_from_donor_mean"":null,""child_distance_from_donor_min"":null,""child_distance_from_donor_max"":null,""child_distance_from_donor_count"":0,""donor_distance_reduction_mean"":null,""donor_distance_reduction_min"":null,""donor_distance_reduction_max"":null,""donor_distance_reduction_count"":0,""local_exchange_changed_gene_count_mean"":null,""local_exchange_changed_gene_count_min"":null,""local_exchange_changed_gene_count_max"":null,""local_exchange_changed_gene_count_count"":0,""child_distance_statistics_scope"":""accepted_unique_crossover_offspring"",""persistent_population_size"":1,""unique_population_size"":1,""best_population_fitness"":0.207275390625,""configured_survivors_per_selection"":[16,4,1],""effective_survivors_per_selection"":[16,4,1],""effective_final_survivor_count"":1},""offspring_generation"":{""attempts"":131,""no_op_mutations"":0,""duplicate_candidates"":3,""infeasible_candidates"":0,""fixed_quant_legal_swap_counts"":[]},""maximum_depth_mutations_per_offspring"":3,""quantization_step_size"":1,""quantization_mutations_per_offspring"":1,""joint_aware_probability"":0.0,""adaptive_mutation"":false,""adaptive_mutation_strength"":1,""adaptive_mutation_patience"":3,""adaptive_mutation_max_strength"":3,""coarse_to_fine_mutation"":false,""coarse_to_fine_start_strength"":3,""coarse_to_fine_end_strength"":1,""stagnation_generations_after_selection"":0}",quantization,True,131,128,16,5,262144,262144,655360,19221,152174592,106683.893442009,15276.82177734375
130,0.1954345703125,0.207275390625,kl,0.1954345703125,,,,,0,{},128,16,4,1,"[16,4,1]","[2048,16384,131072]",6375608320,3.4642857142857144,3216.5078125,26982023168,26982023168,0,4,4,"{""type"":""mixed_depth_quantization"",""sequential_mode"":""none"",""joint_mutation_mode"":""standard"",""parent_before_generation_hash"":""4957dd2950d526d99dded03e99cc35c10ad0c8d64854ef19202817862c3e704d"",""parent_after_generation_hash"":""eb04a96e45747d7c00097c703d5cdc5f0a407d55872156f5edb4734ce4f4d9d5"",""generated_offspring_by_type"":{""depth"":74,""quantization"":54,""joint_aware"":0,""interaction_aware"":0,""sequential_quantization"":0,""fixed_quant_depth"":0,""component crossover"":0,""component crossover + repair"":0,""layer bundle crossover"":0,""layer bundle crossover + repair"":0},""depth_mask_entries_changed_by_type"":{""depth"":216,""quantization"":0,""joint_aware"":0,""interaction_aware"":0,""sequential_quantization"":0,""fixed_quant_depth"":0,""component crossover"":0,""component crossover + repair"":0,""layer bundle crossover"":0,""layer bundle crossover + repair"":0},""quant_assignments_changed_by_type"":{""depth"":149,""quantization"":119,""joint_aware"":0,""interaction_aware"":0,""sequential_quantization"":0,""fixed_quant_depth"":0,""component crossover"":0,""component crossover + repair"":0,""layer bundle crossover"":0,""layer bundle crossover + repair"":0},""depth_mask_entries_changed_total"":216,""quant_assignments_changed_total"":268,""interaction_aware_details"":{""budget_repair_quant_changes"":0,""preferred_quant_exchanges_used"":0,""fallback_quant_exchanges_used"":0},""crossover_diagnostics"":{""crossover_type"":""component"",""crossover_parent_selection"":""uniform"",""crossover_offspring"":0,""crossover_offspring_accepted"":0,""mutation_offspring_accepted"":128,""mutation_offspring"":128,""crossover_offspring_attempted"":0,""crossover_duplicates"":0,""crossover_infeasible_candidates"":0,""crossover_repair_changed_gene_count"":0,""crossover_repaired_proposals"":0,""parent_distance_mean"":null,""parent_distance_min"":null,""parent_distance_max"":null,""child_distance_from_parent_a_mean"":null,""child_distance_from_parent_b_mean"":null,""layers_from_parent_a_mean"":null,""layers_from_parent_b_mean"":null,""crossover_no_legal_exchange"":0,""local_exchange_attention"":0,""local_exchange_mlp"":0,""local_exchange_quantization"":0,""local_exchange_block"":0,""child_distance_from_base_mean"":null,""child_distance_from_base_min"":null,""child_distance_from_base_max"":null,""child_distance_from_base_count"":0,""child_distance_from_donor_mean"":null,""child_distance_from_donor_min"":null,""child_distance_from_donor_max"":null,""child_distance_from_donor_count"":0,""donor_distance_reduction_mean"":null,""donor_distance_reduction_min"":null,""donor_distance_reduction_max"":null,""donor_distance_reduction_count"":0,""local_exchange_changed_gene_count_mean"":null,""local_exchange_changed_gene_count_min"":null,""local_exchange_changed_gene_count_max"":null,""local_exchange_changed_gene_count_count"":0,""child_distance_statistics_scope"":""accepted_unique_crossover_offspring"",""persistent_population_size"":1,""unique_population_size"":1,""best_population_fitness"":0.1954345703125,""configured_survivors_per_selection"":[16,4,1],""effective_survivors_per_selection"":[16,4,1],""effective_final_survivor_count"":1},""offspring_generation"":{""attempts"":129,""no_op_mutations"":0,""duplicate_candidates"":1,""infeasible_candidates"":0,""fixed_quant_legal_swap_counts"":[]},""maximum_depth_mutations_per_offspring"":3,""quantization_step_size"":1,""quantization_mutations_per_offspring"":1,""joint_aware_probability"":0.0,""adaptive_mutation"":false,""adaptive_mutation_strength"":1,""adaptive_mutation_patience"":3,""adaptive_mutation_max_strength"":3,""coarse_to_fine_mutation"":false,""coarse_to_fine_start_strength"":3,""coarse_to_fine_end_strength"":1,""stagnation_generations_after_selection"":0}",quantization,True,129,128,16,5,262144,262144,655360,19370,153354240,107559.50648082397,15276.82177734375
131,0.1988525390625,0.1954345703125,kl,0.1988525390625,7.8046875,6.40234375,9.6015625,,917504,"{""wikitext2"":327680,""c4"":589824}",128,16,4,1,"[16,4,1]","[2048,16384,131072]",6375608320,3.4642857142857144,3216.5078125,26982023168,26982023168,0,4,4,"{""type"":""mixed_depth_quantization"",""sequential_mode"":""none"",""joint_mutation_mode"":""standard"",""parent_before_generation_hash"":""eb04a96e45747d7c00097c703d5cdc5f0a407d55872156f5edb4734ce4f4d9d5"",""parent_after_generation_hash"":""b60f0b05437d3b7f8b87b57bf783cdf4bfcc3399d38978c0fa3b8eb0a013b1ae"",""generated_offspring_by_type"":{""depth"":63,""quantization"":65,""joint_aware"":0,""interaction_aware"":0,""sequential_quantization"":0,""fixed_quant_depth"":0,""component crossover"":0,""component crossover + repair"":0,""layer bundle crossover"":0,""layer bundle crossover + repair"":0},""depth_mask_entries_changed_by_type"":{""depth"":176,""quantization"":0,""joint_aware"":0,""interaction_aware"":0,""sequential_quantization"":0,""fixed_quant_depth"":0,""component crossover"":0,""component crossover + repair"":0,""layer bundle crossover"":0,""layer bundle crossover + repair"":0},""quant_assignments_changed_by_type"":{""depth"":122,""quantization"":141,""joint_aware"":0,""interaction_aware"":0,""sequential_quantization"":0,""fixed_quant_depth"":0,""component crossover"":0,""component crossover + repair"":0,""layer bundle crossover"":0,""layer bundle crossover + repair"":0},""depth_mask_entries_changed_total"":176,""quant_assignments_changed_total"":263,""interaction_aware_details"":{""budget_repair_quant_changes"":0,""preferred_quant_exchanges_used"":0,""fallback_quant_exchanges_used"":0},""crossover_diagnostics"":{""crossover_type"":""component"",""crossover_parent_selection"":""uniform"",""crossover_offspring"":0,""crossover_offspring_accepted"":0,""mutation_offspring_accepted"":128,""mutation_offspring"":128,""crossover_offspring_attempted"":0,""crossover_duplicates"":0,""crossover_infeasible_candidates"":0,""crossover_repair_changed_gene_count"":0,""crossover_repaired_proposals"":0,""parent_distance_mean"":null,""parent_distance_min"":null,""parent_distance_max"":null,""child_distance_from_parent_a_mean"":null,""child_distance_from_parent_b_mean"":null,""layers_from_parent_a_mean"":null,""layers_from_parent_b_mean"":null,""crossover_no_legal_exchange"":0,""local_exchange_attention"":0,""local_exchange_mlp"":0,""local_exchange_quantization"":0,""local_exchange_block"":0,""child_distance_from_base_mean"":null,""child_distance_from_base_min"":null,""child_distance_from_base_max"":null,""child_distance_from_base_count"":0,""child_distance_from_donor_mean"":null,""child_distance_from_donor_min"":null,""child_distance_from_donor_max"":null,""child_distance_from_donor_count"":0,""donor_distance_reduction_mean"":null,""donor_distance_reduction_min"":null,""donor_distance_reduction_max"":null,""donor_distance_reduction_count"":0,""local_exchange_changed_gene_count_mean"":null,""local_exchange_changed_gene_count_min"":null,""local_exchange_changed_gene_count_max"":null,""local_exchange_changed_gene_count_count"":0,""child_distance_statistics_scope"":""accepted_unique_crossover_offspring"",""persistent_population_size"":1,""unique_population_size"":1,""best_population_fitness"":0.1988525390625,""configured_survivors_per_selection"":[16,4,1],""effective_survivors_per_selection"":[16,4,1],""effective_final_survivor_count"":1},""offspring_generation"":{""attempts"":128,""no_op_mutations"":0,""duplicate_candidates"":0,""infeasible_candidates"":0,""fixed_quant_legal_swap_counts"":[]},""maximum_depth_mutations_per_offspring"":3,""quantization_step_size"":1,""quantization_mutations_per_offspring"":1,""joint_aware_probability"":0.0,""adaptive_mutation"":false,""adaptive_mutation_strength"":1,""adaptive_mutation_patience"":3,""adaptive_mutation_max_strength"":3,""coarse_to_fine_mutation"":false,""coarse_to_fine_start_strength"":3,""coarse_to_fine_end_strength"":1,""stagnation_generations_after_selection"":0}",quantization,True,128,128,16,5,262144,262144,655360,19519,154533888,108644.23966280394,15276.82177734375
132,0.199462890625,0.1988525390625,kl,0.199462890625,,,,,0,{},128,16,4,1,"[16,4,1]","[2048,16384,131072]",6375608320,3.4642857142857144,3216.5078125,26982023168,26982023168,0,4,4,"{""type"":""mixed_depth_quantization"",""sequential_mode"":""none"",""joint_mutation_mode"":""standard"",""parent_before_generation_hash"":""b60f0b05437d3b7f8b87b57bf783cdf4bfcc3399d38978c0fa3b8eb0a013b1ae"",""parent_after_generation_hash"":""64326040640aa2943cc08ab798bd55b82bc9889adabcb8d35f27427cff06bc7e"",""generated_offspring_by_type"":{""depth"":67,""quantization"":61,""joint_aware"":0,""interaction_aware"":0,""sequential_quantization"":0,""fixed_quant_depth"":0,""component crossover"":0,""component crossover + repair"":0,""layer bundle crossover"":0,""layer bundle crossover + repair"":0},""depth_mask_entries_changed_by_type"":{""depth"":196,""quantization"":0,""joint_aware"":0,""interaction_aware"":0,""sequential_quantization"":0,""fixed_quant_depth"":0,""component crossover"":0,""component crossover + repair"":0,""layer bundle crossover"":0,""layer bundle crossover + repair"":0},""quant_assignments_changed_by_type"":{""depth"":138,""quantization"":134,""joint_aware"":0,""interaction_aware"":0,""sequential_quantization"":0,""fixed_quant_depth"":0,""component crossover"":0,""component crossover + repair"":0,""layer bundle crossover"":0,""layer bundle crossover + repair"":0},""depth_mask_entries_changed_total"":196,""quant_assignments_changed_total"":272,""interaction_aware_details"":{""budget_repair_quant_changes"":0,""preferred_quant_exchanges_used"":0,""fallback_quant_exchanges_used"":0},""crossover_diagnostics"":{""crossover_type"":""component"",""crossover_parent_selection"":""uniform"",""crossover_offspring"":0,""crossover_offspring_accepted"":0,""mutation_offspring_accepted"":128,""mutation_offspring"":128,""crossover_offspring_attempted"":0,""crossover_duplicates"":0,""crossover_infeasible_candidates"":0,""crossover_repair_changed_gene_count"":0,""crossover_repaired_proposals"":0,""parent_distance_mean"":null,""parent_distance_min"":null,""parent_distance_max"":null,""child_distance_from_parent_a_mean"":null,""child_distance_from_parent_b_mean"":null,""layers_from_parent_a_mean"":null,""layers_from_parent_b_mean"":null,""crossover_no_legal_exchange"":0,""local_exchange_attention"":0,""local_exchange_mlp"":0,""local_exchange_quantization"":0,""local_exchange_block"":0,""child_distance_from_base_mean"":null,""child_distance_from_base_min"":null,""child_distance_from_base_max"":null,""child_distance_from_base_count"":0,""child_distance_from_donor_mean"":null,""child_distance_from_donor_min"":null,""child_distance_from_donor_max"":null,""child_distance_from_donor_count"":0,""donor_distance_reduction_mean"":null,""donor_distance_reduction_min"":null,""donor_distance_reduction_max"":null,""donor_distance_reduction_count"":0,""local_exchange_changed_gene_count_mean"":null,""local_exchange_changed_gene_count_min"":null,""local_exchange_changed_gene_count_max"":null,""local_exchange_changed_gene_count_count"":0,""child_distance_statistics_scope"":""accepted_unique_crossover_offspring"",""persistent_population_size"":1,""unique_population_size"":1,""best_population_fitness"":0.199462890625,""configured_survivors_per_selection"":[16,4,1],""effective_survivors_per_selection"":[16,4,1],""effective_final_survivor_count"":1},""offspring_generation"":{""attempts"":128,""no_op_mutations"":0,""duplicate_candidates"":0,""infeasible_candidates"":0,""fixed_quant_legal_swap_counts"":[]},""maximum_depth_mutations_per_offspring"":3,""quantization_step_size"":1,""quantization_mutations_per_offspring"":1,""joint_aware_probability"":0.0,""adaptive_mutation"":false,""adaptive_mutation_strength"":1,""adaptive_mutation_patience"":3,""adaptive_mutation_max_strength"":3,""coarse_to_fine_mutation"":false,""coarse_to_fine_start_strength"":3,""coarse_to_fine_end_strength"":1,""stagnation_generations_after_selection"":0}",quantization,True,128,128,16,5,262144,262144,655360,19668,155713536,109445.87058643298,15276.82177734375
133,0.1904296875,0.199462890625,kl,0.1904296875,,,,,0,{},128,16,4,1,"[16,4,1]","[2048,16384,131072]",6375608320,3.4642857142857144,3216.5078125,26982023168,26982023168,0,4,4,"{""type"":""mixed_depth_quantization"",""sequential_mode"":""none"",""joint_mutation_mode"":""standard"",""parent_before_generation_hash"":""64326040640aa2943cc08ab798bd55b82bc9889adabcb8d35f27427cff06bc7e"",""parent_after_generation_hash"":""64326040640aa2943cc08ab798bd55b82bc9889adabcb8d35f27427cff06bc7e"",""generated_offspring_by_type"":{""depth"":61,""quantization"":67,""joint_aware"":0,""interaction_aware"":0,""sequential_quantization"":0,""fixed_quant_depth"":0,""component crossover"":0,""component crossover + repair"":0,""layer bundle crossover"":0,""layer bundle crossover + repair"":0},""depth_mask_entries_changed_by_type"":{""depth"":174,""quantization"":0,""joint_aware"":0,""interaction_aware"":0,""sequential_quantization"":0,""fixed_quant_depth"":0,""component crossover"":0,""component crossover + repair"":0,""layer bundle crossover"":0,""layer bundle crossover + repair"":0},""quant_assignments_changed_by_type"":{""depth"":128,""quantization"":146,""joint_aware"":0,""interaction_aware"":0,""sequential_quantization"":0,""fixed_quant_depth"":0,""component crossover"":0,""component crossover + repair"":0,""layer bundle crossover"":0,""layer bundle crossover + repair"":0},""depth_mask_entries_changed_total"":174,""quant_assignments_changed_total"":274,""interaction_aware_details"":{""budget_repair_quant_changes"":0,""preferred_quant_exchanges_used"":0,""fallback_quant_exchanges_used"":0},""crossover_diagnostics"":{""crossover_type"":""component"",""crossover_parent_selection"":""uniform"",""crossover_offspring"":0,""crossover_offspring_accepted"":0,""mutation_offspring_accepted"":128,""mutation_offspring"":128,""crossover_offspring_attempted"":0,""crossover_duplicates"":0,""crossover_infeasible_candidates"":0,""crossover_repair_changed_gene_count"":0,""crossover_repaired_proposals"":0,""parent_distance_mean"":null,""parent_distance_min"":null,""parent_distance_max"":null,""child_distance_from_parent_a_mean"":null,""child_distance_from_parent_b_mean"":null,""layers_from_parent_a_mean"":null,""layers_from_parent_b_mean"":null,""crossover_no_legal_exchange"":0,""local_exchange_attention"":0,""local_exchange_mlp"":0,""local_exchange_quantization"":0,""local_exchange_block"":0,""child_distance_from_base_mean"":null,""child_distance_from_base_min"":null,""child_distance_from_base_max"":null,""child_distance_from_base_count"":0,""child_distance_from_donor_mean"":null,""child_distance_from_donor_min"":null,""child_distance_from_donor_max"":null,""child_distance_from_donor_count"":0,""donor_distance_reduction_mean"":null,""donor_distance_reduction_min"":null,""donor_distance_reduction_max"":null,""donor_distance_reduction_count"":0,""local_exchange_changed_gene_count_mean"":null,""local_exchange_changed_gene_count_min"":null,""local_exchange_changed_gene_count_max"":null,""local_exchange_changed_gene_count_count"":0,""child_distance_statistics_scope"":""accepted_unique_crossover_offspring"",""persistent_population_size"":1,""unique_population_size"":1,""best_population_fitness"":0.1904296875,""configured_survivors_per_selection"":[16,4,1],""effective_survivors_per_selection"":[16,4,1],""effective_final_survivor_count"":1},""offspring_generation"":{""attempts"":128,""no_op_mutations"":0,""duplicate_candidates"":0,""infeasible_candidates"":0,""fixed_quant_legal_swap_counts"":[]},""maximum_depth_mutations_per_offspring"":3,""quantization_step_size"":1,""quantization_mutations_per_offspring"":1,""joint_aware_probability"":0.0,""adaptive_mutation"":false,""adaptive_mutation_strength"":1,""adaptive_mutation_patience"":3,""adaptive_mutation_max_strength"":3,""coarse_to_fine_mutation"":false,""coarse_to_fine_start_strength"":3,""coarse_to_fine_end_strength"":1,""stagnation_generations_after_selection"":1}",parent,False,128,128,16,5,262144,262144,655360,19817,156893184,110193.31268158997,15276.82177734375
134,0.198974609375,0.1904296875,kl,0.198974609375,,,,,0,{},128,16,4,1,"[16,4,1]","[2048,16384,131072]",6375608320,3.4642857142857144,3216.5078125,26982023168,26982023168,0,4,4,"{""type"":""mixed_depth_quantization"",""sequential_mode"":""none"",""joint_mutation_mode"":""standard"",""parent_before_generation_hash"":""64326040640aa2943cc08ab798bd55b82bc9889adabcb8d35f27427cff06bc7e"",""parent_after_generation_hash"":""03a9477e8ad4ee11410997015a9bbc85076289a5b38833b67cf175b6125e6775"",""generated_offspring_by_type"":{""depth"":73,""quantization"":55,""joint_aware"":0,""interaction_aware"":0,""sequential_quantization"":0,""fixed_quant_depth"":0,""component crossover"":0,""component crossover + repair"":0,""layer bundle crossover"":0,""layer bundle crossover + repair"":0},""depth_mask_entries_changed_by_type"":{""depth"":214,""quantization"":0,""joint_aware"":0,""interaction_aware"":0,""sequential_quantization"":0,""fixed_quant_depth"":0,""component crossover"":0,""component crossover + repair"":0,""layer bundle crossover"":0,""layer bundle crossover + repair"":0},""quant_assignments_changed_by_type"":{""depth"":142,""quantization"":122,""joint_aware"":0,""interaction_aware"":0,""sequential_quantization"":0,""fixed_quant_depth"":0,""component crossover"":0,""component crossover + repair"":0,""layer bundle crossover"":0,""layer bundle crossover + repair"":0},""depth_mask_entries_changed_total"":214,""quant_assignments_changed_total"":264,""interaction_aware_details"":{""budget_repair_quant_changes"":0,""preferred_quant_exchanges_used"":0,""fallback_quant_exchanges_used"":0},""crossover_diagnostics"":{""crossover_type"":""component"",""crossover_parent_selection"":""uniform"",""crossover_offspring"":0,""crossover_offspring_accepted"":0,""mutation_offspring_accepted"":128,""mutation_offspring"":128,""crossover_offspring_attempted"":0,""crossover_duplicates"":0,""crossover_infeasible_candidates"":0,""crossover_repair_changed_gene_count"":0,""crossover_repaired_proposals"":0,""parent_distance_mean"":null,""parent_distance_min"":null,""parent_distance_max"":null,""child_distance_from_parent_a_mean"":null,""child_distance_from_parent_b_mean"":null,""layers_from_parent_a_mean"":null,""layers_from_parent_b_mean"":null,""crossover_no_legal_exchange"":0,""local_exchange_attention"":0,""local_exchange_mlp"":0,""local_exchange_quantization"":0,""local_exchange_block"":0,""child_distance_from_base_mean"":null,""child_distance_from_base_min"":null,""child_distance_from_base_max"":null,""child_distance_from_base_count"":0,""child_distance_from_donor_mean"":null,""child_distance_from_donor_min"":null,""child_distance_from_donor_max"":null,""child_distance_from_donor_count"":0,""donor_distance_reduction_mean"":null,""donor_distance_reduction_min"":null,""donor_distance_reduction_max"":null,""donor_distance_reduction_count"":0,""local_exchange_changed_gene_count_mean"":null,""local_exchange_changed_gene_count_min"":null,""local_exchange_changed_gene_count_max"":null,""local_exchange_changed_gene_count_count"":0,""child_distance_statistics_scope"":""accepted_unique_crossover_offspring"",""persistent_population_size"":1,""unique_population_size"":1,""best_population_fitness"":0.198974609375,""configured_survivors_per_selection"":[16,4,1],""effective_survivors_per_selection"":[16,4,1],""effective_final_survivor_count"":1},""offspring_generation"":{""attempts"":128,""no_op_mutations"":0,""duplicate_candidates"":0,""infeasible_candidates"":0,""fixed_quant_legal_swap_counts"":[]},""maximum_depth_mutations_per_offspring"":3,""quantization_step_size"":1,""quantization_mutations_per_offspring"":1,""joint_aware_probability"":0.0,""adaptive_mutation"":false,""adaptive_mutation_strength"":1,""adaptive_mutation_patience"":3,""adaptive_mutation_max_strength"":3,""coarse_to_fine_mutation"":false,""coarse_to_fine_start_strength"":3,""coarse_to_fine_end_strength"":1,""stagnation_generations_after_selection"":0}",quantization,True,128,128,16,5,262144,262144,655360,19966,158072832,111008.78086068598,15276.82177734375
135,0.1959228515625,0.198974609375,kl,0.1959228515625,,,,,0,{},128,16,4,1,"[16,4,1]","[2048,16384,131072]",6375608320,3.4642857142857144,3216.5078125,26982023168,26982023168,0,4,4,"{""type"":""mixed_depth_quantization"",""sequential_mode"":""none"",""joint_mutation_mode"":""standard"",""parent_before_generation_hash"":""03a9477e8ad4ee11410997015a9bbc85076289a5b38833b67cf175b6125e6775"",""parent_after_generation_hash"":""5092911c703349b6ee2f96b0a034d5bb7d7c63cf7d76f2f533b5055d064f1dda"",""generated_offspring_by_type"":{""depth"":65,""quantization"":63,""joint_aware"":0,""interaction_aware"":0,""sequential_quantization"":0,""fixed_quant_depth"":0,""component crossover"":0,""component crossover + repair"":0,""layer bundle crossover"":0,""layer bundle crossover + repair"":0},""depth_mask_entries_changed_by_type"":{""depth"":190,""quantization"":0,""joint_aware"":0,""interaction_aware"":0,""sequential_quantization"":0,""fixed_quant_depth"":0,""component crossover"":0,""component crossover + repair"":0,""layer bundle crossover"":0,""layer bundle crossover + repair"":0},""quant_assignments_changed_by_type"":{""depth"":135,""quantization"":137,""joint_aware"":0,""interaction_aware"":0,""sequential_quantization"":0,""fixed_quant_depth"":0,""component crossover"":0,""component crossover + repair"":0,""layer bundle crossover"":0,""layer bundle crossover + repair"":0},""depth_mask_entries_changed_total"":190,""quant_assignments_changed_total"":272,""interaction_aware_details"":{""budget_repair_quant_changes"":0,""preferred_quant_exchanges_used"":0,""fallback_quant_exchanges_used"":0},""crossover_diagnostics"":{""crossover_type"":""component"",""crossover_parent_selection"":""uniform"",""crossover_offspring"":0,""crossover_offspring_accepted"":0,""mutation_offspring_accepted"":128,""mutation_offspring"":128,""crossover_offspring_attempted"":0,""crossover_duplicates"":0,""crossover_infeasible_candidates"":0,""crossover_repair_changed_gene_count"":0,""crossover_repaired_proposals"":0,""parent_distance_mean"":null,""parent_distance_min"":null,""parent_distance_max"":null,""child_distance_from_parent_a_mean"":null,""child_distance_from_parent_b_mean"":null,""layers_from_parent_a_mean"":null,""layers_from_parent_b_mean"":null,""crossover_no_legal_exchange"":0,""local_exchange_attention"":0,""local_exchange_mlp"":0,""local_exchange_quantization"":0,""local_exchange_block"":0,""child_distance_from_base_mean"":null,""child_distance_from_base_min"":null,""child_distance_from_base_max"":null,""child_distance_from_base_count"":0,""child_distance_from_donor_mean"":null,""child_distance_from_donor_min"":null,""child_distance_from_donor_max"":null,""child_distance_from_donor_count"":0,""donor_distance_reduction_mean"":null,""donor_distance_reduction_min"":null,""donor_distance_reduction_max"":null,""donor_distance_reduction_count"":0,""local_exchange_changed_gene_count_mean"":null,""local_exchange_changed_gene_count_min"":null,""local_exchange_changed_gene_count_max"":null,""local_exchange_changed_gene_count_count"":0,""child_distance_statistics_scope"":""accepted_unique_crossover_offspring"",""persistent_population_size"":1,""unique_population_size"":1,""best_population_fitness"":0.1959228515625,""configured_survivors_per_selection"":[16,4,1],""effective_survivors_per_selection"":[16,4,1],""effective_final_survivor_count"":1},""offspring_generation"":{""attempts"":129,""no_op_mutations"":0,""duplicate_candidates"":1,""infeasible_candidates"":0,""fixed_quant_legal_swap_counts"":[]},""maximum_depth_mutations_per_offspring"":3,""quantization_step_size"":1,""quantization_mutations_per_offspring"":1,""joint_aware_probability"":0.0,""adaptive_mutation"":false,""adaptive_mutation_strength"":1,""adaptive_mutation_patience"":3,""adaptive_mutation_max_strength"":3,""coarse_to_fine_mutation"":false,""coarse_to_fine_start_strength"":3,""coarse_to_fine_end_strength"":1,""stagnation_generations_after_selection"":0}",quantization,True,129,128,16,5,262144,262144,655360,20115,159252480,111815.86657969898,15276.82177734375
136,0.1920166015625,0.1959228515625,kl,0.1920166015625,7.8046875,6.39453125,9.6015625,,917504,"{""wikitext2"":327680,""c4"":589824}",128,16,4,1,"[16,4,1]","[2048,16384,131072]",6375608320,3.4642857142857144,3216.5078125,26982023168,26982023168,0,4,4,"{""type"":""mixed_depth_quantization"",""sequential_mode"":""none"",""joint_mutation_mode"":""standard"",""parent_before_generation_hash"":""5092911c703349b6ee2f96b0a034d5bb7d7c63cf7d76f2f533b5055d064f1dda"",""parent_after_generation_hash"":""a71a4d403be81d1d3a345376d0cdd09cce689ef4cd54a5166779047fb412f557"",""generated_offspring_by_type"":{""depth"":61,""quantization"":67,""joint_aware"":0,""interaction_aware"":0,""sequential_quantization"":0,""fixed_quant_depth"":0,""component crossover"":0,""component crossover + repair"":0,""layer bundle crossover"":0,""layer bundle crossover + repair"":0},""depth_mask_entries_changed_by_type"":{""depth"":174,""quantization"":0,""joint_aware"":0,""interaction_aware"":0,""sequential_quantization"":0,""fixed_quant_depth"":0,""component crossover"":0,""component crossover + repair"":0,""layer bundle crossover"":0,""layer bundle crossover + repair"":0},""quant_assignments_changed_by_type"":{""depth"":133,""quantization"":145,""joint_aware"":0,""interaction_aware"":0,""sequential_quantization"":0,""fixed_quant_depth"":0,""component crossover"":0,""component crossover + repair"":0,""layer bundle crossover"":0,""layer bundle crossover + repair"":0},""depth_mask_entries_changed_total"":174,""quant_assignments_changed_total"":278,""interaction_aware_details"":{""budget_repair_quant_changes"":0,""preferred_quant_exchanges_used"":0,""fallback_quant_exchanges_used"":0},""crossover_diagnostics"":{""crossover_type"":""component"",""crossover_parent_selection"":""uniform"",""crossover_offspring"":0,""crossover_offspring_accepted"":0,""mutation_offspring_accepted"":128,""mutation_offspring"":128,""crossover_offspring_attempted"":0,""crossover_duplicates"":0,""crossover_infeasible_candidates"":0,""crossover_repair_changed_gene_count"":0,""crossover_repaired_proposals"":0,""parent_distance_mean"":null,""parent_distance_min"":null,""parent_distance_max"":null,""child_distance_from_parent_a_mean"":null,""child_distance_from_parent_b_mean"":null,""layers_from_parent_a_mean"":null,""layers_from_parent_b_mean"":null,""crossover_no_legal_exchange"":0,""local_exchange_attention"":0,""local_exchange_mlp"":0,""local_exchange_quantization"":0,""local_exchange_block"":0,""child_distance_from_base_mean"":null,""child_distance_from_base_min"":null,""child_distance_from_base_max"":null,""child_distance_from_base_count"":0,""child_distance_from_donor_mean"":null,""child_distance_from_donor_min"":null,""child_distance_from_donor_max"":null,""child_distance_from_donor_count"":0,""donor_distance_reduction_mean"":null,""donor_distance_reduction_min"":null,""donor_distance_reduction_max"":null,""donor_distance_reduction_count"":0,""local_exchange_changed_gene_count_mean"":null,""local_exchange_changed_gene_count_min"":null,""local_exchange_changed_gene_count_max"":null,""local_exchange_changed_gene_count_count"":0,""child_distance_statistics_scope"":""accepted_unique_crossover_offspring"",""persistent_population_size"":1,""unique_population_size"":1,""best_population_fitness"":0.1920166015625,""configured_survivors_per_selection"":[16,4,1],""effective_survivors_per_selection"":[16,4,1],""effective_final_survivor_count"":1},""offspring_generation"":{""attempts"":128,""no_op_mutations"":0,""duplicate_candidates"":0,""infeasible_candidates"":0,""fixed_quant_legal_swap_counts"":[]},""maximum_depth_mutations_per_offspring"":3,""quantization_step_size"":1,""quantization_mutations_per_offspring"":1,""joint_aware_probability"":0.0,""adaptive_mutation"":false,""adaptive_mutation_strength"":1,""adaptive_mutation_patience"":3,""adaptive_mutation_max_strength"":3,""coarse_to_fine_mutation"":false,""coarse_to_fine_start_strength"":3,""coarse_to_fine_end_strength"":1,""stagnation_generations_after_selection"":0}",quantization,True,128,128,16,5,262144,262144,655360,20264,160432128,112879.02097106201,15276.82177734375
137,0.2061767578125,0.1920166015625,kl,0.2061767578125,,,,,0,{},128,16,4,1,"[16,4,1]","[2048,16384,131072]",6375608320,3.4642857142857144,3216.5078125,26982023168,26982023168,0,4,4,"{""type"":""mixed_depth_quantization"",""sequential_mode"":""none"",""joint_mutation_mode"":""standard"",""parent_before_generation_hash"":""a71a4d403be81d1d3a345376d0cdd09cce689ef4cd54a5166779047fb412f557"",""parent_after_generation_hash"":""d1406667c0033d01276b1584086ea88f850c8675138dbd54dd5d07b43973ae76"",""generated_offspring_by_type"":{""depth"":74,""quantization"":54,""joint_aware"":0,""interaction_aware"":0,""sequential_quantization"":0,""fixed_quant_depth"":0,""component crossover"":0,""component crossover + repair"":0,""layer bundle crossover"":0,""layer bundle crossover + repair"":0},""depth_mask_entries_changed_by_type"":{""depth"":206,""quantization"":0,""joint_aware"":0,""interaction_aware"":0,""sequential_quantization"":0,""fixed_quant_depth"":0,""component crossover"":0,""component crossover + repair"":0,""layer bundle crossover"":0,""layer bundle crossover + repair"":0},""quant_assignments_changed_by_type"":{""depth"":144,""quantization"":115,""joint_aware"":0,""interaction_aware"":0,""sequential_quantization"":0,""fixed_quant_depth"":0,""component crossover"":0,""component crossover + repair"":0,""layer bundle crossover"":0,""layer bundle crossover + repair"":0},""depth_mask_entries_changed_total"":206,""quant_assignments_changed_total"":259,""interaction_aware_details"":{""budget_repair_quant_changes"":0,""preferred_quant_exchanges_used"":0,""fallback_quant_exchanges_used"":0},""crossover_diagnostics"":{""crossover_type"":""component"",""crossover_parent_selection"":""uniform"",""crossover_offspring"":0,""crossover_offspring_accepted"":0,""mutation_offspring_accepted"":128,""mutation_offspring"":128,""crossover_offspring_attempted"":0,""crossover_duplicates"":0,""crossover_infeasible_candidates"":0,""crossover_repair_changed_gene_count"":0,""crossover_repaired_proposals"":0,""parent_distance_mean"":null,""parent_distance_min"":null,""parent_distance_max"":null,""child_distance_from_parent_a_mean"":null,""child_distance_from_parent_b_mean"":null,""layers_from_parent_a_mean"":null,""layers_from_parent_b_mean"":null,""crossover_no_legal_exchange"":0,""local_exchange_attention"":0,""local_exchange_mlp"":0,""local_exchange_quantization"":0,""local_exchange_block"":0,""child_distance_from_base_mean"":null,""child_distance_from_base_min"":null,""child_distance_from_base_max"":null,""child_distance_from_base_count"":0,""child_distance_from_donor_mean"":null,""child_distance_from_donor_min"":null,""child_distance_from_donor_max"":null,""child_distance_from_donor_count"":0,""donor_distance_reduction_mean"":null,""donor_distance_reduction_min"":null,""donor_distance_reduction_max"":null,""donor_distance_reduction_count"":0,""local_exchange_changed_gene_count_mean"":null,""local_exchange_changed_gene_count_min"":null,""local_exchange_changed_gene_count_max"":null,""local_exchange_changed_gene_count_count"":0,""child_distance_statistics_scope"":""accepted_unique_crossover_offspring"",""persistent_population_size"":1,""unique_population_size"":1,""best_population_fitness"":0.2061767578125,""configured_survivors_per_selection"":[16,4,1],""effective_survivors_per_selection"":[16,4,1],""effective_final_survivor_count"":1},""offspring_generation"":{""attempts"":129,""no_op_mutations"":1,""duplicate_candidates"":0,""infeasible_candidates"":0,""fixed_quant_legal_swap_counts"":[]},""maximum_depth_mutations_per_offspring"":3,""quantization_step_size"":1,""quantization_mutations_per_offspring"":1,""joint_aware_probability"":0.0,""adaptive_mutation"":false,""adaptive_mutation_strength"":1,""adaptive_mutation_patience"":3,""adaptive_mutation_max_strength"":3,""coarse_to_fine_mutation"":false,""coarse_to_fine_start_strength"":3,""coarse_to_fine_end_strength"":1,""stagnation_generations_after_selection"":0}",quantization,True,129,128,16,5,262144,262144,655360,20413,161611776,113588.36224234791,15276.82177734375
138,0.205322265625,0.2061767578125,kl,0.205322265625,,,,,0,{},128,16,4,1,"[16,4,1]","[2048,16384,131072]",6375608320,3.4642857142857144,3216.5078125,26982023168,26982023168,0,4,4,"{""type"":""mixed_depth_quantization"",""sequential_mode"":""none"",""joint_mutation_mode"":""standard"",""parent_before_generation_hash"":""d1406667c0033d01276b1584086ea88f850c8675138dbd54dd5d07b43973ae76"",""parent_after_generation_hash"":""9309f3068953e8f3e8ee898f89da00b71bb92f5e6fb4d962ce0af8ae12798221"",""generated_offspring_by_type"":{""depth"":64,""quantization"":64,""joint_aware"":0,""interaction_aware"":0,""sequential_quantization"":0,""fixed_quant_depth"":0,""component crossover"":0,""component crossover + repair"":0,""layer bundle crossover"":0,""layer bundle crossover + repair"":0},""depth_mask_entries_changed_by_type"":{""depth"":192,""quantization"":0,""joint_aware"":0,""interaction_aware"":0,""sequential_quantization"":0,""fixed_quant_depth"":0,""component crossover"":0,""component crossover + repair"":0,""layer bundle crossover"":0,""layer bundle crossover + repair"":0},""quant_assignments_changed_by_type"":{""depth"":150,""quantization"":146,""joint_aware"":0,""interaction_aware"":0,""sequential_quantization"":0,""fixed_quant_depth"":0,""component crossover"":0,""component crossover + repair"":0,""layer bundle crossover"":0,""layer bundle crossover + repair"":0},""depth_mask_entries_changed_total"":192,""quant_assignments_changed_total"":296,""interaction_aware_details"":{""budget_repair_quant_changes"":0,""preferred_quant_exchanges_used"":0,""fallback_quant_exchanges_used"":0},""crossover_diagnostics"":{""crossover_type"":""component"",""crossover_parent_selection"":""uniform"",""crossover_offspring"":0,""crossover_offspring_accepted"":0,""mutation_offspring_accepted"":128,""mutation_offspring"":128,""crossover_offspring_attempted"":0,""crossover_duplicates"":0,""crossover_infeasible_candidates"":0,""crossover_repair_changed_gene_count"":0,""crossover_repaired_proposals"":0,""parent_distance_mean"":null,""parent_distance_min"":null,""parent_distance_max"":null,""child_distance_from_parent_a_mean"":null,""child_distance_from_parent_b_mean"":null,""layers_from_parent_a_mean"":null,""layers_from_parent_b_mean"":null,""crossover_no_legal_exchange"":0,""local_exchange_attention"":0,""local_exchange_mlp"":0,""local_exchange_quantization"":0,""local_exchange_block"":0,""child_distance_from_base_mean"":null,""child_distance_from_base_min"":null,""child_distance_from_base_max"":null,""child_distance_from_base_count"":0,""child_distance_from_donor_mean"":null,""child_distance_from_donor_min"":null,""child_distance_from_donor_max"":null,""child_distance_from_donor_count"":0,""donor_distance_reduction_mean"":null,""donor_distance_reduction_min"":null,""donor_distance_reduction_max"":null,""donor_distance_reduction_count"":0,""local_exchange_changed_gene_count_mean"":null,""local_exchange_changed_gene_count_min"":null,""local_exchange_changed_gene_count_max"":null,""local_exchange_changed_gene_count_count"":0,""child_distance_statistics_scope"":""accepted_unique_crossover_offspring"",""persistent_population_size"":1,""unique_population_size"":1,""best_population_fitness"":0.205322265625,""configured_survivors_per_selection"":[16,4,1],""effective_survivors_per_selection"":[16,4,1],""effective_final_survivor_count"":1},""offspring_generation"":{""attempts"":128,""no_op_mutations"":0,""duplicate_candidates"":0,""infeasible_candidates"":0,""fixed_quant_legal_swap_counts"":[]},""maximum_depth_mutations_per_offspring"":3,""quantization_step_size"":1,""quantization_mutations_per_offspring"":1,""joint_aware_probability"":0.0,""adaptive_mutation"":false,""adaptive_mutation_strength"":1,""adaptive_mutation_patience"":3,""adaptive_mutation_max_strength"":3,""coarse_to_fine_mutation"":false,""coarse_to_fine_start_strength"":3,""coarse_to_fine_end_strength"":1,""stagnation_generations_after_selection"":0}",quantization,True,128,128,16,5,262144,262144,655360,20562,162791424,114375.95892669691,15276.82177734375
139,0.1932373046875,0.205322265625,kl,0.1932373046875,,,,,0,{},128,16,4,1,"[16,4,1]","[2048,16384,131072]",6375608320,3.4642857142857144,3216.5078125,26982023168,26982023168,0,4,4,"{""type"":""mixed_depth_quantization"",""sequential_mode"":""none"",""joint_mutation_mode"":""standard"",""parent_before_generation_hash"":""9309f3068953e8f3e8ee898f89da00b71bb92f5e6fb4d962ce0af8ae12798221"",""parent_after_generation_hash"":""e9c916e94c8bfff6b1f38bc2703efd433b8c047c555214b07fa5678c7bff9450"",""generated_offspring_by_type"":{""depth"":64,""quantization"":64,""joint_aware"":0,""interaction_aware"":0,""sequential_quantization"":0,""fixed_quant_depth"":0,""component crossover"":0,""component crossover + repair"":0,""layer bundle crossover"":0,""layer bundle crossover + repair"":0},""depth_mask_entries_changed_by_type"":{""depth"":196,""quantization"":0,""joint_aware"":0,""interaction_aware"":0,""sequential_quantization"":0,""fixed_quant_depth"":0,""component crossover"":0,""component crossover + repair"":0,""layer bundle crossover"":0,""layer bundle crossover + repair"":0},""quant_assignments_changed_by_type"":{""depth"":137,""quantization"":140,""joint_aware"":0,""interaction_aware"":0,""sequential_quantization"":0,""fixed_quant_depth"":0,""component crossover"":0,""component crossover + repair"":0,""layer bundle crossover"":0,""layer bundle crossover + repair"":0},""depth_mask_entries_changed_total"":196,""quant_assignments_changed_total"":277,""interaction_aware_details"":{""budget_repair_quant_changes"":0,""preferred_quant_exchanges_used"":0,""fallback_quant_exchanges_used"":0},""crossover_diagnostics"":{""crossover_type"":""component"",""crossover_parent_selection"":""uniform"",""crossover_offspring"":0,""crossover_offspring_accepted"":0,""mutation_offspring_accepted"":128,""mutation_offspring"":128,""crossover_offspring_attempted"":0,""crossover_duplicates"":0,""crossover_infeasible_candidates"":0,""crossover_repair_changed_gene_count"":0,""crossover_repaired_proposals"":0,""parent_distance_mean"":null,""parent_distance_min"":null,""parent_distance_max"":null,""child_distance_from_parent_a_mean"":null,""child_distance_from_parent_b_mean"":null,""layers_from_parent_a_mean"":null,""layers_from_parent_b_mean"":null,""crossover_no_legal_exchange"":0,""local_exchange_attention"":0,""local_exchange_mlp"":0,""local_exchange_quantization"":0,""local_exchange_block"":0,""child_distance_from_base_mean"":null,""child_distance_from_base_min"":null,""child_distance_from_base_max"":null,""child_distance_from_base_count"":0,""child_distance_from_donor_mean"":null,""child_distance_from_donor_min"":null,""child_distance_from_donor_max"":null,""child_distance_from_donor_count"":0,""donor_distance_reduction_mean"":null,""donor_distance_reduction_min"":null,""donor_distance_reduction_max"":null,""donor_distance_reduction_count"":0,""local_exchange_changed_gene_count_mean"":null,""local_exchange_changed_gene_count_min"":null,""local_exchange_changed_gene_count_max"":null,""local_exchange_changed_gene_count_count"":0,""child_distance_statistics_scope"":""accepted_unique_crossover_offspring"",""persistent_population_size"":1,""unique_population_size"":1,""best_population_fitness"":0.1932373046875,""configured_survivors_per_selection"":[16,4,1],""effective_survivors_per_selection"":[16,4,1],""effective_final_survivor_count"":1},""offspring_generation"":{""attempts"":131,""no_op_mutations"":1,""duplicate_candidates"":2,""infeasible_candidates"":0,""fixed_quant_legal_swap_counts"":[]},""maximum_depth_mutations_per_offspring"":3,""quantization_step_size"":1,""quantization_mutations_per_offspring"":1,""joint_aware_probability"":0.0,""adaptive_mutation"":false,""adaptive_mutation_strength"":1,""adaptive_mutation_patience"":3,""adaptive_mutation_max_strength"":3,""coarse_to_fine_mutation"":false,""coarse_to_fine_start_strength"":3,""coarse_to_fine_end_strength"":1,""stagnation_generations_after_selection"":0}",quantization,True,131,128,16,5,262144,262144,655360,20711,163971072,115159.2139009959,15276.82177734375
140,0.197265625,0.1932373046875,kl,0.197265625,,,,,0,{},128,16,4,1,"[16,4,1]","[2048,16384,131072]",6375608320,3.4642857142857144,3216.5078125,26982023168,26982023168,0,4,4,"{""type"":""mixed_depth_quantization"",""sequential_mode"":""none"",""joint_mutation_mode"":""standard"",""parent_before_generation_hash"":""e9c916e94c8bfff6b1f38bc2703efd433b8c047c555214b07fa5678c7bff9450"",""parent_after_generation_hash"":""380099bd14b313f4de7ab90a74caf77232070d08fca9992840c1c1ba0b4a24ce"",""generated_offspring_by_type"":{""depth"":54,""quantization"":74,""joint_aware"":0,""interaction_aware"":0,""sequential_quantization"":0,""fixed_quant_depth"":0,""component crossover"":0,""component crossover + repair"":0,""layer bundle crossover"":0,""layer bundle crossover + repair"":0},""depth_mask_entries_changed_by_type"":{""depth"":164,""quantization"":0,""joint_aware"":0,""interaction_aware"":0,""sequential_quantization"":0,""fixed_quant_depth"":0,""component crossover"":0,""component crossover + repair"":0,""layer bundle crossover"":0,""layer bundle crossover + repair"":0},""quant_assignments_changed_by_type"":{""depth"":121,""quantization"":157,""joint_aware"":0,""interaction_aware"":0,""sequential_quantization"":0,""fixed_quant_depth"":0,""component crossover"":0,""component crossover + repair"":0,""layer bundle crossover"":0,""layer bundle crossover + repair"":0},""depth_mask_entries_changed_total"":164,""quant_assignments_changed_total"":278,""interaction_aware_details"":{""budget_repair_quant_changes"":0,""preferred_quant_exchanges_used"":0,""fallback_quant_exchanges_used"":0},""crossover_diagnostics"":{""crossover_type"":""component"",""crossover_parent_selection"":""uniform"",""crossover_offspring"":0,""crossover_offspring_accepted"":0,""mutation_offspring_accepted"":128,""mutation_offspring"":128,""crossover_offspring_attempted"":0,""crossover_duplicates"":0,""crossover_infeasible_candidates"":0,""crossover_repair_changed_gene_count"":0,""crossover_repaired_proposals"":0,""parent_distance_mean"":null,""parent_distance_min"":null,""parent_distance_max"":null,""child_distance_from_parent_a_mean"":null,""child_distance_from_parent_b_mean"":null,""layers_from_parent_a_mean"":null,""layers_from_parent_b_mean"":null,""crossover_no_legal_exchange"":0,""local_exchange_attention"":0,""local_exchange_mlp"":0,""local_exchange_quantization"":0,""local_exchange_block"":0,""child_distance_from_base_mean"":null,""child_distance_from_base_min"":null,""child_distance_from_base_max"":null,""child_distance_from_base_count"":0,""child_distance_from_donor_mean"":null,""child_distance_from_donor_min"":null,""child_distance_from_donor_max"":null,""child_distance_from_donor_count"":0,""donor_distance_reduction_mean"":null,""donor_distance_reduction_min"":null,""donor_distance_reduction_max"":null,""donor_distance_reduction_count"":0,""local_exchange_changed_gene_count_mean"":null,""local_exchange_changed_gene_count_min"":null,""local_exchange_changed_gene_count_max"":null,""local_exchange_changed_gene_count_count"":0,""child_distance_statistics_scope"":""accepted_unique_crossover_offspring"",""persistent_population_size"":1,""unique_population_size"":1,""best_population_fitness"":0.197265625,""configured_survivors_per_selection"":[16,4,1],""effective_survivors_per_selection"":[16,4,1],""effective_final_survivor_count"":1},""offspring_generation"":{""attempts"":129,""no_op_mutations"":0,""duplicate_candidates"":1,""infeasible_candidates"":0,""fixed_quant_legal_swap_counts"":[]},""maximum_depth_mutations_per_offspring"":3,""quantization_step_size"":1,""quantization_mutations_per_offspring"":1,""joint_aware_probability"":0.0,""adaptive_mutation"":false,""adaptive_mutation_strength"":1,""adaptive_mutation_patience"":3,""adaptive_mutation_max_strength"":3,""coarse_to_fine_mutation"":false,""coarse_to_fine_start_strength"":3,""coarse_to_fine_end_strength"":1,""stagnation_generations_after_selection"":0}",quantization,True,129,128,16,5,262144,262144,655360,20860,165150720,115988.2658672349,15276.82177734375
141,0.194091796875,0.197265625,kl,0.194091796875,7.7890625,6.40234375,9.6015625,,917504,"{""wikitext2"":327680,""c4"":589824}",128,16,4,1,"[16,4,1]","[2048,16384,131072]",6375608320,3.4642857142857144,3216.5078125,26982023168,26982023168,0,4,4,"{""type"":""mixed_depth_quantization"",""sequential_mode"":""none"",""joint_mutation_mode"":""standard"",""parent_before_generation_hash"":""380099bd14b313f4de7ab90a74caf77232070d08fca9992840c1c1ba0b4a24ce"",""parent_after_generation_hash"":""a6414dcb71258453f6d50abecaa4bbf00b97e166d8c9093286a041ab56aefc6b"",""generated_offspring_by_type"":{""depth"":62,""quantization"":66,""joint_aware"":0,""interaction_aware"":0,""sequential_quantization"":0,""fixed_quant_depth"":0,""component crossover"":0,""component crossover + repair"":0,""layer bundle crossover"":0,""layer bundle crossover + repair"":0},""depth_mask_entries_changed_by_type"":{""depth"":184,""quantization"":0,""joint_aware"":0,""interaction_aware"":0,""sequential_quantization"":0,""fixed_quant_depth"":0,""component crossover"":0,""component crossover + repair"":0,""layer bundle crossover"":0,""layer bundle crossover + repair"":0},""quant_assignments_changed_by_type"":{""depth"":138,""quantization"":142,""joint_aware"":0,""interaction_aware"":0,""sequential_quantization"":0,""fixed_quant_depth"":0,""component crossover"":0,""component crossover + repair"":0,""layer bundle crossover"":0,""layer bundle crossover + repair"":0},""depth_mask_entries_changed_total"":184,""quant_assignments_changed_total"":280,""interaction_aware_details"":{""budget_repair_quant_changes"":0,""preferred_quant_exchanges_used"":0,""fallback_quant_exchanges_used"":0},""crossover_diagnostics"":{""crossover_type"":""component"",""crossover_parent_selection"":""uniform"",""crossover_offspring"":0,""crossover_offspring_accepted"":0,""mutation_offspring_accepted"":128,""mutation_offspring"":128,""crossover_offspring_attempted"":0,""crossover_duplicates"":0,""crossover_infeasible_candidates"":0,""crossover_repair_changed_gene_count"":0,""crossover_repaired_proposals"":0,""parent_distance_mean"":null,""parent_distance_min"":null,""parent_distance_max"":null,""child_distance_from_parent_a_mean"":null,""child_distance_from_parent_b_mean"":null,""layers_from_parent_a_mean"":null,""layers_from_parent_b_mean"":null,""crossover_no_legal_exchange"":0,""local_exchange_attention"":0,""local_exchange_mlp"":0,""local_exchange_quantization"":0,""local_exchange_block"":0,""child_distance_from_base_mean"":null,""child_distance_from_base_min"":null,""child_distance_from_base_max"":null,""child_distance_from_base_count"":0,""child_distance_from_donor_mean"":null,""child_distance_from_donor_min"":null,""child_distance_from_donor_max"":null,""child_distance_from_donor_count"":0,""donor_distance_reduction_mean"":null,""donor_distance_reduction_min"":null,""donor_distance_reduction_max"":null,""donor_distance_reduction_count"":0,""local_exchange_changed_gene_count_mean"":null,""local_exchange_changed_gene_count_min"":null,""local_exchange_changed_gene_count_max"":null,""local_exchange_changed_gene_count_count"":0,""child_distance_statistics_scope"":""accepted_unique_crossover_offspring"",""persistent_population_size"":1,""unique_population_size"":1,""best_population_fitness"":0.194091796875,""configured_survivors_per_selection"":[16,4,1],""effective_survivors_per_selection"":[16,4,1],""effective_final_survivor_count"":1},""offspring_generation"":{""attempts"":128,""no_op_mutations"":0,""duplicate_candidates"":0,""infeasible_candidates"":0,""fixed_quant_legal_swap_counts"":[]},""maximum_depth_mutations_per_offspring"":3,""quantization_step_size"":1,""quantization_mutations_per_offspring"":1,""joint_aware_probability"":0.0,""adaptive_mutation"":false,""adaptive_mutation_strength"":1,""adaptive_mutation_patience"":3,""adaptive_mutation_max_strength"":3,""coarse_to_fine_mutation"":false,""coarse_to_fine_start_strength"":3,""coarse_to_fine_end_strength"":1,""stagnation_generations_after_selection"":0}",quantization,True,128,128,16,5,262144,262144,655360,21009,166330368,117034.76767178299,15276.82177734375
142,0.197509765625,0.194091796875,kl,0.197509765625,,,,,0,{},128,16,4,1,"[16,4,1]","[2048,16384,131072]",6375608320,3.4642857142857144,3216.5078125,26982023168,26982023168,0,4,4,"{""type"":""mixed_depth_quantization"",""sequential_mode"":""none"",""joint_mutation_mode"":""standard"",""parent_before_generation_hash"":""a6414dcb71258453f6d50abecaa4bbf00b97e166d8c9093286a041ab56aefc6b"",""parent_after_generation_hash"":""7f79946658c6dbfe7abd76101ad814a3f6622c7b97104ecf9c8e292d6c38df1c"",""generated_offspring_by_type"":{""depth"":65,""quantization"":63,""joint_aware"":0,""interaction_aware"":0,""sequential_quantization"":0,""fixed_quant_depth"":0,""component crossover"":0,""component crossover + repair"":0,""layer bundle crossover"":0,""layer bundle crossover + repair"":0},""depth_mask_entries_changed_by_type"":{""depth"":182,""quantization"":0,""joint_aware"":0,""interaction_aware"":0,""sequential_quantization"":0,""fixed_quant_depth"":0,""component crossover"":0,""component crossover + repair"":0,""layer bundle crossover"":0,""layer bundle crossover + repair"":0},""quant_assignments_changed_by_type"":{""depth"":133,""quantization"":135,""joint_aware"":0,""interaction_aware"":0,""sequential_quantization"":0,""fixed_quant_depth"":0,""component crossover"":0,""component crossover + repair"":0,""layer bundle crossover"":0,""layer bundle crossover + repair"":0},""depth_mask_entries_changed_total"":182,""quant_assignments_changed_total"":268,""interaction_aware_details"":{""budget_repair_quant_changes"":0,""preferred_quant_exchanges_used"":0,""fallback_quant_exchanges_used"":0},""crossover_diagnostics"":{""crossover_type"":""component"",""crossover_parent_selection"":""uniform"",""crossover_offspring"":0,""crossover_offspring_accepted"":0,""mutation_offspring_accepted"":128,""mutation_offspring"":128,""crossover_offspring_attempted"":0,""crossover_duplicates"":0,""crossover_infeasible_candidates"":0,""crossover_repair_changed_gene_count"":0,""crossover_repaired_proposals"":0,""parent_distance_mean"":null,""parent_distance_min"":null,""parent_distance_max"":null,""child_distance_from_parent_a_mean"":null,""child_distance_from_parent_b_mean"":null,""layers_from_parent_a_mean"":null,""layers_from_parent_b_mean"":null,""crossover_no_legal_exchange"":0,""local_exchange_attention"":0,""local_exchange_mlp"":0,""local_exchange_quantization"":0,""local_exchange_block"":0,""child_distance_from_base_mean"":null,""child_distance_from_base_min"":null,""child_distance_from_base_max"":null,""child_distance_from_base_count"":0,""child_distance_from_donor_mean"":null,""child_distance_from_donor_min"":null,""child_distance_from_donor_max"":null,""child_distance_from_donor_count"":0,""donor_distance_reduction_mean"":null,""donor_distance_reduction_min"":null,""donor_distance_reduction_max"":null,""donor_distance_reduction_count"":0,""local_exchange_changed_gene_count_mean"":null,""local_exchange_changed_gene_count_min"":null,""local_exchange_changed_gene_count_max"":null,""local_exchange_changed_gene_count_count"":0,""child_distance_statistics_scope"":""accepted_unique_crossover_offspring"",""persistent_population_size"":1,""unique_population_size"":1,""best_population_fitness"":0.197509765625,""configured_survivors_per_selection"":[16,4,1],""effective_survivors_per_selection"":[16,4,1],""effective_final_survivor_count"":1},""offspring_generation"":{""attempts"":128,""no_op_mutations"":0,""duplicate_candidates"":0,""infeasible_candidates"":0,""fixed_quant_legal_swap_counts"":[]},""maximum_depth_mutations_per_offspring"":3,""quantization_step_size"":1,""quantization_mutations_per_offspring"":1,""joint_aware_probability"":0.0,""adaptive_mutation"":false,""adaptive_mutation_strength"":1,""adaptive_mutation_patience"":3,""adaptive_mutation_max_strength"":3,""coarse_to_fine_mutation"":false,""coarse_to_fine_start_strength"":3,""coarse_to_fine_end_strength"":1,""stagnation_generations_after_selection"":0}",quantization,True,128,128,16,5,262144,262144,655360,21158,167510016,117847.3795557369,15276.82177734375
143,0.185302734375,0.197509765625,kl,0.185302734375,,,,,0,{},128,16,4,1,"[16,4,1]","[2048,16384,131072]",6375608320,3.4642857142857144,3216.5078125,26982023168,26982023168,0,4,4,"{""type"":""mixed_depth_quantization"",""sequential_mode"":""none"",""joint_mutation_mode"":""standard"",""parent_before_generation_hash"":""7f79946658c6dbfe7abd76101ad814a3f6622c7b97104ecf9c8e292d6c38df1c"",""parent_after_generation_hash"":""5db95d94f992cc82a02758df273256931fb035ddd8e6879b4d3242dfb1a0f38c"",""generated_offspring_by_type"":{""depth"":72,""quantization"":56,""joint_aware"":0,""interaction_aware"":0,""sequential_quantization"":0,""fixed_quant_depth"":0,""component crossover"":0,""component crossover + repair"":0,""layer bundle crossover"":0,""layer bundle crossover + repair"":0},""depth_mask_entries_changed_by_type"":{""depth"":210,""quantization"":0,""joint_aware"":0,""interaction_aware"":0,""sequential_quantization"":0,""fixed_quant_depth"":0,""component crossover"":0,""component crossover + repair"":0,""layer bundle crossover"":0,""layer bundle crossover + repair"":0},""quant_assignments_changed_by_type"":{""depth"":149,""quantization"":123,""joint_aware"":0,""interaction_aware"":0,""sequential_quantization"":0,""fixed_quant_depth"":0,""component crossover"":0,""component crossover + repair"":0,""layer bundle crossover"":0,""layer bundle crossover + repair"":0},""depth_mask_entries_changed_total"":210,""quant_assignments_changed_total"":272,""interaction_aware_details"":{""budget_repair_quant_changes"":0,""preferred_quant_exchanges_used"":0,""fallback_quant_exchanges_used"":0},""crossover_diagnostics"":{""crossover_type"":""component"",""crossover_parent_selection"":""uniform"",""crossover_offspring"":0,""crossover_offspring_accepted"":0,""mutation_offspring_accepted"":128,""mutation_offspring"":128,""crossover_offspring_attempted"":0,""crossover_duplicates"":0,""crossover_infeasible_candidates"":0,""crossover_repair_changed_gene_count"":0,""crossover_repaired_proposals"":0,""parent_distance_mean"":null,""parent_distance_min"":null,""parent_distance_max"":null,""child_distance_from_parent_a_mean"":null,""child_distance_from_parent_b_mean"":null,""layers_from_parent_a_mean"":null,""layers_from_parent_b_mean"":null,""crossover_no_legal_exchange"":0,""local_exchange_attention"":0,""local_exchange_mlp"":0,""local_exchange_quantization"":0,""local_exchange_block"":0,""child_distance_from_base_mean"":null,""child_distance_from_base_min"":null,""child_distance_from_base_max"":null,""child_distance_from_base_count"":0,""child_distance_from_donor_mean"":null,""child_distance_from_donor_min"":null,""child_distance_from_donor_max"":null,""child_distance_from_donor_count"":0,""donor_distance_reduction_mean"":null,""donor_distance_reduction_min"":null,""donor_distance_reduction_max"":null,""donor_distance_reduction_count"":0,""local_exchange_changed_gene_count_mean"":null,""local_exchange_changed_gene_count_min"":null,""local_exchange_changed_gene_count_max"":null,""local_exchange_changed_gene_count_count"":0,""child_distance_statistics_scope"":""accepted_unique_crossover_offspring"",""persistent_population_size"":1,""unique_population_size"":1,""best_population_fitness"":0.185302734375,""configured_survivors_per_selection"":[16,4,1],""effective_survivors_per_selection"":[16,4,1],""effective_final_survivor_count"":1},""offspring_generation"":{""attempts"":128,""no_op_mutations"":0,""duplicate_candidates"":0,""infeasible_candidates"":0,""fixed_quant_legal_swap_counts"":[]},""maximum_depth_mutations_per_offspring"":3,""quantization_step_size"":1,""quantization_mutations_per_offspring"":1,""joint_aware_probability"":0.0,""adaptive_mutation"":false,""adaptive_mutation_strength"":1,""adaptive_mutation_patience"":3,""adaptive_mutation_max_strength"":3,""coarse_to_fine_mutation"":false,""coarse_to_fine_start_strength"":3,""coarse_to_fine_end_strength"":1,""stagnation_generations_after_selection"":0}",quantization,True,128,128,16,5,262144,262144,655360,21307,168689664,118618.854228616,15276.82177734375
144,0.191162109375,0.185302734375,kl,0.191162109375,,,,,0,{},128,16,4,1,"[16,4,1]","[2048,16384,131072]",6375608320,3.4642857142857144,3216.5078125,26982023168,26982023168,0,4,4,"{""type"":""mixed_depth_quantization"",""sequential_mode"":""none"",""joint_mutation_mode"":""standard"",""parent_before_generation_hash"":""5db95d94f992cc82a02758df273256931fb035ddd8e6879b4d3242dfb1a0f38c"",""parent_after_generation_hash"":""0c2fb14f728effacd250262a7aa364bcb2fce9edb94e37632ccf7d8ad30e438d"",""generated_offspring_by_type"":{""depth"":73,""quantization"":55,""joint_aware"":0,""interaction_aware"":0,""sequential_quantization"":0,""fixed_quant_depth"":0,""component crossover"":0,""component crossover + repair"":0,""layer bundle crossover"":0,""layer bundle crossover + repair"":0},""depth_mask_entries_changed_by_type"":{""depth"":200,""quantization"":0,""joint_aware"":0,""interaction_aware"":0,""sequential_quantization"":0,""fixed_quant_depth"":0,""component crossover"":0,""component crossover + repair"":0,""layer bundle crossover"":0,""layer bundle crossover + repair"":0},""quant_assignments_changed_by_type"":{""depth"":142,""quantization"":123,""joint_aware"":0,""interaction_aware"":0,""sequential_quantization"":0,""fixed_quant_depth"":0,""component crossover"":0,""component crossover + repair"":0,""layer bundle crossover"":0,""layer bundle crossover + repair"":0},""depth_mask_entries_changed_total"":200,""quant_assignments_changed_total"":265,""interaction_aware_details"":{""budget_repair_quant_changes"":0,""preferred_quant_exchanges_used"":0,""fallback_quant_exchanges_used"":0},""crossover_diagnostics"":{""crossover_type"":""component"",""crossover_parent_selection"":""uniform"",""crossover_offspring"":0,""crossover_offspring_accepted"":0,""mutation_offspring_accepted"":128,""mutation_offspring"":128,""crossover_offspring_attempted"":0,""crossover_duplicates"":0,""crossover_infeasible_candidates"":0,""crossover_repair_changed_gene_count"":0,""crossover_repaired_proposals"":0,""parent_distance_mean"":null,""parent_distance_min"":null,""parent_distance_max"":null,""child_distance_from_parent_a_mean"":null,""child_distance_from_parent_b_mean"":null,""layers_from_parent_a_mean"":null,""layers_from_parent_b_mean"":null,""crossover_no_legal_exchange"":0,""local_exchange_attention"":0,""local_exchange_mlp"":0,""local_exchange_quantization"":0,""local_exchange_block"":0,""child_distance_from_base_mean"":null,""child_distance_from_base_min"":null,""child_distance_from_base_max"":null,""child_distance_from_base_count"":0,""child_distance_from_donor_mean"":null,""child_distance_from_donor_min"":null,""child_distance_from_donor_max"":null,""child_distance_from_donor_count"":0,""donor_distance_reduction_mean"":null,""donor_distance_reduction_min"":null,""donor_distance_reduction_max"":null,""donor_distance_reduction_count"":0,""local_exchange_changed_gene_count_mean"":null,""local_exchange_changed_gene_count_min"":null,""local_exchange_changed_gene_count_max"":null,""local_exchange_changed_gene_count_count"":0,""child_distance_statistics_scope"":""accepted_unique_crossover_offspring"",""persistent_population_size"":1,""unique_population_size"":1,""best_population_fitness"":0.191162109375,""configured_survivors_per_selection"":[16,4,1],""effective_survivors_per_selection"":[16,4,1],""effective_final_survivor_count"":1},""offspring_generation"":{""attempts"":131,""no_op_mutations"":1,""duplicate_candidates"":2,""infeasible_candidates"":0,""fixed_quant_legal_swap_counts"":[]},""maximum_depth_mutations_per_offspring"":3,""quantization_step_size"":1,""quantization_mutations_per_offspring"":1,""joint_aware_probability"":0.0,""adaptive_mutation"":false,""adaptive_mutation_strength"":1,""adaptive_mutation_patience"":3,""adaptive_mutation_max_strength"":3,""coarse_to_fine_mutation"":false,""coarse_to_fine_start_strength"":3,""coarse_to_fine_end_strength"":1,""stagnation_generations_after_selection"":0}",quantization,True,131,128,16,5,262144,262144,655360,21456,169869312,119331.06013356696,15276.82177734375
145,0.1982421875,0.191162109375,kl,0.1982421875,,,,,0,{},128,16,4,1,"[16,4,1]","[2048,16384,131072]",6375608320,3.4642857142857144,3216.5078125,26982023168,26982023168,0,4,4,"{""type"":""mixed_depth_quantization"",""sequential_mode"":""none"",""joint_mutation_mode"":""standard"",""parent_before_generation_hash"":""0c2fb14f728effacd250262a7aa364bcb2fce9edb94e37632ccf7d8ad30e438d"",""parent_after_generation_hash"":""ffff8103af90a4bd1adc236861005037477dfef6016da23679edd7413895c929"",""generated_offspring_by_type"":{""depth"":65,""quantization"":63,""joint_aware"":0,""interaction_aware"":0,""sequential_quantization"":0,""fixed_quant_depth"":0,""component crossover"":0,""component crossover + repair"":0,""layer bundle crossover"":0,""layer bundle crossover + repair"":0},""depth_mask_entries_changed_by_type"":{""depth"":190,""quantization"":0,""joint_aware"":0,""interaction_aware"":0,""sequential_quantization"":0,""fixed_quant_depth"":0,""component crossover"":0,""component crossover + repair"":0,""layer bundle crossover"":0,""layer bundle crossover + repair"":0},""quant_assignments_changed_by_type"":{""depth"":131,""quantization"":141,""joint_aware"":0,""interaction_aware"":0,""sequential_quantization"":0,""fixed_quant_depth"":0,""component crossover"":0,""component crossover + repair"":0,""layer bundle crossover"":0,""layer bundle crossover + repair"":0},""depth_mask_entries_changed_total"":190,""quant_assignments_changed_total"":272,""interaction_aware_details"":{""budget_repair_quant_changes"":0,""preferred_quant_exchanges_used"":0,""fallback_quant_exchanges_used"":0},""crossover_diagnostics"":{""crossover_type"":""component"",""crossover_parent_selection"":""uniform"",""crossover_offspring"":0,""crossover_offspring_accepted"":0,""mutation_offspring_accepted"":128,""mutation_offspring"":128,""crossover_offspring_attempted"":0,""crossover_duplicates"":0,""crossover_infeasible_candidates"":0,""crossover_repair_changed_gene_count"":0,""crossover_repaired_proposals"":0,""parent_distance_mean"":null,""parent_distance_min"":null,""parent_distance_max"":null,""child_distance_from_parent_a_mean"":null,""child_distance_from_parent_b_mean"":null,""layers_from_parent_a_mean"":null,""layers_from_parent_b_mean"":null,""crossover_no_legal_exchange"":0,""local_exchange_attention"":0,""local_exchange_mlp"":0,""local_exchange_quantization"":0,""local_exchange_block"":0,""child_distance_from_base_mean"":null,""child_distance_from_base_min"":null,""child_distance_from_base_max"":null,""child_distance_from_base_count"":0,""child_distance_from_donor_mean"":null,""child_distance_from_donor_min"":null,""child_distance_from_donor_max"":null,""child_distance_from_donor_count"":0,""donor_distance_reduction_mean"":null,""donor_distance_reduction_min"":null,""donor_distance_reduction_max"":null,""donor_distance_reduction_count"":0,""local_exchange_changed_gene_count_mean"":null,""local_exchange_changed_gene_count_min"":null,""local_exchange_changed_gene_count_max"":null,""local_exchange_changed_gene_count_count"":0,""child_distance_statistics_scope"":""accepted_unique_crossover_offspring"",""persistent_population_size"":1,""unique_population_size"":1,""best_population_fitness"":0.1982421875,""configured_survivors_per_selection"":[16,4,1],""effective_survivors_per_selection"":[16,4,1],""effective_final_survivor_count"":1},""offspring_generation"":{""attempts"":128,""no_op_mutations"":0,""duplicate_candidates"":0,""infeasible_candidates"":0,""fixed_quant_legal_swap_counts"":[]},""maximum_depth_mutations_per_offspring"":3,""quantization_step_size"":1,""quantization_mutations_per_offspring"":1,""joint_aware_probability"":0.0,""adaptive_mutation"":false,""adaptive_mutation_strength"":1,""adaptive_mutation_patience"":3,""adaptive_mutation_max_strength"":3,""coarse_to_fine_mutation"":false,""coarse_to_fine_start_strength"":3,""coarse_to_fine_end_strength"":1,""stagnation_generations_after_selection"":0}",quantization,True,128,128,16,5,262144,262144,655360,21605,171048960,120079.58641304192,15276.82177734375
146,0.2022705078125,0.1982421875,kl,0.2022705078125,7.7734375,6.41796875,9.6015625,,917504,"{""wikitext2"":327680,""c4"":589824}",128,16,4,1,"[16,4,1]","[2048,16384,131072]",6375608320,3.4642857142857144,3216.5078125,26982023168,26982023168,0,4,4,"{""type"":""mixed_depth_quantization"",""sequential_mode"":""none"",""joint_mutation_mode"":""standard"",""parent_before_generation_hash"":""ffff8103af90a4bd1adc236861005037477dfef6016da23679edd7413895c929"",""parent_after_generation_hash"":""4932252fca347f448549a95462afa5c0a71422b117e652a99571098a7fb1863c"",""generated_offspring_by_type"":{""depth"":61,""quantization"":67,""joint_aware"":0,""interaction_aware"":0,""sequential_quantization"":0,""fixed_quant_depth"":0,""component crossover"":0,""component crossover + repair"":0,""layer bundle crossover"":0,""layer bundle crossover + repair"":0},""depth_mask_entries_changed_by_type"":{""depth"":166,""quantization"":0,""joint_aware"":0,""interaction_aware"":0,""sequential_quantization"":0,""fixed_quant_depth"":0,""component crossover"":0,""component crossover + repair"":0,""layer bundle crossover"":0,""layer bundle crossover + repair"":0},""quant_assignments_changed_by_type"":{""depth"":122,""quantization"":149,""joint_aware"":0,""interaction_aware"":0,""sequential_quantization"":0,""fixed_quant_depth"":0,""component crossover"":0,""component crossover + repair"":0,""layer bundle crossover"":0,""layer bundle crossover + repair"":0},""depth_mask_entries_changed_total"":166,""quant_assignments_changed_total"":271,""interaction_aware_details"":{""budget_repair_quant_changes"":0,""preferred_quant_exchanges_used"":0,""fallback_quant_exchanges_used"":0},""crossover_diagnostics"":{""crossover_type"":""component"",""crossover_parent_selection"":""uniform"",""crossover_offspring"":0,""crossover_offspring_accepted"":0,""mutation_offspring_accepted"":128,""mutation_offspring"":128,""crossover_offspring_attempted"":0,""crossover_duplicates"":0,""crossover_infeasible_candidates"":0,""crossover_repair_changed_gene_count"":0,""crossover_repaired_proposals"":0,""parent_distance_mean"":null,""parent_distance_min"":null,""parent_distance_max"":null,""child_distance_from_parent_a_mean"":null,""child_distance_from_parent_b_mean"":null,""layers_from_parent_a_mean"":null,""layers_from_parent_b_mean"":null,""crossover_no_legal_exchange"":0,""local_exchange_attention"":0,""local_exchange_mlp"":0,""local_exchange_quantization"":0,""local_exchange_block"":0,""child_distance_from_base_mean"":null,""child_distance_from_base_min"":null,""child_distance_from_base_max"":null,""child_distance_from_base_count"":0,""child_distance_from_donor_mean"":null,""child_distance_from_donor_min"":null,""child_distance_from_donor_max"":null,""child_distance_from_donor_count"":0,""donor_distance_reduction_mean"":null,""donor_distance_reduction_min"":null,""donor_distance_reduction_max"":null,""donor_distance_reduction_count"":0,""local_exchange_changed_gene_count_mean"":null,""local_exchange_changed_gene_count_min"":null,""local_exchange_changed_gene_count_max"":null,""local_exchange_changed_gene_count_count"":0,""child_distance_statistics_scope"":""accepted_unique_crossover_offspring"",""persistent_population_size"":1,""unique_population_size"":1,""best_population_fitness"":0.2022705078125,""configured_survivors_per_selection"":[16,4,1],""effective_survivors_per_selection"":[16,4,1],""effective_final_survivor_count"":1},""offspring_generation"":{""attempts"":128,""no_op_mutations"":0,""duplicate_candidates"":0,""infeasible_candidates"":0,""fixed_quant_legal_swap_counts"":[]},""maximum_depth_mutations_per_offspring"":3,""quantization_step_size"":1,""quantization_mutations_per_offspring"":1,""joint_aware_probability"":0.0,""adaptive_mutation"":false,""adaptive_mutation_strength"":1,""adaptive_mutation_patience"":3,""adaptive_mutation_max_strength"":3,""coarse_to_fine_mutation"":false,""coarse_to_fine_start_strength"":3,""coarse_to_fine_end_strength"":1,""stagnation_generations_after_selection"":0}",quantization,True,128,128,16,5,262144,262144,655360,21754,172228608,121116.29556315998,15276.82177734375
147,0.19775390625,0.2022705078125,kl,0.19775390625,,,,,0,{},128,16,4,1,"[16,4,1]","[2048,16384,131072]",6375608320,3.4642857142857144,3216.5078125,26982023168,26982023168,0,4,4,"{""type"":""mixed_depth_quantization"",""sequential_mode"":""none"",""joint_mutation_mode"":""standard"",""parent_before_generation_hash"":""4932252fca347f448549a95462afa5c0a71422b117e652a99571098a7fb1863c"",""parent_after_generation_hash"":""36bb868f3ce6655601b7a2f4e2b71fd98cf37cb26ced12043a05de19fd5e1bd9"",""generated_offspring_by_type"":{""depth"":68,""quantization"":60,""joint_aware"":0,""interaction_aware"":0,""sequential_quantization"":0,""fixed_quant_depth"":0,""component crossover"":0,""component crossover + repair"":0,""layer bundle crossover"":0,""layer bundle crossover + repair"":0},""depth_mask_entries_changed_by_type"":{""depth"":192,""quantization"":0,""joint_aware"":0,""interaction_aware"":0,""sequential_quantization"":0,""fixed_quant_depth"":0,""component crossover"":0,""component crossover + repair"":0,""layer bundle crossover"":0,""layer bundle crossover + repair"":0},""quant_assignments_changed_by_type"":{""depth"":136,""quantization"":133,""joint_aware"":0,""interaction_aware"":0,""sequential_quantization"":0,""fixed_quant_depth"":0,""component crossover"":0,""component crossover + repair"":0,""layer bundle crossover"":0,""layer bundle crossover + repair"":0},""depth_mask_entries_changed_total"":192,""quant_assignments_changed_total"":269,""interaction_aware_details"":{""budget_repair_quant_changes"":0,""preferred_quant_exchanges_used"":0,""fallback_quant_exchanges_used"":0},""crossover_diagnostics"":{""crossover_type"":""component"",""crossover_parent_selection"":""uniform"",""crossover_offspring"":0,""crossover_offspring_accepted"":0,""mutation_offspring_accepted"":128,""mutation_offspring"":128,""crossover_offspring_attempted"":0,""crossover_duplicates"":0,""crossover_infeasible_candidates"":0,""crossover_repair_changed_gene_count"":0,""crossover_repaired_proposals"":0,""parent_distance_mean"":null,""parent_distance_min"":null,""parent_distance_max"":null,""child_distance_from_parent_a_mean"":null,""child_distance_from_parent_b_mean"":null,""layers_from_parent_a_mean"":null,""layers_from_parent_b_mean"":null,""crossover_no_legal_exchange"":0,""local_exchange_attention"":0,""local_exchange_mlp"":0,""local_exchange_quantization"":0,""local_exchange_block"":0,""child_distance_from_base_mean"":null,""child_distance_from_base_min"":null,""child_distance_from_base_max"":null,""child_distance_from_base_count"":0,""child_distance_from_donor_mean"":null,""child_distance_from_donor_min"":null,""child_distance_from_donor_max"":null,""child_distance_from_donor_count"":0,""donor_distance_reduction_mean"":null,""donor_distance_reduction_min"":null,""donor_distance_reduction_max"":null,""donor_distance_reduction_count"":0,""local_exchange_changed_gene_count_mean"":null,""local_exchange_changed_gene_count_min"":null,""local_exchange_changed_gene_count_max"":null,""local_exchange_changed_gene_count_count"":0,""child_distance_statistics_scope"":""accepted_unique_crossover_offspring"",""persistent_population_size"":1,""unique_population_size"":1,""best_population_fitness"":0.19775390625,""configured_survivors_per_selection"":[16,4,1],""effective_survivors_per_selection"":[16,4,1],""effective_final_survivor_count"":1},""offspring_generation"":{""attempts"":128,""no_op_mutations"":0,""duplicate_candidates"":0,""infeasible_candidates"":0,""fixed_quant_legal_swap_counts"":[]},""maximum_depth_mutations_per_offspring"":3,""quantization_step_size"":1,""quantization_mutations_per_offspring"":1,""joint_aware_probability"":0.0,""adaptive_mutation"":false,""adaptive_mutation_strength"":1,""adaptive_mutation_patience"":3,""adaptive_mutation_max_strength"":3,""coarse_to_fine_mutation"":false,""coarse_to_fine_start_strength"":3,""coarse_to_fine_end_strength"":1,""stagnation_generations_after_selection"":0}",quantization,True,128,128,16,5,262144,262144,655360,21903,173408256,121956.7757749299,15276.82177734375
148,0.196044921875,0.19775390625,kl,0.196044921875,,,,,0,{},128,16,4,1,"[16,4,1]","[2048,16384,131072]",6375608320,3.4642857142857144,3216.5078125,26982023168,26982023168,0,4,4,"{""type"":""mixed_depth_quantization"",""sequential_mode"":""none"",""joint_mutation_mode"":""standard"",""parent_before_generation_hash"":""36bb868f3ce6655601b7a2f4e2b71fd98cf37cb26ced12043a05de19fd5e1bd9"",""parent_after_generation_hash"":""3593fab94e7bb02eea55feabe8ddeaef8eb0abe6170fe633cd218326435aab83"",""generated_offspring_by_type"":{""depth"":69,""quantization"":59,""joint_aware"":0,""interaction_aware"":0,""sequential_quantization"":0,""fixed_quant_depth"":0,""component crossover"":0,""component crossover + repair"":0,""layer bundle crossover"":0,""layer bundle crossover + repair"":0},""depth_mask_entries_changed_by_type"":{""depth"":202,""quantization"":0,""joint_aware"":0,""interaction_aware"":0,""sequential_quantization"":0,""fixed_quant_depth"":0,""component crossover"":0,""component crossover + repair"":0,""layer bundle crossover"":0,""layer bundle crossover + repair"":0},""quant_assignments_changed_by_type"":{""depth"":134,""quantization"":125,""joint_aware"":0,""interaction_aware"":0,""sequential_quantization"":0,""fixed_quant_depth"":0,""component crossover"":0,""component crossover + repair"":0,""layer bundle crossover"":0,""layer bundle crossover + repair"":0},""depth_mask_entries_changed_total"":202,""quant_assignments_changed_total"":259,""interaction_aware_details"":{""budget_repair_quant_changes"":0,""preferred_quant_exchanges_used"":0,""fallback_quant_exchanges_used"":0},""crossover_diagnostics"":{""crossover_type"":""component"",""crossover_parent_selection"":""uniform"",""crossover_offspring"":0,""crossover_offspring_accepted"":0,""mutation_offspring_accepted"":128,""mutation_offspring"":128,""crossover_offspring_attempted"":0,""crossover_duplicates"":0,""crossover_infeasible_candidates"":0,""crossover_repair_changed_gene_count"":0,""crossover_repaired_proposals"":0,""parent_distance_mean"":null,""parent_distance_min"":null,""parent_distance_max"":null,""child_distance_from_parent_a_mean"":null,""child_distance_from_parent_b_mean"":null,""layers_from_parent_a_mean"":null,""layers_from_parent_b_mean"":null,""crossover_no_legal_exchange"":0,""local_exchange_attention"":0,""local_exchange_mlp"":0,""local_exchange_quantization"":0,""local_exchange_block"":0,""child_distance_from_base_mean"":null,""child_distance_from_base_min"":null,""child_distance_from_base_max"":null,""child_distance_from_base_count"":0,""child_distance_from_donor_mean"":null,""child_distance_from_donor_min"":null,""child_distance_from_donor_max"":null,""child_distance_from_donor_count"":0,""donor_distance_reduction_mean"":null,""donor_distance_reduction_min"":null,""donor_distance_reduction_max"":null,""donor_distance_reduction_count"":0,""local_exchange_changed_gene_count_mean"":null,""local_exchange_changed_gene_count_min"":null,""local_exchange_changed_gene_count_max"":null,""local_exchange_changed_gene_count_count"":0,""child_distance_statistics_scope"":""accepted_unique_crossover_offspring"",""persistent_population_size"":1,""unique_population_size"":1,""best_population_fitness"":0.196044921875,""configured_survivors_per_selection"":[16,4,1],""effective_survivors_per_selection"":[16,4,1],""effective_final_survivor_count"":1},""offspring_generation"":{""attempts"":129,""no_op_mutations"":0,""duplicate_candidates"":1,""infeasible_candidates"":0,""fixed_quant_legal_swap_counts"":[]},""maximum_depth_mutations_per_offspring"":3,""quantization_step_size"":1,""quantization_mutations_per_offspring"":1,""joint_aware_probability"":0.0,""adaptive_mutation"":false,""adaptive_mutation_strength"":1,""adaptive_mutation_patience"":3,""adaptive_mutation_max_strength"":3,""coarse_to_fine_mutation"":false,""coarse_to_fine_start_strength"":3,""coarse_to_fine_end_strength"":1,""stagnation_generations_after_selection"":0}",quantization,True,129,128,16,5,262144,262144,655360,22052,174587904,122824.8403557199,15276.82177734375
149,0.1942138671875,0.196044921875,kl,0.1942138671875,,,,,0,{},128,16,4,1,"[16,4,1]","[2048,16384,131072]",6375608320,3.4642857142857144,3216.5078125,26982023168,26982023168,0,4,4,"{""type"":""mixed_depth_quantization"",""sequential_mode"":""none"",""joint_mutation_mode"":""standard"",""parent_before_generation_hash"":""3593fab94e7bb02eea55feabe8ddeaef8eb0abe6170fe633cd218326435aab83"",""parent_after_generation_hash"":""2a5164db8ada5a34562d4e3365dd2aca830657d656cf5833d6031aa561008191"",""generated_offspring_by_type"":{""depth"":76,""quantization"":52,""joint_aware"":0,""interaction_aware"":0,""sequential_quantization"":0,""fixed_quant_depth"":0,""component crossover"":0,""component crossover + repair"":0,""layer bundle crossover"":0,""layer bundle crossover + repair"":0},""depth_mask_entries_changed_by_type"":{""depth"":216,""quantization"":0,""joint_aware"":0,""interaction_aware"":0,""sequential_quantization"":0,""fixed_quant_depth"":0,""component crossover"":0,""component crossover + repair"":0,""layer bundle crossover"":0,""layer bundle crossover + repair"":0},""quant_assignments_changed_by_type"":{""depth"":151,""quantization"":109,""joint_aware"":0,""interaction_aware"":0,""sequential_quantization"":0,""fixed_quant_depth"":0,""component crossover"":0,""component crossover + repair"":0,""layer bundle crossover"":0,""layer bundle crossover + repair"":0},""depth_mask_entries_changed_total"":216,""quant_assignments_changed_total"":260,""interaction_aware_details"":{""budget_repair_quant_changes"":0,""preferred_quant_exchanges_used"":0,""fallback_quant_exchanges_used"":0},""crossover_diagnostics"":{""crossover_type"":""component"",""crossover_parent_selection"":""uniform"",""crossover_offspring"":0,""crossover_offspring_accepted"":0,""mutation_offspring_accepted"":128,""mutation_offspring"":128,""crossover_offspring_attempted"":0,""crossover_duplicates"":0,""crossover_infeasible_candidates"":0,""crossover_repair_changed_gene_count"":0,""crossover_repaired_proposals"":0,""parent_distance_mean"":null,""parent_distance_min"":null,""parent_distance_max"":null,""child_distance_from_parent_a_mean"":null,""child_distance_from_parent_b_mean"":null,""layers_from_parent_a_mean"":null,""layers_from_parent_b_mean"":null,""crossover_no_legal_exchange"":0,""local_exchange_attention"":0,""local_exchange_mlp"":0,""local_exchange_quantization"":0,""local_exchange_block"":0,""child_distance_from_base_mean"":null,""child_distance_from_base_min"":null,""child_distance_from_base_max"":null,""child_distance_from_base_count"":0,""child_distance_from_donor_mean"":null,""child_distance_from_donor_min"":null,""child_distance_from_donor_max"":null,""child_distance_from_donor_count"":0,""donor_distance_reduction_mean"":null,""donor_distance_reduction_min"":null,""donor_distance_reduction_max"":null,""donor_distance_reduction_count"":0,""local_exchange_changed_gene_count_mean"":null,""local_exchange_changed_gene_count_min"":null,""local_exchange_changed_gene_count_max"":null,""local_exchange_changed_gene_count_count"":0,""child_distance_statistics_scope"":""accepted_unique_crossover_offspring"",""persistent_population_size"":1,""unique_population_size"":1,""best_population_fitness"":0.1942138671875,""configured_survivors_per_selection"":[16,4,1],""effective_survivors_per_selection"":[16,4,1],""effective_final_survivor_count"":1},""offspring_generation"":{""attempts"":128,""no_op_mutations"":0,""duplicate_candidates"":0,""infeasible_candidates"":0,""fixed_quant_legal_swap_counts"":[]},""maximum_depth_mutations_per_offspring"":3,""quantization_step_size"":1,""quantization_mutations_per_offspring"":1,""joint_aware_probability"":0.0,""adaptive_mutation"":false,""adaptive_mutation_strength"":1,""adaptive_mutation_patience"":3,""adaptive_mutation_max_strength"":3,""coarse_to_fine_mutation"":false,""coarse_to_fine_start_strength"":3,""coarse_to_fine_end_strength"":1,""stagnation_generations_after_selection"":0}",quantization,True,128,128,16,5,262144,262144,655360,22201,175767552,123502.92767823499,15276.82177734375
150,0.2042236328125,0.1942138671875,kl,0.2042236328125,,,,,0,{},128,16,4,1,"[16,4,1]","[2048,16384,131072]",6375608320,3.4642857142857144,3216.5078125,26982023168,26982023168,0,4,4,"{""type"":""mixed_depth_quantization"",""sequential_mode"":""none"",""joint_mutation_mode"":""standard"",""parent_before_generation_hash"":""2a5164db8ada5a34562d4e3365dd2aca830657d656cf5833d6031aa561008191"",""parent_after_generation_hash"":""ef174603d7983b89151858146e0d8d07a3785af858ccb08ee5d144c77c81964f"",""generated_offspring_by_type"":{""depth"":57,""quantization"":71,""joint_aware"":0,""interaction_aware"":0,""sequential_quantization"":0,""fixed_quant_depth"":0,""component crossover"":0,""component crossover + repair"":0,""layer bundle crossover"":0,""layer bundle crossover + repair"":0},""depth_mask_entries_changed_by_type"":{""depth"":170,""quantization"":0,""joint_aware"":0,""interaction_aware"":0,""sequential_quantization"":0,""fixed_quant_depth"":0,""component crossover"":0,""component crossover + repair"":0,""layer bundle crossover"":0,""layer bundle crossover + repair"":0},""quant_assignments_changed_by_type"":{""depth"":122,""quantization"":160,""joint_aware"":0,""interaction_aware"":0,""sequential_quantization"":0,""fixed_quant_depth"":0,""component crossover"":0,""component crossover + repair"":0,""layer bundle crossover"":0,""layer bundle crossover + repair"":0},""depth_mask_entries_changed_total"":170,""quant_assignments_changed_total"":282,""interaction_aware_details"":{""budget_repair_quant_changes"":0,""preferred_quant_exchanges_used"":0,""fallback_quant_exchanges_used"":0},""crossover_diagnostics"":{""crossover_type"":""component"",""crossover_parent_selection"":""uniform"",""crossover_offspring"":0,""crossover_offspring_accepted"":0,""mutation_offspring_accepted"":128,""mutation_offspring"":128,""crossover_offspring_attempted"":0,""crossover_duplicates"":0,""crossover_infeasible_candidates"":0,""crossover_repair_changed_gene_count"":0,""crossover_repaired_proposals"":0,""parent_distance_mean"":null,""parent_distance_min"":null,""parent_distance_max"":null,""child_distance_from_parent_a_mean"":null,""child_distance_from_parent_b_mean"":null,""layers_from_parent_a_mean"":null,""layers_from_parent_b_mean"":null,""crossover_no_legal_exchange"":0,""local_exchange_attention"":0,""local_exchange_mlp"":0,""local_exchange_quantization"":0,""local_exchange_block"":0,""child_distance_from_base_mean"":null,""child_distance_from_base_min"":null,""child_distance_from_base_max"":null,""child_distance_from_base_count"":0,""child_distance_from_donor_mean"":null,""child_distance_from_donor_min"":null,""child_distance_from_donor_max"":null,""child_distance_from_donor_count"":0,""donor_distance_reduction_mean"":null,""donor_distance_reduction_min"":null,""donor_distance_reduction_max"":null,""donor_distance_reduction_count"":0,""local_exchange_changed_gene_count_mean"":null,""local_exchange_changed_gene_count_min"":null,""local_exchange_changed_gene_count_max"":null,""local_exchange_changed_gene_count_count"":0,""child_distance_statistics_scope"":""accepted_unique_crossover_offspring"",""persistent_population_size"":1,""unique_population_size"":1,""best_population_fitness"":0.2042236328125,""configured_survivors_per_selection"":[16,4,1],""effective_survivors_per_selection"":[16,4,1],""effective_final_survivor_count"":1},""offspring_generation"":{""attempts"":128,""no_op_mutations"":0,""duplicate_candidates"":0,""infeasible_candidates"":0,""fixed_quant_legal_swap_counts"":[]},""maximum_depth_mutations_per_offspring"":3,""quantization_step_size"":1,""quantization_mutations_per_offspring"":1,""joint_aware_probability"":0.0,""adaptive_mutation"":false,""adaptive_mutation_strength"":1,""adaptive_mutation_patience"":3,""adaptive_mutation_max_strength"":3,""coarse_to_fine_mutation"":false,""coarse_to_fine_start_strength"":3,""coarse_to_fine_end_strength"":1,""stagnation_generations_after_selection"":0}",quantization,True,128,128,16,5,262144,262144,655360,22350,176947200,124232.70409839693,15276.82177734375
