generation,best_search_fitness,parent_search_fitness_before_generation,fitness_fn,best_calibration_kl,best_train_ppl,wikitext2_ppl,c4_ppl,fineweb_edu_ppl,eval_tokens_used,eval_tokens_by_dataset,num_offspring,num_survivors_stage_1,num_survivors_stage_2,num_survivors_stage_3,survivors_per_selection,tokens_per_selection,active_parameters,average_bitwidth_active,estimated_weight_memory_mb,compression_cost_bits,compression_target_bits,compression_difference_bits,dropped_attention_count,dropped_mlp_count,mutation_summary,selected_parent_mutation_type,accepted_parent_replacement,offspring_attempts,candidate_evaluations_stage_1,candidate_evaluations_stage_2,candidate_evaluations_stage_3,evaluation_tokens_stage_1,evaluation_tokens_stage_2,evaluation_tokens_stage_3,candidate_evaluations_search_cumulative,evaluation_tokens_search_cumulative,runtime_seconds_cumulative,peak_gpu_memory_mb
1,1.2724609375,1.294921875,kl,1.2724609375,28.375,45.4375,47.15625,,917504,"{""wikitext2"":327680,""c4"":589824}",128,16,4,1,"[16,4,1]","[2048,16384,131072]",5503193088,4.083333333333333,3216.5078125,26982023168,26982023168,0,8,8,"{""type"":""mixed_depth_quantization"",""sequential_mode"":""none"",""joint_mutation_mode"":""standard"",""parent_before_generation_hash"":""a8b440503b6ad1c14c8ad96594f5e1ed9ac2d24f5c90cec6142c37503d71c891"",""parent_after_generation_hash"":""bfac3afdbdf8915f94af22c5186e5145354951e2f1991d958be9b8d2f7d75f3f"",""generated_offspring_by_type"":{""depth"":34,""quantization"":37,""joint_aware"":0,""interaction_aware"":0,""sequential_quantization"":0,""fixed_quant_depth"":0,""component crossover"":0,""component crossover + repair"":0,""layer bundle crossover"":0,""layer bundle crossover + repair"":0,""local exchange crossover"":57},""depth_mask_entries_changed_by_type"":{""depth"":114,""quantization"":0,""joint_aware"":0,""interaction_aware"":0,""sequential_quantization"":0,""fixed_quant_depth"":0,""component crossover"":0,""component crossover + repair"":0,""layer bundle crossover"":0,""layer bundle crossover + repair"":0,""local exchange crossover"":72},""quant_assignments_changed_by_type"":{""depth"":64,""quantization"":87,""joint_aware"":0,""interaction_aware"":0,""sequential_quantization"":0,""fixed_quant_depth"":0,""component crossover"":0,""component crossover + repair"":0,""layer bundle crossover"":0,""layer bundle crossover + repair"":0,""local exchange crossover"":42},""depth_mask_entries_changed_total"":186,""quant_assignments_changed_total"":193,""interaction_aware_details"":{""budget_repair_quant_changes"":0,""preferred_quant_exchanges_used"":0,""fallback_quant_exchanges_used"":0},""crossover_diagnostics"":{""crossover_type"":""local_exchange"",""crossover_parent_selection"":""uniform"",""crossover_offspring"":57,""crossover_offspring_accepted"":57,""mutation_offspring_accepted"":71,""mutation_offspring"":71,""crossover_offspring_attempted"":63,""crossover_duplicates"":6,""crossover_infeasible_candidates"":0,""crossover_repair_changed_gene_count"":0,""crossover_repaired_proposals"":0,""parent_distance_mean"":112.98412698412699,""parent_distance_min"":92,""parent_distance_max"":120,""child_distance_from_parent_a_mean"":2.0,""child_distance_from_parent_b_mean"":111.61904761904762,""layers_from_parent_a_mean"":null,""layers_from_parent_b_mean"":null,""crossover_no_legal_exchange"":0,""local_exchange_attention"":9,""local_exchange_mlp"":27,""local_exchange_quantization"":21,""local_exchange_block"":0,""parent_distance_count"":63,""child_distance_from_base_mean"":2.0,""child_distance_from_base_min"":2,""child_distance_from_base_max"":2,""child_distance_from_base_count"":57,""child_distance_from_donor_mean"":111.54385964912281,""child_distance_from_donor_min"":90,""child_distance_from_donor_max"":120,""child_distance_from_donor_count"":57,""donor_distance_reduction_mean"":1.2982456140350878,""donor_distance_reduction_min"":0,""donor_distance_reduction_max"":2,""donor_distance_reduction_count"":57,""local_exchange_changed_gene_count_mean"":2.0,""local_exchange_changed_gene_count_min"":2,""local_exchange_changed_gene_count_max"":2,""local_exchange_changed_gene_count_count"":57,""child_distance_statistics_scope"":""accepted_unique_crossover_offspring"",""parent_distance_statistics_scope"":""crossover_attempts"",""persistent_population_size"":4,""unique_population_size"":4,""best_population_fitness"":1.2724609375,""configured_survivors_per_selection"":[16,4,1],""effective_survivors_per_selection"":[16,4,4],""effective_final_survivor_count"":4},""offspring_generation"":{""attempts"":136,""no_op_mutations"":0,""duplicate_candidates"":8,""infeasible_candidates"":0,""fixed_quant_legal_swap_counts"":[]},""maximum_depth_mutations_per_offspring"":3,""quantization_step_size"":1,""quantization_mutations_per_offspring"":1,""joint_aware_probability"":0.0,""adaptive_mutation"":false,""adaptive_mutation_strength"":1,""adaptive_mutation_patience"":3,""adaptive_mutation_max_strength"":3,""coarse_to_fine_mutation"":false,""coarse_to_fine_start_strength"":3,""coarse_to_fine_end_strength"":1,""stagnation_generations_after_selection"":0}",depth,True,136,128,16,8,262144,262144,1048576,156,1581056,3090.437348509993,15276.82177734375
2,1.1396484375,1.2724609375,kl,1.1396484375,,,,,0,{},128,16,4,1,"[16,4,1]","[2048,16384,131072]",5503193088,4.083333333333333,3216.5078125,26982023168,26982023168,0,8,8,"{""type"":""mixed_depth_quantization"",""sequential_mode"":""none"",""joint_mutation_mode"":""standard"",""parent_before_generation_hash"":""bfac3afdbdf8915f94af22c5186e5145354951e2f1991d958be9b8d2f7d75f3f"",""parent_after_generation_hash"":""a0c460fd24bf8db4e08f1acc5cec9cef668727f2b6b2e2f7d8eec4f30e545a84"",""generated_offspring_by_type"":{""depth"":54,""quantization"":35,""joint_aware"":0,""interaction_aware"":0,""sequential_quantization"":0,""fixed_quant_depth"":0,""component crossover"":0,""component crossover + repair"":0,""layer bundle crossover"":0,""layer bundle crossover + repair"":0,""local exchange crossover"":39},""depth_mask_entries_changed_by_type"":{""depth"":158,""quantization"":0,""joint_aware"":0,""interaction_aware"":0,""sequential_quantization"":0,""fixed_quant_depth"":0,""component crossover"":0,""component crossover + repair"":0,""layer bundle crossover"":0,""layer bundle crossover + repair"":0,""local exchange crossover"":58},""quant_assignments_changed_by_type"":{""depth"":100,""quantization"":82,""joint_aware"":0,""interaction_aware"":0,""sequential_quantization"":0,""fixed_quant_depth"":0,""component crossover"":0,""component crossover + repair"":0,""layer bundle crossover"":0,""layer bundle crossover + repair"":0,""local exchange crossover"":20},""depth_mask_entries_changed_total"":216,""quant_assignments_changed_total"":202,""interaction_aware_details"":{""budget_repair_quant_changes"":0,""preferred_quant_exchanges_used"":0,""fallback_quant_exchanges_used"":0},""crossover_diagnostics"":{""crossover_type"":""local_exchange"",""crossover_parent_selection"":""uniform"",""crossover_offspring"":39,""crossover_offspring_accepted"":39,""mutation_offspring_accepted"":89,""mutation_offspring"":89,""crossover_offspring_attempted"":85,""crossover_duplicates"":46,""crossover_infeasible_candidates"":0,""crossover_repair_changed_gene_count"":0,""crossover_repaired_proposals"":0,""parent_distance_mean"":14.447058823529412,""parent_distance_min"":9,""parent_distance_max"":19,""child_distance_from_parent_a_mean"":2.0,""child_distance_from_parent_b_mean"":12.823529411764707,""layers_from_parent_a_mean"":null,""layers_from_parent_b_mean"":null,""crossover_no_legal_exchange"":0,""local_exchange_attention"":16,""local_exchange_mlp"":13,""local_exchange_quantization"":10,""local_exchange_block"":0,""parent_distance_count"":85,""child_distance_from_base_mean"":2.0,""child_distance_from_base_min"":2,""child_distance_from_base_max"":2,""child_distance_from_base_count"":39,""child_distance_from_donor_mean"":14.58974358974359,""child_distance_from_donor_min"":7,""child_distance_from_donor_max"":19,""child_distance_from_donor_count"":39,""donor_distance_reduction_mean"":1.4871794871794872,""donor_distance_reduction_min"":0,""donor_distance_reduction_max"":2,""donor_distance_reduction_count"":39,""local_exchange_changed_gene_count_mean"":2.0,""local_exchange_changed_gene_count_min"":2,""local_exchange_changed_gene_count_max"":2,""local_exchange_changed_gene_count_count"":39,""child_distance_statistics_scope"":""accepted_unique_crossover_offspring"",""parent_distance_statistics_scope"":""crossover_attempts"",""persistent_population_size"":4,""unique_population_size"":4,""best_population_fitness"":1.1396484375,""configured_survivors_per_selection"":[16,4,1],""effective_survivors_per_selection"":[16,4,4],""effective_final_survivor_count"":4},""offspring_generation"":{""attempts"":174,""no_op_mutations"":0,""duplicate_candidates"":46,""infeasible_candidates"":0,""fixed_quant_legal_swap_counts"":[]},""maximum_depth_mutations_per_offspring"":3,""quantization_step_size"":1,""quantization_mutations_per_offspring"":1,""joint_aware_probability"":0.0,""adaptive_mutation"":false,""adaptive_mutation_strength"":1,""adaptive_mutation_patience"":3,""adaptive_mutation_max_strength"":3,""coarse_to_fine_mutation"":false,""coarse_to_fine_start_strength"":3,""coarse_to_fine_end_strength"":1,""stagnation_generations_after_selection"":0}",depth,True,174,128,16,8,262144,262144,1048576,308,3153920,4179.844733270002,15276.82177734375
3,0.9130859375,1.1396484375,kl,0.9130859375,,,,,0,{},128,16,4,1,"[16,4,1]","[2048,16384,131072]",5503193088,4.083333333333333,3216.5078125,26982023168,26982023168,0,8,8,"{""type"":""mixed_depth_quantization"",""sequential_mode"":""none"",""joint_mutation_mode"":""standard"",""parent_before_generation_hash"":""a0c460fd24bf8db4e08f1acc5cec9cef668727f2b6b2e2f7d8eec4f30e545a84"",""parent_after_generation_hash"":""2c3cc09335a58431a49c4c581cb4674db22737f27eeb9620fca363141f1e56bb"",""generated_offspring_by_type"":{""depth"":53,""quantization"":44,""joint_aware"":0,""interaction_aware"":0,""sequential_quantization"":0,""fixed_quant_depth"":0,""component crossover"":0,""component crossover + repair"":0,""layer bundle crossover"":0,""layer bundle crossover + repair"":0,""local exchange crossover"":31},""depth_mask_entries_changed_by_type"":{""depth"":172,""quantization"":0,""joint_aware"":0,""interaction_aware"":0,""sequential_quantization"":0,""fixed_quant_depth"":0,""component crossover"":0,""component crossover + repair"":0,""layer bundle crossover"":0,""layer bundle crossover + repair"":0,""local exchange crossover"":28},""quant_assignments_changed_by_type"":{""depth"":115,""quantization"":107,""joint_aware"":0,""interaction_aware"":0,""sequential_quantization"":0,""fixed_quant_depth"":0,""component crossover"":0,""component crossover + repair"":0,""layer bundle crossover"":0,""layer bundle crossover + repair"":0,""local exchange crossover"":34},""depth_mask_entries_changed_total"":200,""quant_assignments_changed_total"":256,""interaction_aware_details"":{""budget_repair_quant_changes"":0,""preferred_quant_exchanges_used"":0,""fallback_quant_exchanges_used"":0},""crossover_diagnostics"":{""crossover_type"":""local_exchange"",""crossover_parent_selection"":""uniform"",""crossover_offspring"":31,""crossover_offspring_accepted"":31,""mutation_offspring_accepted"":97,""mutation_offspring"":97,""crossover_offspring_attempted"":97,""crossover_duplicates"":66,""crossover_infeasible_candidates"":0,""crossover_repair_changed_gene_count"":0,""crossover_repaired_proposals"":0,""parent_distance_mean"":13.54639175257732,""parent_distance_min"":2,""parent_distance_max"":27,""child_distance_from_parent_a_mean"":2.0,""child_distance_from_parent_b_mean"":12.02061855670103,""layers_from_parent_a_mean"":null,""layers_from_parent_b_mean"":null,""crossover_no_legal_exchange"":0,""local_exchange_attention"":5,""local_exchange_mlp"":9,""local_exchange_quantization"":17,""local_exchange_block"":0,""parent_distance_count"":97,""child_distance_from_base_mean"":2.0,""child_distance_from_base_min"":2,""child_distance_from_base_max"":2,""child_distance_from_base_count"":31,""child_distance_from_donor_mean"":21.225806451612904,""child_distance_from_donor_min"":3,""child_distance_from_donor_max"":27,""child_distance_from_donor_count"":31,""donor_distance_reduction_mean"":0.9032258064516129,""donor_distance_reduction_min"":0,""donor_distance_reduction_max"":2,""donor_distance_reduction_count"":31,""local_exchange_changed_gene_count_mean"":2.0,""local_exchange_changed_gene_count_min"":2,""local_exchange_changed_gene_count_max"":2,""local_exchange_changed_gene_count_count"":31,""child_distance_statistics_scope"":""accepted_unique_crossover_offspring"",""parent_distance_statistics_scope"":""crossover_attempts"",""persistent_population_size"":4,""unique_population_size"":4,""best_population_fitness"":0.9130859375,""configured_survivors_per_selection"":[16,4,1],""effective_survivors_per_selection"":[16,4,4],""effective_final_survivor_count"":4},""offspring_generation"":{""attempts"":194,""no_op_mutations"":0,""duplicate_candidates"":66,""infeasible_candidates"":0,""fixed_quant_legal_swap_counts"":[]},""maximum_depth_mutations_per_offspring"":3,""quantization_step_size"":1,""quantization_mutations_per_offspring"":1,""joint_aware_probability"":0.0,""adaptive_mutation"":false,""adaptive_mutation_strength"":1,""adaptive_mutation_patience"":3,""adaptive_mutation_max_strength"":3,""coarse_to_fine_mutation"":false,""coarse_to_fine_start_strength"":3,""coarse_to_fine_end_strength"":1,""stagnation_generations_after_selection"":0}",local exchange crossover,True,194,128,16,8,262144,262144,1048576,460,4726784,5228.5327535720135,15276.82177734375
4,0.8759765625,0.9130859375,kl,0.8759765625,,,,,0,{},128,16,4,1,"[16,4,1]","[2048,16384,131072]",5503193088,4.083333333333333,3216.5078125,26982023168,26982023168,0,8,8,"{""type"":""mixed_depth_quantization"",""sequential_mode"":""none"",""joint_mutation_mode"":""standard"",""parent_before_generation_hash"":""2c3cc09335a58431a49c4c581cb4674db22737f27eeb9620fca363141f1e56bb"",""parent_after_generation_hash"":""09affd6f1878abc2a2cfbf328bdd20ff5929afe5c709a3eb6de0f8aa2775ae5f"",""generated_offspring_by_type"":{""depth"":45,""quantization"":48,""joint_aware"":0,""interaction_aware"":0,""sequential_quantization"":0,""fixed_quant_depth"":0,""component crossover"":0,""component crossover + repair"":0,""layer bundle crossover"":0,""layer bundle crossover + repair"":0,""local exchange crossover"":35},""depth_mask_entries_changed_by_type"":{""depth"":162,""quantization"":0,""joint_aware"":0,""interaction_aware"":0,""sequential_quantization"":0,""fixed_quant_depth"":0,""component crossover"":0,""component crossover + repair"":0,""layer bundle crossover"":0,""layer bundle crossover + repair"":0,""local exchange crossover"":28},""quant_assignments_changed_by_type"":{""depth"":89,""quantization"":112,""joint_aware"":0,""interaction_aware"":0,""sequential_quantization"":0,""fixed_quant_depth"":0,""component crossover"":0,""component crossover + repair"":0,""layer bundle crossover"":0,""layer bundle crossover + repair"":0,""local exchange crossover"":42},""depth_mask_entries_changed_total"":190,""quant_assignments_changed_total"":243,""interaction_aware_details"":{""budget_repair_quant_changes"":0,""preferred_quant_exchanges_used"":0,""fallback_quant_exchanges_used"":0},""crossover_diagnostics"":{""crossover_type"":""local_exchange"",""crossover_parent_selection"":""uniform"",""crossover_offspring"":35,""crossover_offspring_accepted"":35,""mutation_offspring_accepted"":93,""mutation_offspring"":93,""crossover_offspring_attempted"":84,""crossover_duplicates"":37,""crossover_infeasible_candidates"":0,""crossover_repair_changed_gene_count"":0,""crossover_repaired_proposals"":0,""parent_distance_mean"":20.488095238095237,""parent_distance_min"":8,""parent_distance_max"":31,""child_distance_from_parent_a_mean"":2.0,""child_distance_from_parent_b_mean"":21.166666666666668,""layers_from_parent_a_mean"":null,""layers_from_parent_b_mean"":null,""crossover_no_legal_exchange"":12,""local_exchange_attention"":3,""local_exchange_mlp"":11,""local_exchange_quantization"":21,""local_exchange_block"":0,""parent_distance_count"":84,""child_distance_from_base_mean"":2.0,""child_distance_from_base_min"":2,""child_distance_from_base_max"":2,""child_distance_from_base_count"":35,""child_distance_from_donor_mean"":24.8,""child_distance_from_donor_min"":6,""child_distance_from_donor_max"":31,""child_distance_from_donor_count"":35,""donor_distance_reduction_mean"":0.8571428571428571,""donor_distance_reduction_min"":0,""donor_distance_reduction_max"":2,""donor_distance_reduction_count"":35,""local_exchange_changed_gene_count_mean"":2.0,""local_exchange_changed_gene_count_min"":2,""local_exchange_changed_gene_count_max"":2,""local_exchange_changed_gene_count_count"":35,""child_distance_statistics_scope"":""accepted_unique_crossover_offspring"",""parent_distance_statistics_scope"":""crossover_attempts"",""persistent_population_size"":4,""unique_population_size"":4,""best_population_fitness"":0.8759765625,""configured_survivors_per_selection"":[16,4,1],""effective_survivors_per_selection"":[16,4,4],""effective_final_survivor_count"":4},""offspring_generation"":{""attempts"":177,""no_op_mutations"":0,""duplicate_candidates"":37,""infeasible_candidates"":0,""fixed_quant_legal_swap_counts"":[]},""maximum_depth_mutations_per_offspring"":3,""quantization_step_size"":1,""quantization_mutations_per_offspring"":1,""joint_aware_probability"":0.0,""adaptive_mutation"":false,""adaptive_mutation_strength"":1,""adaptive_mutation_patience"":3,""adaptive_mutation_max_strength"":3,""coarse_to_fine_mutation"":false,""coarse_to_fine_start_strength"":3,""coarse_to_fine_end_strength"":1,""stagnation_generations_after_selection"":0}",local exchange crossover,True,177,128,16,8,262144,262144,1048576,612,6299648,6387.381920120999,15276.82177734375
5,0.85205078125,0.8759765625,kl,0.85205078125,,,,,0,{},128,16,4,1,"[16,4,1]","[2048,16384,131072]",5503193088,4.083333333333333,3216.5078125,26982023168,26982023168,0,8,8,"{""type"":""mixed_depth_quantization"",""sequential_mode"":""none"",""joint_mutation_mode"":""standard"",""parent_before_generation_hash"":""09affd6f1878abc2a2cfbf328bdd20ff5929afe5c709a3eb6de0f8aa2775ae5f"",""parent_after_generation_hash"":""07c29a56da4cfc88b4c348df55ac08f6206284f8d9575cf23b7b1577106afdf6"",""generated_offspring_by_type"":{""depth"":53,""quantization"":39,""joint_aware"":0,""interaction_aware"":0,""sequential_quantization"":0,""fixed_quant_depth"":0,""component crossover"":0,""component crossover + repair"":0,""layer bundle crossover"":0,""layer bundle crossover + repair"":0,""local exchange crossover"":36},""depth_mask_entries_changed_by_type"":{""depth"":164,""quantization"":0,""joint_aware"":0,""interaction_aware"":0,""sequential_quantization"":0,""fixed_quant_depth"":0,""component crossover"":0,""component crossover + repair"":0,""layer bundle crossover"":0,""layer bundle crossover + repair"":0,""local exchange crossover"":28},""quant_assignments_changed_by_type"":{""depth"":101,""quantization"":96,""joint_aware"":0,""interaction_aware"":0,""sequential_quantization"":0,""fixed_quant_depth"":0,""component crossover"":0,""component crossover + repair"":0,""layer bundle crossover"":0,""layer bundle crossover + repair"":0,""local exchange crossover"":44},""depth_mask_entries_changed_total"":192,""quant_assignments_changed_total"":241,""interaction_aware_details"":{""budget_repair_quant_changes"":0,""preferred_quant_exchanges_used"":0,""fallback_quant_exchanges_used"":0},""crossover_diagnostics"":{""crossover_type"":""local_exchange"",""crossover_parent_selection"":""uniform"",""crossover_offspring"":36,""crossover_offspring_accepted"":36,""mutation_offspring_accepted"":92,""mutation_offspring"":92,""crossover_offspring_attempted"":105,""crossover_duplicates"":69,""crossover_infeasible_candidates"":0,""crossover_repair_changed_gene_count"":0,""crossover_repaired_proposals"":0,""parent_distance_mean"":20.64761904761905,""parent_distance_min"":2,""parent_distance_max"":30,""child_distance_from_parent_a_mean"":2.0,""child_distance_from_parent_b_mean"":19.2,""layers_from_parent_a_mean"":null,""layers_from_parent_b_mean"":null,""crossover_no_legal_exchange"":0,""local_exchange_attention"":2,""local_exchange_mlp"":12,""local_exchange_quantization"":22,""local_exchange_block"":0,""parent_distance_count"":105,""child_distance_from_base_mean"":2.0,""child_distance_from_base_min"":2,""child_distance_from_base_max"":2,""child_distance_from_base_count"":36,""child_distance_from_donor_mean"":25.88888888888889,""child_distance_from_donor_min"":2,""child_distance_from_donor_max"":30,""child_distance_from_donor_count"":36,""donor_distance_reduction_mean"":0.7777777777777778,""donor_distance_reduction_min"":0,""donor_distance_reduction_max"":2,""donor_distance_reduction_count"":36,""local_exchange_changed_gene_count_mean"":2.0,""local_exchange_changed_gene_count_min"":2,""local_exchange_changed_gene_count_max"":2,""local_exchange_changed_gene_count_count"":36,""child_distance_statistics_scope"":""accepted_unique_crossover_offspring"",""parent_distance_statistics_scope"":""crossover_attempts"",""persistent_population_size"":4,""unique_population_size"":4,""best_population_fitness"":0.85205078125,""configured_survivors_per_selection"":[16,4,1],""effective_survivors_per_selection"":[16,4,4],""effective_final_survivor_count"":4},""offspring_generation"":{""attempts"":198,""no_op_mutations"":0,""duplicate_candidates"":70,""infeasible_candidates"":0,""fixed_quant_legal_swap_counts"":[]},""maximum_depth_mutations_per_offspring"":3,""quantization_step_size"":1,""quantization_mutations_per_offspring"":1,""joint_aware_probability"":0.0,""adaptive_mutation"":false,""adaptive_mutation_strength"":1,""adaptive_mutation_patience"":3,""adaptive_mutation_max_strength"":3,""coarse_to_fine_mutation"":false,""coarse_to_fine_start_strength"":3,""coarse_to_fine_end_strength"":1,""stagnation_generations_after_selection"":0}",depth,True,198,128,16,8,262144,262144,1048576,764,7872512,7519.997456055018,15276.82177734375
6,0.81591796875,0.85205078125,kl,0.81591796875,14.75,15.1875,18.9375,,917504,"{""wikitext2"":327680,""c4"":589824}",128,16,4,1,"[16,4,1]","[2048,16384,131072]",5503193088,4.083333333333333,3216.5078125,26982023168,26982023168,0,8,8,"{""type"":""mixed_depth_quantization"",""sequential_mode"":""none"",""joint_mutation_mode"":""standard"",""parent_before_generation_hash"":""07c29a56da4cfc88b4c348df55ac08f6206284f8d9575cf23b7b1577106afdf6"",""parent_after_generation_hash"":""8ead29c9acd6c241e696266fe1d8459b925cbb3e7634663a49e6afb621385658"",""generated_offspring_by_type"":{""depth"":59,""quantization"":63,""joint_aware"":0,""interaction_aware"":0,""sequential_quantization"":0,""fixed_quant_depth"":0,""component crossover"":0,""component crossover + repair"":0,""layer bundle crossover"":0,""layer bundle crossover + repair"":0,""local exchange crossover"":6},""depth_mask_entries_changed_by_type"":{""depth"":188,""quantization"":0,""joint_aware"":0,""interaction_aware"":0,""sequential_quantization"":0,""fixed_quant_depth"":0,""component crossover"":0,""component crossover + repair"":0,""layer bundle crossover"":0,""layer bundle crossover + repair"":0,""local exchange crossover"":4},""quant_assignments_changed_by_type"":{""depth"":102,""quantization"":153,""joint_aware"":0,""interaction_aware"":0,""sequential_quantization"":0,""fixed_quant_depth"":0,""component crossover"":0,""component crossover + repair"":0,""layer bundle crossover"":0,""layer bundle crossover + repair"":0,""local exchange crossover"":8},""depth_mask_entries_changed_total"":192,""quant_assignments_changed_total"":263,""interaction_aware_details"":{""budget_repair_quant_changes"":0,""preferred_quant_exchanges_used"":0,""fallback_quant_exchanges_used"":0},""crossover_diagnostics"":{""crossover_type"":""local_exchange"",""crossover_parent_selection"":""uniform"",""crossover_offspring"":6,""crossover_offspring_accepted"":6,""mutation_offspring_accepted"":122,""mutation_offspring"":122,""crossover_offspring_attempted"":107,""crossover_duplicates"":86,""crossover_infeasible_candidates"":0,""crossover_repair_changed_gene_count"":0,""crossover_repaired_proposals"":0,""parent_distance_mean"":4.149532710280374,""parent_distance_min"":3,""parent_distance_max"":5,""child_distance_from_parent_a_mean"":2.0,""child_distance_from_parent_b_mean"":2.3369565217391304,""layers_from_parent_a_mean"":null,""layers_from_parent_b_mean"":null,""crossover_no_legal_exchange"":15,""local_exchange_attention"":1,""local_exchange_mlp"":1,""local_exchange_quantization"":4,""local_exchange_block"":0,""parent_distance_count"":107,""child_distance_from_base_mean"":2.0,""child_distance_from_base_min"":2,""child_distance_from_base_max"":2,""child_distance_from_base_count"":6,""child_distance_from_donor_mean"":2.5,""child_distance_from_donor_min"":2,""child_distance_from_donor_max"":3,""child_distance_from_donor_count"":6,""donor_distance_reduction_mean"":2.0,""donor_distance_reduction_min"":2,""donor_distance_reduction_max"":2,""donor_distance_reduction_count"":6,""local_exchange_changed_gene_count_mean"":2.0,""local_exchange_changed_gene_count_min"":2,""local_exchange_changed_gene_count_max"":2,""local_exchange_changed_gene_count_count"":6,""child_distance_statistics_scope"":""accepted_unique_crossover_offspring"",""parent_distance_statistics_scope"":""crossover_attempts"",""persistent_population_size"":4,""unique_population_size"":4,""best_population_fitness"":0.81591796875,""configured_survivors_per_selection"":[16,4,1],""effective_survivors_per_selection"":[16,4,4],""effective_final_survivor_count"":4},""offspring_generation"":{""attempts"":229,""no_op_mutations"":0,""duplicate_candidates"":86,""infeasible_candidates"":0,""fixed_quant_legal_swap_counts"":[]},""maximum_depth_mutations_per_offspring"":3,""quantization_step_size"":1,""quantization_mutations_per_offspring"":1,""joint_aware_probability"":0.0,""adaptive_mutation"":false,""adaptive_mutation_strength"":1,""adaptive_mutation_patience"":3,""adaptive_mutation_max_strength"":3,""coarse_to_fine_mutation"":false,""coarse_to_fine_start_strength"":3,""coarse_to_fine_end_strength"":1,""stagnation_generations_after_selection"":0}",depth,True,229,128,16,8,262144,262144,1048576,916,9445376,8769.633867668017,15276.82177734375
7,0.7431640625,0.81591796875,kl,0.7431640625,,,,,0,{},128,16,4,1,"[16,4,1]","[2048,16384,131072]",5503193088,4.083333333333333,3216.5078125,26982023168,26982023168,0,8,8,"{""type"":""mixed_depth_quantization"",""sequential_mode"":""none"",""joint_mutation_mode"":""standard"",""parent_before_generation_hash"":""8ead29c9acd6c241e696266fe1d8459b925cbb3e7634663a49e6afb621385658"",""parent_after_generation_hash"":""3097c47f6348d9b94800f79d43c985e106917c00d5266a8a1ad08129e80fb4b2"",""generated_offspring_by_type"":{""depth"":59,""quantization"":67,""joint_aware"":0,""interaction_aware"":0,""sequential_quantization"":0,""fixed_quant_depth"":0,""component crossover"":0,""component crossover + repair"":0,""layer bundle crossover"":0,""layer bundle crossover + repair"":0,""local exchange crossover"":2},""depth_mask_entries_changed_by_type"":{""depth"":180,""quantization"":0,""joint_aware"":0,""interaction_aware"":0,""sequential_quantization"":0,""fixed_quant_depth"":0,""component crossover"":0,""component crossover + repair"":0,""layer bundle crossover"":0,""layer bundle crossover + repair"":0,""local exchange crossover"":4},""quant_assignments_changed_by_type"":{""depth"":113,""quantization"":157,""joint_aware"":0,""interaction_aware"":0,""sequential_quantization"":0,""fixed_quant_depth"":0,""component crossover"":0,""component crossover + repair"":0,""layer bundle crossover"":0,""layer bundle crossover + repair"":0,""local exchange crossover"":0},""depth_mask_entries_changed_total"":184,""quant_assignments_changed_total"":270,""interaction_aware_details"":{""budget_repair_quant_changes"":0,""preferred_quant_exchanges_used"":0,""fallback_quant_exchanges_used"":0},""crossover_diagnostics"":{""crossover_type"":""local_exchange"",""crossover_parent_selection"":""uniform"",""crossover_offspring"":2,""crossover_offspring_accepted"":2,""mutation_offspring_accepted"":126,""mutation_offspring"":126,""crossover_offspring_attempted"":139,""crossover_duplicates"":63,""crossover_infeasible_candidates"":0,""crossover_repair_changed_gene_count"":0,""crossover_repaired_proposals"":0,""parent_distance_mean"":5.899280575539568,""parent_distance_min"":2,""parent_distance_max"":10,""child_distance_from_parent_a_mean"":2.0,""child_distance_from_parent_b_mean"":3.3384615384615386,""layers_from_parent_a_mean"":null,""layers_from_parent_b_mean"":null,""crossover_no_legal_exchange"":74,""local_exchange_attention"":0,""local_exchange_mlp"":2,""local_exchange_quantization"":0,""local_exchange_block"":0,""parent_distance_count"":139,""child_distance_from_base_mean"":2.0,""child_distance_from_base_min"":2,""child_distance_from_base_max"":2,""child_distance_from_base_count"":2,""child_distance_from_donor_mean"":5.0,""child_distance_from_donor_min"":3,""child_distance_from_donor_max"":7,""child_distance_from_donor_count"":2,""donor_distance_reduction_mean"":2.0,""donor_distance_reduction_min"":2,""donor_distance_reduction_max"":2,""donor_distance_reduction_count"":2,""local_exchange_changed_gene_count_mean"":2.0,""local_exchange_changed_gene_count_min"":2,""local_exchange_changed_gene_count_max"":2,""local_exchange_changed_gene_count_count"":2,""child_distance_statistics_scope"":""accepted_unique_crossover_offspring"",""parent_distance_statistics_scope"":""crossover_attempts"",""persistent_population_size"":4,""unique_population_size"":4,""best_population_fitness"":0.7431640625,""configured_survivors_per_selection"":[16,4,1],""effective_survivors_per_selection"":[16,4,4],""effective_final_survivor_count"":4},""offspring_generation"":{""attempts"":265,""no_op_mutations"":0,""duplicate_candidates"":63,""infeasible_candidates"":0,""fixed_quant_legal_swap_counts"":[]},""maximum_depth_mutations_per_offspring"":3,""quantization_step_size"":1,""quantization_mutations_per_offspring"":1,""joint_aware_probability"":0.0,""adaptive_mutation"":false,""adaptive_mutation_strength"":1,""adaptive_mutation_patience"":3,""adaptive_mutation_max_strength"":3,""coarse_to_fine_mutation"":false,""coarse_to_fine_start_strength"":3,""coarse_to_fine_end_strength"":1,""stagnation_generations_after_selection"":0}",depth,True,265,128,16,8,262144,262144,1048576,1068,11018240,9740.80314796901,15276.82177734375
8,0.71337890625,0.7431640625,kl,0.71337890625,,,,,0,{},128,16,4,1,"[16,4,1]","[2048,16384,131072]",5503193088,4.083333333333333,3216.5078125,26982023168,26982023168,0,8,8,"{""type"":""mixed_depth_quantization"",""sequential_mode"":""none"",""joint_mutation_mode"":""standard"",""parent_before_generation_hash"":""3097c47f6348d9b94800f79d43c985e106917c00d5266a8a1ad08129e80fb4b2"",""parent_after_generation_hash"":""e5e9a4aef2896149be0ea1ec3fc3d79556dc7e5eda983ddeb6a55ef95b374f50"",""generated_offspring_by_type"":{""depth"":54,""quantization"":62,""joint_aware"":0,""interaction_aware"":0,""sequential_quantization"":0,""fixed_quant_depth"":0,""component crossover"":0,""component crossover + repair"":0,""layer bundle crossover"":0,""layer bundle crossover + repair"":0,""local exchange crossover"":12},""depth_mask_entries_changed_by_type"":{""depth"":168,""quantization"":0,""joint_aware"":0,""interaction_aware"":0,""sequential_quantization"":0,""fixed_quant_depth"":0,""component crossover"":0,""component crossover + repair"":0,""layer bundle crossover"":0,""layer bundle crossover + repair"":0,""local exchange crossover"":8},""quant_assignments_changed_by_type"":{""depth"":121,""quantization"":144,""joint_aware"":0,""interaction_aware"":0,""sequential_quantization"":0,""fixed_quant_depth"":0,""component crossover"":0,""component crossover + repair"":0,""layer bundle crossover"":0,""layer bundle crossover + repair"":0,""local exchange crossover"":16},""depth_mask_entries_changed_total"":176,""quant_assignments_changed_total"":281,""interaction_aware_details"":{""budget_repair_quant_changes"":0,""preferred_quant_exchanges_used"":0,""fallback_quant_exchanges_used"":0},""crossover_diagnostics"":{""crossover_type"":""local_exchange"",""crossover_parent_selection"":""uniform"",""crossover_offspring"":12,""crossover_offspring_accepted"":12,""mutation_offspring_accepted"":116,""mutation_offspring"":116,""crossover_offspring_attempted"":127,""crossover_duplicates"":115,""crossover_infeasible_candidates"":0,""crossover_repair_changed_gene_count"":0,""crossover_repaired_proposals"":0,""parent_distance_mean"":5.496062992125984,""parent_distance_min"":5,""parent_distance_max"":6,""child_distance_from_parent_a_mean"":2.0,""child_distance_from_parent_b_mean"":3.4960629921259843,""layers_from_parent_a_mean"":null,""layers_from_parent_b_mean"":null,""crossover_no_legal_exchange"":0,""local_exchange_attention"":0,""local_exchange_mlp"":4,""local_exchange_quantization"":8,""local_exchange_block"":0,""parent_distance_count"":127,""child_distance_from_base_mean"":2.0,""child_distance_from_base_min"":2,""child_distance_from_base_max"":2,""child_distance_from_base_count"":12,""child_distance_from_donor_mean"":3.3333333333333335,""child_distance_from_donor_min"":3,""child_distance_from_donor_max"":4,""child_distance_from_donor_count"":12,""donor_distance_reduction_mean"":2.0,""donor_distance_reduction_min"":2,""donor_distance_reduction_max"":2,""donor_distance_reduction_count"":12,""local_exchange_changed_gene_count_mean"":2.0,""local_exchange_changed_gene_count_min"":2,""local_exchange_changed_gene_count_max"":2,""local_exchange_changed_gene_count_count"":12,""child_distance_statistics_scope"":""accepted_unique_crossover_offspring"",""parent_distance_statistics_scope"":""crossover_attempts"",""persistent_population_size"":4,""unique_population_size"":4,""best_population_fitness"":0.71337890625,""configured_survivors_per_selection"":[16,4,1],""effective_survivors_per_selection"":[16,4,4],""effective_final_survivor_count"":4},""offspring_generation"":{""attempts"":243,""no_op_mutations"":0,""duplicate_candidates"":115,""infeasible_candidates"":0,""fixed_quant_legal_swap_counts"":[]},""maximum_depth_mutations_per_offspring"":3,""quantization_step_size"":1,""quantization_mutations_per_offspring"":1,""joint_aware_probability"":0.0,""adaptive_mutation"":false,""adaptive_mutation_strength"":1,""adaptive_mutation_patience"":3,""adaptive_mutation_max_strength"":3,""coarse_to_fine_mutation"":false,""coarse_to_fine_start_strength"":3,""coarse_to_fine_end_strength"":1,""stagnation_generations_after_selection"":0}",depth,True,243,128,16,8,262144,262144,1048576,1220,12591104,10822.167450134002,15276.82177734375
9,0.71923828125,0.71337890625,kl,0.71923828125,,,,,0,{},128,16,4,1,"[16,4,1]","[2048,16384,131072]",5503193088,4.083333333333333,3216.5078125,26982023168,26982023168,0,8,8,"{""type"":""mixed_depth_quantization"",""sequential_mode"":""none"",""joint_mutation_mode"":""standard"",""parent_before_generation_hash"":""e5e9a4aef2896149be0ea1ec3fc3d79556dc7e5eda983ddeb6a55ef95b374f50"",""parent_after_generation_hash"":""a38891c28387c0893cea2405bde5537a902690faeb6e629da02cace5af75b654"",""generated_offspring_by_type"":{""depth"":56,""quantization"":64,""joint_aware"":0,""interaction_aware"":0,""sequential_quantization"":0,""fixed_quant_depth"":0,""component crossover"":0,""component crossover + repair"":0,""layer bundle crossover"":0,""layer bundle crossover + repair"":0,""local exchange crossover"":8},""depth_mask_entries_changed_by_type"":{""depth"":172,""quantization"":0,""joint_aware"":0,""interaction_aware"":0,""sequential_quantization"":0,""fixed_quant_depth"":0,""component crossover"":0,""component crossover + repair"":0,""layer bundle crossover"":0,""layer bundle crossover + repair"":0,""local exchange crossover"":0},""quant_assignments_changed_by_type"":{""depth"":122,""quantization"":149,""joint_aware"":0,""interaction_aware"":0,""sequential_quantization"":0,""fixed_quant_depth"":0,""component crossover"":0,""component crossover + repair"":0,""layer bundle crossover"":0,""layer bundle crossover + repair"":0,""local exchange crossover"":16},""depth_mask_entries_changed_total"":172,""quant_assignments_changed_total"":287,""interaction_aware_details"":{""budget_repair_quant_changes"":0,""preferred_quant_exchanges_used"":0,""fallback_quant_exchanges_used"":0},""crossover_diagnostics"":{""crossover_type"":""local_exchange"",""crossover_parent_selection"":""uniform"",""crossover_offspring"":8,""crossover_offspring_accepted"":8,""mutation_offspring_accepted"":120,""mutation_offspring"":120,""crossover_offspring_attempted"":112,""crossover_duplicates"":87,""crossover_infeasible_candidates"":0,""crossover_repair_changed_gene_count"":0,""crossover_repaired_proposals"":0,""parent_distance_mean"":5.776785714285714,""parent_distance_min"":2,""parent_distance_max"":9,""child_distance_from_parent_a_mean"":2.0,""child_distance_from_parent_b_mean"":3.6842105263157894,""layers_from_parent_a_mean"":null,""layers_from_parent_b_mean"":null,""crossover_no_legal_exchange"":17,""local_exchange_attention"":0,""local_exchange_mlp"":0,""local_exchange_quantization"":8,""local_exchange_block"":0,""parent_distance_count"":112,""child_distance_from_base_mean"":2.0,""child_distance_from_base_min"":2,""child_distance_from_base_max"":2,""child_distance_from_base_count"":8,""child_distance_from_donor_mean"":7.0,""child_distance_from_donor_min"":2,""child_distance_from_donor_max"":8,""child_distance_from_donor_count"":8,""donor_distance_reduction_mean"":1.375,""donor_distance_reduction_min"":1,""donor_distance_reduction_max"":2,""donor_distance_reduction_count"":8,""local_exchange_changed_gene_count_mean"":2.0,""local_exchange_changed_gene_count_min"":2,""local_exchange_changed_gene_count_max"":2,""local_exchange_changed_gene_count_count"":8,""child_distance_statistics_scope"":""accepted_unique_crossover_offspring"",""parent_distance_statistics_scope"":""crossover_attempts"",""persistent_population_size"":4,""unique_population_size"":4,""best_population_fitness"":0.71923828125,""configured_survivors_per_selection"":[16,4,1],""effective_survivors_per_selection"":[16,4,4],""effective_final_survivor_count"":4},""offspring_generation"":{""attempts"":232,""no_op_mutations"":0,""duplicate_candidates"":87,""infeasible_candidates"":0,""fixed_quant_legal_swap_counts"":[]},""maximum_depth_mutations_per_offspring"":3,""quantization_step_size"":1,""quantization_mutations_per_offspring"":1,""joint_aware_probability"":0.0,""adaptive_mutation"":false,""adaptive_mutation_strength"":1,""adaptive_mutation_patience"":3,""adaptive_mutation_max_strength"":3,""coarse_to_fine_mutation"":false,""coarse_to_fine_start_strength"":3,""coarse_to_fine_end_strength"":1,""stagnation_generations_after_selection"":0}",depth,True,232,128,16,8,262144,262144,1048576,1372,14163968,11778.668530302995,15276.82177734375
10,0.71435546875,0.71923828125,kl,0.71435546875,,,,,0,{},128,16,4,1,"[16,4,1]","[2048,16384,131072]",5503193088,4.083333333333333,3216.5078125,26982023168,26982023168,0,8,8,"{""type"":""mixed_depth_quantization"",""sequential_mode"":""none"",""joint_mutation_mode"":""standard"",""parent_before_generation_hash"":""a38891c28387c0893cea2405bde5537a902690faeb6e629da02cace5af75b654"",""parent_after_generation_hash"":""a137eda979d8c316f4b660cad9872dc72af871ec4345fdce30aa4461a4f5d370"",""generated_offspring_by_type"":{""depth"":54,""quantization"":63,""joint_aware"":0,""interaction_aware"":0,""sequential_quantization"":0,""fixed_quant_depth"":0,""component crossover"":0,""component crossover + repair"":0,""layer bundle crossover"":0,""layer bundle crossover + repair"":0,""local exchange crossover"":11},""depth_mask_entries_changed_by_type"":{""depth"":162,""quantization"":0,""joint_aware"":0,""interaction_aware"":0,""sequential_quantization"":0,""fixed_quant_depth"":0,""component crossover"":0,""component crossover + repair"":0,""layer bundle crossover"":0,""layer bundle crossover + repair"":0,""local exchange crossover"":4},""quant_assignments_changed_by_type"":{""depth"":105,""quantization"":154,""joint_aware"":0,""interaction_aware"":0,""sequential_quantization"":0,""fixed_quant_depth"":0,""component crossover"":0,""component crossover + repair"":0,""layer bundle crossover"":0,""layer bundle crossover + repair"":0,""local exchange crossover"":18},""depth_mask_entries_changed_total"":166,""quant_assignments_changed_total"":277,""interaction_aware_details"":{""budget_repair_quant_changes"":0,""preferred_quant_exchanges_used"":0,""fallback_quant_exchanges_used"":0},""crossover_diagnostics"":{""crossover_type"":""local_exchange"",""crossover_parent_selection"":""uniform"",""crossover_offspring"":11,""crossover_offspring_accepted"":11,""mutation_offspring_accepted"":117,""mutation_offspring"":117,""crossover_offspring_attempted"":104,""crossover_duplicates"":49,""crossover_infeasible_candidates"":0,""crossover_repair_changed_gene_count"":0,""crossover_repaired_proposals"":0,""parent_distance_mean"":7.25,""parent_distance_min"":2,""parent_distance_max"":12,""child_distance_from_parent_a_mean"":2.0,""child_distance_from_parent_b_mean"":6.55,""layers_from_parent_a_mean"":null,""layers_from_parent_b_mean"":null,""crossover_no_legal_exchange"":44,""local_exchange_attention"":2,""local_exchange_mlp"":0,""local_exchange_quantization"":9,""local_exchange_block"":0,""parent_distance_count"":104,""child_distance_from_base_mean"":2.0,""child_distance_from_base_min"":2,""child_distance_from_base_max"":2,""child_distance_from_base_count"":11,""child_distance_from_donor_mean"":11.090909090909092,""child_distance_from_donor_min"":9,""child_distance_from_donor_max"":12,""child_distance_from_donor_count"":11,""donor_distance_reduction_mean"":0.45454545454545453,""donor_distance_reduction_min"":0,""donor_distance_reduction_max"":2,""donor_distance_reduction_count"":11,""local_exchange_changed_gene_count_mean"":2.0,""local_exchange_changed_gene_count_min"":2,""local_exchange_changed_gene_count_max"":2,""local_exchange_changed_gene_count_count"":11,""child_distance_statistics_scope"":""accepted_unique_crossover_offspring"",""parent_distance_statistics_scope"":""crossover_attempts"",""persistent_population_size"":4,""unique_population_size"":4,""best_population_fitness"":0.71435546875,""configured_survivors_per_selection"":[16,4,1],""effective_survivors_per_selection"":[16,4,4],""effective_final_survivor_count"":4},""offspring_generation"":{""attempts"":221,""no_op_mutations"":0,""duplicate_candidates"":49,""infeasible_candidates"":0,""fixed_quant_legal_swap_counts"":[]},""maximum_depth_mutations_per_offspring"":3,""quantization_step_size"":1,""quantization_mutations_per_offspring"":1,""joint_aware_probability"":0.0,""adaptive_mutation"":false,""adaptive_mutation_strength"":1,""adaptive_mutation_patience"":3,""adaptive_mutation_max_strength"":3,""coarse_to_fine_mutation"":false,""coarse_to_fine_start_strength"":3,""coarse_to_fine_end_strength"":1,""stagnation_generations_after_selection"":0}",quantization,True,221,128,16,8,262144,262144,1048576,1524,15736832,12745.18644000002,15276.82177734375
11,0.69189453125,0.71435546875,kl,0.69189453125,12.9453125,11.7421875,16.265625,,917504,"{""wikitext2"":327680,""c4"":589824}",128,16,4,1,"[16,4,1]","[2048,16384,131072]",5503193088,4.083333333333333,3216.5078125,26982023168,26982023168,0,8,8,"{""type"":""mixed_depth_quantization"",""sequential_mode"":""none"",""joint_mutation_mode"":""standard"",""parent_before_generation_hash"":""a137eda979d8c316f4b660cad9872dc72af871ec4345fdce30aa4461a4f5d370"",""parent_after_generation_hash"":""7c0c43e027f95ceb79cb18b39ae40322e3a3cac01a67b5884434b9e8d99a6fd0"",""generated_offspring_by_type"":{""depth"":64,""quantization"":50,""joint_aware"":0,""interaction_aware"":0,""sequential_quantization"":0,""fixed_quant_depth"":0,""component crossover"":0,""component crossover + repair"":0,""layer bundle crossover"":0,""layer bundle crossover + repair"":0,""local exchange crossover"":14},""depth_mask_entries_changed_by_type"":{""depth"":182,""quantization"":0,""joint_aware"":0,""interaction_aware"":0,""sequential_quantization"":0,""fixed_quant_depth"":0,""component crossover"":0,""component crossover + repair"":0,""layer bundle crossover"":0,""layer bundle crossover + repair"":0,""local exchange crossover"":0},""quant_assignments_changed_by_type"":{""depth"":117,""quantization"":116,""joint_aware"":0,""interaction_aware"":0,""sequential_quantization"":0,""fixed_quant_depth"":0,""component crossover"":0,""component crossover + repair"":0,""layer bundle crossover"":0,""layer bundle crossover + repair"":0,""local exchange crossover"":28},""depth_mask_entries_changed_total"":182,""quant_assignments_changed_total"":261,""interaction_aware_details"":{""budget_repair_quant_changes"":0,""preferred_quant_exchanges_used"":0,""fallback_quant_exchanges_used"":0},""crossover_diagnostics"":{""crossover_type"":""local_exchange"",""crossover_parent_selection"":""uniform"",""crossover_offspring"":14,""crossover_offspring_accepted"":14,""mutation_offspring_accepted"":114,""mutation_offspring"":114,""crossover_offspring_attempted"":106,""crossover_duplicates"":92,""crossover_infeasible_candidates"":0,""crossover_repair_changed_gene_count"":0,""crossover_repaired_proposals"":0,""parent_distance_mean"":4.669811320754717,""parent_distance_min"":3,""parent_distance_max"":6,""child_distance_from_parent_a_mean"":2.0,""child_distance_from_parent_b_mean"":2.669811320754717,""layers_from_parent_a_mean"":null,""layers_from_parent_b_mean"":null,""crossover_no_legal_exchange"":0,""local_exchange_attention"":0,""local_exchange_mlp"":0,""local_exchange_quantization"":14,""local_exchange_block"":0,""parent_distance_count"":106,""child_distance_from_base_mean"":2.0,""child_distance_from_base_min"":2,""child_distance_from_base_max"":2,""child_distance_from_base_count"":14,""child_distance_from_donor_mean"":2.7857142857142856,""child_distance_from_donor_min"":1,""child_distance_from_donor_max"":4,""child_distance_from_donor_count"":14,""donor_distance_reduction_mean"":2.0,""donor_distance_reduction_min"":2,""donor_distance_reduction_max"":2,""donor_distance_reduction_count"":14,""local_exchange_changed_gene_count_mean"":2.0,""local_exchange_changed_gene_count_min"":2,""local_exchange_changed_gene_count_max"":2,""local_exchange_changed_gene_count_count"":14,""child_distance_statistics_scope"":""accepted_unique_crossover_offspring"",""parent_distance_statistics_scope"":""crossover_attempts"",""persistent_population_size"":4,""unique_population_size"":4,""best_population_fitness"":0.69189453125,""configured_survivors_per_selection"":[16,4,1],""effective_survivors_per_selection"":[16,4,4],""effective_final_survivor_count"":4},""offspring_generation"":{""attempts"":221,""no_op_mutations"":0,""duplicate_candidates"":93,""infeasible_candidates"":0,""fixed_quant_legal_swap_counts"":[]},""maximum_depth_mutations_per_offspring"":3,""quantization_step_size"":1,""quantization_mutations_per_offspring"":1,""joint_aware_probability"":0.0,""adaptive_mutation"":false,""adaptive_mutation_strength"":1,""adaptive_mutation_patience"":3,""adaptive_mutation_max_strength"":3,""coarse_to_fine_mutation"":false,""coarse_to_fine_start_strength"":3,""coarse_to_fine_end_strength"":1,""stagnation_generations_after_selection"":0}",depth,True,221,128,16,8,262144,262144,1048576,1676,17309696,13995.174499349,15276.82177734375
12,0.69580078125,0.69189453125,kl,0.69580078125,,,,,0,{},128,16,4,1,"[16,4,1]","[2048,16384,131072]",5503193088,4.083333333333333,3216.5078125,26982023168,26982023168,0,8,8,"{""type"":""mixed_depth_quantization"",""sequential_mode"":""none"",""joint_mutation_mode"":""standard"",""parent_before_generation_hash"":""7c0c43e027f95ceb79cb18b39ae40322e3a3cac01a67b5884434b9e8d99a6fd0"",""parent_after_generation_hash"":""7c0c43e027f95ceb79cb18b39ae40322e3a3cac01a67b5884434b9e8d99a6fd0"",""generated_offspring_by_type"":{""depth"":58,""quantization"":52,""joint_aware"":0,""interaction_aware"":0,""sequential_quantization"":0,""fixed_quant_depth"":0,""component crossover"":0,""component crossover + repair"":0,""layer bundle crossover"":0,""layer bundle crossover + repair"":0,""local exchange crossover"":18},""depth_mask_entries_changed_by_type"":{""depth"":184,""quantization"":0,""joint_aware"":0,""interaction_aware"":0,""sequential_quantization"":0,""fixed_quant_depth"":0,""component crossover"":0,""component crossover + repair"":0,""layer bundle crossover"":0,""layer bundle crossover + repair"":0,""local exchange crossover"":0},""quant_assignments_changed_by_type"":{""depth"":113,""quantization"":127,""joint_aware"":0,""interaction_aware"":0,""sequential_quantization"":0,""fixed_quant_depth"":0,""component crossover"":0,""component crossover + repair"":0,""layer bundle crossover"":0,""layer bundle crossover + repair"":0,""local exchange crossover"":36},""depth_mask_entries_changed_total"":184,""quant_assignments_changed_total"":276,""interaction_aware_details"":{""budget_repair_quant_changes"":0,""preferred_quant_exchanges_used"":0,""fallback_quant_exchanges_used"":0},""crossover_diagnostics"":{""crossover_type"":""local_exchange"",""crossover_parent_selection"":""uniform"",""crossover_offspring"":18,""crossover_offspring_accepted"":18,""mutation_offspring_accepted"":110,""mutation_offspring"":110,""crossover_offspring_attempted"":128,""crossover_duplicates"":90,""crossover_infeasible_candidates"":0,""crossover_repair_changed_gene_count"":0,""crossover_repaired_proposals"":0,""parent_distance_mean"":7.6875,""parent_distance_min"":1,""parent_distance_max"":11,""child_distance_from_parent_a_mean"":2.0,""child_distance_from_parent_b_mean"":7.083333333333333,""layers_from_parent_a_mean"":null,""layers_from_parent_b_mean"":null,""crossover_no_legal_exchange"":20,""local_exchange_attention"":0,""local_exchange_mlp"":0,""local_exchange_quantization"":18,""local_exchange_block"":0,""parent_distance_count"":128,""child_distance_from_base_mean"":2.0,""child_distance_from_base_min"":2,""child_distance_from_base_max"":2,""child_distance_from_base_count"":18,""child_distance_from_donor_mean"":7.888888888888889,""child_distance_from_donor_min"":5,""child_distance_from_donor_max"":10,""child_distance_from_donor_count"":18,""donor_distance_reduction_mean"":1.7777777777777777,""donor_distance_reduction_min"":1,""donor_distance_reduction_max"":2,""donor_distance_reduction_count"":18,""local_exchange_changed_gene_count_mean"":2.0,""local_exchange_changed_gene_count_min"":2,""local_exchange_changed_gene_count_max"":2,""local_exchange_changed_gene_count_count"":18,""child_distance_statistics_scope"":""accepted_unique_crossover_offspring"",""parent_distance_statistics_scope"":""crossover_attempts"",""persistent_population_size"":4,""unique_population_size"":4,""best_population_fitness"":0.69580078125,""configured_survivors_per_selection"":[16,4,1],""effective_survivors_per_selection"":[16,4,4],""effective_final_survivor_count"":4},""offspring_generation"":{""attempts"":238,""no_op_mutations"":0,""duplicate_candidates"":90,""infeasible_candidates"":0,""fixed_quant_legal_swap_counts"":[]},""maximum_depth_mutations_per_offspring"":3,""quantization_step_size"":1,""quantization_mutations_per_offspring"":1,""joint_aware_probability"":0.0,""adaptive_mutation"":false,""adaptive_mutation_strength"":1,""adaptive_mutation_patience"":3,""adaptive_mutation_max_strength"":3,""coarse_to_fine_mutation"":false,""coarse_to_fine_start_strength"":3,""coarse_to_fine_end_strength"":1,""stagnation_generations_after_selection"":1}",parent,False,238,128,16,8,262144,262144,1048576,1828,18882560,15075.756029525015,15276.82177734375
13,0.67724609375,0.69580078125,kl,0.67724609375,,,,,0,{},128,16,4,1,"[16,4,1]","[2048,16384,131072]",5503193088,4.083333333333333,3216.5078125,26982023168,26982023168,0,8,8,"{""type"":""mixed_depth_quantization"",""sequential_mode"":""none"",""joint_mutation_mode"":""standard"",""parent_before_generation_hash"":""7c0c43e027f95ceb79cb18b39ae40322e3a3cac01a67b5884434b9e8d99a6fd0"",""parent_after_generation_hash"":""403dd36d3d1c62104058fef9ab2891391cb05066512731f205afb0f40b6fabbc"",""generated_offspring_by_type"":{""depth"":47,""quantization"":46,""joint_aware"":0,""interaction_aware"":0,""sequential_quantization"":0,""fixed_quant_depth"":0,""component crossover"":0,""component crossover + repair"":0,""layer bundle crossover"":0,""layer bundle crossover + repair"":0,""local exchange crossover"":35},""depth_mask_entries_changed_by_type"":{""depth"":150,""quantization"":0,""joint_aware"":0,""interaction_aware"":0,""sequential_quantization"":0,""fixed_quant_depth"":0,""component crossover"":0,""component crossover + repair"":0,""layer bundle crossover"":0,""layer bundle crossover + repair"":0,""local exchange crossover"":0},""quant_assignments_changed_by_type"":{""depth"":84,""quantization"":106,""joint_aware"":0,""interaction_aware"":0,""sequential_quantization"":0,""fixed_quant_depth"":0,""component crossover"":0,""component crossover + repair"":0,""layer bundle crossover"":0,""layer bundle crossover + repair"":0,""local exchange crossover"":70},""depth_mask_entries_changed_total"":150,""quant_assignments_changed_total"":260,""interaction_aware_details"":{""budget_repair_quant_changes"":0,""preferred_quant_exchanges_used"":0,""fallback_quant_exchanges_used"":0},""crossover_diagnostics"":{""crossover_type"":""local_exchange"",""crossover_parent_selection"":""uniform"",""crossover_offspring"":35,""crossover_offspring_accepted"":35,""mutation_offspring_accepted"":93,""mutation_offspring"":93,""crossover_offspring_attempted"":80,""crossover_duplicates"":45,""crossover_infeasible_candidates"":0,""crossover_repair_changed_gene_count"":0,""crossover_repaired_proposals"":0,""parent_distance_mean"":10.575,""parent_distance_min"":5,""parent_distance_max"":14,""child_distance_from_parent_a_mean"":2.0,""child_distance_from_parent_b_mean"":9.125,""layers_from_parent_a_mean"":null,""layers_from_parent_b_mean"":null,""crossover_no_legal_exchange"":0,""local_exchange_attention"":0,""local_exchange_mlp"":0,""local_exchange_quantization"":35,""local_exchange_block"":0,""parent_distance_count"":80,""child_distance_from_base_mean"":2.0,""child_distance_from_base_min"":2,""child_distance_from_base_max"":2,""child_distance_from_base_count"":35,""child_distance_from_donor_mean"":10.0,""child_distance_from_donor_min"":3,""child_distance_from_donor_max"":13,""child_distance_from_donor_count"":35,""donor_distance_reduction_mean"":1.3428571428571427,""donor_distance_reduction_min"":0,""donor_distance_reduction_max"":2,""donor_distance_reduction_count"":35,""local_exchange_changed_gene_count_mean"":2.0,""local_exchange_changed_gene_count_min"":2,""local_exchange_changed_gene_count_max"":2,""local_exchange_changed_gene_count_count"":35,""child_distance_statistics_scope"":""accepted_unique_crossover_offspring"",""parent_distance_statistics_scope"":""crossover_attempts"",""persistent_population_size"":4,""unique_population_size"":4,""best_population_fitness"":0.67724609375,""configured_survivors_per_selection"":[16,4,1],""effective_survivors_per_selection"":[16,4,4],""effective_final_survivor_count"":4},""offspring_generation"":{""attempts"":173,""no_op_mutations"":0,""duplicate_candidates"":45,""infeasible_candidates"":0,""fixed_quant_legal_swap_counts"":[]},""maximum_depth_mutations_per_offspring"":3,""quantization_step_size"":1,""quantization_mutations_per_offspring"":1,""joint_aware_probability"":0.0,""adaptive_mutation"":false,""adaptive_mutation_strength"":1,""adaptive_mutation_patience"":3,""adaptive_mutation_max_strength"":3,""coarse_to_fine_mutation"":false,""coarse_to_fine_start_strength"":3,""coarse_to_fine_end_strength"":1,""stagnation_generations_after_selection"":0}",quantization,True,173,128,16,8,262144,262144,1048576,1980,20455424,16109.888386448001,15276.82177734375
14,0.62841796875,0.67724609375,kl,0.62841796875,,,,,0,{},128,16,4,1,"[16,4,1]","[2048,16384,131072]",5503193088,4.083333333333333,3216.5078125,26982023168,26982023168,0,8,8,"{""type"":""mixed_depth_quantization"",""sequential_mode"":""none"",""joint_mutation_mode"":""standard"",""parent_before_generation_hash"":""403dd36d3d1c62104058fef9ab2891391cb05066512731f205afb0f40b6fabbc"",""parent_after_generation_hash"":""b3895f3a067a987fb026aa5acb50382c84b0a02e944c231dd1979ebab127b8fc"",""generated_offspring_by_type"":{""depth"":47,""quantization"":56,""joint_aware"":0,""interaction_aware"":0,""sequential_quantization"":0,""fixed_quant_depth"":0,""component crossover"":0,""component crossover + repair"":0,""layer bundle crossover"":0,""layer bundle crossover + repair"":0,""local exchange crossover"":25},""depth_mask_entries_changed_by_type"":{""depth"":148,""quantization"":0,""joint_aware"":0,""interaction_aware"":0,""sequential_quantization"":0,""fixed_quant_depth"":0,""component crossover"":0,""component crossover + repair"":0,""layer bundle crossover"":0,""layer bundle crossover + repair"":0,""local exchange crossover"":0},""quant_assignments_changed_by_type"":{""depth"":86,""quantization"":133,""joint_aware"":0,""interaction_aware"":0,""sequential_quantization"":0,""fixed_quant_depth"":0,""component crossover"":0,""component crossover + repair"":0,""layer bundle crossover"":0,""layer bundle crossover + repair"":0,""local exchange crossover"":50},""depth_mask_entries_changed_total"":148,""quant_assignments_changed_total"":269,""interaction_aware_details"":{""budget_repair_quant_changes"":0,""preferred_quant_exchanges_used"":0,""fallback_quant_exchanges_used"":0},""crossover_diagnostics"":{""crossover_type"":""local_exchange"",""crossover_parent_selection"":""uniform"",""crossover_offspring"":25,""crossover_offspring_accepted"":25,""mutation_offspring_accepted"":103,""mutation_offspring"":103,""crossover_offspring_attempted"":116,""crossover_duplicates"":91,""crossover_infeasible_candidates"":0,""crossover_repair_changed_gene_count"":0,""crossover_repaired_proposals"":0,""parent_distance_mean"":7.672413793103448,""parent_distance_min"":2,""parent_distance_max"":14,""child_distance_from_parent_a_mean"":2.0,""child_distance_from_parent_b_mean"":6.086206896551724,""layers_from_parent_a_mean"":null,""layers_from_parent_b_mean"":null,""crossover_no_legal_exchange"":0,""local_exchange_attention"":0,""local_exchange_mlp"":0,""local_exchange_quantization"":25,""local_exchange_block"":0,""parent_distance_count"":116,""child_distance_from_base_mean"":2.0,""child_distance_from_base_min"":2,""child_distance_from_base_max"":2,""child_distance_from_base_count"":25,""child_distance_from_donor_mean"":10.36,""child_distance_from_donor_min"":2,""child_distance_from_donor_max"":14,""child_distance_from_donor_count"":25,""donor_distance_reduction_mean"":1.24,""donor_distance_reduction_min"":0,""donor_distance_reduction_max"":2,""donor_distance_reduction_count"":25,""local_exchange_changed_gene_count_mean"":2.0,""local_exchange_changed_gene_count_min"":2,""local_exchange_changed_gene_count_max"":2,""local_exchange_changed_gene_count_count"":25,""child_distance_statistics_scope"":""accepted_unique_crossover_offspring"",""parent_distance_statistics_scope"":""crossover_attempts"",""persistent_population_size"":4,""unique_population_size"":4,""best_population_fitness"":0.62841796875,""configured_survivors_per_selection"":[16,4,1],""effective_survivors_per_selection"":[16,4,4],""effective_final_survivor_count"":4},""offspring_generation"":{""attempts"":219,""no_op_mutations"":0,""duplicate_candidates"":91,""infeasible_candidates"":0,""fixed_quant_legal_swap_counts"":[]},""maximum_depth_mutations_per_offspring"":3,""quantization_step_size"":1,""quantization_mutations_per_offspring"":1,""joint_aware_probability"":0.0,""adaptive_mutation"":false,""adaptive_mutation_strength"":1,""adaptive_mutation_patience"":3,""adaptive_mutation_max_strength"":3,""coarse_to_fine_mutation"":false,""coarse_to_fine_start_strength"":3,""coarse_to_fine_end_strength"":1,""stagnation_generations_after_selection"":0}",depth,True,219,128,16,8,262144,262144,1048576,2132,22028288,17162.614982547995,15276.82177734375
15,0.59912109375,0.62841796875,kl,0.59912109375,,,,,0,{},128,16,4,1,"[16,4,1]","[2048,16384,131072]",5503193088,4.083333333333333,3216.5078125,26982023168,26982023168,0,8,8,"{""type"":""mixed_depth_quantization"",""sequential_mode"":""none"",""joint_mutation_mode"":""standard"",""parent_before_generation_hash"":""b3895f3a067a987fb026aa5acb50382c84b0a02e944c231dd1979ebab127b8fc"",""parent_after_generation_hash"":""8e7dcd66ec5505299a922ece1f2c7a2c893c367a0805377b1ad7fb27a92d2326"",""generated_offspring_by_type"":{""depth"":56,""quantization"":69,""joint_aware"":0,""interaction_aware"":0,""sequential_quantization"":0,""fixed_quant_depth"":0,""component crossover"":0,""component crossover + repair"":0,""layer bundle crossover"":0,""layer bundle crossover + repair"":0,""local exchange crossover"":3},""depth_mask_entries_changed_by_type"":{""depth"":164,""quantization"":0,""joint_aware"":0,""interaction_aware"":0,""sequential_quantization"":0,""fixed_quant_depth"":0,""component crossover"":0,""component crossover + repair"":0,""layer bundle crossover"":0,""layer bundle crossover + repair"":0,""local exchange crossover"":2},""quant_assignments_changed_by_type"":{""depth"":117,""quantization"":166,""joint_aware"":0,""interaction_aware"":0,""sequential_quantization"":0,""fixed_quant_depth"":0,""component crossover"":0,""component crossover + repair"":0,""layer bundle crossover"":0,""layer bundle crossover + repair"":0,""local exchange crossover"":4},""depth_mask_entries_changed_total"":166,""quant_assignments_changed_total"":287,""interaction_aware_details"":{""budget_repair_quant_changes"":0,""preferred_quant_exchanges_used"":0,""fallback_quant_exchanges_used"":0},""crossover_diagnostics"":{""crossover_type"":""local_exchange"",""crossover_parent_selection"":""uniform"",""crossover_offspring"":3,""crossover_offspring_accepted"":3,""mutation_offspring_accepted"":125,""mutation_offspring"":125,""crossover_offspring_attempted"":124,""crossover_duplicates"":110,""crossover_infeasible_candidates"":0,""crossover_repair_changed_gene_count"":0,""crossover_repaired_proposals"":0,""parent_distance_mean"":3.9516129032258065,""parent_distance_min"":2,""parent_distance_max"":6,""child_distance_from_parent_a_mean"":2.0,""child_distance_from_parent_b_mean"":1.9469026548672566,""layers_from_parent_a_mean"":null,""layers_from_parent_b_mean"":null,""crossover_no_legal_exchange"":11,""local_exchange_attention"":1,""local_exchange_mlp"":0,""local_exchange_quantization"":2,""local_exchange_block"":0,""parent_distance_count"":124,""child_distance_from_base_mean"":2.0,""child_distance_from_base_min"":2,""child_distance_from_base_max"":2,""child_distance_from_base_count"":3,""child_distance_from_donor_mean"":3.3333333333333335,""child_distance_from_donor_min"":2,""child_distance_from_donor_max"":4,""child_distance_from_donor_count"":3,""donor_distance_reduction_mean"":2.0,""donor_distance_reduction_min"":2,""donor_distance_reduction_max"":2,""donor_distance_reduction_count"":3,""local_exchange_changed_gene_count_mean"":2.0,""local_exchange_changed_gene_count_min"":2,""local_exchange_changed_gene_count_max"":2,""local_exchange_changed_gene_count_count"":3,""child_distance_statistics_scope"":""accepted_unique_crossover_offspring"",""parent_distance_statistics_scope"":""crossover_attempts"",""persistent_population_size"":4,""unique_population_size"":4,""best_population_fitness"":0.59912109375,""configured_survivors_per_selection"":[16,4,1],""effective_survivors_per_selection"":[16,4,4],""effective_final_survivor_count"":4},""offspring_generation"":{""attempts"":250,""no_op_mutations"":0,""duplicate_candidates"":111,""infeasible_candidates"":0,""fixed_quant_legal_swap_counts"":[]},""maximum_depth_mutations_per_offspring"":3,""quantization_step_size"":1,""quantization_mutations_per_offspring"":1,""joint_aware_probability"":0.0,""adaptive_mutation"":false,""adaptive_mutation_strength"":1,""adaptive_mutation_patience"":3,""adaptive_mutation_max_strength"":3,""coarse_to_fine_mutation"":false,""coarse_to_fine_start_strength"":3,""coarse_to_fine_end_strength"":1,""stagnation_generations_after_selection"":0}",local exchange crossover,True,250,128,16,8,262144,262144,1048576,2284,23601152,18130.534733720007,15276.82177734375
16,0.55615234375,0.59912109375,kl,0.55615234375,11.2421875,10.9453125,14.5546875,,917504,"{""wikitext2"":327680,""c4"":589824}",128,16,4,1,"[16,4,1]","[2048,16384,131072]",5503193088,4.083333333333333,3216.5078125,26982023168,26982023168,0,8,8,"{""type"":""mixed_depth_quantization"",""sequential_mode"":""none"",""joint_mutation_mode"":""standard"",""parent_before_generation_hash"":""8e7dcd66ec5505299a922ece1f2c7a2c893c367a0805377b1ad7fb27a92d2326"",""parent_after_generation_hash"":""16af3fa20b65d6adc828fe54ecb7c02a0d4cd8b58e151c27102d247d3aef09b6"",""generated_offspring_by_type"":{""depth"":55,""quantization"":59,""joint_aware"":0,""interaction_aware"":0,""sequential_quantization"":0,""fixed_quant_depth"":0,""component crossover"":0,""component crossover + repair"":0,""layer bundle crossover"":0,""layer bundle crossover + repair"":0,""local exchange crossover"":14},""depth_mask_entries_changed_by_type"":{""depth"":168,""quantization"":0,""joint_aware"":0,""interaction_aware"":0,""sequential_quantization"":0,""fixed_quant_depth"":0,""component crossover"":0,""component crossover + repair"":0,""layer bundle crossover"":0,""layer bundle crossover + repair"":0,""local exchange crossover"":6},""quant_assignments_changed_by_type"":{""depth"":110,""quantization"":135,""joint_aware"":0,""interaction_aware"":0,""sequential_quantization"":0,""fixed_quant_depth"":0,""component crossover"":0,""component crossover + repair"":0,""layer bundle crossover"":0,""layer bundle crossover + repair"":0,""local exchange crossover"":22},""depth_mask_entries_changed_total"":174,""quant_assignments_changed_total"":267,""interaction_aware_details"":{""budget_repair_quant_changes"":0,""preferred_quant_exchanges_used"":0,""fallback_quant_exchanges_used"":0},""crossover_diagnostics"":{""crossover_type"":""local_exchange"",""crossover_parent_selection"":""uniform"",""crossover_offspring"":14,""crossover_offspring_accepted"":14,""mutation_offspring_accepted"":114,""mutation_offspring"":114,""crossover_offspring_attempted"":109,""crossover_duplicates"":95,""crossover_infeasible_candidates"":0,""crossover_repair_changed_gene_count"":0,""crossover_repaired_proposals"":0,""parent_distance_mean"":4.63302752293578,""parent_distance_min"":4,""parent_distance_max"":5,""child_distance_from_parent_a_mean"":2.0,""child_distance_from_parent_b_mean"":2.63302752293578,""layers_from_parent_a_mean"":null,""layers_from_parent_b_mean"":null,""crossover_no_legal_exchange"":0,""local_exchange_attention"":3,""local_exchange_mlp"":0,""local_exchange_quantization"":11,""local_exchange_block"":0,""parent_distance_count"":109,""child_distance_from_base_mean"":2.0,""child_distance_from_base_min"":2,""child_distance_from_base_max"":2,""child_distance_from_base_count"":14,""child_distance_from_donor_mean"":2.7142857142857144,""child_distance_from_donor_min"":2,""child_distance_from_donor_max"":3,""child_distance_from_donor_count"":14,""donor_distance_reduction_mean"":2.0,""donor_distance_reduction_min"":2,""donor_distance_reduction_max"":2,""donor_distance_reduction_count"":14,""local_exchange_changed_gene_count_mean"":2.0,""local_exchange_changed_gene_count_min"":2,""local_exchange_changed_gene_count_max"":2,""local_exchange_changed_gene_count_count"":14,""child_distance_statistics_scope"":""accepted_unique_crossover_offspring"",""parent_distance_statistics_scope"":""crossover_attempts"",""persistent_population_size"":4,""unique_population_size"":4,""best_population_fitness"":0.55615234375,""configured_survivors_per_selection"":[16,4,1],""effective_survivors_per_selection"":[16,4,4],""effective_final_survivor_count"":4},""offspring_generation"":{""attempts"":223,""no_op_mutations"":0,""duplicate_candidates"":95,""infeasible_candidates"":0,""fixed_quant_legal_swap_counts"":[]},""maximum_depth_mutations_per_offspring"":3,""quantization_step_size"":1,""quantization_mutations_per_offspring"":1,""joint_aware_probability"":0.0,""adaptive_mutation"":false,""adaptive_mutation_strength"":1,""adaptive_mutation_patience"":3,""adaptive_mutation_max_strength"":3,""coarse_to_fine_mutation"":false,""coarse_to_fine_start_strength"":3,""coarse_to_fine_end_strength"":1,""stagnation_generations_after_selection"":0}",depth,True,223,128,16,8,262144,262144,1048576,2436,25174016,19370.15425998601,15276.82177734375
17,0.57177734375,0.55615234375,kl,0.57177734375,,,,,0,{},128,16,4,1,"[16,4,1]","[2048,16384,131072]",5503193088,4.083333333333333,3216.5078125,26982023168,26982023168,0,8,8,"{""type"":""mixed_depth_quantization"",""sequential_mode"":""none"",""joint_mutation_mode"":""standard"",""parent_before_generation_hash"":""16af3fa20b65d6adc828fe54ecb7c02a0d4cd8b58e151c27102d247d3aef09b6"",""parent_after_generation_hash"":""b4efe763fcad57c1ae61d758f9555e329e4db557ca6756154912ff70079e31db"",""generated_offspring_by_type"":{""depth"":52,""quantization"":61,""joint_aware"":0,""interaction_aware"":0,""sequential_quantization"":0,""fixed_quant_depth"":0,""component crossover"":0,""component crossover + repair"":0,""layer bundle crossover"":0,""layer bundle crossover + repair"":0,""local exchange crossover"":15},""depth_mask_entries_changed_by_type"":{""depth"":150,""quantization"":0,""joint_aware"":0,""interaction_aware"":0,""sequential_quantization"":0,""fixed_quant_depth"":0,""component crossover"":0,""component crossover + repair"":0,""layer bundle crossover"":0,""layer bundle crossover + repair"":0,""local exchange crossover"":12},""quant_assignments_changed_by_type"":{""depth"":91,""quantization"":142,""joint_aware"":0,""interaction_aware"":0,""sequential_quantization"":0,""fixed_quant_depth"":0,""component crossover"":0,""component crossover + repair"":0,""layer bundle crossover"":0,""layer bundle crossover + repair"":0,""local exchange crossover"":18},""depth_mask_entries_changed_total"":162,""quant_assignments_changed_total"":251,""interaction_aware_details"":{""budget_repair_quant_changes"":0,""preferred_quant_exchanges_used"":0,""fallback_quant_exchanges_used"":0},""crossover_diagnostics"":{""crossover_type"":""local_exchange"",""crossover_parent_selection"":""uniform"",""crossover_offspring"":15,""crossover_offspring_accepted"":15,""mutation_offspring_accepted"":113,""mutation_offspring"":113,""crossover_offspring_attempted"":112,""crossover_duplicates"":83,""crossover_infeasible_candidates"":0,""crossover_repair_changed_gene_count"":0,""crossover_repaired_proposals"":0,""parent_distance_mean"":4.544642857142857,""parent_distance_min"":4,""parent_distance_max"":5,""child_distance_from_parent_a_mean"":2.0,""child_distance_from_parent_b_mean"":2.622448979591837,""layers_from_parent_a_mean"":null,""layers_from_parent_b_mean"":null,""crossover_no_legal_exchange"":14,""local_exchange_attention"":0,""local_exchange_mlp"":6,""local_exchange_quantization"":9,""local_exchange_block"":0,""parent_distance_count"":112,""child_distance_from_base_mean"":2.0,""child_distance_from_base_min"":2,""child_distance_from_base_max"":2,""child_distance_from_base_count"":15,""child_distance_from_donor_mean"":2.6666666666666665,""child_distance_from_donor_min"":2,""child_distance_from_donor_max"":3,""child_distance_from_donor_count"":15,""donor_distance_reduction_mean"":2.0,""donor_distance_reduction_min"":2,""donor_distance_reduction_max"":2,""donor_distance_reduction_count"":15,""local_exchange_changed_gene_count_mean"":2.0,""local_exchange_changed_gene_count_min"":2,""local_exchange_changed_gene_count_max"":2,""local_exchange_changed_gene_count_count"":15,""child_distance_statistics_scope"":""accepted_unique_crossover_offspring"",""parent_distance_statistics_scope"":""crossover_attempts"",""persistent_population_size"":4,""unique_population_size"":4,""best_population_fitness"":0.57177734375,""configured_survivors_per_selection"":[16,4,1],""effective_survivors_per_selection"":[16,4,4],""effective_final_survivor_count"":4},""offspring_generation"":{""attempts"":226,""no_op_mutations"":0,""duplicate_candidates"":84,""infeasible_candidates"":0,""fixed_quant_legal_swap_counts"":[]},""maximum_depth_mutations_per_offspring"":3,""quantization_step_size"":1,""quantization_mutations_per_offspring"":1,""joint_aware_probability"":0.0,""adaptive_mutation"":false,""adaptive_mutation_strength"":1,""adaptive_mutation_patience"":3,""adaptive_mutation_max_strength"":3,""coarse_to_fine_mutation"":false,""coarse_to_fine_start_strength"":3,""coarse_to_fine_end_strength"":1,""stagnation_generations_after_selection"":0}",depth,True,226,128,16,8,262144,262144,1048576,2588,26746880,20386.680171632994,15276.82177734375
18,0.556640625,0.57177734375,kl,0.556640625,,,,,0,{},128,16,4,1,"[16,4,1]","[2048,16384,131072]",5503193088,4.083333333333333,3216.5078125,26982023168,26982023168,0,8,8,"{""type"":""mixed_depth_quantization"",""sequential_mode"":""none"",""joint_mutation_mode"":""standard"",""parent_before_generation_hash"":""b4efe763fcad57c1ae61d758f9555e329e4db557ca6756154912ff70079e31db"",""parent_after_generation_hash"":""b4efe763fcad57c1ae61d758f9555e329e4db557ca6756154912ff70079e31db"",""generated_offspring_by_type"":{""depth"":60,""quantization"":60,""joint_aware"":0,""interaction_aware"":0,""sequential_quantization"":0,""fixed_quant_depth"":0,""component crossover"":0,""component crossover + repair"":0,""layer bundle crossover"":0,""layer bundle crossover + repair"":0,""local exchange crossover"":8},""depth_mask_entries_changed_by_type"":{""depth"":186,""quantization"":0,""joint_aware"":0,""interaction_aware"":0,""sequential_quantization"":0,""fixed_quant_depth"":0,""component crossover"":0,""component crossover + repair"":0,""layer bundle crossover"":0,""layer bundle crossover + repair"":0,""local exchange crossover"":0},""quant_assignments_changed_by_type"":{""depth"":122,""quantization"":144,""joint_aware"":0,""interaction_aware"":0,""sequential_quantization"":0,""fixed_quant_depth"":0,""component crossover"":0,""component crossover + repair"":0,""layer bundle crossover"":0,""layer bundle crossover + repair"":0,""local exchange crossover"":16},""depth_mask_entries_changed_total"":186,""quant_assignments_changed_total"":282,""interaction_aware_details"":{""budget_repair_quant_changes"":0,""preferred_quant_exchanges_used"":0,""fallback_quant_exchanges_used"":0},""crossover_diagnostics"":{""crossover_type"":""local_exchange"",""crossover_parent_selection"":""uniform"",""crossover_offspring"":8,""crossover_offspring_accepted"":8,""mutation_offspring_accepted"":120,""mutation_offspring"":120,""crossover_offspring_attempted"":125,""crossover_duplicates"":73,""crossover_infeasible_candidates"":0,""crossover_repair_changed_gene_count"":0,""crossover_repaired_proposals"":0,""parent_distance_mean"":6.176,""parent_distance_min"":2,""parent_distance_max"":12,""child_distance_from_parent_a_mean"":2.0,""child_distance_from_parent_b_mean"":5.111111111111111,""layers_from_parent_a_mean"":null,""layers_from_parent_b_mean"":null,""crossover_no_legal_exchange"":44,""local_exchange_attention"":0,""local_exchange_mlp"":0,""local_exchange_quantization"":8,""local_exchange_block"":0,""parent_distance_count"":125,""child_distance_from_base_mean"":2.0,""child_distance_from_base_min"":2,""child_distance_from_base_max"":2,""child_distance_from_base_count"":8,""child_distance_from_donor_mean"":8.875,""child_distance_from_donor_min"":5,""child_distance_from_donor_max"":11,""child_distance_from_donor_count"":8,""donor_distance_reduction_mean"":1.25,""donor_distance_reduction_min"":1,""donor_distance_reduction_max"":2,""donor_distance_reduction_count"":8,""local_exchange_changed_gene_count_mean"":2.0,""local_exchange_changed_gene_count_min"":2,""local_exchange_changed_gene_count_max"":2,""local_exchange_changed_gene_count_count"":8,""child_distance_statistics_scope"":""accepted_unique_crossover_offspring"",""parent_distance_statistics_scope"":""crossover_attempts"",""persistent_population_size"":4,""unique_population_size"":4,""best_population_fitness"":0.556640625,""configured_survivors_per_selection"":[16,4,1],""effective_survivors_per_selection"":[16,4,4],""effective_final_survivor_count"":4},""offspring_generation"":{""attempts"":246,""no_op_mutations"":1,""duplicate_candidates"":73,""infeasible_candidates"":0,""fixed_quant_legal_swap_counts"":[]},""maximum_depth_mutations_per_offspring"":3,""quantization_step_size"":1,""quantization_mutations_per_offspring"":1,""joint_aware_probability"":0.0,""adaptive_mutation"":false,""adaptive_mutation_strength"":1,""adaptive_mutation_patience"":3,""adaptive_mutation_max_strength"":3,""coarse_to_fine_mutation"":false,""coarse_to_fine_start_strength"":3,""coarse_to_fine_end_strength"":1,""stagnation_generations_after_selection"":1}",parent,False,246,128,16,8,262144,262144,1048576,2740,28319744,21381.432625985006,15276.82177734375
19,0.54833984375,0.556640625,kl,0.54833984375,,,,,0,{},128,16,4,1,"[16,4,1]","[2048,16384,131072]",5503193088,4.083333333333333,3216.5078125,26982023168,26982023168,0,8,8,"{""type"":""mixed_depth_quantization"",""sequential_mode"":""none"",""joint_mutation_mode"":""standard"",""parent_before_generation_hash"":""b4efe763fcad57c1ae61d758f9555e329e4db557ca6756154912ff70079e31db"",""parent_after_generation_hash"":""ee58818d7a71bd96d87ef174b31564f0aa50e91a5391b8ecdf25ce7f49cde297"",""generated_offspring_by_type"":{""depth"":50,""quantization"":40,""joint_aware"":0,""interaction_aware"":0,""sequential_quantization"":0,""fixed_quant_depth"":0,""component crossover"":0,""component crossover + repair"":0,""layer bundle crossover"":0,""layer bundle crossover + repair"":0,""local exchange crossover"":38},""depth_mask_entries_changed_by_type"":{""depth"":160,""quantization"":0,""joint_aware"":0,""interaction_aware"":0,""sequential_quantization"":0,""fixed_quant_depth"":0,""component crossover"":0,""component crossover + repair"":0,""layer bundle crossover"":0,""layer bundle crossover + repair"":0,""local exchange crossover"":0},""quant_assignments_changed_by_type"":{""depth"":110,""quantization"":93,""joint_aware"":0,""interaction_aware"":0,""sequential_quantization"":0,""fixed_quant_depth"":0,""component crossover"":0,""component crossover + repair"":0,""layer bundle crossover"":0,""layer bundle crossover + repair"":0,""local exchange crossover"":76},""depth_mask_entries_changed_total"":160,""quant_assignments_changed_total"":279,""interaction_aware_details"":{""budget_repair_quant_changes"":0,""preferred_quant_exchanges_used"":0,""fallback_quant_exchanges_used"":0},""crossover_diagnostics"":{""crossover_type"":""local_exchange"",""crossover_parent_selection"":""uniform"",""crossover_offspring"":38,""crossover_offspring_accepted"":38,""mutation_offspring_accepted"":90,""mutation_offspring"":90,""crossover_offspring_attempted"":74,""crossover_duplicates"":36,""crossover_infeasible_candidates"":0,""crossover_repair_changed_gene_count"":0,""crossover_repaired_proposals"":0,""parent_distance_mean"":10.013513513513514,""parent_distance_min"":6,""parent_distance_max"":15,""child_distance_from_parent_a_mean"":2.0,""child_distance_from_parent_b_mean"":8.162162162162161,""layers_from_parent_a_mean"":null,""layers_from_parent_b_mean"":null,""crossover_no_legal_exchange"":0,""local_exchange_attention"":0,""local_exchange_mlp"":0,""local_exchange_quantization"":38,""local_exchange_block"":0,""parent_distance_count"":74,""child_distance_from_base_mean"":2.0,""child_distance_from_base_min"":2,""child_distance_from_base_max"":2,""child_distance_from_base_count"":38,""child_distance_from_donor_mean"":9.394736842105264,""child_distance_from_donor_min"":4,""child_distance_from_donor_max"":14,""child_distance_from_donor_count"":38,""donor_distance_reduction_mean"":1.8157894736842106,""donor_distance_reduction_min"":1,""donor_distance_reduction_max"":2,""donor_distance_reduction_count"":38,""local_exchange_changed_gene_count_mean"":2.0,""local_exchange_changed_gene_count_min"":2,""local_exchange_changed_gene_count_max"":2,""local_exchange_changed_gene_count_count"":38,""child_distance_statistics_scope"":""accepted_unique_crossover_offspring"",""parent_distance_statistics_scope"":""crossover_attempts"",""persistent_population_size"":4,""unique_population_size"":4,""best_population_fitness"":0.54833984375,""configured_survivors_per_selection"":[16,4,1],""effective_survivors_per_selection"":[16,4,4],""effective_final_survivor_count"":4},""offspring_generation"":{""attempts"":164,""no_op_mutations"":0,""duplicate_candidates"":36,""infeasible_candidates"":0,""fixed_quant_legal_swap_counts"":[]},""maximum_depth_mutations_per_offspring"":3,""quantization_step_size"":1,""quantization_mutations_per_offspring"":1,""joint_aware_probability"":0.0,""adaptive_mutation"":false,""adaptive_mutation_strength"":1,""adaptive_mutation_patience"":3,""adaptive_mutation_max_strength"":3,""coarse_to_fine_mutation"":false,""coarse_to_fine_start_strength"":3,""coarse_to_fine_end_strength"":1,""stagnation_generations_after_selection"":0}",parent,True,164,128,16,8,262144,262144,1048576,2892,29892608,22592.74527461201,15276.82177734375
20,0.55859375,0.54833984375,kl,0.55859375,,,,,0,{},128,16,4,1,"[16,4,1]","[2048,16384,131072]",5503193088,4.083333333333333,3216.5078125,26982023168,26982023168,0,8,8,"{""type"":""mixed_depth_quantization"",""sequential_mode"":""none"",""joint_mutation_mode"":""standard"",""parent_before_generation_hash"":""ee58818d7a71bd96d87ef174b31564f0aa50e91a5391b8ecdf25ce7f49cde297"",""parent_after_generation_hash"":""c59e2ab93192518ff9fa3d1f83758b0aecc26cf6f688056b92221bc781f1a5c9"",""generated_offspring_by_type"":{""depth"":46,""quantization"":46,""joint_aware"":0,""interaction_aware"":0,""sequential_quantization"":0,""fixed_quant_depth"":0,""component crossover"":0,""component crossover + repair"":0,""layer bundle crossover"":0,""layer bundle crossover + repair"":0,""local exchange crossover"":36},""depth_mask_entries_changed_by_type"":{""depth"":158,""quantization"":0,""joint_aware"":0,""interaction_aware"":0,""sequential_quantization"":0,""fixed_quant_depth"":0,""component crossover"":0,""component crossover + repair"":0,""layer bundle crossover"":0,""layer bundle crossover + repair"":0,""local exchange crossover"":0},""quant_assignments_changed_by_type"":{""depth"":106,""quantization"":109,""joint_aware"":0,""interaction_aware"":0,""sequential_quantization"":0,""fixed_quant_depth"":0,""component crossover"":0,""component crossover + repair"":0,""layer bundle crossover"":0,""layer bundle crossover + repair"":0,""local exchange crossover"":72},""depth_mask_entries_changed_total"":158,""quant_assignments_changed_total"":287,""interaction_aware_details"":{""budget_repair_quant_changes"":0,""preferred_quant_exchanges_used"":0,""fallback_quant_exchanges_used"":0},""crossover_diagnostics"":{""crossover_type"":""local_exchange"",""crossover_parent_selection"":""uniform"",""crossover_offspring"":36,""crossover_offspring_accepted"":36,""mutation_offspring_accepted"":92,""mutation_offspring"":92,""crossover_offspring_attempted"":91,""crossover_duplicates"":55,""crossover_infeasible_candidates"":0,""crossover_repair_changed_gene_count"":0,""crossover_repaired_proposals"":0,""parent_distance_mean"":10.285714285714286,""parent_distance_min"":6,""parent_distance_max"":15,""child_distance_from_parent_a_mean"":2.0,""child_distance_from_parent_b_mean"":8.571428571428571,""layers_from_parent_a_mean"":null,""layers_from_parent_b_mean"":null,""crossover_no_legal_exchange"":0,""local_exchange_attention"":0,""local_exchange_mlp"":0,""local_exchange_quantization"":36,""local_exchange_block"":0,""parent_distance_count"":91,""child_distance_from_base_mean"":2.0,""child_distance_from_base_min"":2,""child_distance_from_base_max"":2,""child_distance_from_base_count"":36,""child_distance_from_donor_mean"":8.88888888888889,""child_distance_from_donor_min"":4,""child_distance_from_donor_max"":14,""child_distance_from_donor_count"":36,""donor_distance_reduction_mean"":1.75,""donor_distance_reduction_min"":1,""donor_distance_reduction_max"":2,""donor_distance_reduction_count"":36,""local_exchange_changed_gene_count_mean"":2.0,""local_exchange_changed_gene_count_min"":2,""local_exchange_changed_gene_count_max"":2,""local_exchange_changed_gene_count_count"":36,""child_distance_statistics_scope"":""accepted_unique_crossover_offspring"",""parent_distance_statistics_scope"":""crossover_attempts"",""persistent_population_size"":4,""unique_population_size"":4,""best_population_fitness"":0.55859375,""configured_survivors_per_selection"":[16,4,1],""effective_survivors_per_selection"":[16,4,4],""effective_final_survivor_count"":4},""offspring_generation"":{""attempts"":183,""no_op_mutations"":0,""duplicate_candidates"":55,""infeasible_candidates"":0,""fixed_quant_legal_swap_counts"":[]},""maximum_depth_mutations_per_offspring"":3,""quantization_step_size"":1,""quantization_mutations_per_offspring"":1,""joint_aware_probability"":0.0,""adaptive_mutation"":false,""adaptive_mutation_strength"":1,""adaptive_mutation_patience"":3,""adaptive_mutation_max_strength"":3,""coarse_to_fine_mutation"":false,""coarse_to_fine_start_strength"":3,""coarse_to_fine_end_strength"":1,""stagnation_generations_after_selection"":0}",local exchange crossover,True,183,128,16,8,262144,262144,1048576,3044,31465472,23694.910205530992,15276.82177734375
21,0.53466796875,0.55859375,kl,0.53466796875,11.0703125,10.921875,14.2421875,,917504,"{""wikitext2"":327680,""c4"":589824}",128,16,4,1,"[16,4,1]","[2048,16384,131072]",5503193088,4.083333333333333,3216.5078125,26982023168,26982023168,0,8,8,"{""type"":""mixed_depth_quantization"",""sequential_mode"":""none"",""joint_mutation_mode"":""standard"",""parent_before_generation_hash"":""c59e2ab93192518ff9fa3d1f83758b0aecc26cf6f688056b92221bc781f1a5c9"",""parent_after_generation_hash"":""b577d8ef0719713e4730d14f821dc1cb093afca56ff2734581ce89e014d8cc94"",""generated_offspring_by_type"":{""depth"":53,""quantization"":45,""joint_aware"":0,""interaction_aware"":0,""sequential_quantization"":0,""fixed_quant_depth"":0,""component crossover"":0,""component crossover + repair"":0,""layer bundle crossover"":0,""layer bundle crossover + repair"":0,""local exchange crossover"":30},""depth_mask_entries_changed_by_type"":{""depth"":158,""quantization"":0,""joint_aware"":0,""interaction_aware"":0,""sequential_quantization"":0,""fixed_quant_depth"":0,""component crossover"":0,""component crossover + repair"":0,""layer bundle crossover"":0,""layer bundle crossover + repair"":0,""local exchange crossover"":0},""quant_assignments_changed_by_type"":{""depth"":130,""quantization"":111,""joint_aware"":0,""interaction_aware"":0,""sequential_quantization"":0,""fixed_quant_depth"":0,""component crossover"":0,""component crossover + repair"":0,""layer bundle crossover"":0,""layer bundle crossover + repair"":0,""local exchange crossover"":60},""depth_mask_entries_changed_total"":158,""quant_assignments_changed_total"":301,""interaction_aware_details"":{""budget_repair_quant_changes"":0,""preferred_quant_exchanges_used"":0,""fallback_quant_exchanges_used"":0},""crossover_diagnostics"":{""crossover_type"":""local_exchange"",""crossover_parent_selection"":""uniform"",""crossover_offspring"":30,""crossover_offspring_accepted"":30,""mutation_offspring_accepted"":98,""mutation_offspring"":98,""crossover_offspring_attempted"":143,""crossover_duplicates"":87,""crossover_infeasible_candidates"":0,""crossover_repair_changed_gene_count"":0,""crossover_repaired_proposals"":0,""parent_distance_mean"":6.356643356643357,""parent_distance_min"":2,""parent_distance_max"":12,""child_distance_from_parent_a_mean"":2.0,""child_distance_from_parent_b_mean"":5.3247863247863245,""layers_from_parent_a_mean"":null,""layers_from_parent_b_mean"":null,""crossover_no_legal_exchange"":26,""local_exchange_attention"":0,""local_exchange_mlp"":0,""local_exchange_quantization"":30,""local_exchange_block"":0,""parent_distance_count"":143,""child_distance_from_base_mean"":2.0,""child_distance_from_base_min"":2,""child_distance_from_base_max"":2,""child_distance_from_base_count"":30,""child_distance_from_donor_mean"":6.466666666666667,""child_distance_from_donor_min"":3,""child_distance_from_donor_max"":10,""child_distance_from_donor_count"":30,""donor_distance_reduction_mean"":2.0,""donor_distance_reduction_min"":2,""donor_distance_reduction_max"":2,""donor_distance_reduction_count"":30,""local_exchange_changed_gene_count_mean"":2.0,""local_exchange_changed_gene_count_min"":2,""local_exchange_changed_gene_count_max"":2,""local_exchange_changed_gene_count_count"":30,""child_distance_statistics_scope"":""accepted_unique_crossover_offspring"",""parent_distance_statistics_scope"":""crossover_attempts"",""persistent_population_size"":4,""unique_population_size"":4,""best_population_fitness"":0.53466796875,""configured_survivors_per_selection"":[16,4,1],""effective_survivors_per_selection"":[16,4,4],""effective_final_survivor_count"":4},""offspring_generation"":{""attempts"":241,""no_op_mutations"":0,""duplicate_candidates"":87,""infeasible_candidates"":0,""fixed_quant_legal_swap_counts"":[]},""maximum_depth_mutations_per_offspring"":3,""quantization_step_size"":1,""quantization_mutations_per_offspring"":1,""joint_aware_probability"":0.0,""adaptive_mutation"":false,""adaptive_mutation_strength"":1,""adaptive_mutation_patience"":3,""adaptive_mutation_max_strength"":3,""coarse_to_fine_mutation"":false,""coarse_to_fine_start_strength"":3,""coarse_to_fine_end_strength"":1,""stagnation_generations_after_selection"":0}",quantization,True,241,128,16,8,262144,262144,1048576,3196,33038336,24959.33611863901,15276.82177734375
22,0.5458984375,0.53466796875,kl,0.5458984375,,,,,0,{},128,16,4,1,"[16,4,1]","[2048,16384,131072]",5503193088,4.083333333333333,3216.5078125,26982023168,26982023168,0,8,8,"{""type"":""mixed_depth_quantization"",""sequential_mode"":""none"",""joint_mutation_mode"":""standard"",""parent_before_generation_hash"":""b577d8ef0719713e4730d14f821dc1cb093afca56ff2734581ce89e014d8cc94"",""parent_after_generation_hash"":""0c36736fa3d4f243fa3ef0977a6fb029c01e40b0bfe984727d05d4783665305b"",""generated_offspring_by_type"":{""depth"":49,""quantization"":50,""joint_aware"":0,""interaction_aware"":0,""sequential_quantization"":0,""fixed_quant_depth"":0,""component crossover"":0,""component crossover + repair"":0,""layer bundle crossover"":0,""layer bundle crossover + repair"":0,""local exchange crossover"":29},""depth_mask_entries_changed_by_type"":{""depth"":150,""quantization"":0,""joint_aware"":0,""interaction_aware"":0,""sequential_quantization"":0,""fixed_quant_depth"":0,""component crossover"":0,""component crossover + repair"":0,""layer bundle crossover"":0,""layer bundle crossover + repair"":0,""local exchange crossover"":0},""quant_assignments_changed_by_type"":{""depth"":128,""quantization"":120,""joint_aware"":0,""interaction_aware"":0,""sequential_quantization"":0,""fixed_quant_depth"":0,""component crossover"":0,""component crossover + repair"":0,""layer bundle crossover"":0,""layer bundle crossover + repair"":0,""local exchange crossover"":58},""depth_mask_entries_changed_total"":150,""quant_assignments_changed_total"":306,""interaction_aware_details"":{""budget_repair_quant_changes"":0,""preferred_quant_exchanges_used"":0,""fallback_quant_exchanges_used"":0},""crossover_diagnostics"":{""crossover_type"":""local_exchange"",""crossover_parent_selection"":""uniform"",""crossover_offspring"":29,""crossover_offspring_accepted"":29,""mutation_offspring_accepted"":99,""mutation_offspring"":99,""crossover_offspring_attempted"":89,""crossover_duplicates"":60,""crossover_infeasible_candidates"":0,""crossover_repair_changed_gene_count"":0,""crossover_repaired_proposals"":0,""parent_distance_mean"":6.876404494382022,""parent_distance_min"":4,""parent_distance_max"":10,""child_distance_from_parent_a_mean"":2.0,""child_distance_from_parent_b_mean"":4.876404494382022,""layers_from_parent_a_mean"":null,""layers_from_parent_b_mean"":null,""crossover_no_legal_exchange"":0,""local_exchange_attention"":0,""local_exchange_mlp"":0,""local_exchange_quantization"":29,""local_exchange_block"":0,""parent_distance_count"":89,""child_distance_from_base_mean"":2.0,""child_distance_from_base_min"":2,""child_distance_from_base_max"":2,""child_distance_from_base_count"":29,""child_distance_from_donor_mean"":5.689655172413793,""child_distance_from_donor_min"":2,""child_distance_from_donor_max"":8,""child_distance_from_donor_count"":29,""donor_distance_reduction_mean"":2.0,""donor_distance_reduction_min"":2,""donor_distance_reduction_max"":2,""donor_distance_reduction_count"":29,""local_exchange_changed_gene_count_mean"":2.0,""local_exchange_changed_gene_count_min"":2,""local_exchange_changed_gene_count_max"":2,""local_exchange_changed_gene_count_count"":29,""child_distance_statistics_scope"":""accepted_unique_crossover_offspring"",""parent_distance_statistics_scope"":""crossover_attempts"",""persistent_population_size"":4,""unique_population_size"":4,""best_population_fitness"":0.5458984375,""configured_survivors_per_selection"":[16,4,1],""effective_survivors_per_selection"":[16,4,4],""effective_final_survivor_count"":4},""offspring_generation"":{""attempts"":188,""no_op_mutations"":0,""duplicate_candidates"":60,""infeasible_candidates"":0,""fixed_quant_legal_swap_counts"":[]},""maximum_depth_mutations_per_offspring"":3,""quantization_step_size"":1,""quantization_mutations_per_offspring"":1,""joint_aware_probability"":0.0,""adaptive_mutation"":false,""adaptive_mutation_strength"":1,""adaptive_mutation_patience"":3,""adaptive_mutation_max_strength"":3,""coarse_to_fine_mutation"":false,""coarse_to_fine_start_strength"":3,""coarse_to_fine_end_strength"":1,""stagnation_generations_after_selection"":0}",depth,True,188,128,16,8,262144,262144,1048576,3348,34611200,26019.773615952,15276.82177734375
23,0.55712890625,0.5458984375,kl,0.55712890625,,,,,0,{},128,16,4,1,"[16,4,1]","[2048,16384,131072]",5503193088,4.083333333333333,3216.5078125,26982023168,26982023168,0,8,8,"{""type"":""mixed_depth_quantization"",""sequential_mode"":""none"",""joint_mutation_mode"":""standard"",""parent_before_generation_hash"":""0c36736fa3d4f243fa3ef0977a6fb029c01e40b0bfe984727d05d4783665305b"",""parent_after_generation_hash"":""48979e5094f5c47a750a73393ba30fa2973caa0388031ef7875354df27e1b307"",""generated_offspring_by_type"":{""depth"":55,""quantization"":49,""joint_aware"":0,""interaction_aware"":0,""sequential_quantization"":0,""fixed_quant_depth"":0,""component crossover"":0,""component crossover + repair"":0,""layer bundle crossover"":0,""layer bundle crossover + repair"":0,""local exchange crossover"":24},""depth_mask_entries_changed_by_type"":{""depth"":176,""quantization"":0,""joint_aware"":0,""interaction_aware"":0,""sequential_quantization"":0,""fixed_quant_depth"":0,""component crossover"":0,""component crossover + repair"":0,""layer bundle crossover"":0,""layer bundle crossover + repair"":0,""local exchange crossover"":4},""quant_assignments_changed_by_type"":{""depth"":107,""quantization"":118,""joint_aware"":0,""interaction_aware"":0,""sequential_quantization"":0,""fixed_quant_depth"":0,""component crossover"":0,""component crossover + repair"":0,""layer bundle crossover"":0,""layer bundle crossover + repair"":0,""local exchange crossover"":44},""depth_mask_entries_changed_total"":180,""quant_assignments_changed_total"":269,""interaction_aware_details"":{""budget_repair_quant_changes"":0,""preferred_quant_exchanges_used"":0,""fallback_quant_exchanges_used"":0},""crossover_diagnostics"":{""crossover_type"":""local_exchange"",""crossover_parent_selection"":""uniform"",""crossover_offspring"":24,""crossover_offspring_accepted"":24,""mutation_offspring_accepted"":104,""mutation_offspring"":104,""crossover_offspring_attempted"":100,""crossover_duplicates"":76,""crossover_infeasible_candidates"":0,""crossover_repair_changed_gene_count"":0,""crossover_repaired_proposals"":0,""parent_distance_mean"":7.58,""parent_distance_min"":2,""parent_distance_max"":13,""child_distance_from_parent_a_mean"":2.0,""child_distance_from_parent_b_mean"":5.58,""layers_from_parent_a_mean"":null,""layers_from_parent_b_mean"":null,""crossover_no_legal_exchange"":0,""local_exchange_attention"":0,""local_exchange_mlp"":2,""local_exchange_quantization"":22,""local_exchange_block"":0,""parent_distance_count"":100,""child_distance_from_base_mean"":2.0,""child_distance_from_base_min"":2,""child_distance_from_base_max"":2,""child_distance_from_base_count"":24,""child_distance_from_donor_mean"":8.416666666666666,""child_distance_from_donor_min"":1,""child_distance_from_donor_max"":11,""child_distance_from_donor_count"":24,""donor_distance_reduction_mean"":2.0,""donor_distance_reduction_min"":2,""donor_distance_reduction_max"":2,""donor_distance_reduction_count"":24,""local_exchange_changed_gene_count_mean"":2.0,""local_exchange_changed_gene_count_min"":2,""local_exchange_changed_gene_count_max"":2,""local_exchange_changed_gene_count_count"":24,""child_distance_statistics_scope"":""accepted_unique_crossover_offspring"",""parent_distance_statistics_scope"":""crossover_attempts"",""persistent_population_size"":4,""unique_population_size"":4,""best_population_fitness"":0.55712890625,""configured_survivors_per_selection"":[16,4,1],""effective_survivors_per_selection"":[16,4,4],""effective_final_survivor_count"":4},""offspring_generation"":{""attempts"":204,""no_op_mutations"":0,""duplicate_candidates"":76,""infeasible_candidates"":0,""fixed_quant_legal_swap_counts"":[]},""maximum_depth_mutations_per_offspring"":3,""quantization_step_size"":1,""quantization_mutations_per_offspring"":1,""joint_aware_probability"":0.0,""adaptive_mutation"":false,""adaptive_mutation_strength"":1,""adaptive_mutation_patience"":3,""adaptive_mutation_max_strength"":3,""coarse_to_fine_mutation"":false,""coarse_to_fine_start_strength"":3,""coarse_to_fine_end_strength"":1,""stagnation_generations_after_selection"":0}",local exchange crossover,True,204,128,16,8,262144,262144,1048576,3500,36184064,27067.946423418995,15276.82177734375
24,0.5380859375,0.55712890625,kl,0.5380859375,,,,,0,{},128,16,4,1,"[16,4,1]","[2048,16384,131072]",5503193088,4.083333333333333,3216.5078125,26982023168,26982023168,0,8,8,"{""type"":""mixed_depth_quantization"",""sequential_mode"":""none"",""joint_mutation_mode"":""standard"",""parent_before_generation_hash"":""48979e5094f5c47a750a73393ba30fa2973caa0388031ef7875354df27e1b307"",""parent_after_generation_hash"":""1d0c4d6559d60b325b9e29749b2c4a8675faaf6faf4531d6c026694b58db9b4b"",""generated_offspring_by_type"":{""depth"":60,""quantization"":61,""joint_aware"":0,""interaction_aware"":0,""sequential_quantization"":0,""fixed_quant_depth"":0,""component crossover"":0,""component crossover + repair"":0,""layer bundle crossover"":0,""layer bundle crossover + repair"":0,""local exchange crossover"":7},""depth_mask_entries_changed_by_type"":{""depth"":180,""quantization"":0,""joint_aware"":0,""interaction_aware"":0,""sequential_quantization"":0,""fixed_quant_depth"":0,""component crossover"":0,""component crossover + repair"":0,""layer bundle crossover"":0,""layer bundle crossover + repair"":0,""local exchange crossover"":0},""quant_assignments_changed_by_type"":{""depth"":125,""quantization"":146,""joint_aware"":0,""interaction_aware"":0,""sequential_quantization"":0,""fixed_quant_depth"":0,""component crossover"":0,""component crossover + repair"":0,""layer bundle crossover"":0,""layer bundle crossover + repair"":0,""local exchange crossover"":14},""depth_mask_entries_changed_total"":180,""quant_assignments_changed_total"":285,""interaction_aware_details"":{""budget_repair_quant_changes"":0,""preferred_quant_exchanges_used"":0,""fallback_quant_exchanges_used"":0},""crossover_diagnostics"":{""crossover_type"":""local_exchange"",""crossover_parent_selection"":""uniform"",""crossover_offspring"":7,""crossover_offspring_accepted"":7,""mutation_offspring_accepted"":121,""mutation_offspring"":121,""crossover_offspring_attempted"":107,""crossover_duplicates"":89,""crossover_infeasible_candidates"":0,""crossover_repair_changed_gene_count"":0,""crossover_repaired_proposals"":0,""parent_distance_mean"":4.11214953271028,""parent_distance_min"":1,""parent_distance_max"":5,""child_distance_from_parent_a_mean"":2.0,""child_distance_from_parent_b_mean"":2.46875,""layers_from_parent_a_mean"":null,""layers_from_parent_b_mean"":null,""crossover_no_legal_exchange"":11,""local_exchange_attention"":0,""local_exchange_mlp"":0,""local_exchange_quantization"":7,""local_exchange_block"":0,""parent_distance_count"":107,""child_distance_from_base_mean"":2.0,""child_distance_from_base_min"":2,""child_distance_from_base_max"":2,""child_distance_from_base_count"":7,""child_distance_from_donor_mean"":2.4285714285714284,""child_distance_from_donor_min"":2,""child_distance_from_donor_max"":3,""child_distance_from_donor_count"":7,""donor_distance_reduction_mean"":2.0,""donor_distance_reduction_min"":2,""donor_distance_reduction_max"":2,""donor_distance_reduction_count"":7,""local_exchange_changed_gene_count_mean"":2.0,""local_exchange_changed_gene_count_min"":2,""local_exchange_changed_gene_count_max"":2,""local_exchange_changed_gene_count_count"":7,""child_distance_statistics_scope"":""accepted_unique_crossover_offspring"",""parent_distance_statistics_scope"":""crossover_attempts"",""persistent_population_size"":4,""unique_population_size"":4,""best_population_fitness"":0.5380859375,""configured_survivors_per_selection"":[16,4,1],""effective_survivors_per_selection"":[16,4,4],""effective_final_survivor_count"":4},""offspring_generation"":{""attempts"":228,""no_op_mutations"":0,""duplicate_candidates"":89,""infeasible_candidates"":0,""fixed_quant_legal_swap_counts"":[]},""maximum_depth_mutations_per_offspring"":3,""quantization_step_size"":1,""quantization_mutations_per_offspring"":1,""joint_aware_probability"":0.0,""adaptive_mutation"":false,""adaptive_mutation_strength"":1,""adaptive_mutation_patience"":3,""adaptive_mutation_max_strength"":3,""coarse_to_fine_mutation"":false,""coarse_to_fine_start_strength"":3,""coarse_to_fine_end_strength"":1,""stagnation_generations_after_selection"":0}",quantization,True,228,128,16,8,262144,262144,1048576,3652,37756928,28055.703561525006,15276.82177734375
25,0.52685546875,0.5380859375,kl,0.52685546875,,,,,0,{},128,16,4,1,"[16,4,1]","[2048,16384,131072]",5503193088,4.083333333333333,3216.5078125,26982023168,26982023168,0,8,8,"{""type"":""mixed_depth_quantization"",""sequential_mode"":""none"",""joint_mutation_mode"":""standard"",""parent_before_generation_hash"":""1d0c4d6559d60b325b9e29749b2c4a8675faaf6faf4531d6c026694b58db9b4b"",""parent_after_generation_hash"":""2b990904daa1c56a55924e8099e9043f24c323cc821f19d5fb9dfd4c34324a34"",""generated_offspring_by_type"":{""depth"":42,""quantization"":53,""joint_aware"":0,""interaction_aware"":0,""sequential_quantization"":0,""fixed_quant_depth"":0,""component crossover"":0,""component crossover + repair"":0,""layer bundle crossover"":0,""layer bundle crossover + repair"":0,""local exchange crossover"":33},""depth_mask_entries_changed_by_type"":{""depth"":128,""quantization"":0,""joint_aware"":0,""interaction_aware"":0,""sequential_quantization"":0,""fixed_quant_depth"":0,""component crossover"":0,""component crossover + repair"":0,""layer bundle crossover"":0,""layer bundle crossover + repair"":0,""local exchange crossover"":0},""quant_assignments_changed_by_type"":{""depth"":88,""quantization"":123,""joint_aware"":0,""interaction_aware"":0,""sequential_quantization"":0,""fixed_quant_depth"":0,""component crossover"":0,""component crossover + repair"":0,""layer bundle crossover"":0,""layer bundle crossover + repair"":0,""local exchange crossover"":66},""depth_mask_entries_changed_total"":128,""quant_assignments_changed_total"":277,""interaction_aware_details"":{""budget_repair_quant_changes"":0,""preferred_quant_exchanges_used"":0,""fallback_quant_exchanges_used"":0},""crossover_diagnostics"":{""crossover_type"":""local_exchange"",""crossover_parent_selection"":""uniform"",""crossover_offspring"":33,""crossover_offspring_accepted"":33,""mutation_offspring_accepted"":95,""mutation_offspring"":95,""crossover_offspring_attempted"":71,""crossover_duplicates"":38,""crossover_infeasible_candidates"":0,""crossover_repair_changed_gene_count"":0,""crossover_repaired_proposals"":0,""parent_distance_mean"":8.084507042253522,""parent_distance_min"":5,""parent_distance_max"":11,""child_distance_from_parent_a_mean"":2.0,""child_distance_from_parent_b_mean"":6.084507042253521,""layers_from_parent_a_mean"":null,""layers_from_parent_b_mean"":null,""crossover_no_legal_exchange"":0,""local_exchange_attention"":0,""local_exchange_mlp"":0,""local_exchange_quantization"":33,""local_exchange_block"":0,""parent_distance_count"":71,""child_distance_from_base_mean"":2.0,""child_distance_from_base_min"":2,""child_distance_from_base_max"":2,""child_distance_from_base_count"":33,""child_distance_from_donor_mean"":6.606060606060606,""child_distance_from_donor_min"":3,""child_distance_from_donor_max"":9,""child_distance_from_donor_count"":33,""donor_distance_reduction_mean"":2.0,""donor_distance_reduction_min"":2,""donor_distance_reduction_max"":2,""donor_distance_reduction_count"":33,""local_exchange_changed_gene_count_mean"":2.0,""local_exchange_changed_gene_count_min"":2,""local_exchange_changed_gene_count_max"":2,""local_exchange_changed_gene_count_count"":33,""child_distance_statistics_scope"":""accepted_unique_crossover_offspring"",""parent_distance_statistics_scope"":""crossover_attempts"",""persistent_population_size"":4,""unique_population_size"":4,""best_population_fitness"":0.52685546875,""configured_survivors_per_selection"":[16,4,1],""effective_survivors_per_selection"":[16,4,4],""effective_final_survivor_count"":4},""offspring_generation"":{""attempts"":166,""no_op_mutations"":0,""duplicate_candidates"":38,""infeasible_candidates"":0,""fixed_quant_legal_swap_counts"":[]},""maximum_depth_mutations_per_offspring"":3,""quantization_step_size"":1,""quantization_mutations_per_offspring"":1,""joint_aware_probability"":0.0,""adaptive_mutation"":false,""adaptive_mutation_strength"":1,""adaptive_mutation_patience"":3,""adaptive_mutation_max_strength"":3,""coarse_to_fine_mutation"":false,""coarse_to_fine_start_strength"":3,""coarse_to_fine_end_strength"":1,""stagnation_generations_after_selection"":0}",depth,True,166,128,16,8,262144,262144,1048576,3804,39329792,29120.161452080007,15276.82177734375
26,0.51513671875,0.52685546875,kl,0.51513671875,10.625,10.625,13.75,,917504,"{""wikitext2"":327680,""c4"":589824}",128,16,4,1,"[16,4,1]","[2048,16384,131072]",5503193088,4.083333333333333,3216.5078125,26982023168,26982023168,0,8,8,"{""type"":""mixed_depth_quantization"",""sequential_mode"":""none"",""joint_mutation_mode"":""standard"",""parent_before_generation_hash"":""2b990904daa1c56a55924e8099e9043f24c323cc821f19d5fb9dfd4c34324a34"",""parent_after_generation_hash"":""2b990904daa1c56a55924e8099e9043f24c323cc821f19d5fb9dfd4c34324a34"",""generated_offspring_by_type"":{""depth"":28,""quantization"":50,""joint_aware"":0,""interaction_aware"":0,""sequential_quantization"":0,""fixed_quant_depth"":0,""component crossover"":0,""component crossover + repair"":0,""layer bundle crossover"":0,""layer bundle crossover + repair"":0,""local exchange crossover"":50},""depth_mask_entries_changed_by_type"":{""depth"":78,""quantization"":0,""joint_aware"":0,""interaction_aware"":0,""sequential_quantization"":0,""fixed_quant_depth"":0,""component crossover"":0,""component crossover + repair"":0,""layer bundle crossover"":0,""layer bundle crossover + repair"":0,""local exchange crossover"":6},""quant_assignments_changed_by_type"":{""depth"":49,""quantization"":116,""joint_aware"":0,""interaction_aware"":0,""sequential_quantization"":0,""fixed_quant_depth"":0,""component crossover"":0,""component crossover + repair"":0,""layer bundle crossover"":0,""layer bundle crossover + repair"":0,""local exchange crossover"":94},""depth_mask_entries_changed_total"":84,""quant_assignments_changed_total"":259,""interaction_aware_details"":{""budget_repair_quant_changes"":0,""preferred_quant_exchanges_used"":0,""fallback_quant_exchanges_used"":0},""crossover_diagnostics"":{""crossover_type"":""local_exchange"",""crossover_parent_selection"":""uniform"",""crossover_offspring"":50,""crossover_offspring_accepted"":50,""mutation_offspring_accepted"":78,""mutation_offspring"":78,""crossover_offspring_attempted"":80,""crossover_duplicates"":30,""crossover_infeasible_candidates"":0,""crossover_repair_changed_gene_count"":0,""crossover_repaired_proposals"":0,""parent_distance_mean"":10.7875,""parent_distance_min"":9,""parent_distance_max"":13,""child_distance_from_parent_a_mean"":2.0,""child_distance_from_parent_b_mean"":8.7875,""layers_from_parent_a_mean"":null,""layers_from_parent_b_mean"":null,""crossover_no_legal_exchange"":0,""local_exchange_attention"":0,""local_exchange_mlp"":3,""local_exchange_quantization"":47,""local_exchange_block"":0,""parent_distance_count"":80,""child_distance_from_base_mean"":2.0,""child_distance_from_base_min"":2,""child_distance_from_base_max"":2,""child_distance_from_base_count"":50,""child_distance_from_donor_mean"":8.96,""child_distance_from_donor_min"":7,""child_distance_from_donor_max"":11,""child_distance_from_donor_count"":50,""donor_distance_reduction_mean"":2.0,""donor_distance_reduction_min"":2,""donor_distance_reduction_max"":2,""donor_distance_reduction_count"":50,""local_exchange_changed_gene_count_mean"":2.0,""local_exchange_changed_gene_count_min"":2,""local_exchange_changed_gene_count_max"":2,""local_exchange_changed_gene_count_count"":50,""child_distance_statistics_scope"":""accepted_unique_crossover_offspring"",""parent_distance_statistics_scope"":""crossover_attempts"",""persistent_population_size"":4,""unique_population_size"":4,""best_population_fitness"":0.51513671875,""configured_survivors_per_selection"":[16,4,1],""effective_survivors_per_selection"":[16,4,4],""effective_final_survivor_count"":4},""offspring_generation"":{""attempts"":158,""no_op_mutations"":0,""duplicate_candidates"":30,""infeasible_candidates"":0,""fixed_quant_legal_swap_counts"":[]},""maximum_depth_mutations_per_offspring"":3,""quantization_step_size"":1,""quantization_mutations_per_offspring"":1,""joint_aware_probability"":0.0,""adaptive_mutation"":false,""adaptive_mutation_strength"":1,""adaptive_mutation_patience"":3,""adaptive_mutation_max_strength"":3,""coarse_to_fine_mutation"":false,""coarse_to_fine_start_strength"":3,""coarse_to_fine_end_strength"":1,""stagnation_generations_after_selection"":1}",parent,False,158,128,16,8,262144,262144,1048576,3956,40902656,30377.152431226015,15276.82177734375
27,0.54443359375,0.51513671875,kl,0.54443359375,,,,,0,{},128,16,4,1,"[16,4,1]","[2048,16384,131072]",5503193088,4.083333333333333,3216.5078125,26982023168,26982023168,0,8,8,"{""type"":""mixed_depth_quantization"",""sequential_mode"":""none"",""joint_mutation_mode"":""standard"",""parent_before_generation_hash"":""2b990904daa1c56a55924e8099e9043f24c323cc821f19d5fb9dfd4c34324a34"",""parent_after_generation_hash"":""2440ac8dd7f371545a111253ea97f831b35ac50530bfc0bcb4edc21978906c8a"",""generated_offspring_by_type"":{""depth"":47,""quantization"":31,""joint_aware"":0,""interaction_aware"":0,""sequential_quantization"":0,""fixed_quant_depth"":0,""component crossover"":0,""component crossover + repair"":0,""layer bundle crossover"":0,""layer bundle crossover + repair"":0,""local exchange crossover"":50},""depth_mask_entries_changed_by_type"":{""depth"":144,""quantization"":0,""joint_aware"":0,""interaction_aware"":0,""sequential_quantization"":0,""fixed_quant_depth"":0,""component crossover"":0,""component crossover + repair"":0,""layer bundle crossover"":0,""layer bundle crossover + repair"":0,""local exchange crossover"":4},""quant_assignments_changed_by_type"":{""depth"":109,""quantization"":73,""joint_aware"":0,""interaction_aware"":0,""sequential_quantization"":0,""fixed_quant_depth"":0,""component crossover"":0,""component crossover + repair"":0,""layer bundle crossover"":0,""layer bundle crossover + repair"":0,""local exchange crossover"":96},""depth_mask_entries_changed_total"":148,""quant_assignments_changed_total"":278,""interaction_aware_details"":{""budget_repair_quant_changes"":0,""preferred_quant_exchanges_used"":0,""fallback_quant_exchanges_used"":0},""crossover_diagnostics"":{""crossover_type"":""local_exchange"",""crossover_parent_selection"":""uniform"",""crossover_offspring"":50,""crossover_offspring_accepted"":50,""mutation_offspring_accepted"":78,""mutation_offspring"":78,""crossover_offspring_attempted"":88,""crossover_duplicates"":38,""crossover_infeasible_candidates"":0,""crossover_repair_changed_gene_count"":0,""crossover_repaired_proposals"":0,""parent_distance_mean"":12.534090909090908,""parent_distance_min"":4,""parent_distance_max"":15,""child_distance_from_parent_a_mean"":2.0,""child_distance_from_parent_b_mean"":10.534090909090908,""layers_from_parent_a_mean"":null,""layers_from_parent_b_mean"":null,""crossover_no_legal_exchange"":0,""local_exchange_attention"":0,""local_exchange_mlp"":2,""local_exchange_quantization"":48,""local_exchange_block"":0,""parent_distance_count"":88,""child_distance_from_base_mean"":2.0,""child_distance_from_base_min"":2,""child_distance_from_base_max"":2,""child_distance_from_base_count"":50,""child_distance_from_donor_mean"":11.26,""child_distance_from_donor_min"":2,""child_distance_from_donor_max"":13,""child_distance_from_donor_count"":50,""donor_distance_reduction_mean"":2.0,""donor_distance_reduction_min"":2,""donor_distance_reduction_max"":2,""donor_distance_reduction_count"":50,""local_exchange_changed_gene_count_mean"":2.0,""local_exchange_changed_gene_count_min"":2,""local_exchange_changed_gene_count_max"":2,""local_exchange_changed_gene_count_count"":50,""child_distance_statistics_scope"":""accepted_unique_crossover_offspring"",""parent_distance_statistics_scope"":""crossover_attempts"",""persistent_population_size"":4,""unique_population_size"":4,""best_population_fitness"":0.54443359375,""configured_survivors_per_selection"":[16,4,1],""effective_survivors_per_selection"":[16,4,4],""effective_final_survivor_count"":4},""offspring_generation"":{""attempts"":166,""no_op_mutations"":0,""duplicate_candidates"":38,""infeasible_candidates"":0,""fixed_quant_legal_swap_counts"":[]},""maximum_depth_mutations_per_offspring"":3,""quantization_step_size"":1,""quantization_mutations_per_offspring"":1,""joint_aware_probability"":0.0,""adaptive_mutation"":false,""adaptive_mutation_strength"":1,""adaptive_mutation_patience"":3,""adaptive_mutation_max_strength"":3,""coarse_to_fine_mutation"":false,""coarse_to_fine_start_strength"":3,""coarse_to_fine_end_strength"":1,""stagnation_generations_after_selection"":0}",local exchange crossover,True,166,128,16,8,262144,262144,1048576,4108,42475520,31602.455825565004,15276.82177734375
28,0.5283203125,0.54443359375,kl,0.5283203125,,,,,0,{},128,16,4,1,"[16,4,1]","[2048,16384,131072]",5503193088,4.083333333333333,3216.5078125,26982023168,26982023168,0,8,8,"{""type"":""mixed_depth_quantization"",""sequential_mode"":""none"",""joint_mutation_mode"":""standard"",""parent_before_generation_hash"":""2440ac8dd7f371545a111253ea97f831b35ac50530bfc0bcb4edc21978906c8a"",""parent_after_generation_hash"":""3660eb98a57bc745ac21057a52cc752e254694f841f537ba9d303c5022dbd8c0"",""generated_offspring_by_type"":{""depth"":67,""quantization"":55,""joint_aware"":0,""interaction_aware"":0,""sequential_quantization"":0,""fixed_quant_depth"":0,""component crossover"":0,""component crossover + repair"":0,""layer bundle crossover"":0,""layer bundle crossover + repair"":0,""local exchange crossover"":6},""depth_mask_entries_changed_by_type"":{""depth"":186,""quantization"":0,""joint_aware"":0,""interaction_aware"":0,""sequential_quantization"":0,""fixed_quant_depth"":0,""component crossover"":0,""component crossover + repair"":0,""layer bundle crossover"":0,""layer bundle crossover + repair"":0,""local exchange crossover"":0},""quant_assignments_changed_by_type"":{""depth"":146,""quantization"":131,""joint_aware"":0,""interaction_aware"":0,""sequential_quantization"":0,""fixed_quant_depth"":0,""component crossover"":0,""component crossover + repair"":0,""layer bundle crossover"":0,""layer bundle crossover + repair"":0,""local exchange crossover"":12},""depth_mask_entries_changed_total"":186,""quant_assignments_changed_total"":289,""interaction_aware_details"":{""budget_repair_quant_changes"":0,""preferred_quant_exchanges_used"":0,""fallback_quant_exchanges_used"":0},""crossover_diagnostics"":{""crossover_type"":""local_exchange"",""crossover_parent_selection"":""uniform"",""crossover_offspring"":6,""crossover_offspring_accepted"":6,""mutation_offspring_accepted"":122,""mutation_offspring"":122,""crossover_offspring_attempted"":108,""crossover_duplicates"":102,""crossover_infeasible_candidates"":0,""crossover_repair_changed_gene_count"":0,""crossover_repaired_proposals"":0,""parent_distance_mean"":2.9814814814814814,""parent_distance_min"":2,""parent_distance_max"":4,""child_distance_from_parent_a_mean"":2.0,""child_distance_from_parent_b_mean"":0.9814814814814815,""layers_from_parent_a_mean"":null,""layers_from_parent_b_mean"":null,""crossover_no_legal_exchange"":0,""local_exchange_attention"":0,""local_exchange_mlp"":0,""local_exchange_quantization"":6,""local_exchange_block"":0,""parent_distance_count"":108,""child_distance_from_base_mean"":2.0,""child_distance_from_base_min"":2,""child_distance_from_base_max"":2,""child_distance_from_base_count"":6,""child_distance_from_donor_mean"":2.0,""child_distance_from_donor_min"":2,""child_distance_from_donor_max"":2,""child_distance_from_donor_count"":6,""donor_distance_reduction_mean"":2.0,""donor_distance_reduction_min"":2,""donor_distance_reduction_max"":2,""donor_distance_reduction_count"":6,""local_exchange_changed_gene_count_mean"":2.0,""local_exchange_changed_gene_count_min"":2,""local_exchange_changed_gene_count_max"":2,""local_exchange_changed_gene_count_count"":6,""child_distance_statistics_scope"":""accepted_unique_crossover_offspring"",""parent_distance_statistics_scope"":""crossover_attempts"",""persistent_population_size"":4,""unique_population_size"":4,""best_population_fitness"":0.5283203125,""configured_survivors_per_selection"":[16,4,1],""effective_survivors_per_selection"":[16,4,4],""effective_final_survivor_count"":4},""offspring_generation"":{""attempts"":231,""no_op_mutations"":1,""duplicate_candidates"":102,""infeasible_candidates"":0,""fixed_quant_legal_swap_counts"":[]},""maximum_depth_mutations_per_offspring"":3,""quantization_step_size"":1,""quantization_mutations_per_offspring"":1,""joint_aware_probability"":0.0,""adaptive_mutation"":false,""adaptive_mutation_strength"":1,""adaptive_mutation_patience"":3,""adaptive_mutation_max_strength"":3,""coarse_to_fine_mutation"":false,""coarse_to_fine_start_strength"":3,""coarse_to_fine_end_strength"":1,""stagnation_generations_after_selection"":0}",quantization,True,231,128,16,8,262144,262144,1048576,4260,44048384,32729.31035163201,15276.82177734375
29,0.51318359375,0.5283203125,kl,0.51318359375,,,,,0,{},128,16,4,1,"[16,4,1]","[2048,16384,131072]",5503193088,4.083333333333333,3216.5078125,26982023168,26982023168,0,8,8,"{""type"":""mixed_depth_quantization"",""sequential_mode"":""none"",""joint_mutation_mode"":""standard"",""parent_before_generation_hash"":""3660eb98a57bc745ac21057a52cc752e254694f841f537ba9d303c5022dbd8c0"",""parent_after_generation_hash"":""6f7c4f3b664b9f1f49116bd11020ba2b38215278b9bc09f96b41e7eeaa98c3aa"",""generated_offspring_by_type"":{""depth"":51,""quantization"":43,""joint_aware"":0,""interaction_aware"":0,""sequential_quantization"":0,""fixed_quant_depth"":0,""component crossover"":0,""component crossover + repair"":0,""layer bundle crossover"":0,""layer bundle crossover + repair"":0,""local exchange crossover"":34},""depth_mask_entries_changed_by_type"":{""depth"":142,""quantization"":0,""joint_aware"":0,""interaction_aware"":0,""sequential_quantization"":0,""fixed_quant_depth"":0,""component crossover"":0,""component crossover + repair"":0,""layer bundle crossover"":0,""layer bundle crossover + repair"":0,""local exchange crossover"":0},""quant_assignments_changed_by_type"":{""depth"":115,""quantization"":95,""joint_aware"":0,""interaction_aware"":0,""sequential_quantization"":0,""fixed_quant_depth"":0,""component crossover"":0,""component crossover + repair"":0,""layer bundle crossover"":0,""layer bundle crossover + repair"":0,""local exchange crossover"":68},""depth_mask_entries_changed_total"":142,""quant_assignments_changed_total"":278,""interaction_aware_details"":{""budget_repair_quant_changes"":0,""preferred_quant_exchanges_used"":0,""fallback_quant_exchanges_used"":0},""crossover_diagnostics"":{""crossover_type"":""local_exchange"",""crossover_parent_selection"":""uniform"",""crossover_offspring"":34,""crossover_offspring_accepted"":34,""mutation_offspring_accepted"":94,""mutation_offspring"":94,""crossover_offspring_attempted"":112,""crossover_duplicates"":78,""crossover_infeasible_candidates"":0,""crossover_repair_changed_gene_count"":0,""crossover_repaired_proposals"":0,""parent_distance_mean"":4.875,""parent_distance_min"":2,""parent_distance_max"":9,""child_distance_from_parent_a_mean"":2.0,""child_distance_from_parent_b_mean"":2.875,""layers_from_parent_a_mean"":null,""layers_from_parent_b_mean"":null,""crossover_no_legal_exchange"":0,""local_exchange_attention"":0,""local_exchange_mlp"":0,""local_exchange_quantization"":34,""local_exchange_block"":0,""parent_distance_count"":112,""child_distance_from_base_mean"":2.0,""child_distance_from_base_min"":2,""child_distance_from_base_max"":2,""child_distance_from_base_count"":34,""child_distance_from_donor_mean"":4.411764705882353,""child_distance_from_donor_min"":2,""child_distance_from_donor_max"":7,""child_distance_from_donor_count"":34,""donor_distance_reduction_mean"":2.0,""donor_distance_reduction_min"":2,""donor_distance_reduction_max"":2,""donor_distance_reduction_count"":34,""local_exchange_changed_gene_count_mean"":2.0,""local_exchange_changed_gene_count_min"":2,""local_exchange_changed_gene_count_max"":2,""local_exchange_changed_gene_count_count"":34,""child_distance_statistics_scope"":""accepted_unique_crossover_offspring"",""parent_distance_statistics_scope"":""crossover_attempts"",""persistent_population_size"":4,""unique_population_size"":4,""best_population_fitness"":0.51318359375,""configured_survivors_per_selection"":[16,4,1],""effective_survivors_per_selection"":[16,4,4],""effective_final_survivor_count"":4},""offspring_generation"":{""attempts"":206,""no_op_mutations"":0,""duplicate_candidates"":78,""infeasible_candidates"":0,""fixed_quant_legal_swap_counts"":[]},""maximum_depth_mutations_per_offspring"":3,""quantization_step_size"":1,""quantization_mutations_per_offspring"":1,""joint_aware_probability"":0.0,""adaptive_mutation"":false,""adaptive_mutation_strength"":1,""adaptive_mutation_patience"":3,""adaptive_mutation_max_strength"":3,""coarse_to_fine_mutation"":false,""coarse_to_fine_start_strength"":3,""coarse_to_fine_end_strength"":1,""stagnation_generations_after_selection"":0}",quantization,True,206,128,16,8,262144,262144,1048576,4412,45621248,33870.32487135302,15276.82177734375
30,0.53662109375,0.51318359375,kl,0.53662109375,,,,,0,{},128,16,4,1,"[16,4,1]","[2048,16384,131072]",5503193088,4.083333333333333,3216.5078125,26982023168,26982023168,0,8,8,"{""type"":""mixed_depth_quantization"",""sequential_mode"":""none"",""joint_mutation_mode"":""standard"",""parent_before_generation_hash"":""6f7c4f3b664b9f1f49116bd11020ba2b38215278b9bc09f96b41e7eeaa98c3aa"",""parent_after_generation_hash"":""407a060921d4a9bacda684b1bf77904aac896520e632d89ad2d6e64a8d869862"",""generated_offspring_by_type"":{""depth"":57,""quantization"":55,""joint_aware"":0,""interaction_aware"":0,""sequential_quantization"":0,""fixed_quant_depth"":0,""component crossover"":0,""component crossover + repair"":0,""layer bundle crossover"":0,""layer bundle crossover + repair"":0,""local exchange crossover"":16},""depth_mask_entries_changed_by_type"":{""depth"":172,""quantization"":0,""joint_aware"":0,""interaction_aware"":0,""sequential_quantization"":0,""fixed_quant_depth"":0,""component crossover"":0,""component crossover + repair"":0,""layer bundle crossover"":0,""layer bundle crossover + repair"":0,""local exchange crossover"":0},""quant_assignments_changed_by_type"":{""depth"":122,""quantization"":131,""joint_aware"":0,""interaction_aware"":0,""sequential_quantization"":0,""fixed_quant_depth"":0,""component crossover"":0,""component crossover + repair"":0,""layer bundle crossover"":0,""layer bundle crossover + repair"":0,""local exchange crossover"":32},""depth_mask_entries_changed_total"":172,""quant_assignments_changed_total"":285,""interaction_aware_details"":{""budget_repair_quant_changes"":0,""preferred_quant_exchanges_used"":0,""fallback_quant_exchanges_used"":0},""crossover_diagnostics"":{""crossover_type"":""local_exchange"",""crossover_parent_selection"":""uniform"",""crossover_offspring"":16,""crossover_offspring_accepted"":16,""mutation_offspring_accepted"":112,""mutation_offspring"":112,""crossover_offspring_attempted"":136,""crossover_duplicates"":95,""crossover_infeasible_candidates"":0,""crossover_repair_changed_gene_count"":0,""crossover_repaired_proposals"":0,""parent_distance_mean"":4.669117647058823,""parent_distance_min"":1,""parent_distance_max"":8,""child_distance_from_parent_a_mean"":2.0,""child_distance_from_parent_b_mean"":3.4954954954954953,""layers_from_parent_a_mean"":null,""layers_from_parent_b_mean"":null,""crossover_no_legal_exchange"":25,""local_exchange_attention"":0,""local_exchange_mlp"":0,""local_exchange_quantization"":16,""local_exchange_block"":0,""parent_distance_count"":136,""child_distance_from_base_mean"":2.0,""child_distance_from_base_min"":2,""child_distance_from_base_max"":2,""child_distance_from_base_count"":16,""child_distance_from_donor_mean"":4.8125,""child_distance_from_donor_min"":1,""child_distance_from_donor_max"":6,""child_distance_from_donor_count"":16,""donor_distance_reduction_mean"":2.0,""donor_distance_reduction_min"":2,""donor_distance_reduction_max"":2,""donor_distance_reduction_count"":16,""local_exchange_changed_gene_count_mean"":2.0,""local_exchange_changed_gene_count_min"":2,""local_exchange_changed_gene_count_max"":2,""local_exchange_changed_gene_count_count"":16,""child_distance_statistics_scope"":""accepted_unique_crossover_offspring"",""parent_distance_statistics_scope"":""crossover_attempts"",""persistent_population_size"":4,""unique_population_size"":4,""best_population_fitness"":0.53662109375,""configured_survivors_per_selection"":[16,4,1],""effective_survivors_per_selection"":[16,4,4],""effective_final_survivor_count"":4},""offspring_generation"":{""attempts"":248,""no_op_mutations"":0,""duplicate_candidates"":95,""infeasible_candidates"":0,""fixed_quant_legal_swap_counts"":[]},""maximum_depth_mutations_per_offspring"":3,""quantization_step_size"":1,""quantization_mutations_per_offspring"":1,""joint_aware_probability"":0.0,""adaptive_mutation"":false,""adaptive_mutation_strength"":1,""adaptive_mutation_patience"":3,""adaptive_mutation_max_strength"":3,""coarse_to_fine_mutation"":false,""coarse_to_fine_start_strength"":3,""coarse_to_fine_end_strength"":1,""stagnation_generations_after_selection"":0}",quantization,True,248,128,16,8,262144,262144,1048576,4564,47194112,34914.969133662,15276.82177734375
31,0.48974609375,0.53662109375,kl,0.48974609375,10.5234375,10.359375,13.671875,,917504,"{""wikitext2"":327680,""c4"":589824}",128,16,4,1,"[16,4,1]","[2048,16384,131072]",5503193088,4.083333333333333,3216.5078125,26982023168,26982023168,0,8,8,"{""type"":""mixed_depth_quantization"",""sequential_mode"":""none"",""joint_mutation_mode"":""standard"",""parent_before_generation_hash"":""407a060921d4a9bacda684b1bf77904aac896520e632d89ad2d6e64a8d869862"",""parent_after_generation_hash"":""7961ae12c8413a01d9027693ae91456252b95b884b338d15ae5b4f368fadf7cb"",""generated_offspring_by_type"":{""depth"":54,""quantization"":60,""joint_aware"":0,""interaction_aware"":0,""sequential_quantization"":0,""fixed_quant_depth"":0,""component crossover"":0,""component crossover + repair"":0,""layer bundle crossover"":0,""layer bundle crossover + repair"":0,""local exchange crossover"":14},""depth_mask_entries_changed_by_type"":{""depth"":168,""quantization"":0,""joint_aware"":0,""interaction_aware"":0,""sequential_quantization"":0,""fixed_quant_depth"":0,""component crossover"":0,""component crossover + repair"":0,""layer bundle crossover"":0,""layer bundle crossover + repair"":0,""local exchange crossover"":0},""quant_assignments_changed_by_type"":{""depth"":112,""quantization"":142,""joint_aware"":0,""interaction_aware"":0,""sequential_quantization"":0,""fixed_quant_depth"":0,""component crossover"":0,""component crossover + repair"":0,""layer bundle crossover"":0,""layer bundle crossover + repair"":0,""local exchange crossover"":28},""depth_mask_entries_changed_total"":168,""quant_assignments_changed_total"":282,""interaction_aware_details"":{""budget_repair_quant_changes"":0,""preferred_quant_exchanges_used"":0,""fallback_quant_exchanges_used"":0},""crossover_diagnostics"":{""crossover_type"":""local_exchange"",""crossover_parent_selection"":""uniform"",""crossover_offspring"":14,""crossover_offspring_accepted"":14,""mutation_offspring_accepted"":114,""mutation_offspring"":114,""crossover_offspring_attempted"":110,""crossover_duplicates"":69,""crossover_infeasible_candidates"":0,""crossover_repair_changed_gene_count"":0,""crossover_repaired_proposals"":0,""parent_distance_mean"":3.9454545454545453,""parent_distance_min"":1,""parent_distance_max"":8,""child_distance_from_parent_a_mean"":2.0,""child_distance_from_parent_b_mean"":2.9036144578313254,""layers_from_parent_a_mean"":null,""layers_from_parent_b_mean"":null,""crossover_no_legal_exchange"":27,""local_exchange_attention"":0,""local_exchange_mlp"":0,""local_exchange_quantization"":14,""local_exchange_block"":0,""parent_distance_count"":110,""child_distance_from_base_mean"":2.0,""child_distance_from_base_min"":2,""child_distance_from_base_max"":2,""child_distance_from_base_count"":14,""child_distance_from_donor_mean"":4.785714285714286,""child_distance_from_donor_min"":1,""child_distance_from_donor_max"":6,""child_distance_from_donor_count"":14,""donor_distance_reduction_mean"":2.0,""donor_distance_reduction_min"":2,""donor_distance_reduction_max"":2,""donor_distance_reduction_count"":14,""local_exchange_changed_gene_count_mean"":2.0,""local_exchange_changed_gene_count_min"":2,""local_exchange_changed_gene_count_max"":2,""local_exchange_changed_gene_count_count"":14,""child_distance_statistics_scope"":""accepted_unique_crossover_offspring"",""parent_distance_statistics_scope"":""crossover_attempts"",""persistent_population_size"":4,""unique_population_size"":4,""best_population_fitness"":0.48974609375,""configured_survivors_per_selection"":[16,4,1],""effective_survivors_per_selection"":[16,4,4],""effective_final_survivor_count"":4},""offspring_generation"":{""attempts"":224,""no_op_mutations"":0,""duplicate_candidates"":69,""infeasible_candidates"":0,""fixed_quant_legal_swap_counts"":[]},""maximum_depth_mutations_per_offspring"":3,""quantization_step_size"":1,""quantization_mutations_per_offspring"":1,""joint_aware_probability"":0.0,""adaptive_mutation"":false,""adaptive_mutation_strength"":1,""adaptive_mutation_patience"":3,""adaptive_mutation_max_strength"":3,""coarse_to_fine_mutation"":false,""coarse_to_fine_start_strength"":3,""coarse_to_fine_end_strength"":1,""stagnation_generations_after_selection"":0}",depth,True,224,128,16,8,262144,262144,1048576,4716,48766976,36128.20868740801,15276.82177734375
32,0.52880859375,0.48974609375,kl,0.52880859375,,,,,0,{},128,16,4,1,"[16,4,1]","[2048,16384,131072]",5503193088,4.083333333333333,3216.5078125,26982023168,26982023168,0,8,8,"{""type"":""mixed_depth_quantization"",""sequential_mode"":""none"",""joint_mutation_mode"":""standard"",""parent_before_generation_hash"":""7961ae12c8413a01d9027693ae91456252b95b884b338d15ae5b4f368fadf7cb"",""parent_after_generation_hash"":""75f1f3a842f4b3f7f2ff2c376abfacf8df63a4e2d91199155f94c733f809ff51"",""generated_offspring_by_type"":{""depth"":61,""quantization"":52,""joint_aware"":0,""interaction_aware"":0,""sequential_quantization"":0,""fixed_quant_depth"":0,""component crossover"":0,""component crossover + repair"":0,""layer bundle crossover"":0,""layer bundle crossover + repair"":0,""local exchange crossover"":15},""depth_mask_entries_changed_by_type"":{""depth"":182,""quantization"":0,""joint_aware"":0,""interaction_aware"":0,""sequential_quantization"":0,""fixed_quant_depth"":0,""component crossover"":0,""component crossover + repair"":0,""layer bundle crossover"":0,""layer bundle crossover + repair"":0,""local exchange crossover"":0},""quant_assignments_changed_by_type"":{""depth"":132,""quantization"":117,""joint_aware"":0,""interaction_aware"":0,""sequential_quantization"":0,""fixed_quant_depth"":0,""component crossover"":0,""component crossover + repair"":0,""layer bundle crossover"":0,""layer bundle crossover + repair"":0,""local exchange crossover"":30},""depth_mask_entries_changed_total"":182,""quant_assignments_changed_total"":279,""interaction_aware_details"":{""budget_repair_quant_changes"":0,""preferred_quant_exchanges_used"":0,""fallback_quant_exchanges_used"":0},""crossover_diagnostics"":{""crossover_type"":""local_exchange"",""crossover_parent_selection"":""uniform"",""crossover_offspring"":15,""crossover_offspring_accepted"":15,""mutation_offspring_accepted"":113,""mutation_offspring"":113,""crossover_offspring_attempted"":139,""crossover_duplicates"":100,""crossover_infeasible_candidates"":0,""crossover_repair_changed_gene_count"":0,""crossover_repaired_proposals"":0,""parent_distance_mean"":6.071942446043166,""parent_distance_min"":3,""parent_distance_max"":10,""child_distance_from_parent_a_mean"":2.0,""child_distance_from_parent_b_mean"":4.417391304347826,""layers_from_parent_a_mean"":null,""layers_from_parent_b_mean"":null,""crossover_no_legal_exchange"":24,""local_exchange_attention"":0,""local_exchange_mlp"":0,""local_exchange_quantization"":15,""local_exchange_block"":0,""parent_distance_count"":139,""child_distance_from_base_mean"":2.0,""child_distance_from_base_min"":2,""child_distance_from_base_max"":2,""child_distance_from_base_count"":15,""child_distance_from_donor_mean"":4.8,""child_distance_from_donor_min"":1,""child_distance_from_donor_max"":9,""child_distance_from_donor_count"":15,""donor_distance_reduction_mean"":1.7333333333333334,""donor_distance_reduction_min"":1,""donor_distance_reduction_max"":2,""donor_distance_reduction_count"":15,""local_exchange_changed_gene_count_mean"":2.0,""local_exchange_changed_gene_count_min"":2,""local_exchange_changed_gene_count_max"":2,""local_exchange_changed_gene_count_count"":15,""child_distance_statistics_scope"":""accepted_unique_crossover_offspring"",""parent_distance_statistics_scope"":""crossover_attempts"",""persistent_population_size"":4,""unique_population_size"":4,""best_population_fitness"":0.52880859375,""configured_survivors_per_selection"":[16,4,1],""effective_survivors_per_selection"":[16,4,4],""effective_final_survivor_count"":4},""offspring_generation"":{""attempts"":252,""no_op_mutations"":0,""duplicate_candidates"":100,""infeasible_candidates"":0,""fixed_quant_legal_swap_counts"":[]},""maximum_depth_mutations_per_offspring"":3,""quantization_step_size"":1,""quantization_mutations_per_offspring"":1,""joint_aware_probability"":0.0,""adaptive_mutation"":false,""adaptive_mutation_strength"":1,""adaptive_mutation_patience"":3,""adaptive_mutation_max_strength"":3,""coarse_to_fine_mutation"":false,""coarse_to_fine_start_strength"":3,""coarse_to_fine_end_strength"":1,""stagnation_generations_after_selection"":0}",local exchange crossover,True,252,128,16,8,262144,262144,1048576,4868,50339840,37050.04272159599,15276.82177734375
33,0.499267578125,0.52880859375,kl,0.499267578125,,,,,0,{},128,16,4,1,"[16,4,1]","[2048,16384,131072]",5503193088,4.083333333333333,3216.5078125,26982023168,26982023168,0,8,8,"{""type"":""mixed_depth_quantization"",""sequential_mode"":""none"",""joint_mutation_mode"":""standard"",""parent_before_generation_hash"":""75f1f3a842f4b3f7f2ff2c376abfacf8df63a4e2d91199155f94c733f809ff51"",""parent_after_generation_hash"":""0dfd49085a0ac35845bc5f05bbbf201d470a46f2d61b531cdd9ed6f6755f5d2c"",""generated_offspring_by_type"":{""depth"":62,""quantization"":57,""joint_aware"":0,""interaction_aware"":0,""sequential_quantization"":0,""fixed_quant_depth"":0,""component crossover"":0,""component crossover + repair"":0,""layer bundle crossover"":0,""layer bundle crossover + repair"":0,""local exchange crossover"":9},""depth_mask_entries_changed_by_type"":{""depth"":190,""quantization"":0,""joint_aware"":0,""interaction_aware"":0,""sequential_quantization"":0,""fixed_quant_depth"":0,""component crossover"":0,""component crossover + repair"":0,""layer bundle crossover"":0,""layer bundle crossover + repair"":0,""local exchange crossover"":0},""quant_assignments_changed_by_type"":{""depth"":148,""quantization"":133,""joint_aware"":0,""interaction_aware"":0,""sequential_quantization"":0,""fixed_quant_depth"":0,""component crossover"":0,""component crossover + repair"":0,""layer bundle crossover"":0,""layer bundle crossover + repair"":0,""local exchange crossover"":18},""depth_mask_entries_changed_total"":190,""quant_assignments_changed_total"":299,""interaction_aware_details"":{""budget_repair_quant_changes"":0,""preferred_quant_exchanges_used"":0,""fallback_quant_exchanges_used"":0},""crossover_diagnostics"":{""crossover_type"":""local_exchange"",""crossover_parent_selection"":""uniform"",""crossover_offspring"":9,""crossover_offspring_accepted"":9,""mutation_offspring_accepted"":119,""mutation_offspring"":119,""crossover_offspring_attempted"":105,""crossover_duplicates"":96,""crossover_infeasible_candidates"":0,""crossover_repair_changed_gene_count"":0,""crossover_repaired_proposals"":0,""parent_distance_mean"":4.0,""parent_distance_min"":4,""parent_distance_max"":4,""child_distance_from_parent_a_mean"":2.0,""child_distance_from_parent_b_mean"":2.0,""layers_from_parent_a_mean"":null,""layers_from_parent_b_mean"":null,""crossover_no_legal_exchange"":0,""local_exchange_attention"":0,""local_exchange_mlp"":0,""local_exchange_quantization"":9,""local_exchange_block"":0,""parent_distance_count"":105,""child_distance_from_base_mean"":2.0,""child_distance_from_base_min"":2,""child_distance_from_base_max"":2,""child_distance_from_base_count"":9,""child_distance_from_donor_mean"":2.0,""child_distance_from_donor_min"":2,""child_distance_from_donor_max"":2,""child_distance_from_donor_count"":9,""donor_distance_reduction_mean"":2.0,""donor_distance_reduction_min"":2,""donor_distance_reduction_max"":2,""donor_distance_reduction_count"":9,""local_exchange_changed_gene_count_mean"":2.0,""local_exchange_changed_gene_count_min"":2,""local_exchange_changed_gene_count_max"":2,""local_exchange_changed_gene_count_count"":9,""child_distance_statistics_scope"":""accepted_unique_crossover_offspring"",""parent_distance_statistics_scope"":""crossover_attempts"",""persistent_population_size"":4,""unique_population_size"":4,""best_population_fitness"":0.499267578125,""configured_survivors_per_selection"":[16,4,1],""effective_survivors_per_selection"":[16,4,4],""effective_final_survivor_count"":4},""offspring_generation"":{""attempts"":224,""no_op_mutations"":0,""duplicate_candidates"":96,""infeasible_candidates"":0,""fixed_quant_legal_swap_counts"":[]},""maximum_depth_mutations_per_offspring"":3,""quantization_step_size"":1,""quantization_mutations_per_offspring"":1,""joint_aware_probability"":0.0,""adaptive_mutation"":false,""adaptive_mutation_strength"":1,""adaptive_mutation_patience"":3,""adaptive_mutation_max_strength"":3,""coarse_to_fine_mutation"":false,""coarse_to_fine_start_strength"":3,""coarse_to_fine_end_strength"":1,""stagnation_generations_after_selection"":0}",local exchange crossover,True,224,128,16,8,262144,262144,1048576,5020,51912704,38043.72007362,15276.82177734375
34,0.491455078125,0.499267578125,kl,0.491455078125,,,,,0,{},128,16,4,1,"[16,4,1]","[2048,16384,131072]",5503193088,4.083333333333333,3216.5078125,26982023168,26982023168,0,8,8,"{""type"":""mixed_depth_quantization"",""sequential_mode"":""none"",""joint_mutation_mode"":""standard"",""parent_before_generation_hash"":""0dfd49085a0ac35845bc5f05bbbf201d470a46f2d61b531cdd9ed6f6755f5d2c"",""parent_after_generation_hash"":""8bab3d981c65f6d359b70b58e1f3b9659e0d3223aa88bde47be0c61ece376006"",""generated_offspring_by_type"":{""depth"":61,""quantization"":52,""joint_aware"":0,""interaction_aware"":0,""sequential_quantization"":0,""fixed_quant_depth"":0,""component crossover"":0,""component crossover + repair"":0,""layer bundle crossover"":0,""layer bundle crossover + repair"":0,""local exchange crossover"":15},""depth_mask_entries_changed_by_type"":{""depth"":172,""quantization"":0,""joint_aware"":0,""interaction_aware"":0,""sequential_quantization"":0,""fixed_quant_depth"":0,""component crossover"":0,""component crossover + repair"":0,""layer bundle crossover"":0,""layer bundle crossover + repair"":0,""local exchange crossover"":0},""quant_assignments_changed_by_type"":{""depth"":125,""quantization"":128,""joint_aware"":0,""interaction_aware"":0,""sequential_quantization"":0,""fixed_quant_depth"":0,""component crossover"":0,""component crossover + repair"":0,""layer bundle crossover"":0,""layer bundle crossover + repair"":0,""local exchange crossover"":30},""depth_mask_entries_changed_total"":172,""quant_assignments_changed_total"":283,""interaction_aware_details"":{""budget_repair_quant_changes"":0,""preferred_quant_exchanges_used"":0,""fallback_quant_exchanges_used"":0},""crossover_diagnostics"":{""crossover_type"":""local_exchange"",""crossover_parent_selection"":""uniform"",""crossover_offspring"":15,""crossover_offspring_accepted"":15,""mutation_offspring_accepted"":113,""mutation_offspring"":113,""crossover_offspring_attempted"":116,""crossover_duplicates"":101,""crossover_infeasible_candidates"":0,""crossover_repair_changed_gene_count"":0,""crossover_repaired_proposals"":0,""parent_distance_mean"":4.586206896551724,""parent_distance_min"":4,""parent_distance_max"":8,""child_distance_from_parent_a_mean"":2.0,""child_distance_from_parent_b_mean"":2.586206896551724,""layers_from_parent_a_mean"":null,""layers_from_parent_b_mean"":null,""crossover_no_legal_exchange"":0,""local_exchange_attention"":0,""local_exchange_mlp"":0,""local_exchange_quantization"":15,""local_exchange_block"":0,""parent_distance_count"":116,""child_distance_from_base_mean"":2.0,""child_distance_from_base_min"":2,""child_distance_from_base_max"":2,""child_distance_from_base_count"":15,""child_distance_from_donor_mean"":3.3333333333333335,""child_distance_from_donor_min"":2,""child_distance_from_donor_max"":6,""child_distance_from_donor_count"":15,""donor_distance_reduction_mean"":2.0,""donor_distance_reduction_min"":2,""donor_distance_reduction_max"":2,""donor_distance_reduction_count"":15,""local_exchange_changed_gene_count_mean"":2.0,""local_exchange_changed_gene_count_min"":2,""local_exchange_changed_gene_count_max"":2,""local_exchange_changed_gene_count_count"":15,""child_distance_statistics_scope"":""accepted_unique_crossover_offspring"",""parent_distance_statistics_scope"":""crossover_attempts"",""persistent_population_size"":4,""unique_population_size"":4,""best_population_fitness"":0.491455078125,""configured_survivors_per_selection"":[16,4,1],""effective_survivors_per_selection"":[16,4,4],""effective_final_survivor_count"":4},""offspring_generation"":{""attempts"":229,""no_op_mutations"":0,""duplicate_candidates"":101,""infeasible_candidates"":0,""fixed_quant_legal_swap_counts"":[]},""maximum_depth_mutations_per_offspring"":3,""quantization_step_size"":1,""quantization_mutations_per_offspring"":1,""joint_aware_probability"":0.0,""adaptive_mutation"":false,""adaptive_mutation_strength"":1,""adaptive_mutation_patience"":3,""adaptive_mutation_max_strength"":3,""coarse_to_fine_mutation"":false,""coarse_to_fine_start_strength"":3,""coarse_to_fine_end_strength"":1,""stagnation_generations_after_selection"":0}",quantization,True,229,128,16,8,262144,262144,1048576,5172,53485568,39042.888812434016,15276.82177734375
35,0.490966796875,0.491455078125,kl,0.490966796875,,,,,0,{},128,16,4,1,"[16,4,1]","[2048,16384,131072]",5503193088,4.083333333333333,3216.5078125,26982023168,26982023168,0,8,8,"{""type"":""mixed_depth_quantization"",""sequential_mode"":""none"",""joint_mutation_mode"":""standard"",""parent_before_generation_hash"":""8bab3d981c65f6d359b70b58e1f3b9659e0d3223aa88bde47be0c61ece376006"",""parent_after_generation_hash"":""2debed70bd292fd5c99c6685559b2d91253cbfe13d7c05ee9e19a908967bef6c"",""generated_offspring_by_type"":{""depth"":56,""quantization"":45,""joint_aware"":0,""interaction_aware"":0,""sequential_quantization"":0,""fixed_quant_depth"":0,""component crossover"":0,""component crossover + repair"":0,""layer bundle crossover"":0,""layer bundle crossover + repair"":0,""local exchange crossover"":27},""depth_mask_entries_changed_by_type"":{""depth"":162,""quantization"":0,""joint_aware"":0,""interaction_aware"":0,""sequential_quantization"":0,""fixed_quant_depth"":0,""component crossover"":0,""component crossover + repair"":0,""layer bundle crossover"":0,""layer bundle crossover + repair"":0,""local exchange crossover"":0},""quant_assignments_changed_by_type"":{""depth"":110,""quantization"":107,""joint_aware"":0,""interaction_aware"":0,""sequential_quantization"":0,""fixed_quant_depth"":0,""component crossover"":0,""component crossover + repair"":0,""layer bundle crossover"":0,""layer bundle crossover + repair"":0,""local exchange crossover"":54},""depth_mask_entries_changed_total"":162,""quant_assignments_changed_total"":271,""interaction_aware_details"":{""budget_repair_quant_changes"":0,""preferred_quant_exchanges_used"":0,""fallback_quant_exchanges_used"":0},""crossover_diagnostics"":{""crossover_type"":""local_exchange"",""crossover_parent_selection"":""uniform"",""crossover_offspring"":27,""crossover_offspring_accepted"":27,""mutation_offspring_accepted"":101,""mutation_offspring"":101,""crossover_offspring_attempted"":109,""crossover_duplicates"":60,""crossover_infeasible_candidates"":0,""crossover_repair_changed_gene_count"":0,""crossover_repaired_proposals"":0,""parent_distance_mean"":5.651376146788991,""parent_distance_min"":1,""parent_distance_max"":11,""child_distance_from_parent_a_mean"":2.0,""child_distance_from_parent_b_mean"":4.827586206896552,""layers_from_parent_a_mean"":null,""layers_from_parent_b_mean"":null,""crossover_no_legal_exchange"":22,""local_exchange_attention"":0,""local_exchange_mlp"":0,""local_exchange_quantization"":27,""local_exchange_block"":0,""parent_distance_count"":109,""child_distance_from_base_mean"":2.0,""child_distance_from_base_min"":2,""child_distance_from_base_max"":2,""child_distance_from_base_count"":27,""child_distance_from_donor_mean"":5.814814814814815,""child_distance_from_donor_min"":3,""child_distance_from_donor_max"":9,""child_distance_from_donor_count"":27,""donor_distance_reduction_mean"":2.0,""donor_distance_reduction_min"":2,""donor_distance_reduction_max"":2,""donor_distance_reduction_count"":27,""local_exchange_changed_gene_count_mean"":2.0,""local_exchange_changed_gene_count_min"":2,""local_exchange_changed_gene_count_max"":2,""local_exchange_changed_gene_count_count"":27,""child_distance_statistics_scope"":""accepted_unique_crossover_offspring"",""parent_distance_statistics_scope"":""crossover_attempts"",""persistent_population_size"":4,""unique_population_size"":4,""best_population_fitness"":0.490966796875,""configured_survivors_per_selection"":[16,4,1],""effective_survivors_per_selection"":[16,4,4],""effective_final_survivor_count"":4},""offspring_generation"":{""attempts"":210,""no_op_mutations"":0,""duplicate_candidates"":60,""infeasible_candidates"":0,""fixed_quant_legal_swap_counts"":[]},""maximum_depth_mutations_per_offspring"":3,""quantization_step_size"":1,""quantization_mutations_per_offspring"":1,""joint_aware_probability"":0.0,""adaptive_mutation"":false,""adaptive_mutation_strength"":1,""adaptive_mutation_patience"":3,""adaptive_mutation_max_strength"":3,""coarse_to_fine_mutation"":false,""coarse_to_fine_start_strength"":3,""coarse_to_fine_end_strength"":1,""stagnation_generations_after_selection"":0}",local exchange crossover,True,210,128,16,8,262144,262144,1048576,5324,55058432,40085.752314615995,15276.82177734375
36,0.489501953125,0.490966796875,kl,0.489501953125,10.4375,10.1015625,13.3515625,,917504,"{""wikitext2"":327680,""c4"":589824}",128,16,4,1,"[16,4,1]","[2048,16384,131072]",5503193088,4.083333333333333,3216.5078125,26982023168,26982023168,0,8,8,"{""type"":""mixed_depth_quantization"",""sequential_mode"":""none"",""joint_mutation_mode"":""standard"",""parent_before_generation_hash"":""2debed70bd292fd5c99c6685559b2d91253cbfe13d7c05ee9e19a908967bef6c"",""parent_after_generation_hash"":""2f4ab9599c2175686422a70399544c89b43c252171d668971dd4392598d8fec2"",""generated_offspring_by_type"":{""depth"":62,""quantization"":61,""joint_aware"":0,""interaction_aware"":0,""sequential_quantization"":0,""fixed_quant_depth"":0,""component crossover"":0,""component crossover + repair"":0,""layer bundle crossover"":0,""layer bundle crossover + repair"":0,""local exchange crossover"":5},""depth_mask_entries_changed_by_type"":{""depth"":162,""quantization"":0,""joint_aware"":0,""interaction_aware"":0,""sequential_quantization"":0,""fixed_quant_depth"":0,""component crossover"":0,""component crossover + repair"":0,""layer bundle crossover"":0,""layer bundle crossover + repair"":0,""local exchange crossover"":0},""quant_assignments_changed_by_type"":{""depth"":128,""quantization"":150,""joint_aware"":0,""interaction_aware"":0,""sequential_quantization"":0,""fixed_quant_depth"":0,""component crossover"":0,""component crossover + repair"":0,""layer bundle crossover"":0,""layer bundle crossover + repair"":0,""local exchange crossover"":10},""depth_mask_entries_changed_total"":162,""quant_assignments_changed_total"":288,""interaction_aware_details"":{""budget_repair_quant_changes"":0,""preferred_quant_exchanges_used"":0,""fallback_quant_exchanges_used"":0},""crossover_diagnostics"":{""crossover_type"":""local_exchange"",""crossover_parent_selection"":""uniform"",""crossover_offspring"":5,""crossover_offspring_accepted"":5,""mutation_offspring_accepted"":123,""mutation_offspring"":123,""crossover_offspring_attempted"":121,""crossover_duplicates"":87,""crossover_infeasible_candidates"":0,""crossover_repair_changed_gene_count"":0,""crossover_repaired_proposals"":0,""parent_distance_mean"":2.909090909090909,""parent_distance_min"":2,""parent_distance_max"":4,""child_distance_from_parent_a_mean"":2.0,""child_distance_from_parent_b_mean"":1.1956521739130435,""layers_from_parent_a_mean"":null,""layers_from_parent_b_mean"":null,""crossover_no_legal_exchange"":29,""local_exchange_attention"":0,""local_exchange_mlp"":0,""local_exchange_quantization"":5,""local_exchange_block"":0,""parent_distance_count"":121,""child_distance_from_base_mean"":2.0,""child_distance_from_base_min"":2,""child_distance_from_base_max"":2,""child_distance_from_base_count"":5,""child_distance_from_donor_mean"":2.0,""child_distance_from_donor_min"":2,""child_distance_from_donor_max"":2,""child_distance_from_donor_count"":5,""donor_distance_reduction_mean"":2.0,""donor_distance_reduction_min"":2,""donor_distance_reduction_max"":2,""donor_distance_reduction_count"":5,""local_exchange_changed_gene_count_mean"":2.0,""local_exchange_changed_gene_count_min"":2,""local_exchange_changed_gene_count_max"":2,""local_exchange_changed_gene_count_count"":5,""child_distance_statistics_scope"":""accepted_unique_crossover_offspring"",""parent_distance_statistics_scope"":""crossover_attempts"",""persistent_population_size"":4,""unique_population_size"":4,""best_population_fitness"":0.489501953125,""configured_survivors_per_selection"":[16,4,1],""effective_survivors_per_selection"":[16,4,4],""effective_final_survivor_count"":4},""offspring_generation"":{""attempts"":244,""no_op_mutations"":0,""duplicate_candidates"":87,""infeasible_candidates"":0,""fixed_quant_legal_swap_counts"":[]},""maximum_depth_mutations_per_offspring"":3,""quantization_step_size"":1,""quantization_mutations_per_offspring"":1,""joint_aware_probability"":0.0,""adaptive_mutation"":false,""adaptive_mutation_strength"":1,""adaptive_mutation_patience"":3,""adaptive_mutation_max_strength"":3,""coarse_to_fine_mutation"":false,""coarse_to_fine_start_strength"":3,""coarse_to_fine_end_strength"":1,""stagnation_generations_after_selection"":0}",quantization,True,244,128,16,8,262144,262144,1048576,5476,56631296,41291.99133692001,15276.82177734375
37,0.5078125,0.489501953125,kl,0.5078125,,,,,0,{},128,16,4,1,"[16,4,1]","[2048,16384,131072]",5503193088,4.083333333333333,3216.5078125,26982023168,26982023168,0,8,8,"{""type"":""mixed_depth_quantization"",""sequential_mode"":""none"",""joint_mutation_mode"":""standard"",""parent_before_generation_hash"":""2f4ab9599c2175686422a70399544c89b43c252171d668971dd4392598d8fec2"",""parent_after_generation_hash"":""1be0c26df33c8e7e047f7b0709a251d8030bc7e0e4f8274ef8119cb5feb52525"",""generated_offspring_by_type"":{""depth"":57,""quantization"":51,""joint_aware"":0,""interaction_aware"":0,""sequential_quantization"":0,""fixed_quant_depth"":0,""component crossover"":0,""component crossover + repair"":0,""layer bundle crossover"":0,""layer bundle crossover + repair"":0,""local exchange crossover"":20},""depth_mask_entries_changed_by_type"":{""depth"":164,""quantization"":0,""joint_aware"":0,""interaction_aware"":0,""sequential_quantization"":0,""fixed_quant_depth"":0,""component crossover"":0,""component crossover + repair"":0,""layer bundle crossover"":0,""layer bundle crossover + repair"":0,""local exchange crossover"":0},""quant_assignments_changed_by_type"":{""depth"":127,""quantization"":127,""joint_aware"":0,""interaction_aware"":0,""sequential_quantization"":0,""fixed_quant_depth"":0,""component crossover"":0,""component crossover + repair"":0,""layer bundle crossover"":0,""layer bundle crossover + repair"":0,""local exchange crossover"":40},""depth_mask_entries_changed_total"":164,""quant_assignments_changed_total"":294,""interaction_aware_details"":{""budget_repair_quant_changes"":0,""preferred_quant_exchanges_used"":0,""fallback_quant_exchanges_used"":0},""crossover_diagnostics"":{""crossover_type"":""local_exchange"",""crossover_parent_selection"":""uniform"",""crossover_offspring"":20,""crossover_offspring_accepted"":20,""mutation_offspring_accepted"":108,""mutation_offspring"":108,""crossover_offspring_attempted"":86,""crossover_duplicates"":66,""crossover_infeasible_candidates"":0,""crossover_repair_changed_gene_count"":0,""crossover_repaired_proposals"":0,""parent_distance_mean"":4.558139534883721,""parent_distance_min"":2,""parent_distance_max"":6,""child_distance_from_parent_a_mean"":2.0,""child_distance_from_parent_b_mean"":2.558139534883721,""layers_from_parent_a_mean"":null,""layers_from_parent_b_mean"":null,""crossover_no_legal_exchange"":0,""local_exchange_attention"":0,""local_exchange_mlp"":0,""local_exchange_quantization"":20,""local_exchange_block"":0,""parent_distance_count"":86,""child_distance_from_base_mean"":2.0,""child_distance_from_base_min"":2,""child_distance_from_base_max"":2,""child_distance_from_base_count"":20,""child_distance_from_donor_mean"":3.5,""child_distance_from_donor_min"":2,""child_distance_from_donor_max"":4,""child_distance_from_donor_count"":20,""donor_distance_reduction_mean"":2.0,""donor_distance_reduction_min"":2,""donor_distance_reduction_max"":2,""donor_distance_reduction_count"":20,""local_exchange_changed_gene_count_mean"":2.0,""local_exchange_changed_gene_count_min"":2,""local_exchange_changed_gene_count_max"":2,""local_exchange_changed_gene_count_count"":20,""child_distance_statistics_scope"":""accepted_unique_crossover_offspring"",""parent_distance_statistics_scope"":""crossover_attempts"",""persistent_population_size"":4,""unique_population_size"":4,""best_population_fitness"":0.5078125,""configured_survivors_per_selection"":[16,4,1],""effective_survivors_per_selection"":[16,4,4],""effective_final_survivor_count"":4},""offspring_generation"":{""attempts"":194,""no_op_mutations"":0,""duplicate_candidates"":66,""infeasible_candidates"":0,""fixed_quant_legal_swap_counts"":[]},""maximum_depth_mutations_per_offspring"":3,""quantization_step_size"":1,""quantization_mutations_per_offspring"":1,""joint_aware_probability"":0.0,""adaptive_mutation"":false,""adaptive_mutation_strength"":1,""adaptive_mutation_patience"":3,""adaptive_mutation_max_strength"":3,""coarse_to_fine_mutation"":false,""coarse_to_fine_start_strength"":3,""coarse_to_fine_end_strength"":1,""stagnation_generations_after_selection"":0}",local exchange crossover,True,194,128,16,8,262144,262144,1048576,5628,58204160,42408.10522907702,15276.82177734375
38,0.5185546875,0.5078125,kl,0.5185546875,,,,,0,{},128,16,4,1,"[16,4,1]","[2048,16384,131072]",5503193088,4.083333333333333,3216.5078125,26982023168,26982023168,0,8,8,"{""type"":""mixed_depth_quantization"",""sequential_mode"":""none"",""joint_mutation_mode"":""standard"",""parent_before_generation_hash"":""1be0c26df33c8e7e047f7b0709a251d8030bc7e0e4f8274ef8119cb5feb52525"",""parent_after_generation_hash"":""5fd10f0260e6c810d8a9c5e02a4d5f8d4170f80ea42357e3211f7293ef5e791e"",""generated_offspring_by_type"":{""depth"":51,""quantization"":65,""joint_aware"":0,""interaction_aware"":0,""sequential_quantization"":0,""fixed_quant_depth"":0,""component crossover"":0,""component crossover + repair"":0,""layer bundle crossover"":0,""layer bundle crossover + repair"":0,""local exchange crossover"":12},""depth_mask_entries_changed_by_type"":{""depth"":152,""quantization"":0,""joint_aware"":0,""interaction_aware"":0,""sequential_quantization"":0,""fixed_quant_depth"":0,""component crossover"":0,""component crossover + repair"":0,""layer bundle crossover"":0,""layer bundle crossover + repair"":0,""local exchange crossover"":0},""quant_assignments_changed_by_type"":{""depth"":113,""quantization"":152,""joint_aware"":0,""interaction_aware"":0,""sequential_quantization"":0,""fixed_quant_depth"":0,""component crossover"":0,""component crossover + repair"":0,""layer bundle crossover"":0,""layer bundle crossover + repair"":0,""local exchange crossover"":24},""depth_mask_entries_changed_total"":152,""quant_assignments_changed_total"":289,""interaction_aware_details"":{""budget_repair_quant_changes"":0,""preferred_quant_exchanges_used"":0,""fallback_quant_exchanges_used"":0},""crossover_diagnostics"":{""crossover_type"":""local_exchange"",""crossover_parent_selection"":""uniform"",""crossover_offspring"":12,""crossover_offspring_accepted"":12,""mutation_offspring_accepted"":116,""mutation_offspring"":116,""crossover_offspring_attempted"":128,""crossover_duplicates"":116,""crossover_infeasible_candidates"":0,""crossover_repair_changed_gene_count"":0,""crossover_repaired_proposals"":0,""parent_distance_mean"":3.671875,""parent_distance_min"":2,""parent_distance_max"":6,""child_distance_from_parent_a_mean"":2.0,""child_distance_from_parent_b_mean"":1.671875,""layers_from_parent_a_mean"":null,""layers_from_parent_b_mean"":null,""crossover_no_legal_exchange"":0,""local_exchange_attention"":0,""local_exchange_mlp"":0,""local_exchange_quantization"":12,""local_exchange_block"":0,""parent_distance_count"":128,""child_distance_from_base_mean"":2.0,""child_distance_from_base_min"":2,""child_distance_from_base_max"":2,""child_distance_from_base_count"":12,""child_distance_from_donor_mean"":3.5,""child_distance_from_donor_min"":2,""child_distance_from_donor_max"":4,""child_distance_from_donor_count"":12,""donor_distance_reduction_mean"":2.0,""donor_distance_reduction_min"":2,""donor_distance_reduction_max"":2,""donor_distance_reduction_count"":12,""local_exchange_changed_gene_count_mean"":2.0,""local_exchange_changed_gene_count_min"":2,""local_exchange_changed_gene_count_max"":2,""local_exchange_changed_gene_count_count"":12,""child_distance_statistics_scope"":""accepted_unique_crossover_offspring"",""parent_distance_statistics_scope"":""crossover_attempts"",""persistent_population_size"":4,""unique_population_size"":4,""best_population_fitness"":0.5185546875,""configured_survivors_per_selection"":[16,4,1],""effective_survivors_per_selection"":[16,4,4],""effective_final_survivor_count"":4},""offspring_generation"":{""attempts"":244,""no_op_mutations"":0,""duplicate_candidates"":116,""infeasible_candidates"":0,""fixed_quant_legal_swap_counts"":[]},""maximum_depth_mutations_per_offspring"":3,""quantization_step_size"":1,""quantization_mutations_per_offspring"":1,""joint_aware_probability"":0.0,""adaptive_mutation"":false,""adaptive_mutation_strength"":1,""adaptive_mutation_patience"":3,""adaptive_mutation_max_strength"":3,""coarse_to_fine_mutation"":false,""coarse_to_fine_start_strength"":3,""coarse_to_fine_end_strength"":1,""stagnation_generations_after_selection"":0}",quantization,True,244,128,16,8,262144,262144,1048576,5780,59777024,43396.556674441,15276.82177734375
39,0.498046875,0.5185546875,kl,0.498046875,,,,,0,{},128,16,4,1,"[16,4,1]","[2048,16384,131072]",5503193088,4.083333333333333,3216.5078125,26982023168,26982023168,0,8,8,"{""type"":""mixed_depth_quantization"",""sequential_mode"":""none"",""joint_mutation_mode"":""standard"",""parent_before_generation_hash"":""5fd10f0260e6c810d8a9c5e02a4d5f8d4170f80ea42357e3211f7293ef5e791e"",""parent_after_generation_hash"":""c172b78e95b28ab7e16b9ebd2208bd73fd10fdc14062c723838a744e6ca87ab3"",""generated_offspring_by_type"":{""depth"":60,""quantization"":54,""joint_aware"":0,""interaction_aware"":0,""sequential_quantization"":0,""fixed_quant_depth"":0,""component crossover"":0,""component crossover + repair"":0,""layer bundle crossover"":0,""layer bundle crossover + repair"":0,""local exchange crossover"":14},""depth_mask_entries_changed_by_type"":{""depth"":196,""quantization"":0,""joint_aware"":0,""interaction_aware"":0,""sequential_quantization"":0,""fixed_quant_depth"":0,""component crossover"":0,""component crossover + repair"":0,""layer bundle crossover"":0,""layer bundle crossover + repair"":0,""local exchange crossover"":0},""quant_assignments_changed_by_type"":{""depth"":156,""quantization"":121,""joint_aware"":0,""interaction_aware"":0,""sequential_quantization"":0,""fixed_quant_depth"":0,""component crossover"":0,""component crossover + repair"":0,""layer bundle crossover"":0,""layer bundle crossover + repair"":0,""local exchange crossover"":28},""depth_mask_entries_changed_total"":196,""quant_assignments_changed_total"":305,""interaction_aware_details"":{""budget_repair_quant_changes"":0,""preferred_quant_exchanges_used"":0,""fallback_quant_exchanges_used"":0},""crossover_diagnostics"":{""crossover_type"":""local_exchange"",""crossover_parent_selection"":""uniform"",""crossover_offspring"":14,""crossover_offspring_accepted"":14,""mutation_offspring_accepted"":114,""mutation_offspring"":114,""crossover_offspring_attempted"":142,""crossover_duplicates"":128,""crossover_infeasible_candidates"":0,""crossover_repair_changed_gene_count"":0,""crossover_repaired_proposals"":0,""parent_distance_mean"":4.112676056338028,""parent_distance_min"":2,""parent_distance_max"":7,""child_distance_from_parent_a_mean"":2.0,""child_distance_from_parent_b_mean"":2.112676056338028,""layers_from_parent_a_mean"":null,""layers_from_parent_b_mean"":null,""crossover_no_legal_exchange"":0,""local_exchange_attention"":0,""local_exchange_mlp"":0,""local_exchange_quantization"":14,""local_exchange_block"":0,""parent_distance_count"":142,""child_distance_from_base_mean"":2.0,""child_distance_from_base_min"":2,""child_distance_from_base_max"":2,""child_distance_from_base_count"":14,""child_distance_from_donor_mean"":4.714285714285714,""child_distance_from_donor_min"":3,""child_distance_from_donor_max"":5,""child_distance_from_donor_count"":14,""donor_distance_reduction_mean"":2.0,""donor_distance_reduction_min"":2,""donor_distance_reduction_max"":2,""donor_distance_reduction_count"":14,""local_exchange_changed_gene_count_mean"":2.0,""local_exchange_changed_gene_count_min"":2,""local_exchange_changed_gene_count_max"":2,""local_exchange_changed_gene_count_count"":14,""child_distance_statistics_scope"":""accepted_unique_crossover_offspring"",""parent_distance_statistics_scope"":""crossover_attempts"",""persistent_population_size"":4,""unique_population_size"":4,""best_population_fitness"":0.498046875,""configured_survivors_per_selection"":[16,4,1],""effective_survivors_per_selection"":[16,4,4],""effective_final_survivor_count"":4},""offspring_generation"":{""attempts"":256,""no_op_mutations"":0,""duplicate_candidates"":128,""infeasible_candidates"":0,""fixed_quant_legal_swap_counts"":[]},""maximum_depth_mutations_per_offspring"":3,""quantization_step_size"":1,""quantization_mutations_per_offspring"":1,""joint_aware_probability"":0.0,""adaptive_mutation"":false,""adaptive_mutation_strength"":1,""adaptive_mutation_patience"":3,""adaptive_mutation_max_strength"":3,""coarse_to_fine_mutation"":false,""coarse_to_fine_start_strength"":3,""coarse_to_fine_end_strength"":1,""stagnation_generations_after_selection"":0}",local exchange crossover,True,256,128,16,8,262144,262144,1048576,5932,61349888,44611.831452465995,15276.82177734375
40,0.5146484375,0.498046875,kl,0.5146484375,,,,,0,{},128,16,4,1,"[16,4,1]","[2048,16384,131072]",5503193088,4.083333333333333,3216.5078125,26982023168,26982023168,0,8,8,"{""type"":""mixed_depth_quantization"",""sequential_mode"":""none"",""joint_mutation_mode"":""standard"",""parent_before_generation_hash"":""c172b78e95b28ab7e16b9ebd2208bd73fd10fdc14062c723838a744e6ca87ab3"",""parent_after_generation_hash"":""0728dc73a6ca287d8597c37e3866aed27b5657ea8396c0aa179d9a79ea295c61"",""generated_offspring_by_type"":{""depth"":64,""quantization"":39,""joint_aware"":0,""interaction_aware"":0,""sequential_quantization"":0,""fixed_quant_depth"":0,""component crossover"":0,""component crossover + repair"":0,""layer bundle crossover"":0,""layer bundle crossover + repair"":0,""local exchange crossover"":25},""depth_mask_entries_changed_by_type"":{""depth"":202,""quantization"":0,""joint_aware"":0,""interaction_aware"":0,""sequential_quantization"":0,""fixed_quant_depth"":0,""component crossover"":0,""component crossover + repair"":0,""layer bundle crossover"":0,""layer bundle crossover + repair"":0,""local exchange crossover"":0},""quant_assignments_changed_by_type"":{""depth"":155,""quantization"":97,""joint_aware"":0,""interaction_aware"":0,""sequential_quantization"":0,""fixed_quant_depth"":0,""component crossover"":0,""component crossover + repair"":0,""layer bundle crossover"":0,""layer bundle crossover + repair"":0,""local exchange crossover"":50},""depth_mask_entries_changed_total"":202,""quant_assignments_changed_total"":302,""interaction_aware_details"":{""budget_repair_quant_changes"":0,""preferred_quant_exchanges_used"":0,""fallback_quant_exchanges_used"":0},""crossover_diagnostics"":{""crossover_type"":""local_exchange"",""crossover_parent_selection"":""uniform"",""crossover_offspring"":25,""crossover_offspring_accepted"":25,""mutation_offspring_accepted"":103,""mutation_offspring"":103,""crossover_offspring_attempted"":95,""crossover_duplicates"":70,""crossover_infeasible_candidates"":0,""crossover_repair_changed_gene_count"":0,""crossover_repaired_proposals"":0,""parent_distance_mean"":5.463157894736842,""parent_distance_min"":2,""parent_distance_max"":8,""child_distance_from_parent_a_mean"":2.0,""child_distance_from_parent_b_mean"":3.463157894736842,""layers_from_parent_a_mean"":null,""layers_from_parent_b_mean"":null,""crossover_no_legal_exchange"":0,""local_exchange_attention"":0,""local_exchange_mlp"":0,""local_exchange_quantization"":25,""local_exchange_block"":0,""parent_distance_count"":95,""child_distance_from_base_mean"":2.0,""child_distance_from_base_min"":2,""child_distance_from_base_max"":2,""child_distance_from_base_count"":25,""child_distance_from_donor_mean"":4.48,""child_distance_from_donor_min"":3,""child_distance_from_donor_max"":6,""child_distance_from_donor_count"":25,""donor_distance_reduction_mean"":2.0,""donor_distance_reduction_min"":2,""donor_distance_reduction_max"":2,""donor_distance_reduction_count"":25,""local_exchange_changed_gene_count_mean"":2.0,""local_exchange_changed_gene_count_min"":2,""local_exchange_changed_gene_count_max"":2,""local_exchange_changed_gene_count_count"":25,""child_distance_statistics_scope"":""accepted_unique_crossover_offspring"",""parent_distance_statistics_scope"":""crossover_attempts"",""persistent_population_size"":4,""unique_population_size"":4,""best_population_fitness"":0.5146484375,""configured_survivors_per_selection"":[16,4,1],""effective_survivors_per_selection"":[16,4,4],""effective_final_survivor_count"":4},""offspring_generation"":{""attempts"":198,""no_op_mutations"":0,""duplicate_candidates"":70,""infeasible_candidates"":0,""fixed_quant_legal_swap_counts"":[]},""maximum_depth_mutations_per_offspring"":3,""quantization_step_size"":1,""quantization_mutations_per_offspring"":1,""joint_aware_probability"":0.0,""adaptive_mutation"":false,""adaptive_mutation_strength"":1,""adaptive_mutation_patience"":3,""adaptive_mutation_max_strength"":3,""coarse_to_fine_mutation"":false,""coarse_to_fine_start_strength"":3,""coarse_to_fine_end_strength"":1,""stagnation_generations_after_selection"":0}",quantization,True,198,128,16,8,262144,262144,1048576,6084,62922752,45681.295037314994,15276.82177734375
41,0.5009765625,0.5146484375,kl,0.5009765625,10.3359375,10.078125,13.1953125,,917504,"{""wikitext2"":327680,""c4"":589824}",128,16,4,1,"[16,4,1]","[2048,16384,131072]",5503193088,4.083333333333333,3216.5078125,26982023168,26982023168,0,8,8,"{""type"":""mixed_depth_quantization"",""sequential_mode"":""none"",""joint_mutation_mode"":""standard"",""parent_before_generation_hash"":""0728dc73a6ca287d8597c37e3866aed27b5657ea8396c0aa179d9a79ea295c61"",""parent_after_generation_hash"":""b72222259ba7bcce45cd56433e7f21c0b652610631872f023e2ae31601b63eab"",""generated_offspring_by_type"":{""depth"":53,""quantization"":46,""joint_aware"":0,""interaction_aware"":0,""sequential_quantization"":0,""fixed_quant_depth"":0,""component crossover"":0,""component crossover + repair"":0,""layer bundle crossover"":0,""layer bundle crossover + repair"":0,""local exchange crossover"":29},""depth_mask_entries_changed_by_type"":{""depth"":148,""quantization"":0,""joint_aware"":0,""interaction_aware"":0,""sequential_quantization"":0,""fixed_quant_depth"":0,""component crossover"":0,""component crossover + repair"":0,""layer bundle crossover"":0,""layer bundle crossover + repair"":0,""local exchange crossover"":0},""quant_assignments_changed_by_type"":{""depth"":109,""quantization"":106,""joint_aware"":0,""interaction_aware"":0,""sequential_quantization"":0,""fixed_quant_depth"":0,""component crossover"":0,""component crossover + repair"":0,""layer bundle crossover"":0,""layer bundle crossover + repair"":0,""local exchange crossover"":58},""depth_mask_entries_changed_total"":148,""quant_assignments_changed_total"":273,""interaction_aware_details"":{""budget_repair_quant_changes"":0,""preferred_quant_exchanges_used"":0,""fallback_quant_exchanges_used"":0},""crossover_diagnostics"":{""crossover_type"":""local_exchange"",""crossover_parent_selection"":""uniform"",""crossover_offspring"":29,""crossover_offspring_accepted"":29,""mutation_offspring_accepted"":99,""mutation_offspring"":99,""crossover_offspring_attempted"":75,""crossover_duplicates"":46,""crossover_infeasible_candidates"":0,""crossover_repair_changed_gene_count"":0,""crossover_repaired_proposals"":0,""parent_distance_mean"":8.613333333333333,""parent_distance_min"":2,""parent_distance_max"":11,""child_distance_from_parent_a_mean"":2.0,""child_distance_from_parent_b_mean"":6.613333333333333,""layers_from_parent_a_mean"":null,""layers_from_parent_b_mean"":null,""crossover_no_legal_exchange"":0,""local_exchange_attention"":0,""local_exchange_mlp"":0,""local_exchange_quantization"":29,""local_exchange_block"":0,""parent_distance_count"":75,""child_distance_from_base_mean"":2.0,""child_distance_from_base_min"":2,""child_distance_from_base_max"":2,""child_distance_from_base_count"":29,""child_distance_from_donor_mean"":8.137931034482758,""child_distance_from_donor_min"":6,""child_distance_from_donor_max"":9,""child_distance_from_donor_count"":29,""donor_distance_reduction_mean"":2.0,""donor_distance_reduction_min"":2,""donor_distance_reduction_max"":2,""donor_distance_reduction_count"":29,""local_exchange_changed_gene_count_mean"":2.0,""local_exchange_changed_gene_count_min"":2,""local_exchange_changed_gene_count_max"":2,""local_exchange_changed_gene_count_count"":29,""child_distance_statistics_scope"":""accepted_unique_crossover_offspring"",""parent_distance_statistics_scope"":""crossover_attempts"",""persistent_population_size"":4,""unique_population_size"":4,""best_population_fitness"":0.5009765625,""configured_survivors_per_selection"":[16,4,1],""effective_survivors_per_selection"":[16,4,4],""effective_final_survivor_count"":4},""offspring_generation"":{""attempts"":174,""no_op_mutations"":0,""duplicate_candidates"":46,""infeasible_candidates"":0,""fixed_quant_legal_swap_counts"":[]},""maximum_depth_mutations_per_offspring"":3,""quantization_step_size"":1,""quantization_mutations_per_offspring"":1,""joint_aware_probability"":0.0,""adaptive_mutation"":false,""adaptive_mutation_strength"":1,""adaptive_mutation_patience"":3,""adaptive_mutation_max_strength"":3,""coarse_to_fine_mutation"":false,""coarse_to_fine_start_strength"":3,""coarse_to_fine_end_strength"":1,""stagnation_generations_after_selection"":0}",quantization,True,174,128,16,8,262144,262144,1048576,6236,64495616,46995.612879224005,15276.82177734375
42,0.474609375,0.5009765625,kl,0.474609375,,,,,0,{},128,16,4,1,"[16,4,1]","[2048,16384,131072]",5503193088,4.083333333333333,3216.5078125,26982023168,26982023168,0,8,8,"{""type"":""mixed_depth_quantization"",""sequential_mode"":""none"",""joint_mutation_mode"":""standard"",""parent_before_generation_hash"":""b72222259ba7bcce45cd56433e7f21c0b652610631872f023e2ae31601b63eab"",""parent_after_generation_hash"":""053b0c668c4db9900195e370af5624ad51e13a68153b71669c1cc84b1dc6e2b1"",""generated_offspring_by_type"":{""depth"":57,""quantization"":64,""joint_aware"":0,""interaction_aware"":0,""sequential_quantization"":0,""fixed_quant_depth"":0,""component crossover"":0,""component crossover + repair"":0,""layer bundle crossover"":0,""layer bundle crossover + repair"":0,""local exchange crossover"":7},""depth_mask_entries_changed_by_type"":{""depth"":178,""quantization"":0,""joint_aware"":0,""interaction_aware"":0,""sequential_quantization"":0,""fixed_quant_depth"":0,""component crossover"":0,""component crossover + repair"":0,""layer bundle crossover"":0,""layer bundle crossover + repair"":0,""local exchange crossover"":0},""quant_assignments_changed_by_type"":{""depth"":111,""quantization"":154,""joint_aware"":0,""interaction_aware"":0,""sequential_quantization"":0,""fixed_quant_depth"":0,""component crossover"":0,""component crossover + repair"":0,""layer bundle crossover"":0,""layer bundle crossover + repair"":0,""local exchange crossover"":14},""depth_mask_entries_changed_total"":178,""quant_assignments_changed_total"":279,""interaction_aware_details"":{""budget_repair_quant_changes"":0,""preferred_quant_exchanges_used"":0,""fallback_quant_exchanges_used"":0},""crossover_diagnostics"":{""crossover_type"":""local_exchange"",""crossover_parent_selection"":""uniform"",""crossover_offspring"":7,""crossover_offspring_accepted"":7,""mutation_offspring_accepted"":121,""mutation_offspring"":121,""crossover_offspring_attempted"":135,""crossover_duplicates"":128,""crossover_infeasible_candidates"":0,""crossover_repair_changed_gene_count"":0,""crossover_repaired_proposals"":0,""parent_distance_mean"":2.859259259259259,""parent_distance_min"":2,""parent_distance_max"":5,""child_distance_from_parent_a_mean"":2.0,""child_distance_from_parent_b_mean"":0.8592592592592593,""layers_from_parent_a_mean"":null,""layers_from_parent_b_mean"":null,""crossover_no_legal_exchange"":0,""local_exchange_attention"":0,""local_exchange_mlp"":0,""local_exchange_quantization"":7,""local_exchange_block"":0,""parent_distance_count"":135,""child_distance_from_base_mean"":2.0,""child_distance_from_base_min"":2,""child_distance_from_base_max"":2,""child_distance_from_base_count"":7,""child_distance_from_donor_mean"":2.142857142857143,""child_distance_from_donor_min"":1,""child_distance_from_donor_max"":3,""child_distance_from_donor_count"":7,""donor_distance_reduction_mean"":2.0,""donor_distance_reduction_min"":2,""donor_distance_reduction_max"":2,""donor_distance_reduction_count"":7,""local_exchange_changed_gene_count_mean"":2.0,""local_exchange_changed_gene_count_min"":2,""local_exchange_changed_gene_count_max"":2,""local_exchange_changed_gene_count_count"":7,""child_distance_statistics_scope"":""accepted_unique_crossover_offspring"",""parent_distance_statistics_scope"":""crossover_attempts"",""persistent_population_size"":4,""unique_population_size"":4,""best_population_fitness"":0.474609375,""configured_survivors_per_selection"":[16,4,1],""effective_survivors_per_selection"":[16,4,4],""effective_final_survivor_count"":4},""offspring_generation"":{""attempts"":256,""no_op_mutations"":0,""duplicate_candidates"":128,""infeasible_candidates"":0,""fixed_quant_legal_swap_counts"":[]},""maximum_depth_mutations_per_offspring"":3,""quantization_step_size"":1,""quantization_mutations_per_offspring"":1,""joint_aware_probability"":0.0,""adaptive_mutation"":false,""adaptive_mutation_strength"":1,""adaptive_mutation_patience"":3,""adaptive_mutation_max_strength"":3,""coarse_to_fine_mutation"":false,""coarse_to_fine_start_strength"":3,""coarse_to_fine_end_strength"":1,""stagnation_generations_after_selection"":0}",quantization,True,256,128,16,8,262144,262144,1048576,6388,66068480,48022.449455868016,15276.82177734375
43,0.491943359375,0.474609375,kl,0.491943359375,,,,,0,{},128,16,4,1,"[16,4,1]","[2048,16384,131072]",5503193088,4.083333333333333,3216.5078125,26982023168,26982023168,0,8,8,"{""type"":""mixed_depth_quantization"",""sequential_mode"":""none"",""joint_mutation_mode"":""standard"",""parent_before_generation_hash"":""053b0c668c4db9900195e370af5624ad51e13a68153b71669c1cc84b1dc6e2b1"",""parent_after_generation_hash"":""c276b60ecf3517cb3740908ea4d97b54b01d4f45e629dd68bc8190a539b516dc"",""generated_offspring_by_type"":{""depth"":61,""quantization"":58,""joint_aware"":0,""interaction_aware"":0,""sequential_quantization"":0,""fixed_quant_depth"":0,""component crossover"":0,""component crossover + repair"":0,""layer bundle crossover"":0,""layer bundle crossover + repair"":0,""local exchange crossover"":9},""depth_mask_entries_changed_by_type"":{""depth"":190,""quantization"":0,""joint_aware"":0,""interaction_aware"":0,""sequential_quantization"":0,""fixed_quant_depth"":0,""component crossover"":0,""component crossover + repair"":0,""layer bundle crossover"":0,""layer bundle crossover + repair"":0,""local exchange crossover"":0},""quant_assignments_changed_by_type"":{""depth"":148,""quantization"":136,""joint_aware"":0,""interaction_aware"":0,""sequential_quantization"":0,""fixed_quant_depth"":0,""component crossover"":0,""component crossover + repair"":0,""layer bundle crossover"":0,""layer bundle crossover + repair"":0,""local exchange crossover"":18},""depth_mask_entries_changed_total"":190,""quant_assignments_changed_total"":302,""interaction_aware_details"":{""budget_repair_quant_changes"":0,""preferred_quant_exchanges_used"":0,""fallback_quant_exchanges_used"":0},""crossover_diagnostics"":{""crossover_type"":""local_exchange"",""crossover_parent_selection"":""uniform"",""crossover_offspring"":9,""crossover_offspring_accepted"":9,""mutation_offspring_accepted"":119,""mutation_offspring"":119,""crossover_offspring_attempted"":114,""crossover_duplicates"":105,""crossover_infeasible_candidates"":0,""crossover_repair_changed_gene_count"":0,""crossover_repaired_proposals"":0,""parent_distance_mean"":3.824561403508772,""parent_distance_min"":2,""parent_distance_max"":6,""child_distance_from_parent_a_mean"":2.0,""child_distance_from_parent_b_mean"":1.8245614035087718,""layers_from_parent_a_mean"":null,""layers_from_parent_b_mean"":null,""crossover_no_legal_exchange"":0,""local_exchange_attention"":0,""local_exchange_mlp"":0,""local_exchange_quantization"":9,""local_exchange_block"":0,""parent_distance_count"":114,""child_distance_from_base_mean"":2.0,""child_distance_from_base_min"":2,""child_distance_from_base_max"":2,""child_distance_from_base_count"":9,""child_distance_from_donor_mean"":2.111111111111111,""child_distance_from_donor_min"":1,""child_distance_from_donor_max"":4,""child_distance_from_donor_count"":9,""donor_distance_reduction_mean"":2.0,""donor_distance_reduction_min"":2,""donor_distance_reduction_max"":2,""donor_distance_reduction_count"":9,""local_exchange_changed_gene_count_mean"":2.0,""local_exchange_changed_gene_count_min"":2,""local_exchange_changed_gene_count_max"":2,""local_exchange_changed_gene_count_count"":9,""child_distance_statistics_scope"":""accepted_unique_crossover_offspring"",""parent_distance_statistics_scope"":""crossover_attempts"",""persistent_population_size"":4,""unique_population_size"":4,""best_population_fitness"":0.491943359375,""configured_survivors_per_selection"":[16,4,1],""effective_survivors_per_selection"":[16,4,4],""effective_final_survivor_count"":4},""offspring_generation"":{""attempts"":233,""no_op_mutations"":0,""duplicate_candidates"":105,""infeasible_candidates"":0,""fixed_quant_legal_swap_counts"":[]},""maximum_depth_mutations_per_offspring"":3,""quantization_step_size"":1,""quantization_mutations_per_offspring"":1,""joint_aware_probability"":0.0,""adaptive_mutation"":false,""adaptive_mutation_strength"":1,""adaptive_mutation_patience"":3,""adaptive_mutation_max_strength"":3,""coarse_to_fine_mutation"":false,""coarse_to_fine_start_strength"":3,""coarse_to_fine_end_strength"":1,""stagnation_generations_after_selection"":0}",local exchange crossover,True,233,128,16,8,262144,262144,1048576,6540,67641344,49151.686280452006,15276.82177734375
44,0.5205078125,0.491943359375,kl,0.5205078125,,,,,0,{},128,16,4,1,"[16,4,1]","[2048,16384,131072]",5503193088,4.083333333333333,3216.5078125,26982023168,26982023168,0,8,8,"{""type"":""mixed_depth_quantization"",""sequential_mode"":""none"",""joint_mutation_mode"":""standard"",""parent_before_generation_hash"":""c276b60ecf3517cb3740908ea4d97b54b01d4f45e629dd68bc8190a539b516dc"",""parent_after_generation_hash"":""1d5b1a82b846976541996fa485dd78091cf3d1ebc350062421e23476a89b2e2a"",""generated_offspring_by_type"":{""depth"":57,""quantization"":65,""joint_aware"":0,""interaction_aware"":0,""sequential_quantization"":0,""fixed_quant_depth"":0,""component crossover"":0,""component crossover + repair"":0,""layer bundle crossover"":0,""layer bundle crossover + repair"":0,""local exchange crossover"":6},""depth_mask_entries_changed_by_type"":{""depth"":162,""quantization"":0,""joint_aware"":0,""interaction_aware"":0,""sequential_quantization"":0,""fixed_quant_depth"":0,""component crossover"":0,""component crossover + repair"":0,""layer bundle crossover"":0,""layer bundle crossover + repair"":0,""local exchange crossover"":0},""quant_assignments_changed_by_type"":{""depth"":117,""quantization"":158,""joint_aware"":0,""interaction_aware"":0,""sequential_quantization"":0,""fixed_quant_depth"":0,""component crossover"":0,""component crossover + repair"":0,""layer bundle crossover"":0,""layer bundle crossover + repair"":0,""local exchange crossover"":12},""depth_mask_entries_changed_total"":162,""quant_assignments_changed_total"":287,""interaction_aware_details"":{""budget_repair_quant_changes"":0,""preferred_quant_exchanges_used"":0,""fallback_quant_exchanges_used"":0},""crossover_diagnostics"":{""crossover_type"":""local_exchange"",""crossover_parent_selection"":""uniform"",""crossover_offspring"":6,""crossover_offspring_accepted"":6,""mutation_offspring_accepted"":122,""mutation_offspring"":122,""crossover_offspring_attempted"":120,""crossover_duplicates"":97,""crossover_infeasible_candidates"":0,""crossover_repair_changed_gene_count"":0,""crossover_repaired_proposals"":0,""parent_distance_mean"":3.6166666666666667,""parent_distance_min"":1,""parent_distance_max"":6,""child_distance_from_parent_a_mean"":2.0,""child_distance_from_parent_b_mean"":2.0485436893203883,""layers_from_parent_a_mean"":null,""layers_from_parent_b_mean"":null,""crossover_no_legal_exchange"":17,""local_exchange_attention"":0,""local_exchange_mlp"":0,""local_exchange_quantization"":6,""local_exchange_block"":0,""parent_distance_count"":120,""child_distance_from_base_mean"":2.0,""child_distance_from_base_min"":2,""child_distance_from_base_max"":2,""child_distance_from_base_count"":6,""child_distance_from_donor_mean"":2.6666666666666665,""child_distance_from_donor_min"":1,""child_distance_from_donor_max"":4,""child_distance_from_donor_count"":6,""donor_distance_reduction_mean"":2.0,""donor_distance_reduction_min"":2,""donor_distance_reduction_max"":2,""donor_distance_reduction_count"":6,""local_exchange_changed_gene_count_mean"":2.0,""local_exchange_changed_gene_count_min"":2,""local_exchange_changed_gene_count_max"":2,""local_exchange_changed_gene_count_count"":6,""child_distance_statistics_scope"":""accepted_unique_crossover_offspring"",""parent_distance_statistics_scope"":""crossover_attempts"",""persistent_population_size"":4,""unique_population_size"":4,""best_population_fitness"":0.5205078125,""configured_survivors_per_selection"":[16,4,1],""effective_survivors_per_selection"":[16,4,4],""effective_final_survivor_count"":4},""offspring_generation"":{""attempts"":242,""no_op_mutations"":0,""duplicate_candidates"":97,""infeasible_candidates"":0,""fixed_quant_legal_swap_counts"":[]},""maximum_depth_mutations_per_offspring"":3,""quantization_step_size"":1,""quantization_mutations_per_offspring"":1,""joint_aware_probability"":0.0,""adaptive_mutation"":false,""adaptive_mutation_strength"":1,""adaptive_mutation_patience"":3,""adaptive_mutation_max_strength"":3,""coarse_to_fine_mutation"":false,""coarse_to_fine_start_strength"":3,""coarse_to_fine_end_strength"":1,""stagnation_generations_after_selection"":0}",quantization,True,242,128,16,8,262144,262144,1048576,6692,69214208,50171.29322288901,15276.82177734375
45,0.494384765625,0.5205078125,kl,0.494384765625,,,,,0,{},128,16,4,1,"[16,4,1]","[2048,16384,131072]",5503193088,4.083333333333333,3216.5078125,26982023168,26982023168,0,8,8,"{""type"":""mixed_depth_quantization"",""sequential_mode"":""none"",""joint_mutation_mode"":""standard"",""parent_before_generation_hash"":""1d5b1a82b846976541996fa485dd78091cf3d1ebc350062421e23476a89b2e2a"",""parent_after_generation_hash"":""90d0042e2b3a4e42e3a6f02b57563db82b6379369a5826b3fe5e66772a3a3f3f"",""generated_offspring_by_type"":{""depth"":50,""quantization"":47,""joint_aware"":0,""interaction_aware"":0,""sequential_quantization"":0,""fixed_quant_depth"":0,""component crossover"":0,""component crossover + repair"":0,""layer bundle crossover"":0,""layer bundle crossover + repair"":0,""local exchange crossover"":31},""depth_mask_entries_changed_by_type"":{""depth"":150,""quantization"":0,""joint_aware"":0,""interaction_aware"":0,""sequential_quantization"":0,""fixed_quant_depth"":0,""component crossover"":0,""component crossover + repair"":0,""layer bundle crossover"":0,""layer bundle crossover + repair"":0,""local exchange crossover"":0},""quant_assignments_changed_by_type"":{""depth"":105,""quantization"":109,""joint_aware"":0,""interaction_aware"":0,""sequential_quantization"":0,""fixed_quant_depth"":0,""component crossover"":0,""component crossover + repair"":0,""layer bundle crossover"":0,""layer bundle crossover + repair"":0,""local exchange crossover"":62},""depth_mask_entries_changed_total"":150,""quant_assignments_changed_total"":276,""interaction_aware_details"":{""budget_repair_quant_changes"":0,""preferred_quant_exchanges_used"":0,""fallback_quant_exchanges_used"":0},""crossover_diagnostics"":{""crossover_type"":""local_exchange"",""crossover_parent_selection"":""uniform"",""crossover_offspring"":31,""crossover_offspring_accepted"":31,""mutation_offspring_accepted"":97,""mutation_offspring"":97,""crossover_offspring_attempted"":94,""crossover_duplicates"":63,""crossover_infeasible_candidates"":0,""crossover_repair_changed_gene_count"":0,""crossover_repaired_proposals"":0,""parent_distance_mean"":6.48936170212766,""parent_distance_min"":5,""parent_distance_max"":8,""child_distance_from_parent_a_mean"":2.0,""child_distance_from_parent_b_mean"":4.776595744680851,""layers_from_parent_a_mean"":null,""layers_from_parent_b_mean"":null,""crossover_no_legal_exchange"":0,""local_exchange_attention"":0,""local_exchange_mlp"":0,""local_exchange_quantization"":31,""local_exchange_block"":0,""parent_distance_count"":94,""child_distance_from_base_mean"":2.0,""child_distance_from_base_min"":2,""child_distance_from_base_max"":2,""child_distance_from_base_count"":31,""child_distance_from_donor_mean"":5.032258064516129,""child_distance_from_donor_min"":3,""child_distance_from_donor_max"":7,""child_distance_from_donor_count"":31,""donor_distance_reduction_mean"":1.6774193548387097,""donor_distance_reduction_min"":1,""donor_distance_reduction_max"":2,""donor_distance_reduction_count"":31,""local_exchange_changed_gene_count_mean"":2.0,""local_exchange_changed_gene_count_min"":2,""local_exchange_changed_gene_count_max"":2,""local_exchange_changed_gene_count_count"":31,""child_distance_statistics_scope"":""accepted_unique_crossover_offspring"",""parent_distance_statistics_scope"":""crossover_attempts"",""persistent_population_size"":4,""unique_population_size"":4,""best_population_fitness"":0.494384765625,""configured_survivors_per_selection"":[16,4,1],""effective_survivors_per_selection"":[16,4,4],""effective_final_survivor_count"":4},""offspring_generation"":{""attempts"":191,""no_op_mutations"":0,""duplicate_candidates"":63,""infeasible_candidates"":0,""fixed_quant_legal_swap_counts"":[]},""maximum_depth_mutations_per_offspring"":3,""quantization_step_size"":1,""quantization_mutations_per_offspring"":1,""joint_aware_probability"":0.0,""adaptive_mutation"":false,""adaptive_mutation_strength"":1,""adaptive_mutation_patience"":3,""adaptive_mutation_max_strength"":3,""coarse_to_fine_mutation"":false,""coarse_to_fine_start_strength"":3,""coarse_to_fine_end_strength"":1,""stagnation_generations_after_selection"":0}",quantization,True,191,128,16,8,262144,262144,1048576,6844,70787072,51270.89140324699,15276.82177734375
46,0.49365234375,0.494384765625,kl,0.49365234375,10.28125,10.078125,13.1171875,,917504,"{""wikitext2"":327680,""c4"":589824}",128,16,4,1,"[16,4,1]","[2048,16384,131072]",5503193088,4.083333333333333,3216.5078125,26982023168,26982023168,0,8,8,"{""type"":""mixed_depth_quantization"",""sequential_mode"":""none"",""joint_mutation_mode"":""standard"",""parent_before_generation_hash"":""90d0042e2b3a4e42e3a6f02b57563db82b6379369a5826b3fe5e66772a3a3f3f"",""parent_after_generation_hash"":""8e22ee71a7349d2406290dc33a82946e5db318f8a7bd47d0ed600aee63155a91"",""generated_offspring_by_type"":{""depth"":58,""quantization"":60,""joint_aware"":0,""interaction_aware"":0,""sequential_quantization"":0,""fixed_quant_depth"":0,""component crossover"":0,""component crossover + repair"":0,""layer bundle crossover"":0,""layer bundle crossover + repair"":0,""local exchange crossover"":10},""depth_mask_entries_changed_by_type"":{""depth"":168,""quantization"":0,""joint_aware"":0,""interaction_aware"":0,""sequential_quantization"":0,""fixed_quant_depth"":0,""component crossover"":0,""component crossover + repair"":0,""layer bundle crossover"":0,""layer bundle crossover + repair"":0,""local exchange crossover"":0},""quant_assignments_changed_by_type"":{""depth"":119,""quantization"":139,""joint_aware"":0,""interaction_aware"":0,""sequential_quantization"":0,""fixed_quant_depth"":0,""component crossover"":0,""component crossover + repair"":0,""layer bundle crossover"":0,""layer bundle crossover + repair"":0,""local exchange crossover"":20},""depth_mask_entries_changed_total"":168,""quant_assignments_changed_total"":278,""interaction_aware_details"":{""budget_repair_quant_changes"":0,""preferred_quant_exchanges_used"":0,""fallback_quant_exchanges_used"":0},""crossover_diagnostics"":{""crossover_type"":""local_exchange"",""crossover_parent_selection"":""uniform"",""crossover_offspring"":10,""crossover_offspring_accepted"":10,""mutation_offspring_accepted"":118,""mutation_offspring"":118,""crossover_offspring_attempted"":138,""crossover_duplicates"":128,""crossover_infeasible_candidates"":0,""crossover_repair_changed_gene_count"":0,""crossover_repaired_proposals"":0,""parent_distance_mean"":5.130434782608695,""parent_distance_min"":2,""parent_distance_max"":8,""child_distance_from_parent_a_mean"":2.0,""child_distance_from_parent_b_mean"":3.391304347826087,""layers_from_parent_a_mean"":null,""layers_from_parent_b_mean"":null,""crossover_no_legal_exchange"":0,""local_exchange_attention"":0,""local_exchange_mlp"":0,""local_exchange_quantization"":10,""local_exchange_block"":0,""parent_distance_count"":138,""child_distance_from_base_mean"":2.0,""child_distance_from_base_min"":2,""child_distance_from_base_max"":2,""child_distance_from_base_count"":10,""child_distance_from_donor_mean"":5.0,""child_distance_from_donor_min"":2,""child_distance_from_donor_max"":7,""child_distance_from_donor_count"":10,""donor_distance_reduction_mean"":1.7,""donor_distance_reduction_min"":1,""donor_distance_reduction_max"":2,""donor_distance_reduction_count"":10,""local_exchange_changed_gene_count_mean"":2.0,""local_exchange_changed_gene_count_min"":2,""local_exchange_changed_gene_count_max"":2,""local_exchange_changed_gene_count_count"":10,""child_distance_statistics_scope"":""accepted_unique_crossover_offspring"",""parent_distance_statistics_scope"":""crossover_attempts"",""persistent_population_size"":4,""unique_population_size"":4,""best_population_fitness"":0.49365234375,""configured_survivors_per_selection"":[16,4,1],""effective_survivors_per_selection"":[16,4,4],""effective_final_survivor_count"":4},""offspring_generation"":{""attempts"":256,""no_op_mutations"":0,""duplicate_candidates"":128,""infeasible_candidates"":0,""fixed_quant_legal_swap_counts"":[]},""maximum_depth_mutations_per_offspring"":3,""quantization_step_size"":1,""quantization_mutations_per_offspring"":1,""joint_aware_probability"":0.0,""adaptive_mutation"":false,""adaptive_mutation_strength"":1,""adaptive_mutation_patience"":3,""adaptive_mutation_max_strength"":3,""coarse_to_fine_mutation"":false,""coarse_to_fine_start_strength"":3,""coarse_to_fine_end_strength"":1,""stagnation_generations_after_selection"":0}",local exchange crossover,True,256,128,16,8,262144,262144,1048576,6996,72359936,52544.263842506014,15276.82177734375
47,0.4775390625,0.49365234375,kl,0.4775390625,,,,,0,{},128,16,4,1,"[16,4,1]","[2048,16384,131072]",5503193088,4.083333333333333,3216.5078125,26982023168,26982023168,0,8,8,"{""type"":""mixed_depth_quantization"",""sequential_mode"":""none"",""joint_mutation_mode"":""standard"",""parent_before_generation_hash"":""8e22ee71a7349d2406290dc33a82946e5db318f8a7bd47d0ed600aee63155a91"",""parent_after_generation_hash"":""314c1c33edacad0f8556c43fbe0b07b2ef6cbd8ab2c8e4e8b28cbeecb999eb8e"",""generated_offspring_by_type"":{""depth"":57,""quantization"":64,""joint_aware"":0,""interaction_aware"":0,""sequential_quantization"":0,""fixed_quant_depth"":0,""component crossover"":0,""component crossover + repair"":0,""layer bundle crossover"":0,""layer bundle crossover + repair"":0,""local exchange crossover"":7},""depth_mask_entries_changed_by_type"":{""depth"":184,""quantization"":0,""joint_aware"":0,""interaction_aware"":0,""sequential_quantization"":0,""fixed_quant_depth"":0,""component crossover"":0,""component crossover + repair"":0,""layer bundle crossover"":0,""layer bundle crossover + repair"":0,""local exchange crossover"":0},""quant_assignments_changed_by_type"":{""depth"":144,""quantization"":148,""joint_aware"":0,""interaction_aware"":0,""sequential_quantization"":0,""fixed_quant_depth"":0,""component crossover"":0,""component crossover + repair"":0,""layer bundle crossover"":0,""layer bundle crossover + repair"":0,""local exchange crossover"":14},""depth_mask_entries_changed_total"":184,""quant_assignments_changed_total"":306,""interaction_aware_details"":{""budget_repair_quant_changes"":0,""preferred_quant_exchanges_used"":0,""fallback_quant_exchanges_used"":0},""crossover_diagnostics"":{""crossover_type"":""local_exchange"",""crossover_parent_selection"":""uniform"",""crossover_offspring"":7,""crossover_offspring_accepted"":7,""mutation_offspring_accepted"":121,""mutation_offspring"":121,""crossover_offspring_attempted"":117,""crossover_duplicates"":110,""crossover_infeasible_candidates"":0,""crossover_repair_changed_gene_count"":0,""crossover_repaired_proposals"":0,""parent_distance_mean"":4.256410256410256,""parent_distance_min"":2,""parent_distance_max"":6,""child_distance_from_parent_a_mean"":2.0,""child_distance_from_parent_b_mean"":2.6153846153846154,""layers_from_parent_a_mean"":null,""layers_from_parent_b_mean"":null,""crossover_no_legal_exchange"":0,""local_exchange_attention"":0,""local_exchange_mlp"":0,""local_exchange_quantization"":7,""local_exchange_block"":0,""parent_distance_count"":117,""child_distance_from_base_mean"":2.0,""child_distance_from_base_min"":2,""child_distance_from_base_max"":2,""child_distance_from_base_count"":7,""child_distance_from_donor_mean"":4.428571428571429,""child_distance_from_donor_min"":3,""child_distance_from_donor_max"":5,""child_distance_from_donor_count"":7,""donor_distance_reduction_mean"":1.2857142857142858,""donor_distance_reduction_min"":1,""donor_distance_reduction_max"":2,""donor_distance_reduction_count"":7,""local_exchange_changed_gene_count_mean"":2.0,""local_exchange_changed_gene_count_min"":2,""local_exchange_changed_gene_count_max"":2,""local_exchange_changed_gene_count_count"":7,""child_distance_statistics_scope"":""accepted_unique_crossover_offspring"",""parent_distance_statistics_scope"":""crossover_attempts"",""persistent_population_size"":4,""unique_population_size"":4,""best_population_fitness"":0.4775390625,""configured_survivors_per_selection"":[16,4,1],""effective_survivors_per_selection"":[16,4,4],""effective_final_survivor_count"":4},""offspring_generation"":{""attempts"":238,""no_op_mutations"":0,""duplicate_candidates"":110,""infeasible_candidates"":0,""fixed_quant_legal_swap_counts"":[]},""maximum_depth_mutations_per_offspring"":3,""quantization_step_size"":1,""quantization_mutations_per_offspring"":1,""joint_aware_probability"":0.0,""adaptive_mutation"":false,""adaptive_mutation_strength"":1,""adaptive_mutation_patience"":3,""adaptive_mutation_max_strength"":3,""coarse_to_fine_mutation"":false,""coarse_to_fine_start_strength"":3,""coarse_to_fine_end_strength"":1,""stagnation_generations_after_selection"":0}",quantization,True,238,128,16,8,262144,262144,1048576,7148,73932800,53611.75721199499,15276.82177734375
48,0.50537109375,0.4775390625,kl,0.50537109375,,,,,0,{},128,16,4,1,"[16,4,1]","[2048,16384,131072]",5503193088,4.083333333333333,3216.5078125,26982023168,26982023168,0,8,8,"{""type"":""mixed_depth_quantization"",""sequential_mode"":""none"",""joint_mutation_mode"":""standard"",""parent_before_generation_hash"":""314c1c33edacad0f8556c43fbe0b07b2ef6cbd8ab2c8e4e8b28cbeecb999eb8e"",""parent_after_generation_hash"":""5860d9b9ee2e100f7374275bdfa0700c934a3832431786d731698de909ea9708"",""generated_offspring_by_type"":{""depth"":47,""quantization"":70,""joint_aware"":0,""interaction_aware"":0,""sequential_quantization"":0,""fixed_quant_depth"":0,""component crossover"":0,""component crossover + repair"":0,""layer bundle crossover"":0,""layer bundle crossover + repair"":0,""local exchange crossover"":11},""depth_mask_entries_changed_by_type"":{""depth"":136,""quantization"":0,""joint_aware"":0,""interaction_aware"":0,""sequential_quantization"":0,""fixed_quant_depth"":0,""component crossover"":0,""component crossover + repair"":0,""layer bundle crossover"":0,""layer bundle crossover + repair"":0,""local exchange crossover"":0},""quant_assignments_changed_by_type"":{""depth"":105,""quantization"":161,""joint_aware"":0,""interaction_aware"":0,""sequential_quantization"":0,""fixed_quant_depth"":0,""component crossover"":0,""component crossover + repair"":0,""layer bundle crossover"":0,""layer bundle crossover + repair"":0,""local exchange crossover"":22},""depth_mask_entries_changed_total"":136,""quant_assignments_changed_total"":288,""interaction_aware_details"":{""budget_repair_quant_changes"":0,""preferred_quant_exchanges_used"":0,""fallback_quant_exchanges_used"":0},""crossover_diagnostics"":{""crossover_type"":""local_exchange"",""crossover_parent_selection"":""uniform"",""crossover_offspring"":11,""crossover_offspring_accepted"":11,""mutation_offspring_accepted"":117,""mutation_offspring"":117,""crossover_offspring_attempted"":124,""crossover_duplicates"":113,""crossover_infeasible_candidates"":0,""crossover_repair_changed_gene_count"":0,""crossover_repaired_proposals"":0,""parent_distance_mean"":5.588709677419355,""parent_distance_min"":3,""parent_distance_max"":7,""child_distance_from_parent_a_mean"":2.0,""child_distance_from_parent_b_mean"":3.7419354838709675,""layers_from_parent_a_mean"":null,""layers_from_parent_b_mean"":null,""crossover_no_legal_exchange"":0,""local_exchange_attention"":0,""local_exchange_mlp"":0,""local_exchange_quantization"":11,""local_exchange_block"":0,""parent_distance_count"":124,""child_distance_from_base_mean"":2.0,""child_distance_from_base_min"":2,""child_distance_from_base_max"":2,""child_distance_from_base_count"":11,""child_distance_from_donor_mean"":4.181818181818182,""child_distance_from_donor_min"":2,""child_distance_from_donor_max"":5,""child_distance_from_donor_count"":11,""donor_distance_reduction_mean"":1.9090909090909092,""donor_distance_reduction_min"":1,""donor_distance_reduction_max"":2,""donor_distance_reduction_count"":11,""local_exchange_changed_gene_count_mean"":2.0,""local_exchange_changed_gene_count_min"":2,""local_exchange_changed_gene_count_max"":2,""local_exchange_changed_gene_count_count"":11,""child_distance_statistics_scope"":""accepted_unique_crossover_offspring"",""parent_distance_statistics_scope"":""crossover_attempts"",""persistent_population_size"":4,""unique_population_size"":4,""best_population_fitness"":0.50537109375,""configured_survivors_per_selection"":[16,4,1],""effective_survivors_per_selection"":[16,4,4],""effective_final_survivor_count"":4},""offspring_generation"":{""attempts"":241,""no_op_mutations"":0,""duplicate_candidates"":113,""infeasible_candidates"":0,""fixed_quant_legal_swap_counts"":[]},""maximum_depth_mutations_per_offspring"":3,""quantization_step_size"":1,""quantization_mutations_per_offspring"":1,""joint_aware_probability"":0.0,""adaptive_mutation"":false,""adaptive_mutation_strength"":1,""adaptive_mutation_patience"":3,""adaptive_mutation_max_strength"":3,""coarse_to_fine_mutation"":false,""coarse_to_fine_start_strength"":3,""coarse_to_fine_end_strength"":1,""stagnation_generations_after_selection"":0}",local exchange crossover,True,241,128,16,8,262144,262144,1048576,7300,75505664,54675.07822598101,15276.82177734375
49,0.47705078125,0.50537109375,kl,0.47705078125,,,,,0,{},128,16,4,1,"[16,4,1]","[2048,16384,131072]",5503193088,4.083333333333333,3216.5078125,26982023168,26982023168,0,8,8,"{""type"":""mixed_depth_quantization"",""sequential_mode"":""none"",""joint_mutation_mode"":""standard"",""parent_before_generation_hash"":""5860d9b9ee2e100f7374275bdfa0700c934a3832431786d731698de909ea9708"",""parent_after_generation_hash"":""961ada855dd927eb46a9acb83b92950b3585f7a3544de0c2759e6daaf102a6da"",""generated_offspring_by_type"":{""depth"":60,""quantization"":53,""joint_aware"":0,""interaction_aware"":0,""sequential_quantization"":0,""fixed_quant_depth"":0,""component crossover"":0,""component crossover + repair"":0,""layer bundle crossover"":0,""layer bundle crossover + repair"":0,""local exchange crossover"":15},""depth_mask_entries_changed_by_type"":{""depth"":174,""quantization"":0,""joint_aware"":0,""interaction_aware"":0,""sequential_quantization"":0,""fixed_quant_depth"":0,""component crossover"":0,""component crossover + repair"":0,""layer bundle crossover"":0,""layer bundle crossover + repair"":0,""local exchange crossover"":0},""quant_assignments_changed_by_type"":{""depth"":142,""quantization"":124,""joint_aware"":0,""interaction_aware"":0,""sequential_quantization"":0,""fixed_quant_depth"":0,""component crossover"":0,""component crossover + repair"":0,""layer bundle crossover"":0,""layer bundle crossover + repair"":0,""local exchange crossover"":30},""depth_mask_entries_changed_total"":174,""quant_assignments_changed_total"":296,""interaction_aware_details"":{""budget_repair_quant_changes"":0,""preferred_quant_exchanges_used"":0,""fallback_quant_exchanges_used"":0},""crossover_diagnostics"":{""crossover_type"":""local_exchange"",""crossover_parent_selection"":""uniform"",""crossover_offspring"":15,""crossover_offspring_accepted"":15,""mutation_offspring_accepted"":113,""mutation_offspring"":113,""crossover_offspring_attempted"":128,""crossover_duplicates"":113,""crossover_infeasible_candidates"":0,""crossover_repair_changed_gene_count"":0,""crossover_repaired_proposals"":0,""parent_distance_mean"":4.359375,""parent_distance_min"":2,""parent_distance_max"":8,""child_distance_from_parent_a_mean"":2.0,""child_distance_from_parent_b_mean"":2.359375,""layers_from_parent_a_mean"":null,""layers_from_parent_b_mean"":null,""crossover_no_legal_exchange"":0,""local_exchange_attention"":0,""local_exchange_mlp"":0,""local_exchange_quantization"":15,""local_exchange_block"":0,""parent_distance_count"":128,""child_distance_from_base_mean"":2.0,""child_distance_from_base_min"":2,""child_distance_from_base_max"":2,""child_distance_from_base_count"":15,""child_distance_from_donor_mean"":4.533333333333333,""child_distance_from_donor_min"":2,""child_distance_from_donor_max"":6,""child_distance_from_donor_count"":15,""donor_distance_reduction_mean"":2.0,""donor_distance_reduction_min"":2,""donor_distance_reduction_max"":2,""donor_distance_reduction_count"":15,""local_exchange_changed_gene_count_mean"":2.0,""local_exchange_changed_gene_count_min"":2,""local_exchange_changed_gene_count_max"":2,""local_exchange_changed_gene_count_count"":15,""child_distance_statistics_scope"":""accepted_unique_crossover_offspring"",""parent_distance_statistics_scope"":""crossover_attempts"",""persistent_population_size"":4,""unique_population_size"":4,""best_population_fitness"":0.47705078125,""configured_survivors_per_selection"":[16,4,1],""effective_survivors_per_selection"":[16,4,4],""effective_final_survivor_count"":4},""offspring_generation"":{""attempts"":241,""no_op_mutations"":0,""duplicate_candidates"":113,""infeasible_candidates"":0,""fixed_quant_legal_swap_counts"":[]},""maximum_depth_mutations_per_offspring"":3,""quantization_step_size"":1,""quantization_mutations_per_offspring"":1,""joint_aware_probability"":0.0,""adaptive_mutation"":false,""adaptive_mutation_strength"":1,""adaptive_mutation_patience"":3,""adaptive_mutation_max_strength"":3,""coarse_to_fine_mutation"":false,""coarse_to_fine_start_strength"":3,""coarse_to_fine_end_strength"":1,""stagnation_generations_after_selection"":0}",local exchange crossover,True,241,128,16,8,262144,262144,1048576,7452,77078528,55770.11713493601,15276.82177734375
50,0.50244140625,0.47705078125,kl,0.50244140625,,,,,0,{},128,16,4,1,"[16,4,1]","[2048,16384,131072]",5503193088,4.083333333333333,3216.5078125,26982023168,26982023168,0,8,8,"{""type"":""mixed_depth_quantization"",""sequential_mode"":""none"",""joint_mutation_mode"":""standard"",""parent_before_generation_hash"":""961ada855dd927eb46a9acb83b92950b3585f7a3544de0c2759e6daaf102a6da"",""parent_after_generation_hash"":""0ac9963a8612cd37f026ad81bafe2060600b12868f4ff931d62c811ac290db2f"",""generated_offspring_by_type"":{""depth"":68,""quantization"":44,""joint_aware"":0,""interaction_aware"":0,""sequential_quantization"":0,""fixed_quant_depth"":0,""component crossover"":0,""component crossover + repair"":0,""layer bundle crossover"":0,""layer bundle crossover + repair"":0,""local exchange crossover"":16},""depth_mask_entries_changed_by_type"":{""depth"":204,""quantization"":0,""joint_aware"":0,""interaction_aware"":0,""sequential_quantization"":0,""fixed_quant_depth"":0,""component crossover"":0,""component crossover + repair"":0,""layer bundle crossover"":0,""layer bundle crossover + repair"":0,""local exchange crossover"":0},""quant_assignments_changed_by_type"":{""depth"":152,""quantization"":103,""joint_aware"":0,""interaction_aware"":0,""sequential_quantization"":0,""fixed_quant_depth"":0,""component crossover"":0,""component crossover + repair"":0,""layer bundle crossover"":0,""layer bundle crossover + repair"":0,""local exchange crossover"":32},""depth_mask_entries_changed_total"":204,""quant_assignments_changed_total"":287,""interaction_aware_details"":{""budget_repair_quant_changes"":0,""preferred_quant_exchanges_used"":0,""fallback_quant_exchanges_used"":0},""crossover_diagnostics"":{""crossover_type"":""local_exchange"",""crossover_parent_selection"":""uniform"",""crossover_offspring"":16,""crossover_offspring_accepted"":16,""mutation_offspring_accepted"":112,""mutation_offspring"":112,""crossover_offspring_attempted"":104,""crossover_duplicates"":88,""crossover_infeasible_candidates"":0,""crossover_repair_changed_gene_count"":0,""crossover_repaired_proposals"":0,""parent_distance_mean"":5.028846153846154,""parent_distance_min"":2,""parent_distance_max"":7,""child_distance_from_parent_a_mean"":2.0,""child_distance_from_parent_b_mean"":3.0288461538461537,""layers_from_parent_a_mean"":null,""layers_from_parent_b_mean"":null,""crossover_no_legal_exchange"":0,""local_exchange_attention"":0,""local_exchange_mlp"":0,""local_exchange_quantization"":16,""local_exchange_block"":0,""parent_distance_count"":104,""child_distance_from_base_mean"":2.0,""child_distance_from_base_min"":2,""child_distance_from_base_max"":2,""child_distance_from_base_count"":16,""child_distance_from_donor_mean"":4.0,""child_distance_from_donor_min"":3,""child_distance_from_donor_max"":5,""child_distance_from_donor_count"":16,""donor_distance_reduction_mean"":2.0,""donor_distance_reduction_min"":2,""donor_distance_reduction_max"":2,""donor_distance_reduction_count"":16,""local_exchange_changed_gene_count_mean"":2.0,""local_exchange_changed_gene_count_min"":2,""local_exchange_changed_gene_count_max"":2,""local_exchange_changed_gene_count_count"":16,""child_distance_statistics_scope"":""accepted_unique_crossover_offspring"",""parent_distance_statistics_scope"":""crossover_attempts"",""persistent_population_size"":4,""unique_population_size"":4,""best_population_fitness"":0.50244140625,""configured_survivors_per_selection"":[16,4,1],""effective_survivors_per_selection"":[16,4,4],""effective_final_survivor_count"":4},""offspring_generation"":{""attempts"":216,""no_op_mutations"":0,""duplicate_candidates"":88,""infeasible_candidates"":0,""fixed_quant_legal_swap_counts"":[]},""maximum_depth_mutations_per_offspring"":3,""quantization_step_size"":1,""quantization_mutations_per_offspring"":1,""joint_aware_probability"":0.0,""adaptive_mutation"":false,""adaptive_mutation_strength"":1,""adaptive_mutation_patience"":3,""adaptive_mutation_max_strength"":3,""coarse_to_fine_mutation"":false,""coarse_to_fine_start_strength"":3,""coarse_to_fine_end_strength"":1,""stagnation_generations_after_selection"":0}",local exchange crossover,True,216,128,16,8,262144,262144,1048576,7604,78651392,56851.892006889015,15276.82177734375
51,0.48828125,0.50244140625,kl,0.48828125,10.21875,10.0625,13.046875,,917504,"{""wikitext2"":327680,""c4"":589824}",128,16,4,1,"[16,4,1]","[2048,16384,131072]",5503193088,4.083333333333333,3216.5078125,26982023168,26982023168,0,8,8,"{""type"":""mixed_depth_quantization"",""sequential_mode"":""none"",""joint_mutation_mode"":""standard"",""parent_before_generation_hash"":""0ac9963a8612cd37f026ad81bafe2060600b12868f4ff931d62c811ac290db2f"",""parent_after_generation_hash"":""a19f640b9ac72cbc73262e19ce3a040e49691dbf6d8c50e01e57a750c03cc588"",""generated_offspring_by_type"":{""depth"":63,""quantization"":57,""joint_aware"":0,""interaction_aware"":0,""sequential_quantization"":0,""fixed_quant_depth"":0,""component crossover"":0,""component crossover + repair"":0,""layer bundle crossover"":0,""layer bundle crossover + repair"":0,""local exchange crossover"":8},""depth_mask_entries_changed_by_type"":{""depth"":192,""quantization"":0,""joint_aware"":0,""interaction_aware"":0,""sequential_quantization"":0,""fixed_quant_depth"":0,""component crossover"":0,""component crossover + repair"":0,""layer bundle crossover"":0,""layer bundle crossover + repair"":0,""local exchange crossover"":0},""quant_assignments_changed_by_type"":{""depth"":135,""quantization"":140,""joint_aware"":0,""interaction_aware"":0,""sequential_quantization"":0,""fixed_quant_depth"":0,""component crossover"":0,""component crossover + repair"":0,""layer bundle crossover"":0,""layer bundle crossover + repair"":0,""local exchange crossover"":16},""depth_mask_entries_changed_total"":192,""quant_assignments_changed_total"":291,""interaction_aware_details"":{""budget_repair_quant_changes"":0,""preferred_quant_exchanges_used"":0,""fallback_quant_exchanges_used"":0},""crossover_diagnostics"":{""crossover_type"":""local_exchange"",""crossover_parent_selection"":""uniform"",""crossover_offspring"":8,""crossover_offspring_accepted"":8,""mutation_offspring_accepted"":120,""mutation_offspring"":120,""crossover_offspring_attempted"":109,""crossover_duplicates"":74,""crossover_infeasible_candidates"":0,""crossover_repair_changed_gene_count"":0,""crossover_repaired_proposals"":0,""parent_distance_mean"":3.330275229357798,""parent_distance_min"":1,""parent_distance_max"":6,""child_distance_from_parent_a_mean"":2.0,""child_distance_from_parent_b_mean"":2.097560975609756,""layers_from_parent_a_mean"":null,""layers_from_parent_b_mean"":null,""crossover_no_legal_exchange"":27,""local_exchange_attention"":0,""local_exchange_mlp"":0,""local_exchange_quantization"":8,""local_exchange_block"":0,""parent_distance_count"":109,""child_distance_from_base_mean"":2.0,""child_distance_from_base_min"":2,""child_distance_from_base_max"":2,""child_distance_from_base_count"":8,""child_distance_from_donor_mean"":3.25,""child_distance_from_donor_min"":1,""child_distance_from_donor_max"":4,""child_distance_from_donor_count"":8,""donor_distance_reduction_mean"":2.0,""donor_distance_reduction_min"":2,""donor_distance_reduction_max"":2,""donor_distance_reduction_count"":8,""local_exchange_changed_gene_count_mean"":2.0,""local_exchange_changed_gene_count_min"":2,""local_exchange_changed_gene_count_max"":2,""local_exchange_changed_gene_count_count"":8,""child_distance_statistics_scope"":""accepted_unique_crossover_offspring"",""parent_distance_statistics_scope"":""crossover_attempts"",""persistent_population_size"":4,""unique_population_size"":4,""best_population_fitness"":0.48828125,""configured_survivors_per_selection"":[16,4,1],""effective_survivors_per_selection"":[16,4,4],""effective_final_survivor_count"":4},""offspring_generation"":{""attempts"":229,""no_op_mutations"":0,""duplicate_candidates"":74,""infeasible_candidates"":0,""fixed_quant_legal_swap_counts"":[]},""maximum_depth_mutations_per_offspring"":3,""quantization_step_size"":1,""quantization_mutations_per_offspring"":1,""joint_aware_probability"":0.0,""adaptive_mutation"":false,""adaptive_mutation_strength"":1,""adaptive_mutation_patience"":3,""adaptive_mutation_max_strength"":3,""coarse_to_fine_mutation"":false,""coarse_to_fine_start_strength"":3,""coarse_to_fine_end_strength"":1,""stagnation_generations_after_selection"":0}",quantization,True,229,128,16,8,262144,262144,1048576,7756,80224256,58151.45082406001,15276.82177734375
52,0.479248046875,0.48828125,kl,0.479248046875,,,,,0,{},128,16,4,1,"[16,4,1]","[2048,16384,131072]",5503193088,4.083333333333333,3216.5078125,26982023168,26982023168,0,8,8,"{""type"":""mixed_depth_quantization"",""sequential_mode"":""none"",""joint_mutation_mode"":""standard"",""parent_before_generation_hash"":""a19f640b9ac72cbc73262e19ce3a040e49691dbf6d8c50e01e57a750c03cc588"",""parent_after_generation_hash"":""ba447227d359c7c69f72bef922619d42f15f3dff2a164e7c2c7c77329cf5dd60"",""generated_offspring_by_type"":{""depth"":55,""quantization"":57,""joint_aware"":0,""interaction_aware"":0,""sequential_quantization"":0,""fixed_quant_depth"":0,""component crossover"":0,""component crossover + repair"":0,""layer bundle crossover"":0,""layer bundle crossover + repair"":0,""local exchange crossover"":16},""depth_mask_entries_changed_by_type"":{""depth"":172,""quantization"":0,""joint_aware"":0,""interaction_aware"":0,""sequential_quantization"":0,""fixed_quant_depth"":0,""component crossover"":0,""component crossover + repair"":0,""layer bundle crossover"":0,""layer bundle crossover + repair"":0,""local exchange crossover"":0},""quant_assignments_changed_by_type"":{""depth"":132,""quantization"":129,""joint_aware"":0,""interaction_aware"":0,""sequential_quantization"":0,""fixed_quant_depth"":0,""component crossover"":0,""component crossover + repair"":0,""layer bundle crossover"":0,""layer bundle crossover + repair"":0,""local exchange crossover"":32},""depth_mask_entries_changed_total"":172,""quant_assignments_changed_total"":293,""interaction_aware_details"":{""budget_repair_quant_changes"":0,""preferred_quant_exchanges_used"":0,""fallback_quant_exchanges_used"":0},""crossover_diagnostics"":{""crossover_type"":""local_exchange"",""crossover_parent_selection"":""uniform"",""crossover_offspring"":16,""crossover_offspring_accepted"":16,""mutation_offspring_accepted"":112,""mutation_offspring"":112,""crossover_offspring_attempted"":116,""crossover_duplicates"":100,""crossover_infeasible_candidates"":0,""crossover_repair_changed_gene_count"":0,""crossover_repaired_proposals"":0,""parent_distance_mean"":4.922413793103448,""parent_distance_min"":2,""parent_distance_max"":7,""child_distance_from_parent_a_mean"":2.0,""child_distance_from_parent_b_mean"":2.9224137931034484,""layers_from_parent_a_mean"":null,""layers_from_parent_b_mean"":null,""crossover_no_legal_exchange"":0,""local_exchange_attention"":0,""local_exchange_mlp"":0,""local_exchange_quantization"":16,""local_exchange_block"":0,""parent_distance_count"":116,""child_distance_from_base_mean"":2.0,""child_distance_from_base_min"":2,""child_distance_from_base_max"":2,""child_distance_from_base_count"":16,""child_distance_from_donor_mean"":3.8125,""child_distance_from_donor_min"":2,""child_distance_from_donor_max"":5,""child_distance_from_donor_count"":16,""donor_distance_reduction_mean"":2.0,""donor_distance_reduction_min"":2,""donor_distance_reduction_max"":2,""donor_distance_reduction_count"":16,""local_exchange_changed_gene_count_mean"":2.0,""local_exchange_changed_gene_count_min"":2,""local_exchange_changed_gene_count_max"":2,""local_exchange_changed_gene_count_count"":16,""child_distance_statistics_scope"":""accepted_unique_crossover_offspring"",""parent_distance_statistics_scope"":""crossover_attempts"",""persistent_population_size"":4,""unique_population_size"":4,""best_population_fitness"":0.479248046875,""configured_survivors_per_selection"":[16,4,1],""effective_survivors_per_selection"":[16,4,4],""effective_final_survivor_count"":4},""offspring_generation"":{""attempts"":228,""no_op_mutations"":0,""duplicate_candidates"":100,""infeasible_candidates"":0,""fixed_quant_legal_swap_counts"":[]},""maximum_depth_mutations_per_offspring"":3,""quantization_step_size"":1,""quantization_mutations_per_offspring"":1,""joint_aware_probability"":0.0,""adaptive_mutation"":false,""adaptive_mutation_strength"":1,""adaptive_mutation_patience"":3,""adaptive_mutation_max_strength"":3,""coarse_to_fine_mutation"":false,""coarse_to_fine_start_strength"":3,""coarse_to_fine_end_strength"":1,""stagnation_generations_after_selection"":0}",quantization,True,228,128,16,8,262144,262144,1048576,7908,81797120,59203.173981792,15276.82177734375
53,0.466064453125,0.479248046875,kl,0.466064453125,,,,,0,{},128,16,4,1,"[16,4,1]","[2048,16384,131072]",5503193088,4.083333333333333,3216.5078125,26982023168,26982023168,0,8,8,"{""type"":""mixed_depth_quantization"",""sequential_mode"":""none"",""joint_mutation_mode"":""standard"",""parent_before_generation_hash"":""ba447227d359c7c69f72bef922619d42f15f3dff2a164e7c2c7c77329cf5dd60"",""parent_after_generation_hash"":""a0f015b637b540252459c9610da5fcb0f11108dc61ef8b6cd198a73035f1b7e4"",""generated_offspring_by_type"":{""depth"":63,""quantization"":56,""joint_aware"":0,""interaction_aware"":0,""sequential_quantization"":0,""fixed_quant_depth"":0,""component crossover"":0,""component crossover + repair"":0,""layer bundle crossover"":0,""layer bundle crossover + repair"":0,""local exchange crossover"":9},""depth_mask_entries_changed_by_type"":{""depth"":182,""quantization"":0,""joint_aware"":0,""interaction_aware"":0,""sequential_quantization"":0,""fixed_quant_depth"":0,""component crossover"":0,""component crossover + repair"":0,""layer bundle crossover"":0,""layer bundle crossover + repair"":0,""local exchange crossover"":0},""quant_assignments_changed_by_type"":{""depth"":141,""quantization"":134,""joint_aware"":0,""interaction_aware"":0,""sequential_quantization"":0,""fixed_quant_depth"":0,""component crossover"":0,""component crossover + repair"":0,""layer bundle crossover"":0,""layer bundle crossover + repair"":0,""local exchange crossover"":18},""depth_mask_entries_changed_total"":182,""quant_assignments_changed_total"":293,""interaction_aware_details"":{""budget_repair_quant_changes"":0,""preferred_quant_exchanges_used"":0,""fallback_quant_exchanges_used"":0},""crossover_diagnostics"":{""crossover_type"":""local_exchange"",""crossover_parent_selection"":""uniform"",""crossover_offspring"":9,""crossover_offspring_accepted"":9,""mutation_offspring_accepted"":119,""mutation_offspring"":119,""crossover_offspring_attempted"":107,""crossover_duplicates"":76,""crossover_infeasible_candidates"":0,""crossover_repair_changed_gene_count"":0,""crossover_repaired_proposals"":0,""parent_distance_mean"":3.6448598130841123,""parent_distance_min"":1,""parent_distance_max"":6,""child_distance_from_parent_a_mean"":2.0,""child_distance_from_parent_b_mean"":2.3294117647058825,""layers_from_parent_a_mean"":null,""layers_from_parent_b_mean"":null,""crossover_no_legal_exchange"":22,""local_exchange_attention"":0,""local_exchange_mlp"":0,""local_exchange_quantization"":9,""local_exchange_block"":0,""parent_distance_count"":107,""child_distance_from_base_mean"":2.0,""child_distance_from_base_min"":2,""child_distance_from_base_max"":2,""child_distance_from_base_count"":9,""child_distance_from_donor_mean"":3.0,""child_distance_from_donor_min"":1,""child_distance_from_donor_max"":4,""child_distance_from_donor_count"":9,""donor_distance_reduction_mean"":2.0,""donor_distance_reduction_min"":2,""donor_distance_reduction_max"":2,""donor_distance_reduction_count"":9,""local_exchange_changed_gene_count_mean"":2.0,""local_exchange_changed_gene_count_min"":2,""local_exchange_changed_gene_count_max"":2,""local_exchange_changed_gene_count_count"":9,""child_distance_statistics_scope"":""accepted_unique_crossover_offspring"",""parent_distance_statistics_scope"":""crossover_attempts"",""persistent_population_size"":4,""unique_population_size"":4,""best_population_fitness"":0.466064453125,""configured_survivors_per_selection"":[16,4,1],""effective_survivors_per_selection"":[16,4,4],""effective_final_survivor_count"":4},""offspring_generation"":{""attempts"":226,""no_op_mutations"":0,""duplicate_candidates"":76,""infeasible_candidates"":0,""fixed_quant_legal_swap_counts"":[]},""maximum_depth_mutations_per_offspring"":3,""quantization_step_size"":1,""quantization_mutations_per_offspring"":1,""joint_aware_probability"":0.0,""adaptive_mutation"":false,""adaptive_mutation_strength"":1,""adaptive_mutation_patience"":3,""adaptive_mutation_max_strength"":3,""coarse_to_fine_mutation"":false,""coarse_to_fine_start_strength"":3,""coarse_to_fine_end_strength"":1,""stagnation_generations_after_selection"":0}",quantization,True,226,128,16,8,262144,262144,1048576,8060,83369984,60226.059053139004,15276.82177734375
54,0.489501953125,0.466064453125,kl,0.489501953125,,,,,0,{},128,16,4,1,"[16,4,1]","[2048,16384,131072]",5503193088,4.083333333333333,3216.5078125,26982023168,26982023168,0,8,8,"{""type"":""mixed_depth_quantization"",""sequential_mode"":""none"",""joint_mutation_mode"":""standard"",""parent_before_generation_hash"":""a0f015b637b540252459c9610da5fcb0f11108dc61ef8b6cd198a73035f1b7e4"",""parent_after_generation_hash"":""f01ea486cf6962cc699353b00d4ec57c306828483db332818499d03bf147d118"",""generated_offspring_by_type"":{""depth"":70,""quantization"":51,""joint_aware"":0,""interaction_aware"":0,""sequential_quantization"":0,""fixed_quant_depth"":0,""component crossover"":0,""component crossover + repair"":0,""layer bundle crossover"":0,""layer bundle crossover + repair"":0,""local exchange crossover"":7},""depth_mask_entries_changed_by_type"":{""depth"":208,""quantization"":0,""joint_aware"":0,""interaction_aware"":0,""sequential_quantization"":0,""fixed_quant_depth"":0,""component crossover"":0,""component crossover + repair"":0,""layer bundle crossover"":0,""layer bundle crossover + repair"":0,""local exchange crossover"":0},""quant_assignments_changed_by_type"":{""depth"":162,""quantization"":125,""joint_aware"":0,""interaction_aware"":0,""sequential_quantization"":0,""fixed_quant_depth"":0,""component crossover"":0,""component crossover + repair"":0,""layer bundle crossover"":0,""layer bundle crossover + repair"":0,""local exchange crossover"":14},""depth_mask_entries_changed_total"":208,""quant_assignments_changed_total"":301,""interaction_aware_details"":{""budget_repair_quant_changes"":0,""preferred_quant_exchanges_used"":0,""fallback_quant_exchanges_used"":0},""crossover_diagnostics"":{""crossover_type"":""local_exchange"",""crossover_parent_selection"":""uniform"",""crossover_offspring"":7,""crossover_offspring_accepted"":7,""mutation_offspring_accepted"":121,""mutation_offspring"":121,""crossover_offspring_attempted"":136,""crossover_duplicates"":105,""crossover_infeasible_candidates"":0,""crossover_repair_changed_gene_count"":0,""crossover_repaired_proposals"":0,""parent_distance_mean"":2.7794117647058822,""parent_distance_min"":1,""parent_distance_max"":5,""child_distance_from_parent_a_mean"":2.0,""child_distance_from_parent_b_mean"":1.1607142857142858,""layers_from_parent_a_mean"":null,""layers_from_parent_b_mean"":null,""crossover_no_legal_exchange"":24,""local_exchange_attention"":0,""local_exchange_mlp"":0,""local_exchange_quantization"":7,""local_exchange_block"":0,""parent_distance_count"":136,""child_distance_from_base_mean"":2.0,""child_distance_from_base_min"":2,""child_distance_from_base_max"":2,""child_distance_from_base_count"":7,""child_distance_from_donor_mean"":2.5714285714285716,""child_distance_from_donor_min"":1,""child_distance_from_donor_max"":3,""child_distance_from_donor_count"":7,""donor_distance_reduction_mean"":2.0,""donor_distance_reduction_min"":2,""donor_distance_reduction_max"":2,""donor_distance_reduction_count"":7,""local_exchange_changed_gene_count_mean"":2.0,""local_exchange_changed_gene_count_min"":2,""local_exchange_changed_gene_count_max"":2,""local_exchange_changed_gene_count_count"":7,""child_distance_statistics_scope"":""accepted_unique_crossover_offspring"",""parent_distance_statistics_scope"":""crossover_attempts"",""persistent_population_size"":4,""unique_population_size"":4,""best_population_fitness"":0.489501953125,""configured_survivors_per_selection"":[16,4,1],""effective_survivors_per_selection"":[16,4,4],""effective_final_survivor_count"":4},""offspring_generation"":{""attempts"":257,""no_op_mutations"":0,""duplicate_candidates"":105,""infeasible_candidates"":0,""fixed_quant_legal_swap_counts"":[]},""maximum_depth_mutations_per_offspring"":3,""quantization_step_size"":1,""quantization_mutations_per_offspring"":1,""joint_aware_probability"":0.0,""adaptive_mutation"":false,""adaptive_mutation_strength"":1,""adaptive_mutation_patience"":3,""adaptive_mutation_max_strength"":3,""coarse_to_fine_mutation"":false,""coarse_to_fine_start_strength"":3,""coarse_to_fine_end_strength"":1,""stagnation_generations_after_selection"":0}",quantization,True,257,128,16,8,262144,262144,1048576,8212,84942848,61302.915880621,15276.82177734375
55,0.474365234375,0.489501953125,kl,0.474365234375,,,,,0,{},128,16,4,1,"[16,4,1]","[2048,16384,131072]",5503193088,4.083333333333333,3216.5078125,26982023168,26982023168,0,8,8,"{""type"":""mixed_depth_quantization"",""sequential_mode"":""none"",""joint_mutation_mode"":""standard"",""parent_before_generation_hash"":""f01ea486cf6962cc699353b00d4ec57c306828483db332818499d03bf147d118"",""parent_after_generation_hash"":""ec93314b05d5d1f65407a4cf23b6d2e1854b1f1560512077c3405ec844415a7b"",""generated_offspring_by_type"":{""depth"":48,""quantization"":64,""joint_aware"":0,""interaction_aware"":0,""sequential_quantization"":0,""fixed_quant_depth"":0,""component crossover"":0,""component crossover + repair"":0,""layer bundle crossover"":0,""layer bundle crossover + repair"":0,""local exchange crossover"":16},""depth_mask_entries_changed_by_type"":{""depth"":144,""quantization"":0,""joint_aware"":0,""interaction_aware"":0,""sequential_quantization"":0,""fixed_quant_depth"":0,""component crossover"":0,""component crossover + repair"":0,""layer bundle crossover"":0,""layer bundle crossover + repair"":0,""local exchange crossover"":0},""quant_assignments_changed_by_type"":{""depth"":103,""quantization"":148,""joint_aware"":0,""interaction_aware"":0,""sequential_quantization"":0,""fixed_quant_depth"":0,""component crossover"":0,""component crossover + repair"":0,""layer bundle crossover"":0,""layer bundle crossover + repair"":0,""local exchange crossover"":32},""depth_mask_entries_changed_total"":144,""quant_assignments_changed_total"":283,""interaction_aware_details"":{""budget_repair_quant_changes"":0,""preferred_quant_exchanges_used"":0,""fallback_quant_exchanges_used"":0},""crossover_diagnostics"":{""crossover_type"":""local_exchange"",""crossover_parent_selection"":""uniform"",""crossover_offspring"":16,""crossover_offspring_accepted"":16,""mutation_offspring_accepted"":112,""mutation_offspring"":112,""crossover_offspring_attempted"":114,""crossover_duplicates"":98,""crossover_infeasible_candidates"":0,""crossover_repair_changed_gene_count"":0,""crossover_repaired_proposals"":0,""parent_distance_mean"":4.052631578947368,""parent_distance_min"":2,""parent_distance_max"":6,""child_distance_from_parent_a_mean"":2.0,""child_distance_from_parent_b_mean"":2.0526315789473686,""layers_from_parent_a_mean"":null,""layers_from_parent_b_mean"":null,""crossover_no_legal_exchange"":0,""local_exchange_attention"":0,""local_exchange_mlp"":0,""local_exchange_quantization"":16,""local_exchange_block"":0,""parent_distance_count"":114,""child_distance_from_base_mean"":2.0,""child_distance_from_base_min"":2,""child_distance_from_base_max"":2,""child_distance_from_base_count"":16,""child_distance_from_donor_mean"":3.75,""child_distance_from_donor_min"":2,""child_distance_from_donor_max"":4,""child_distance_from_donor_count"":16,""donor_distance_reduction_mean"":2.0,""donor_distance_reduction_min"":2,""donor_distance_reduction_max"":2,""donor_distance_reduction_count"":16,""local_exchange_changed_gene_count_mean"":2.0,""local_exchange_changed_gene_count_min"":2,""local_exchange_changed_gene_count_max"":2,""local_exchange_changed_gene_count_count"":16,""child_distance_statistics_scope"":""accepted_unique_crossover_offspring"",""parent_distance_statistics_scope"":""crossover_attempts"",""persistent_population_size"":4,""unique_population_size"":4,""best_population_fitness"":0.474365234375,""configured_survivors_per_selection"":[16,4,1],""effective_survivors_per_selection"":[16,4,4],""effective_final_survivor_count"":4},""offspring_generation"":{""attempts"":226,""no_op_mutations"":0,""duplicate_candidates"":98,""infeasible_candidates"":0,""fixed_quant_legal_swap_counts"":[]},""maximum_depth_mutations_per_offspring"":3,""quantization_step_size"":1,""quantization_mutations_per_offspring"":1,""joint_aware_probability"":0.0,""adaptive_mutation"":false,""adaptive_mutation_strength"":1,""adaptive_mutation_patience"":3,""adaptive_mutation_max_strength"":3,""coarse_to_fine_mutation"":false,""coarse_to_fine_start_strength"":3,""coarse_to_fine_end_strength"":1,""stagnation_generations_after_selection"":0}",quantization,True,226,128,16,8,262144,262144,1048576,8364,86515712,62416.778559211,15276.82177734375
56,0.4794921875,0.474365234375,kl,0.4794921875,10.21875,10.0234375,13.1484375,,917504,"{""wikitext2"":327680,""c4"":589824}",128,16,4,1,"[16,4,1]","[2048,16384,131072]",5503193088,4.083333333333333,3216.5078125,26982023168,26982023168,0,8,8,"{""type"":""mixed_depth_quantization"",""sequential_mode"":""none"",""joint_mutation_mode"":""standard"",""parent_before_generation_hash"":""ec93314b05d5d1f65407a4cf23b6d2e1854b1f1560512077c3405ec844415a7b"",""parent_after_generation_hash"":""b328b61f6b407d478763531de6a8bff68a9978f522947cebdabaad4ecaaaf498"",""generated_offspring_by_type"":{""depth"":56,""quantization"":49,""joint_aware"":0,""interaction_aware"":0,""sequential_quantization"":0,""fixed_quant_depth"":0,""component crossover"":0,""component crossover + repair"":0,""layer bundle crossover"":0,""layer bundle crossover + repair"":0,""local exchange crossover"":23},""depth_mask_entries_changed_by_type"":{""depth"":176,""quantization"":0,""joint_aware"":0,""interaction_aware"":0,""sequential_quantization"":0,""fixed_quant_depth"":0,""component crossover"":0,""component crossover + repair"":0,""layer bundle crossover"":0,""layer bundle crossover + repair"":0,""local exchange crossover"":0},""quant_assignments_changed_by_type"":{""depth"":116,""quantization"":118,""joint_aware"":0,""interaction_aware"":0,""sequential_quantization"":0,""fixed_quant_depth"":0,""component crossover"":0,""component crossover + repair"":0,""layer bundle crossover"":0,""layer bundle crossover + repair"":0,""local exchange crossover"":46},""depth_mask_entries_changed_total"":176,""quant_assignments_changed_total"":280,""interaction_aware_details"":{""budget_repair_quant_changes"":0,""preferred_quant_exchanges_used"":0,""fallback_quant_exchanges_used"":0},""crossover_diagnostics"":{""crossover_type"":""local_exchange"",""crossover_parent_selection"":""uniform"",""crossover_offspring"":23,""crossover_offspring_accepted"":23,""mutation_offspring_accepted"":105,""mutation_offspring"":105,""crossover_offspring_attempted"":96,""crossover_duplicates"":73,""crossover_infeasible_candidates"":0,""crossover_repair_changed_gene_count"":0,""crossover_repaired_proposals"":0,""parent_distance_mean"":6.239583333333333,""parent_distance_min"":4,""parent_distance_max"":10,""child_distance_from_parent_a_mean"":2.0,""child_distance_from_parent_b_mean"":4.239583333333333,""layers_from_parent_a_mean"":null,""layers_from_parent_b_mean"":null,""crossover_no_legal_exchange"":0,""local_exchange_attention"":0,""local_exchange_mlp"":0,""local_exchange_quantization"":23,""local_exchange_block"":0,""parent_distance_count"":96,""child_distance_from_base_mean"":2.0,""child_distance_from_base_min"":2,""child_distance_from_base_max"":2,""child_distance_from_base_count"":23,""child_distance_from_donor_mean"":4.869565217391305,""child_distance_from_donor_min"":2,""child_distance_from_donor_max"":8,""child_distance_from_donor_count"":23,""donor_distance_reduction_mean"":2.0,""donor_distance_reduction_min"":2,""donor_distance_reduction_max"":2,""donor_distance_reduction_count"":23,""local_exchange_changed_gene_count_mean"":2.0,""local_exchange_changed_gene_count_min"":2,""local_exchange_changed_gene_count_max"":2,""local_exchange_changed_gene_count_count"":23,""child_distance_statistics_scope"":""accepted_unique_crossover_offspring"",""parent_distance_statistics_scope"":""crossover_attempts"",""persistent_population_size"":4,""unique_population_size"":4,""best_population_fitness"":0.4794921875,""configured_survivors_per_selection"":[16,4,1],""effective_survivors_per_selection"":[16,4,4],""effective_final_survivor_count"":4},""offspring_generation"":{""attempts"":201,""no_op_mutations"":0,""duplicate_candidates"":73,""infeasible_candidates"":0,""fixed_quant_legal_swap_counts"":[]},""maximum_depth_mutations_per_offspring"":3,""quantization_step_size"":1,""quantization_mutations_per_offspring"":1,""joint_aware_probability"":0.0,""adaptive_mutation"":false,""adaptive_mutation_strength"":1,""adaptive_mutation_patience"":3,""adaptive_mutation_max_strength"":3,""coarse_to_fine_mutation"":false,""coarse_to_fine_start_strength"":3,""coarse_to_fine_end_strength"":1,""stagnation_generations_after_selection"":0}",quantization,True,201,128,16,8,262144,262144,1048576,8516,88088576,63697.78525590201,15276.82177734375
57,0.464599609375,0.4794921875,kl,0.464599609375,,,,,0,{},128,16,4,1,"[16,4,1]","[2048,16384,131072]",5503193088,4.083333333333333,3216.5078125,26982023168,26982023168,0,8,8,"{""type"":""mixed_depth_quantization"",""sequential_mode"":""none"",""joint_mutation_mode"":""standard"",""parent_before_generation_hash"":""b328b61f6b407d478763531de6a8bff68a9978f522947cebdabaad4ecaaaf498"",""parent_after_generation_hash"":""acac26cdb05f6b3c221abd26060c53dcc235ab2d6dc4eabcb1326bc66b37cdac"",""generated_offspring_by_type"":{""depth"":51,""quantization"":47,""joint_aware"":0,""interaction_aware"":0,""sequential_quantization"":0,""fixed_quant_depth"":0,""component crossover"":0,""component crossover + repair"":0,""layer bundle crossover"":0,""layer bundle crossover + repair"":0,""local exchange crossover"":30},""depth_mask_entries_changed_by_type"":{""depth"":154,""quantization"":0,""joint_aware"":0,""interaction_aware"":0,""sequential_quantization"":0,""fixed_quant_depth"":0,""component crossover"":0,""component crossover + repair"":0,""layer bundle crossover"":0,""layer bundle crossover + repair"":0,""local exchange crossover"":0},""quant_assignments_changed_by_type"":{""depth"":117,""quantization"":108,""joint_aware"":0,""interaction_aware"":0,""sequential_quantization"":0,""fixed_quant_depth"":0,""component crossover"":0,""component crossover + repair"":0,""layer bundle crossover"":0,""layer bundle crossover + repair"":0,""local exchange crossover"":60},""depth_mask_entries_changed_total"":154,""quant_assignments_changed_total"":285,""interaction_aware_details"":{""budget_repair_quant_changes"":0,""preferred_quant_exchanges_used"":0,""fallback_quant_exchanges_used"":0},""crossover_diagnostics"":{""crossover_type"":""local_exchange"",""crossover_parent_selection"":""uniform"",""crossover_offspring"":30,""crossover_offspring_accepted"":30,""mutation_offspring_accepted"":98,""mutation_offspring"":98,""crossover_offspring_attempted"":100,""crossover_duplicates"":70,""crossover_infeasible_candidates"":0,""crossover_repair_changed_gene_count"":0,""crossover_repaired_proposals"":0,""parent_distance_mean"":8.77,""parent_distance_min"":4,""parent_distance_max"":15,""child_distance_from_parent_a_mean"":2.0,""child_distance_from_parent_b_mean"":6.77,""layers_from_parent_a_mean"":null,""layers_from_parent_b_mean"":null,""crossover_no_legal_exchange"":0,""local_exchange_attention"":0,""local_exchange_mlp"":0,""local_exchange_quantization"":30,""local_exchange_block"":0,""parent_distance_count"":100,""child_distance_from_base_mean"":2.0,""child_distance_from_base_min"":2,""child_distance_from_base_max"":2,""child_distance_from_base_count"":30,""child_distance_from_donor_mean"":8.9,""child_distance_from_donor_min"":2,""child_distance_from_donor_max"":13,""child_distance_from_donor_count"":30,""donor_distance_reduction_mean"":2.0,""donor_distance_reduction_min"":2,""donor_distance_reduction_max"":2,""donor_distance_reduction_count"":30,""local_exchange_changed_gene_count_mean"":2.0,""local_exchange_changed_gene_count_min"":2,""local_exchange_changed_gene_count_max"":2,""local_exchange_changed_gene_count_count"":30,""child_distance_statistics_scope"":""accepted_unique_crossover_offspring"",""parent_distance_statistics_scope"":""crossover_attempts"",""persistent_population_size"":4,""unique_population_size"":4,""best_population_fitness"":0.464599609375,""configured_survivors_per_selection"":[16,4,1],""effective_survivors_per_selection"":[16,4,4],""effective_final_survivor_count"":4},""offspring_generation"":{""attempts"":198,""no_op_mutations"":0,""duplicate_candidates"":70,""infeasible_candidates"":0,""fixed_quant_legal_swap_counts"":[]},""maximum_depth_mutations_per_offspring"":3,""quantization_step_size"":1,""quantization_mutations_per_offspring"":1,""joint_aware_probability"":0.0,""adaptive_mutation"":false,""adaptive_mutation_strength"":1,""adaptive_mutation_patience"":3,""adaptive_mutation_max_strength"":3,""coarse_to_fine_mutation"":false,""coarse_to_fine_start_strength"":3,""coarse_to_fine_end_strength"":1,""stagnation_generations_after_selection"":0}",local exchange crossover,True,198,128,16,8,262144,262144,1048576,8668,89661440,64727.603477240016,15276.82177734375
58,0.4931640625,0.464599609375,kl,0.4931640625,,,,,0,{},128,16,4,1,"[16,4,1]","[2048,16384,131072]",5503193088,4.083333333333333,3216.5078125,26982023168,26982023168,0,8,8,"{""type"":""mixed_depth_quantization"",""sequential_mode"":""none"",""joint_mutation_mode"":""standard"",""parent_before_generation_hash"":""acac26cdb05f6b3c221abd26060c53dcc235ab2d6dc4eabcb1326bc66b37cdac"",""parent_after_generation_hash"":""5094bb53598922320f352a80fa439681b72372b20841ebb3befda30cd905f3c3"",""generated_offspring_by_type"":{""depth"":53,""quantization"":54,""joint_aware"":0,""interaction_aware"":0,""sequential_quantization"":0,""fixed_quant_depth"":0,""component crossover"":0,""component crossover + repair"":0,""layer bundle crossover"":0,""layer bundle crossover + repair"":0,""local exchange crossover"":21},""depth_mask_entries_changed_by_type"":{""depth"":156,""quantization"":0,""joint_aware"":0,""interaction_aware"":0,""sequential_quantization"":0,""fixed_quant_depth"":0,""component crossover"":0,""component crossover + repair"":0,""layer bundle crossover"":0,""layer bundle crossover + repair"":0,""local exchange crossover"":0},""quant_assignments_changed_by_type"":{""depth"":126,""quantization"":123,""joint_aware"":0,""interaction_aware"":0,""sequential_quantization"":0,""fixed_quant_depth"":0,""component crossover"":0,""component crossover + repair"":0,""layer bundle crossover"":0,""layer bundle crossover + repair"":0,""local exchange crossover"":42},""depth_mask_entries_changed_total"":156,""quant_assignments_changed_total"":291,""interaction_aware_details"":{""budget_repair_quant_changes"":0,""preferred_quant_exchanges_used"":0,""fallback_quant_exchanges_used"":0},""crossover_diagnostics"":{""crossover_type"":""local_exchange"",""crossover_parent_selection"":""uniform"",""crossover_offspring"":21,""crossover_offspring_accepted"":21,""mutation_offspring_accepted"":107,""mutation_offspring"":107,""crossover_offspring_attempted"":118,""crossover_duplicates"":84,""crossover_infeasible_candidates"":0,""crossover_repair_changed_gene_count"":0,""crossover_repaired_proposals"":0,""parent_distance_mean"":6.440677966101695,""parent_distance_min"":1,""parent_distance_max"":11,""child_distance_from_parent_a_mean"":2.0,""child_distance_from_parent_b_mean"":5.114285714285714,""layers_from_parent_a_mean"":null,""layers_from_parent_b_mean"":null,""crossover_no_legal_exchange"":13,""local_exchange_attention"":0,""local_exchange_mlp"":0,""local_exchange_quantization"":21,""local_exchange_block"":0,""parent_distance_count"":118,""child_distance_from_base_mean"":2.0,""child_distance_from_base_min"":2,""child_distance_from_base_max"":2,""child_distance_from_base_count"":21,""child_distance_from_donor_mean"":6.238095238095238,""child_distance_from_donor_min"":2,""child_distance_from_donor_max"":9,""child_distance_from_donor_count"":21,""donor_distance_reduction_mean"":2.0,""donor_distance_reduction_min"":2,""donor_distance_reduction_max"":2,""donor_distance_reduction_count"":21,""local_exchange_changed_gene_count_mean"":2.0,""local_exchange_changed_gene_count_min"":2,""local_exchange_changed_gene_count_max"":2,""local_exchange_changed_gene_count_count"":21,""child_distance_statistics_scope"":""accepted_unique_crossover_offspring"",""parent_distance_statistics_scope"":""crossover_attempts"",""persistent_population_size"":4,""unique_population_size"":4,""best_population_fitness"":0.4931640625,""configured_survivors_per_selection"":[16,4,1],""effective_survivors_per_selection"":[16,4,4],""effective_final_survivor_count"":4},""offspring_generation"":{""attempts"":225,""no_op_mutations"":0,""duplicate_candidates"":84,""infeasible_candidates"":0,""fixed_quant_legal_swap_counts"":[]},""maximum_depth_mutations_per_offspring"":3,""quantization_step_size"":1,""quantization_mutations_per_offspring"":1,""joint_aware_probability"":0.0,""adaptive_mutation"":false,""adaptive_mutation_strength"":1,""adaptive_mutation_patience"":3,""adaptive_mutation_max_strength"":3,""coarse_to_fine_mutation"":false,""coarse_to_fine_start_strength"":3,""coarse_to_fine_end_strength"":1,""stagnation_generations_after_selection"":0}",local exchange crossover,True,225,128,16,8,262144,262144,1048576,8820,91234304,65856.70284735001,15276.82177734375
59,0.4619140625,0.4931640625,kl,0.4619140625,,,,,0,{},128,16,4,1,"[16,4,1]","[2048,16384,131072]",5503193088,4.083333333333333,3216.5078125,26982023168,26982023168,0,8,8,"{""type"":""mixed_depth_quantization"",""sequential_mode"":""none"",""joint_mutation_mode"":""standard"",""parent_before_generation_hash"":""5094bb53598922320f352a80fa439681b72372b20841ebb3befda30cd905f3c3"",""parent_after_generation_hash"":""25c8cf3b4ee4b51d587fa9dc0a1cd0ceecd3367c793cb2a535ecc88c39c38cc8"",""generated_offspring_by_type"":{""depth"":52,""quantization"":60,""joint_aware"":0,""interaction_aware"":0,""sequential_quantization"":0,""fixed_quant_depth"":0,""component crossover"":0,""component crossover + repair"":0,""layer bundle crossover"":0,""layer bundle crossover + repair"":0,""local exchange crossover"":16},""depth_mask_entries_changed_by_type"":{""depth"":150,""quantization"":0,""joint_aware"":0,""interaction_aware"":0,""sequential_quantization"":0,""fixed_quant_depth"":0,""component crossover"":0,""component crossover + repair"":0,""layer bundle crossover"":0,""layer bundle crossover + repair"":0,""local exchange crossover"":0},""quant_assignments_changed_by_type"":{""depth"":112,""quantization"":138,""joint_aware"":0,""interaction_aware"":0,""sequential_quantization"":0,""fixed_quant_depth"":0,""component crossover"":0,""component crossover + repair"":0,""layer bundle crossover"":0,""layer bundle crossover + repair"":0,""local exchange crossover"":32},""depth_mask_entries_changed_total"":150,""quant_assignments_changed_total"":282,""interaction_aware_details"":{""budget_repair_quant_changes"":0,""preferred_quant_exchanges_used"":0,""fallback_quant_exchanges_used"":0},""crossover_diagnostics"":{""crossover_type"":""local_exchange"",""crossover_parent_selection"":""uniform"",""crossover_offspring"":16,""crossover_offspring_accepted"":16,""mutation_offspring_accepted"":112,""mutation_offspring"":112,""crossover_offspring_attempted"":129,""crossover_duplicates"":98,""crossover_infeasible_candidates"":0,""crossover_repair_changed_gene_count"":0,""crossover_repaired_proposals"":0,""parent_distance_mean"":5.775193798449612,""parent_distance_min"":1,""parent_distance_max"":9,""child_distance_from_parent_a_mean"":2.0,""child_distance_from_parent_b_mean"":4.4035087719298245,""layers_from_parent_a_mean"":null,""layers_from_parent_b_mean"":null,""crossover_no_legal_exchange"":15,""local_exchange_attention"":0,""local_exchange_mlp"":0,""local_exchange_quantization"":16,""local_exchange_block"":0,""parent_distance_count"":129,""child_distance_from_base_mean"":2.0,""child_distance_from_base_min"":2,""child_distance_from_base_max"":2,""child_distance_from_base_count"":16,""child_distance_from_donor_mean"":6.375,""child_distance_from_donor_min"":5,""child_distance_from_donor_max"":7,""child_distance_from_donor_count"":16,""donor_distance_reduction_mean"":2.0,""donor_distance_reduction_min"":2,""donor_distance_reduction_max"":2,""donor_distance_reduction_count"":16,""local_exchange_changed_gene_count_mean"":2.0,""local_exchange_changed_gene_count_min"":2,""local_exchange_changed_gene_count_max"":2,""local_exchange_changed_gene_count_count"":16,""child_distance_statistics_scope"":""accepted_unique_crossover_offspring"",""parent_distance_statistics_scope"":""crossover_attempts"",""persistent_population_size"":4,""unique_population_size"":4,""best_population_fitness"":0.4619140625,""configured_survivors_per_selection"":[16,4,1],""effective_survivors_per_selection"":[16,4,4],""effective_final_survivor_count"":4},""offspring_generation"":{""attempts"":241,""no_op_mutations"":0,""duplicate_candidates"":98,""infeasible_candidates"":0,""fixed_quant_legal_swap_counts"":[]},""maximum_depth_mutations_per_offspring"":3,""quantization_step_size"":1,""quantization_mutations_per_offspring"":1,""joint_aware_probability"":0.0,""adaptive_mutation"":false,""adaptive_mutation_strength"":1,""adaptive_mutation_patience"":3,""adaptive_mutation_max_strength"":3,""coarse_to_fine_mutation"":false,""coarse_to_fine_start_strength"":3,""coarse_to_fine_end_strength"":1,""stagnation_generations_after_selection"":0}",depth,True,241,128,16,8,262144,262144,1048576,8972,92807168,66911.91627715199,15276.82177734375
60,0.490966796875,0.4619140625,kl,0.490966796875,,,,,0,{},128,16,4,1,"[16,4,1]","[2048,16384,131072]",5503193088,4.083333333333333,3216.5078125,26982023168,26982023168,0,8,8,"{""type"":""mixed_depth_quantization"",""sequential_mode"":""none"",""joint_mutation_mode"":""standard"",""parent_before_generation_hash"":""25c8cf3b4ee4b51d587fa9dc0a1cd0ceecd3367c793cb2a535ecc88c39c38cc8"",""parent_after_generation_hash"":""076e6fa518716fcdc359420829a5065547d77a49c6cc6e628d94ba4c092ac1ac"",""generated_offspring_by_type"":{""depth"":54,""quantization"":56,""joint_aware"":0,""interaction_aware"":0,""sequential_quantization"":0,""fixed_quant_depth"":0,""component crossover"":0,""component crossover + repair"":0,""layer bundle crossover"":0,""layer bundle crossover + repair"":0,""local exchange crossover"":18},""depth_mask_entries_changed_by_type"":{""depth"":156,""quantization"":0,""joint_aware"":0,""interaction_aware"":0,""sequential_quantization"":0,""fixed_quant_depth"":0,""component crossover"":0,""component crossover + repair"":0,""layer bundle crossover"":0,""layer bundle crossover + repair"":0,""local exchange crossover"":6},""quant_assignments_changed_by_type"":{""depth"":122,""quantization"":131,""joint_aware"":0,""interaction_aware"":0,""sequential_quantization"":0,""fixed_quant_depth"":0,""component crossover"":0,""component crossover + repair"":0,""layer bundle crossover"":0,""layer bundle crossover + repair"":0,""local exchange crossover"":30},""depth_mask_entries_changed_total"":162,""quant_assignments_changed_total"":283,""interaction_aware_details"":{""budget_repair_quant_changes"":0,""preferred_quant_exchanges_used"":0,""fallback_quant_exchanges_used"":0},""crossover_diagnostics"":{""crossover_type"":""local_exchange"",""crossover_parent_selection"":""uniform"",""crossover_offspring"":18,""crossover_offspring_accepted"":18,""mutation_offspring_accepted"":110,""mutation_offspring"":110,""crossover_offspring_attempted"":129,""crossover_duplicates"":111,""crossover_infeasible_candidates"":0,""crossover_repair_changed_gene_count"":0,""crossover_repaired_proposals"":0,""parent_distance_mean"":5.713178294573644,""parent_distance_min"":3,""parent_distance_max"":8,""child_distance_from_parent_a_mean"":2.0,""child_distance_from_parent_b_mean"":3.7131782945736433,""layers_from_parent_a_mean"":null,""layers_from_parent_b_mean"":null,""crossover_no_legal_exchange"":0,""local_exchange_attention"":0,""local_exchange_mlp"":3,""local_exchange_quantization"":15,""local_exchange_block"":0,""parent_distance_count"":129,""child_distance_from_base_mean"":2.0,""child_distance_from_base_min"":2,""child_distance_from_base_max"":2,""child_distance_from_base_count"":18,""child_distance_from_donor_mean"":4.833333333333333,""child_distance_from_donor_min"":1,""child_distance_from_donor_max"":6,""child_distance_from_donor_count"":18,""donor_distance_reduction_mean"":2.0,""donor_distance_reduction_min"":2,""donor_distance_reduction_max"":2,""donor_distance_reduction_count"":18,""local_exchange_changed_gene_count_mean"":2.0,""local_exchange_changed_gene_count_min"":2,""local_exchange_changed_gene_count_max"":2,""local_exchange_changed_gene_count_count"":18,""child_distance_statistics_scope"":""accepted_unique_crossover_offspring"",""parent_distance_statistics_scope"":""crossover_attempts"",""persistent_population_size"":4,""unique_population_size"":4,""best_population_fitness"":0.490966796875,""configured_survivors_per_selection"":[16,4,1],""effective_survivors_per_selection"":[16,4,4],""effective_final_survivor_count"":4},""offspring_generation"":{""attempts"":239,""no_op_mutations"":0,""duplicate_candidates"":111,""infeasible_candidates"":0,""fixed_quant_legal_swap_counts"":[]},""maximum_depth_mutations_per_offspring"":3,""quantization_step_size"":1,""quantization_mutations_per_offspring"":1,""joint_aware_probability"":0.0,""adaptive_mutation"":false,""adaptive_mutation_strength"":1,""adaptive_mutation_patience"":3,""adaptive_mutation_max_strength"":3,""coarse_to_fine_mutation"":false,""coarse_to_fine_start_strength"":3,""coarse_to_fine_end_strength"":1,""stagnation_generations_after_selection"":0}",quantization,True,239,128,16,8,262144,262144,1048576,9124,94380032,67874.41611816699,15276.82177734375
61,0.4775390625,0.490966796875,kl,0.4775390625,10.15625,9.921875,13.046875,,917504,"{""wikitext2"":327680,""c4"":589824}",128,16,4,1,"[16,4,1]","[2048,16384,131072]",5503193088,4.083333333333333,3216.5078125,26982023168,26982023168,0,8,8,"{""type"":""mixed_depth_quantization"",""sequential_mode"":""none"",""joint_mutation_mode"":""standard"",""parent_before_generation_hash"":""076e6fa518716fcdc359420829a5065547d77a49c6cc6e628d94ba4c092ac1ac"",""parent_after_generation_hash"":""59fdc604547162fb9db1f5adda052ab62ca1c661081f9403e234b25f0f0d5667"",""generated_offspring_by_type"":{""depth"":59,""quantization"":59,""joint_aware"":0,""interaction_aware"":0,""sequential_quantization"":0,""fixed_quant_depth"":0,""component crossover"":0,""component crossover + repair"":0,""layer bundle crossover"":0,""layer bundle crossover + repair"":0,""local exchange crossover"":10},""depth_mask_entries_changed_by_type"":{""depth"":174,""quantization"":0,""joint_aware"":0,""interaction_aware"":0,""sequential_quantization"":0,""fixed_quant_depth"":0,""component crossover"":0,""component crossover + repair"":0,""layer bundle crossover"":0,""layer bundle crossover + repair"":0,""local exchange crossover"":0},""quant_assignments_changed_by_type"":{""depth"":144,""quantization"":138,""joint_aware"":0,""interaction_aware"":0,""sequential_quantization"":0,""fixed_quant_depth"":0,""component crossover"":0,""component crossover + repair"":0,""layer bundle crossover"":0,""layer bundle crossover + repair"":0,""local exchange crossover"":20},""depth_mask_entries_changed_total"":174,""quant_assignments_changed_total"":302,""interaction_aware_details"":{""budget_repair_quant_changes"":0,""preferred_quant_exchanges_used"":0,""fallback_quant_exchanges_used"":0},""crossover_diagnostics"":{""crossover_type"":""local_exchange"",""crossover_parent_selection"":""uniform"",""crossover_offspring"":10,""crossover_offspring_accepted"":10,""mutation_offspring_accepted"":118,""mutation_offspring"":118,""crossover_offspring_attempted"":96,""crossover_duplicates"":86,""crossover_infeasible_candidates"":0,""crossover_repair_changed_gene_count"":0,""crossover_repaired_proposals"":0,""parent_distance_mean"":3.3854166666666665,""parent_distance_min"":2,""parent_distance_max"":5,""child_distance_from_parent_a_mean"":2.0,""child_distance_from_parent_b_mean"":1.3854166666666667,""layers_from_parent_a_mean"":null,""layers_from_parent_b_mean"":null,""crossover_no_legal_exchange"":0,""local_exchange_attention"":0,""local_exchange_mlp"":0,""local_exchange_quantization"":10,""local_exchange_block"":0,""parent_distance_count"":96,""child_distance_from_base_mean"":2.0,""child_distance_from_base_min"":2,""child_distance_from_base_max"":2,""child_distance_from_base_count"":10,""child_distance_from_donor_mean"":2.7,""child_distance_from_donor_min"":1,""child_distance_from_donor_max"":3,""child_distance_from_donor_count"":10,""donor_distance_reduction_mean"":2.0,""donor_distance_reduction_min"":2,""donor_distance_reduction_max"":2,""donor_distance_reduction_count"":10,""local_exchange_changed_gene_count_mean"":2.0,""local_exchange_changed_gene_count_min"":2,""local_exchange_changed_gene_count_max"":2,""local_exchange_changed_gene_count_count"":10,""child_distance_statistics_scope"":""accepted_unique_crossover_offspring"",""parent_distance_statistics_scope"":""crossover_attempts"",""persistent_population_size"":4,""unique_population_size"":4,""best_population_fitness"":0.4775390625,""configured_survivors_per_selection"":[16,4,1],""effective_survivors_per_selection"":[16,4,4],""effective_final_survivor_count"":4},""offspring_generation"":{""attempts"":215,""no_op_mutations"":0,""duplicate_candidates"":87,""infeasible_candidates"":0,""fixed_quant_legal_swap_counts"":[]},""maximum_depth_mutations_per_offspring"":3,""quantization_step_size"":1,""quantization_mutations_per_offspring"":1,""joint_aware_probability"":0.0,""adaptive_mutation"":false,""adaptive_mutation_strength"":1,""adaptive_mutation_patience"":3,""adaptive_mutation_max_strength"":3,""coarse_to_fine_mutation"":false,""coarse_to_fine_start_strength"":3,""coarse_to_fine_end_strength"":1,""stagnation_generations_after_selection"":0}",local exchange crossover,True,215,128,16,8,262144,262144,1048576,9276,95952896,69142.73284138701,15276.82177734375
62,0.498291015625,0.4775390625,kl,0.498291015625,,,,,0,{},128,16,4,1,"[16,4,1]","[2048,16384,131072]",5503193088,4.083333333333333,3216.5078125,26982023168,26982023168,0,8,8,"{""type"":""mixed_depth_quantization"",""sequential_mode"":""none"",""joint_mutation_mode"":""standard"",""parent_before_generation_hash"":""59fdc604547162fb9db1f5adda052ab62ca1c661081f9403e234b25f0f0d5667"",""parent_after_generation_hash"":""081f83da5f2b79a933429448416525716bcad90c79f11493728319d03cdc4337"",""generated_offspring_by_type"":{""depth"":55,""quantization"":62,""joint_aware"":0,""interaction_aware"":0,""sequential_quantization"":0,""fixed_quant_depth"":0,""component crossover"":0,""component crossover + repair"":0,""layer bundle crossover"":0,""layer bundle crossover + repair"":0,""local exchange crossover"":11},""depth_mask_entries_changed_by_type"":{""depth"":174,""quantization"":0,""joint_aware"":0,""interaction_aware"":0,""sequential_quantization"":0,""fixed_quant_depth"":0,""component crossover"":0,""component crossover + repair"":0,""layer bundle crossover"":0,""layer bundle crossover + repair"":0,""local exchange crossover"":0},""quant_assignments_changed_by_type"":{""depth"":137,""quantization"":140,""joint_aware"":0,""interaction_aware"":0,""sequential_quantization"":0,""fixed_quant_depth"":0,""component crossover"":0,""component crossover + repair"":0,""layer bundle crossover"":0,""layer bundle crossover + repair"":0,""local exchange crossover"":22},""depth_mask_entries_changed_total"":174,""quant_assignments_changed_total"":299,""interaction_aware_details"":{""budget_repair_quant_changes"":0,""preferred_quant_exchanges_used"":0,""fallback_quant_exchanges_used"":0},""crossover_diagnostics"":{""crossover_type"":""local_exchange"",""crossover_parent_selection"":""uniform"",""crossover_offspring"":11,""crossover_offspring_accepted"":11,""mutation_offspring_accepted"":117,""mutation_offspring"":117,""crossover_offspring_attempted"":123,""crossover_duplicates"":90,""crossover_infeasible_candidates"":0,""crossover_repair_changed_gene_count"":0,""crossover_repaired_proposals"":0,""parent_distance_mean"":3.772357723577236,""parent_distance_min"":1,""parent_distance_max"":5,""child_distance_from_parent_a_mean"":2.0,""child_distance_from_parent_b_mean"":2.376237623762376,""layers_from_parent_a_mean"":null,""layers_from_parent_b_mean"":null,""crossover_no_legal_exchange"":22,""local_exchange_attention"":0,""local_exchange_mlp"":0,""local_exchange_quantization"":11,""local_exchange_block"":0,""parent_distance_count"":123,""child_distance_from_base_mean"":2.0,""child_distance_from_base_min"":2,""child_distance_from_base_max"":2,""child_distance_from_base_count"":11,""child_distance_from_donor_mean"":2.5454545454545454,""child_distance_from_donor_min"":2,""child_distance_from_donor_max"":3,""child_distance_from_donor_count"":11,""donor_distance_reduction_mean"":2.0,""donor_distance_reduction_min"":2,""donor_distance_reduction_max"":2,""donor_distance_reduction_count"":11,""local_exchange_changed_gene_count_mean"":2.0,""local_exchange_changed_gene_count_min"":2,""local_exchange_changed_gene_count_max"":2,""local_exchange_changed_gene_count_count"":11,""child_distance_statistics_scope"":""accepted_unique_crossover_offspring"",""parent_distance_statistics_scope"":""crossover_attempts"",""persistent_population_size"":4,""unique_population_size"":4,""best_population_fitness"":0.498291015625,""configured_survivors_per_selection"":[16,4,1],""effective_survivors_per_selection"":[16,4,4],""effective_final_survivor_count"":4},""offspring_generation"":{""attempts"":241,""no_op_mutations"":0,""duplicate_candidates"":91,""infeasible_candidates"":0,""fixed_quant_legal_swap_counts"":[]},""maximum_depth_mutations_per_offspring"":3,""quantization_step_size"":1,""quantization_mutations_per_offspring"":1,""joint_aware_probability"":0.0,""adaptive_mutation"":false,""adaptive_mutation_strength"":1,""adaptive_mutation_patience"":3,""adaptive_mutation_max_strength"":3,""coarse_to_fine_mutation"":false,""coarse_to_fine_start_strength"":3,""coarse_to_fine_end_strength"":1,""stagnation_generations_after_selection"":0}",quantization,True,241,128,16,8,262144,262144,1048576,9428,97525760,70185.246885389,15276.82177734375
63,0.5009765625,0.498291015625,kl,0.5009765625,,,,,0,{},128,16,4,1,"[16,4,1]","[2048,16384,131072]",5503193088,4.083333333333333,3216.5078125,26982023168,26982023168,0,8,8,"{""type"":""mixed_depth_quantization"",""sequential_mode"":""none"",""joint_mutation_mode"":""standard"",""parent_before_generation_hash"":""081f83da5f2b79a933429448416525716bcad90c79f11493728319d03cdc4337"",""parent_after_generation_hash"":""957a7d66def705078d0b75ba5a78311095632863d6026ff704c54da2a40256de"",""generated_offspring_by_type"":{""depth"":54,""quantization"":49,""joint_aware"":0,""interaction_aware"":0,""sequential_quantization"":0,""fixed_quant_depth"":0,""component crossover"":0,""component crossover + repair"":0,""layer bundle crossover"":0,""layer bundle crossover + repair"":0,""local exchange crossover"":25},""depth_mask_entries_changed_by_type"":{""depth"":156,""quantization"":0,""joint_aware"":0,""interaction_aware"":0,""sequential_quantization"":0,""fixed_quant_depth"":0,""component crossover"":0,""component crossover + repair"":0,""layer bundle crossover"":0,""layer bundle crossover + repair"":0,""local exchange crossover"":0},""quant_assignments_changed_by_type"":{""depth"":129,""quantization"":118,""joint_aware"":0,""interaction_aware"":0,""sequential_quantization"":0,""fixed_quant_depth"":0,""component crossover"":0,""component crossover + repair"":0,""layer bundle crossover"":0,""layer bundle crossover + repair"":0,""local exchange crossover"":50},""depth_mask_entries_changed_total"":156,""quant_assignments_changed_total"":297,""interaction_aware_details"":{""budget_repair_quant_changes"":0,""preferred_quant_exchanges_used"":0,""fallback_quant_exchanges_used"":0},""crossover_diagnostics"":{""crossover_type"":""local_exchange"",""crossover_parent_selection"":""uniform"",""crossover_offspring"":25,""crossover_offspring_accepted"":25,""mutation_offspring_accepted"":103,""mutation_offspring"":103,""crossover_offspring_attempted"":80,""crossover_duplicates"":35,""crossover_infeasible_candidates"":0,""crossover_repair_changed_gene_count"":0,""crossover_repaired_proposals"":0,""parent_distance_mean"":4.225,""parent_distance_min"":1,""parent_distance_max"":8,""child_distance_from_parent_a_mean"":2.0,""child_distance_from_parent_b_mean"":3.3,""layers_from_parent_a_mean"":null,""layers_from_parent_b_mean"":null,""crossover_no_legal_exchange"":20,""local_exchange_attention"":0,""local_exchange_mlp"":0,""local_exchange_quantization"":25,""local_exchange_block"":0,""parent_distance_count"":80,""child_distance_from_base_mean"":2.0,""child_distance_from_base_min"":2,""child_distance_from_base_max"":2,""child_distance_from_base_count"":25,""child_distance_from_donor_mean"":4.76,""child_distance_from_donor_min"":1,""child_distance_from_donor_max"":6,""child_distance_from_donor_count"":25,""donor_distance_reduction_mean"":2.0,""donor_distance_reduction_min"":2,""donor_distance_reduction_max"":2,""donor_distance_reduction_count"":25,""local_exchange_changed_gene_count_mean"":2.0,""local_exchange_changed_gene_count_min"":2,""local_exchange_changed_gene_count_max"":2,""local_exchange_changed_gene_count_count"":25,""child_distance_statistics_scope"":""accepted_unique_crossover_offspring"",""parent_distance_statistics_scope"":""crossover_attempts"",""persistent_population_size"":4,""unique_population_size"":4,""best_population_fitness"":0.5009765625,""configured_survivors_per_selection"":[16,4,1],""effective_survivors_per_selection"":[16,4,4],""effective_final_survivor_count"":4},""offspring_generation"":{""attempts"":183,""no_op_mutations"":0,""duplicate_candidates"":35,""infeasible_candidates"":0,""fixed_quant_legal_swap_counts"":[]},""maximum_depth_mutations_per_offspring"":3,""quantization_step_size"":1,""quantization_mutations_per_offspring"":1,""joint_aware_probability"":0.0,""adaptive_mutation"":false,""adaptive_mutation_strength"":1,""adaptive_mutation_patience"":3,""adaptive_mutation_max_strength"":3,""coarse_to_fine_mutation"":false,""coarse_to_fine_start_strength"":3,""coarse_to_fine_end_strength"":1,""stagnation_generations_after_selection"":0}",local exchange crossover,True,183,128,16,8,262144,262144,1048576,9580,99098624,71219.379286023,15276.82177734375
64,0.48095703125,0.5009765625,kl,0.48095703125,,,,,0,{},128,16,4,1,"[16,4,1]","[2048,16384,131072]",5503193088,4.083333333333333,3216.5078125,26982023168,26982023168,0,8,8,"{""type"":""mixed_depth_quantization"",""sequential_mode"":""none"",""joint_mutation_mode"":""standard"",""parent_before_generation_hash"":""957a7d66def705078d0b75ba5a78311095632863d6026ff704c54da2a40256de"",""parent_after_generation_hash"":""dc154b14cb215aaba673bbb2daec761fc770d4dfcab9fca8456bbb34f09ab3ad"",""generated_offspring_by_type"":{""depth"":53,""quantization"":57,""joint_aware"":0,""interaction_aware"":0,""sequential_quantization"":0,""fixed_quant_depth"":0,""component crossover"":0,""component crossover + repair"":0,""layer bundle crossover"":0,""layer bundle crossover + repair"":0,""local exchange crossover"":18},""depth_mask_entries_changed_by_type"":{""depth"":166,""quantization"":0,""joint_aware"":0,""interaction_aware"":0,""sequential_quantization"":0,""fixed_quant_depth"":0,""component crossover"":0,""component crossover + repair"":0,""layer bundle crossover"":0,""layer bundle crossover + repair"":0,""local exchange crossover"":0},""quant_assignments_changed_by_type"":{""depth"":140,""quantization"":132,""joint_aware"":0,""interaction_aware"":0,""sequential_quantization"":0,""fixed_quant_depth"":0,""component crossover"":0,""component crossover + repair"":0,""layer bundle crossover"":0,""layer bundle crossover + repair"":0,""local exchange crossover"":36},""depth_mask_entries_changed_total"":166,""quant_assignments_changed_total"":308,""interaction_aware_details"":{""budget_repair_quant_changes"":0,""preferred_quant_exchanges_used"":0,""fallback_quant_exchanges_used"":0},""crossover_diagnostics"":{""crossover_type"":""local_exchange"",""crossover_parent_selection"":""uniform"",""crossover_offspring"":18,""crossover_offspring_accepted"":18,""mutation_offspring_accepted"":110,""mutation_offspring"":110,""crossover_offspring_attempted"":116,""crossover_duplicates"":98,""crossover_infeasible_candidates"":0,""crossover_repair_changed_gene_count"":0,""crossover_repaired_proposals"":0,""parent_distance_mean"":3.689655172413793,""parent_distance_min"":2,""parent_distance_max"":6,""child_distance_from_parent_a_mean"":2.0,""child_distance_from_parent_b_mean"":1.6896551724137931,""layers_from_parent_a_mean"":null,""layers_from_parent_b_mean"":null,""crossover_no_legal_exchange"":0,""local_exchange_attention"":0,""local_exchange_mlp"":0,""local_exchange_quantization"":18,""local_exchange_block"":0,""parent_distance_count"":116,""child_distance_from_base_mean"":2.0,""child_distance_from_base_min"":2,""child_distance_from_base_max"":2,""child_distance_from_base_count"":18,""child_distance_from_donor_mean"":3.2222222222222223,""child_distance_from_donor_min"":1,""child_distance_from_donor_max"":4,""child_distance_from_donor_count"":18,""donor_distance_reduction_mean"":2.0,""donor_distance_reduction_min"":2,""donor_distance_reduction_max"":2,""donor_distance_reduction_count"":18,""local_exchange_changed_gene_count_mean"":2.0,""local_exchange_changed_gene_count_min"":2,""local_exchange_changed_gene_count_max"":2,""local_exchange_changed_gene_count_count"":18,""child_distance_statistics_scope"":""accepted_unique_crossover_offspring"",""parent_distance_statistics_scope"":""crossover_attempts"",""persistent_population_size"":4,""unique_population_size"":4,""best_population_fitness"":0.48095703125,""configured_survivors_per_selection"":[16,4,1],""effective_survivors_per_selection"":[16,4,4],""effective_final_survivor_count"":4},""offspring_generation"":{""attempts"":226,""no_op_mutations"":0,""duplicate_candidates"":98,""infeasible_candidates"":0,""fixed_quant_legal_swap_counts"":[]},""maximum_depth_mutations_per_offspring"":3,""quantization_step_size"":1,""quantization_mutations_per_offspring"":1,""joint_aware_probability"":0.0,""adaptive_mutation"":false,""adaptive_mutation_strength"":1,""adaptive_mutation_patience"":3,""adaptive_mutation_max_strength"":3,""coarse_to_fine_mutation"":false,""coarse_to_fine_start_strength"":3,""coarse_to_fine_end_strength"":1,""stagnation_generations_after_selection"":0}",quantization,True,226,128,16,8,262144,262144,1048576,9732,100671488,72365.41110343701,15276.82177734375
65,0.464599609375,0.48095703125,kl,0.464599609375,,,,,0,{},128,16,4,1,"[16,4,1]","[2048,16384,131072]",5503193088,4.083333333333333,3216.5078125,26982023168,26982023168,0,8,8,"{""type"":""mixed_depth_quantization"",""sequential_mode"":""none"",""joint_mutation_mode"":""standard"",""parent_before_generation_hash"":""dc154b14cb215aaba673bbb2daec761fc770d4dfcab9fca8456bbb34f09ab3ad"",""parent_after_generation_hash"":""ba7bd8c99b1eea86036c53a40d9bfcb3d0b5baba44813c8b9bcbb29a148dcc61"",""generated_offspring_by_type"":{""depth"":49,""quantization"":71,""joint_aware"":0,""interaction_aware"":0,""sequential_quantization"":0,""fixed_quant_depth"":0,""component crossover"":0,""component crossover + repair"":0,""layer bundle crossover"":0,""layer bundle crossover + repair"":0,""local exchange crossover"":8},""depth_mask_entries_changed_by_type"":{""depth"":142,""quantization"":0,""joint_aware"":0,""interaction_aware"":0,""sequential_quantization"":0,""fixed_quant_depth"":0,""component crossover"":0,""component crossover + repair"":0,""layer bundle crossover"":0,""layer bundle crossover + repair"":0,""local exchange crossover"":0},""quant_assignments_changed_by_type"":{""depth"":114,""quantization"":164,""joint_aware"":0,""interaction_aware"":0,""sequential_quantization"":0,""fixed_quant_depth"":0,""component crossover"":0,""component crossover + repair"":0,""layer bundle crossover"":0,""layer bundle crossover + repair"":0,""local exchange crossover"":16},""depth_mask_entries_changed_total"":142,""quant_assignments_changed_total"":294,""interaction_aware_details"":{""budget_repair_quant_changes"":0,""preferred_quant_exchanges_used"":0,""fallback_quant_exchanges_used"":0},""crossover_diagnostics"":{""crossover_type"":""local_exchange"",""crossover_parent_selection"":""uniform"",""crossover_offspring"":8,""crossover_offspring_accepted"":8,""mutation_offspring_accepted"":120,""mutation_offspring"":120,""crossover_offspring_attempted"":124,""crossover_duplicates"":98,""crossover_infeasible_candidates"":0,""crossover_repair_changed_gene_count"":0,""crossover_repaired_proposals"":0,""parent_distance_mean"":3.5080645161290325,""parent_distance_min"":1,""parent_distance_max"":6,""child_distance_from_parent_a_mean"":2.0,""child_distance_from_parent_b_mean"":1.9339622641509433,""layers_from_parent_a_mean"":null,""layers_from_parent_b_mean"":null,""crossover_no_legal_exchange"":18,""local_exchange_attention"":0,""local_exchange_mlp"":0,""local_exchange_quantization"":8,""local_exchange_block"":0,""parent_distance_count"":124,""child_distance_from_base_mean"":2.0,""child_distance_from_base_min"":2,""child_distance_from_base_max"":2,""child_distance_from_base_count"":8,""child_distance_from_donor_mean"":2.25,""child_distance_from_donor_min"":1,""child_distance_from_donor_max"":4,""child_distance_from_donor_count"":8,""donor_distance_reduction_mean"":2.0,""donor_distance_reduction_min"":2,""donor_distance_reduction_max"":2,""donor_distance_reduction_count"":8,""local_exchange_changed_gene_count_mean"":2.0,""local_exchange_changed_gene_count_min"":2,""local_exchange_changed_gene_count_max"":2,""local_exchange_changed_gene_count_count"":8,""child_distance_statistics_scope"":""accepted_unique_crossover_offspring"",""parent_distance_statistics_scope"":""crossover_attempts"",""persistent_population_size"":4,""unique_population_size"":4,""best_population_fitness"":0.464599609375,""configured_survivors_per_selection"":[16,4,1],""effective_survivors_per_selection"":[16,4,4],""effective_final_survivor_count"":4},""offspring_generation"":{""attempts"":244,""no_op_mutations"":0,""duplicate_candidates"":98,""infeasible_candidates"":0,""fixed_quant_legal_swap_counts"":[]},""maximum_depth_mutations_per_offspring"":3,""quantization_step_size"":1,""quantization_mutations_per_offspring"":1,""joint_aware_probability"":0.0,""adaptive_mutation"":false,""adaptive_mutation_strength"":1,""adaptive_mutation_patience"":3,""adaptive_mutation_max_strength"":3,""coarse_to_fine_mutation"":false,""coarse_to_fine_start_strength"":3,""coarse_to_fine_end_strength"":1,""stagnation_generations_after_selection"":0}",quantization,True,244,128,16,8,262144,262144,1048576,9884,102244352,73281.08088571101,15276.82177734375
66,0.459716796875,0.464599609375,kl,0.459716796875,10.078125,10.078125,12.8671875,,917504,"{""wikitext2"":327680,""c4"":589824}",128,16,4,1,"[16,4,1]","[2048,16384,131072]",5503193088,4.083333333333333,3216.5078125,26982023168,26982023168,0,8,8,"{""type"":""mixed_depth_quantization"",""sequential_mode"":""none"",""joint_mutation_mode"":""standard"",""parent_before_generation_hash"":""ba7bd8c99b1eea86036c53a40d9bfcb3d0b5baba44813c8b9bcbb29a148dcc61"",""parent_after_generation_hash"":""e5b3b91c992f176b486f95be0d42d1474b7b1352c256e45c75868174fc24c599"",""generated_offspring_by_type"":{""depth"":54,""quantization"":55,""joint_aware"":0,""interaction_aware"":0,""sequential_quantization"":0,""fixed_quant_depth"":0,""component crossover"":0,""component crossover + repair"":0,""layer bundle crossover"":0,""layer bundle crossover + repair"":0,""local exchange crossover"":19},""depth_mask_entries_changed_by_type"":{""depth"":162,""quantization"":0,""joint_aware"":0,""interaction_aware"":0,""sequential_quantization"":0,""fixed_quant_depth"":0,""component crossover"":0,""component crossover + repair"":0,""layer bundle crossover"":0,""layer bundle crossover + repair"":0,""local exchange crossover"":0},""quant_assignments_changed_by_type"":{""depth"":139,""quantization"":128,""joint_aware"":0,""interaction_aware"":0,""sequential_quantization"":0,""fixed_quant_depth"":0,""component crossover"":0,""component crossover + repair"":0,""layer bundle crossover"":0,""layer bundle crossover + repair"":0,""local exchange crossover"":38},""depth_mask_entries_changed_total"":162,""quant_assignments_changed_total"":305,""interaction_aware_details"":{""budget_repair_quant_changes"":0,""preferred_quant_exchanges_used"":0,""fallback_quant_exchanges_used"":0},""crossover_diagnostics"":{""crossover_type"":""local_exchange"",""crossover_parent_selection"":""uniform"",""crossover_offspring"":19,""crossover_offspring_accepted"":19,""mutation_offspring_accepted"":109,""mutation_offspring"":109,""crossover_offspring_attempted"":94,""crossover_duplicates"":75,""crossover_infeasible_candidates"":0,""crossover_repair_changed_gene_count"":0,""crossover_repaired_proposals"":0,""parent_distance_mean"":6.159574468085107,""parent_distance_min"":2,""parent_distance_max"":9,""child_distance_from_parent_a_mean"":2.0,""child_distance_from_parent_b_mean"":4.159574468085107,""layers_from_parent_a_mean"":null,""layers_from_parent_b_mean"":null,""crossover_no_legal_exchange"":0,""local_exchange_attention"":0,""local_exchange_mlp"":0,""local_exchange_quantization"":19,""local_exchange_block"":0,""parent_distance_count"":94,""child_distance_from_base_mean"":2.0,""child_distance_from_base_min"":2,""child_distance_from_base_max"":2,""child_distance_from_base_count"":19,""child_distance_from_donor_mean"":5.631578947368421,""child_distance_from_donor_min"":3,""child_distance_from_donor_max"":7,""child_distance_from_donor_count"":19,""donor_distance_reduction_mean"":2.0,""donor_distance_reduction_min"":2,""donor_distance_reduction_max"":2,""donor_distance_reduction_count"":19,""local_exchange_changed_gene_count_mean"":2.0,""local_exchange_changed_gene_count_min"":2,""local_exchange_changed_gene_count_max"":2,""local_exchange_changed_gene_count_count"":19,""child_distance_statistics_scope"":""accepted_unique_crossover_offspring"",""parent_distance_statistics_scope"":""crossover_attempts"",""persistent_population_size"":4,""unique_population_size"":4,""best_population_fitness"":0.459716796875,""configured_survivors_per_selection"":[16,4,1],""effective_survivors_per_selection"":[16,4,4],""effective_final_survivor_count"":4},""offspring_generation"":{""attempts"":203,""no_op_mutations"":0,""duplicate_candidates"":75,""infeasible_candidates"":0,""fixed_quant_legal_swap_counts"":[]},""maximum_depth_mutations_per_offspring"":3,""quantization_step_size"":1,""quantization_mutations_per_offspring"":1,""joint_aware_probability"":0.0,""adaptive_mutation"":false,""adaptive_mutation_strength"":1,""adaptive_mutation_patience"":3,""adaptive_mutation_max_strength"":3,""coarse_to_fine_mutation"":false,""coarse_to_fine_start_strength"":3,""coarse_to_fine_end_strength"":1,""stagnation_generations_after_selection"":0}",depth,True,203,128,16,8,262144,262144,1048576,10036,103817216,74530.09134281901,15276.82177734375
67,0.472900390625,0.459716796875,kl,0.472900390625,,,,,0,{},128,16,4,1,"[16,4,1]","[2048,16384,131072]",5503193088,4.083333333333333,3216.5078125,26982023168,26982023168,0,8,8,"{""type"":""mixed_depth_quantization"",""sequential_mode"":""none"",""joint_mutation_mode"":""standard"",""parent_before_generation_hash"":""e5b3b91c992f176b486f95be0d42d1474b7b1352c256e45c75868174fc24c599"",""parent_after_generation_hash"":""bd2f6ebd6652bd53c9e7cbe9b97cfd31915e0bd93b2546f230c979661bc811c0"",""generated_offspring_by_type"":{""depth"":66,""quantization"":49,""joint_aware"":0,""interaction_aware"":0,""sequential_quantization"":0,""fixed_quant_depth"":0,""component crossover"":0,""component crossover + repair"":0,""layer bundle crossover"":0,""layer bundle crossover + repair"":0,""local exchange crossover"":13},""depth_mask_entries_changed_by_type"":{""depth"":190,""quantization"":0,""joint_aware"":0,""interaction_aware"":0,""sequential_quantization"":0,""fixed_quant_depth"":0,""component crossover"":0,""component crossover + repair"":0,""layer bundle crossover"":0,""layer bundle crossover + repair"":0,""local exchange crossover"":2},""quant_assignments_changed_by_type"":{""depth"":148,""quantization"":111,""joint_aware"":0,""interaction_aware"":0,""sequential_quantization"":0,""fixed_quant_depth"":0,""component crossover"":0,""component crossover + repair"":0,""layer bundle crossover"":0,""layer bundle crossover + repair"":0,""local exchange crossover"":24},""depth_mask_entries_changed_total"":192,""quant_assignments_changed_total"":283,""interaction_aware_details"":{""budget_repair_quant_changes"":0,""preferred_quant_exchanges_used"":0,""fallback_quant_exchanges_used"":0},""crossover_diagnostics"":{""crossover_type"":""local_exchange"",""crossover_parent_selection"":""uniform"",""crossover_offspring"":13,""crossover_offspring_accepted"":13,""mutation_offspring_accepted"":115,""mutation_offspring"":115,""crossover_offspring_attempted"":126,""crossover_duplicates"":105,""crossover_infeasible_candidates"":0,""crossover_repair_changed_gene_count"":0,""crossover_repaired_proposals"":0,""parent_distance_mean"":4.476190476190476,""parent_distance_min"":4,""parent_distance_max"":5,""child_distance_from_parent_a_mean"":2.0,""child_distance_from_parent_b_mean"":2.440677966101695,""layers_from_parent_a_mean"":null,""layers_from_parent_b_mean"":null,""crossover_no_legal_exchange"":8,""local_exchange_attention"":0,""local_exchange_mlp"":1,""local_exchange_quantization"":12,""local_exchange_block"":0,""parent_distance_count"":126,""child_distance_from_base_mean"":2.0,""child_distance_from_base_min"":2,""child_distance_from_base_max"":2,""child_distance_from_base_count"":13,""child_distance_from_donor_mean"":2.6923076923076925,""child_distance_from_donor_min"":2,""child_distance_from_donor_max"":3,""child_distance_from_donor_count"":13,""donor_distance_reduction_mean"":2.0,""donor_distance_reduction_min"":2,""donor_distance_reduction_max"":2,""donor_distance_reduction_count"":13,""local_exchange_changed_gene_count_mean"":2.0,""local_exchange_changed_gene_count_min"":2,""local_exchange_changed_gene_count_max"":2,""local_exchange_changed_gene_count_count"":13,""child_distance_statistics_scope"":""accepted_unique_crossover_offspring"",""parent_distance_statistics_scope"":""crossover_attempts"",""persistent_population_size"":4,""unique_population_size"":4,""best_population_fitness"":0.472900390625,""configured_survivors_per_selection"":[16,4,1],""effective_survivors_per_selection"":[16,4,4],""effective_final_survivor_count"":4},""offspring_generation"":{""attempts"":242,""no_op_mutations"":0,""duplicate_candidates"":106,""infeasible_candidates"":0,""fixed_quant_legal_swap_counts"":[]},""maximum_depth_mutations_per_offspring"":3,""quantization_step_size"":1,""quantization_mutations_per_offspring"":1,""joint_aware_probability"":0.0,""adaptive_mutation"":false,""adaptive_mutation_strength"":1,""adaptive_mutation_patience"":3,""adaptive_mutation_max_strength"":3,""coarse_to_fine_mutation"":false,""coarse_to_fine_start_strength"":3,""coarse_to_fine_end_strength"":1,""stagnation_generations_after_selection"":0}",parent,True,242,128,16,8,262144,262144,1048576,10188,105390080,75497.25204866202,15276.82177734375
68,0.4775390625,0.472900390625,kl,0.4775390625,,,,,0,{},128,16,4,1,"[16,4,1]","[2048,16384,131072]",5503193088,4.083333333333333,3216.5078125,26982023168,26982023168,0,8,8,"{""type"":""mixed_depth_quantization"",""sequential_mode"":""none"",""joint_mutation_mode"":""standard"",""parent_before_generation_hash"":""bd2f6ebd6652bd53c9e7cbe9b97cfd31915e0bd93b2546f230c979661bc811c0"",""parent_after_generation_hash"":""4c8c3911ee03e59eec0b97f4ec68ef5a79efe63781dfcab2488345959ed75f05"",""generated_offspring_by_type"":{""depth"":57,""quantization"":46,""joint_aware"":0,""interaction_aware"":0,""sequential_quantization"":0,""fixed_quant_depth"":0,""component crossover"":0,""component crossover + repair"":0,""layer bundle crossover"":0,""layer bundle crossover + repair"":0,""local exchange crossover"":25},""depth_mask_entries_changed_by_type"":{""depth"":176,""quantization"":0,""joint_aware"":0,""interaction_aware"":0,""sequential_quantization"":0,""fixed_quant_depth"":0,""component crossover"":0,""component crossover + repair"":0,""layer bundle crossover"":0,""layer bundle crossover + repair"":0,""local exchange crossover"":6},""quant_assignments_changed_by_type"":{""depth"":155,""quantization"":113,""joint_aware"":0,""interaction_aware"":0,""sequential_quantization"":0,""fixed_quant_depth"":0,""component crossover"":0,""component crossover + repair"":0,""layer bundle crossover"":0,""layer bundle crossover + repair"":0,""local exchange crossover"":44},""depth_mask_entries_changed_total"":182,""quant_assignments_changed_total"":312,""interaction_aware_details"":{""budget_repair_quant_changes"":0,""preferred_quant_exchanges_used"":0,""fallback_quant_exchanges_used"":0},""crossover_diagnostics"":{""crossover_type"":""local_exchange"",""crossover_parent_selection"":""uniform"",""crossover_offspring"":25,""crossover_offspring_accepted"":25,""mutation_offspring_accepted"":103,""mutation_offspring"":103,""crossover_offspring_attempted"":91,""crossover_duplicates"":66,""crossover_infeasible_candidates"":0,""crossover_repair_changed_gene_count"":0,""crossover_repaired_proposals"":0,""parent_distance_mean"":6.065934065934066,""parent_distance_min"":4,""parent_distance_max"":8,""child_distance_from_parent_a_mean"":2.0,""child_distance_from_parent_b_mean"":4.065934065934066,""layers_from_parent_a_mean"":null,""layers_from_parent_b_mean"":null,""crossover_no_legal_exchange"":0,""local_exchange_attention"":0,""local_exchange_mlp"":3,""local_exchange_quantization"":22,""local_exchange_block"":0,""parent_distance_count"":91,""child_distance_from_base_mean"":2.0,""child_distance_from_base_min"":2,""child_distance_from_base_max"":2,""child_distance_from_base_count"":25,""child_distance_from_donor_mean"":4.16,""child_distance_from_donor_min"":2,""child_distance_from_donor_max"":6,""child_distance_from_donor_count"":25,""donor_distance_reduction_mean"":2.0,""donor_distance_reduction_min"":2,""donor_distance_reduction_max"":2,""donor_distance_reduction_count"":25,""local_exchange_changed_gene_count_mean"":2.0,""local_exchange_changed_gene_count_min"":2,""local_exchange_changed_gene_count_max"":2,""local_exchange_changed_gene_count_count"":25,""child_distance_statistics_scope"":""accepted_unique_crossover_offspring"",""parent_distance_statistics_scope"":""crossover_attempts"",""persistent_population_size"":4,""unique_population_size"":4,""best_population_fitness"":0.4775390625,""configured_survivors_per_selection"":[16,4,1],""effective_survivors_per_selection"":[16,4,4],""effective_final_survivor_count"":4},""offspring_generation"":{""attempts"":195,""no_op_mutations"":1,""duplicate_candidates"":66,""infeasible_candidates"":0,""fixed_quant_legal_swap_counts"":[]},""maximum_depth_mutations_per_offspring"":3,""quantization_step_size"":1,""quantization_mutations_per_offspring"":1,""joint_aware_probability"":0.0,""adaptive_mutation"":false,""adaptive_mutation_strength"":1,""adaptive_mutation_patience"":3,""adaptive_mutation_max_strength"":3,""coarse_to_fine_mutation"":false,""coarse_to_fine_start_strength"":3,""coarse_to_fine_end_strength"":1,""stagnation_generations_after_selection"":0}",parent,True,195,128,16,8,262144,262144,1048576,10340,106962944,76633.209041586,15276.82177734375
69,0.4814453125,0.4775390625,kl,0.4814453125,,,,,0,{},128,16,4,1,"[16,4,1]","[2048,16384,131072]",5503193088,4.083333333333333,3216.5078125,26982023168,26982023168,0,8,8,"{""type"":""mixed_depth_quantization"",""sequential_mode"":""none"",""joint_mutation_mode"":""standard"",""parent_before_generation_hash"":""4c8c3911ee03e59eec0b97f4ec68ef5a79efe63781dfcab2488345959ed75f05"",""parent_after_generation_hash"":""4c8c3911ee03e59eec0b97f4ec68ef5a79efe63781dfcab2488345959ed75f05"",""generated_offspring_by_type"":{""depth"":59,""quantization"":53,""joint_aware"":0,""interaction_aware"":0,""sequential_quantization"":0,""fixed_quant_depth"":0,""component crossover"":0,""component crossover + repair"":0,""layer bundle crossover"":0,""layer bundle crossover + repair"":0,""local exchange crossover"":16},""depth_mask_entries_changed_by_type"":{""depth"":182,""quantization"":0,""joint_aware"":0,""interaction_aware"":0,""sequential_quantization"":0,""fixed_quant_depth"":0,""component crossover"":0,""component crossover + repair"":0,""layer bundle crossover"":0,""layer bundle crossover + repair"":0,""local exchange crossover"":8},""quant_assignments_changed_by_type"":{""depth"":138,""quantization"":125,""joint_aware"":0,""interaction_aware"":0,""sequential_quantization"":0,""fixed_quant_depth"":0,""component crossover"":0,""component crossover + repair"":0,""layer bundle crossover"":0,""layer bundle crossover + repair"":0,""local exchange crossover"":24},""depth_mask_entries_changed_total"":190,""quant_assignments_changed_total"":287,""interaction_aware_details"":{""budget_repair_quant_changes"":0,""preferred_quant_exchanges_used"":0,""fallback_quant_exchanges_used"":0},""crossover_diagnostics"":{""crossover_type"":""local_exchange"",""crossover_parent_selection"":""uniform"",""crossover_offspring"":16,""crossover_offspring_accepted"":16,""mutation_offspring_accepted"":112,""mutation_offspring"":112,""crossover_offspring_attempted"":107,""crossover_duplicates"":91,""crossover_infeasible_candidates"":0,""crossover_repair_changed_gene_count"":0,""crossover_repaired_proposals"":0,""parent_distance_mean"":5.373831775700935,""parent_distance_min"":2,""parent_distance_max"":9,""child_distance_from_parent_a_mean"":2.0,""child_distance_from_parent_b_mean"":3.5046728971962615,""layers_from_parent_a_mean"":null,""layers_from_parent_b_mean"":null,""crossover_no_legal_exchange"":0,""local_exchange_attention"":0,""local_exchange_mlp"":4,""local_exchange_quantization"":12,""local_exchange_block"":0,""parent_distance_count"":107,""child_distance_from_base_mean"":2.0,""child_distance_from_base_min"":2,""child_distance_from_base_max"":2,""child_distance_from_base_count"":16,""child_distance_from_donor_mean"":6.3125,""child_distance_from_donor_min"":2,""child_distance_from_donor_max"":7,""child_distance_from_donor_count"":16,""donor_distance_reduction_mean"":1.9375,""donor_distance_reduction_min"":1,""donor_distance_reduction_max"":2,""donor_distance_reduction_count"":16,""local_exchange_changed_gene_count_mean"":2.0,""local_exchange_changed_gene_count_min"":2,""local_exchange_changed_gene_count_max"":2,""local_exchange_changed_gene_count_count"":16,""child_distance_statistics_scope"":""accepted_unique_crossover_offspring"",""parent_distance_statistics_scope"":""crossover_attempts"",""persistent_population_size"":4,""unique_population_size"":4,""best_population_fitness"":0.4814453125,""configured_survivors_per_selection"":[16,4,1],""effective_survivors_per_selection"":[16,4,4],""effective_final_survivor_count"":4},""offspring_generation"":{""attempts"":219,""no_op_mutations"":0,""duplicate_candidates"":91,""infeasible_candidates"":0,""fixed_quant_legal_swap_counts"":[]},""maximum_depth_mutations_per_offspring"":3,""quantization_step_size"":1,""quantization_mutations_per_offspring"":1,""joint_aware_probability"":0.0,""adaptive_mutation"":false,""adaptive_mutation_strength"":1,""adaptive_mutation_patience"":3,""adaptive_mutation_max_strength"":3,""coarse_to_fine_mutation"":false,""coarse_to_fine_start_strength"":3,""coarse_to_fine_end_strength"":1,""stagnation_generations_after_selection"":1}",parent,False,219,128,16,8,262144,262144,1048576,10492,108535808,77784.75144718299,15276.82177734375
70,0.47119140625,0.4814453125,kl,0.47119140625,,,,,0,{},128,16,4,1,"[16,4,1]","[2048,16384,131072]",5503193088,4.083333333333333,3216.5078125,26982023168,26982023168,0,8,8,"{""type"":""mixed_depth_quantization"",""sequential_mode"":""none"",""joint_mutation_mode"":""standard"",""parent_before_generation_hash"":""4c8c3911ee03e59eec0b97f4ec68ef5a79efe63781dfcab2488345959ed75f05"",""parent_after_generation_hash"":""e4d990b803cba27eea920db177b02f349325b4ab7806e30b53d1bdef5191c4c7"",""generated_offspring_by_type"":{""depth"":43,""quantization"":50,""joint_aware"":0,""interaction_aware"":0,""sequential_quantization"":0,""fixed_quant_depth"":0,""component crossover"":0,""component crossover + repair"":0,""layer bundle crossover"":0,""layer bundle crossover + repair"":0,""local exchange crossover"":35},""depth_mask_entries_changed_by_type"":{""depth"":128,""quantization"":0,""joint_aware"":0,""interaction_aware"":0,""sequential_quantization"":0,""fixed_quant_depth"":0,""component crossover"":0,""component crossover + repair"":0,""layer bundle crossover"":0,""layer bundle crossover + repair"":0,""local exchange crossover"":8},""quant_assignments_changed_by_type"":{""depth"":95,""quantization"":119,""joint_aware"":0,""interaction_aware"":0,""sequential_quantization"":0,""fixed_quant_depth"":0,""component crossover"":0,""component crossover + repair"":0,""layer bundle crossover"":0,""layer bundle crossover + repair"":0,""local exchange crossover"":62},""depth_mask_entries_changed_total"":136,""quant_assignments_changed_total"":276,""interaction_aware_details"":{""budget_repair_quant_changes"":0,""preferred_quant_exchanges_used"":0,""fallback_quant_exchanges_used"":0},""crossover_diagnostics"":{""crossover_type"":""local_exchange"",""crossover_parent_selection"":""uniform"",""crossover_offspring"":35,""crossover_offspring_accepted"":35,""mutation_offspring_accepted"":93,""mutation_offspring"":93,""crossover_offspring_attempted"":103,""crossover_duplicates"":68,""crossover_infeasible_candidates"":0,""crossover_repair_changed_gene_count"":0,""crossover_repaired_proposals"":0,""parent_distance_mean"":6.854368932038835,""parent_distance_min"":3,""parent_distance_max"":12,""child_distance_from_parent_a_mean"":2.0,""child_distance_from_parent_b_mean"":5.145631067961165,""layers_from_parent_a_mean"":null,""layers_from_parent_b_mean"":null,""crossover_no_legal_exchange"":0,""local_exchange_attention"":0,""local_exchange_mlp"":4,""local_exchange_quantization"":31,""local_exchange_block"":0,""parent_distance_count"":103,""child_distance_from_base_mean"":2.0,""child_distance_from_base_min"":2,""child_distance_from_base_max"":2,""child_distance_from_base_count"":35,""child_distance_from_donor_mean"":5.828571428571428,""child_distance_from_donor_min"":2,""child_distance_from_donor_max"":10,""child_distance_from_donor_count"":35,""donor_distance_reduction_mean"":1.8285714285714285,""donor_distance_reduction_min"":1,""donor_distance_reduction_max"":2,""donor_distance_reduction_count"":35,""local_exchange_changed_gene_count_mean"":2.0,""local_exchange_changed_gene_count_min"":2,""local_exchange_changed_gene_count_max"":2,""local_exchange_changed_gene_count_count"":35,""child_distance_statistics_scope"":""accepted_unique_crossover_offspring"",""parent_distance_statistics_scope"":""crossover_attempts"",""persistent_population_size"":4,""unique_population_size"":4,""best_population_fitness"":0.47119140625,""configured_survivors_per_selection"":[16,4,1],""effective_survivors_per_selection"":[16,4,4],""effective_final_survivor_count"":4},""offspring_generation"":{""attempts"":196,""no_op_mutations"":0,""duplicate_candidates"":68,""infeasible_candidates"":0,""fixed_quant_legal_swap_counts"":[]},""maximum_depth_mutations_per_offspring"":3,""quantization_step_size"":1,""quantization_mutations_per_offspring"":1,""joint_aware_probability"":0.0,""adaptive_mutation"":false,""adaptive_mutation_strength"":1,""adaptive_mutation_patience"":3,""adaptive_mutation_max_strength"":3,""coarse_to_fine_mutation"":false,""coarse_to_fine_start_strength"":3,""coarse_to_fine_end_strength"":1,""stagnation_generations_after_selection"":0}",local exchange crossover,True,196,128,16,8,262144,262144,1048576,10644,110108672,78862.42360966202,15276.82177734375
71,0.466064453125,0.47119140625,kl,0.466064453125,10.078125,10.0,12.8203125,,917504,"{""wikitext2"":327680,""c4"":589824}",128,16,4,1,"[16,4,1]","[2048,16384,131072]",5503193088,4.083333333333333,3216.5078125,26982023168,26982023168,0,8,8,"{""type"":""mixed_depth_quantization"",""sequential_mode"":""none"",""joint_mutation_mode"":""standard"",""parent_before_generation_hash"":""e4d990b803cba27eea920db177b02f349325b4ab7806e30b53d1bdef5191c4c7"",""parent_after_generation_hash"":""2b0ef15b85f2c548bbfe8e3a9e395058fd1c06b95fc29f91358fb100cd6bcf42"",""generated_offspring_by_type"":{""depth"":45,""quantization"":63,""joint_aware"":0,""interaction_aware"":0,""sequential_quantization"":0,""fixed_quant_depth"":0,""component crossover"":0,""component crossover + repair"":0,""layer bundle crossover"":0,""layer bundle crossover + repair"":0,""local exchange crossover"":20},""depth_mask_entries_changed_by_type"":{""depth"":144,""quantization"":0,""joint_aware"":0,""interaction_aware"":0,""sequential_quantization"":0,""fixed_quant_depth"":0,""component crossover"":0,""component crossover + repair"":0,""layer bundle crossover"":0,""layer bundle crossover + repair"":0,""local exchange crossover"":6},""quant_assignments_changed_by_type"":{""depth"":117,""quantization"":143,""joint_aware"":0,""interaction_aware"":0,""sequential_quantization"":0,""fixed_quant_depth"":0,""component crossover"":0,""component crossover + repair"":0,""layer bundle crossover"":0,""layer bundle crossover + repair"":0,""local exchange crossover"":34},""depth_mask_entries_changed_total"":150,""quant_assignments_changed_total"":294,""interaction_aware_details"":{""budget_repair_quant_changes"":0,""preferred_quant_exchanges_used"":0,""fallback_quant_exchanges_used"":0},""crossover_diagnostics"":{""crossover_type"":""local_exchange"",""crossover_parent_selection"":""uniform"",""crossover_offspring"":20,""crossover_offspring_accepted"":20,""mutation_offspring_accepted"":108,""mutation_offspring"":108,""crossover_offspring_attempted"":102,""crossover_duplicates"":82,""crossover_infeasible_candidates"":0,""crossover_repair_changed_gene_count"":0,""crossover_repaired_proposals"":0,""parent_distance_mean"":4.96078431372549,""parent_distance_min"":2,""parent_distance_max"":8,""child_distance_from_parent_a_mean"":2.0,""child_distance_from_parent_b_mean"":3.0686274509803924,""layers_from_parent_a_mean"":null,""layers_from_parent_b_mean"":null,""crossover_no_legal_exchange"":0,""local_exchange_attention"":0,""local_exchange_mlp"":3,""local_exchange_quantization"":17,""local_exchange_block"":0,""parent_distance_count"":102,""child_distance_from_base_mean"":2.0,""child_distance_from_base_min"":2,""child_distance_from_base_max"":2,""child_distance_from_base_count"":20,""child_distance_from_donor_mean"":4.0,""child_distance_from_donor_min"":2,""child_distance_from_donor_max"":6,""child_distance_from_donor_count"":20,""donor_distance_reduction_mean"":1.9,""donor_distance_reduction_min"":1,""donor_distance_reduction_max"":2,""donor_distance_reduction_count"":20,""local_exchange_changed_gene_count_mean"":2.0,""local_exchange_changed_gene_count_min"":2,""local_exchange_changed_gene_count_max"":2,""local_exchange_changed_gene_count_count"":20,""child_distance_statistics_scope"":""accepted_unique_crossover_offspring"",""parent_distance_statistics_scope"":""crossover_attempts"",""persistent_population_size"":4,""unique_population_size"":4,""best_population_fitness"":0.466064453125,""configured_survivors_per_selection"":[16,4,1],""effective_survivors_per_selection"":[16,4,4],""effective_final_survivor_count"":4},""offspring_generation"":{""attempts"":210,""no_op_mutations"":0,""duplicate_candidates"":82,""infeasible_candidates"":0,""fixed_quant_legal_swap_counts"":[]},""maximum_depth_mutations_per_offspring"":3,""quantization_step_size"":1,""quantization_mutations_per_offspring"":1,""joint_aware_probability"":0.0,""adaptive_mutation"":false,""adaptive_mutation_strength"":1,""adaptive_mutation_patience"":3,""adaptive_mutation_max_strength"":3,""coarse_to_fine_mutation"":false,""coarse_to_fine_start_strength"":3,""coarse_to_fine_end_strength"":1,""stagnation_generations_after_selection"":0}",quantization,True,210,128,16,8,262144,262144,1048576,10796,111681536,80127.35746039101,15276.82177734375
72,0.489013671875,0.466064453125,kl,0.489013671875,,,,,0,{},128,16,4,1,"[16,4,1]","[2048,16384,131072]",5503193088,4.083333333333333,3216.5078125,26982023168,26982023168,0,8,8,"{""type"":""mixed_depth_quantization"",""sequential_mode"":""none"",""joint_mutation_mode"":""standard"",""parent_before_generation_hash"":""2b0ef15b85f2c548bbfe8e3a9e395058fd1c06b95fc29f91358fb100cd6bcf42"",""parent_after_generation_hash"":""f0d01195a30b9e5a3ad5e16770a0bf17d7ed93e93c56d6bdd6eb07ca1a010fb6"",""generated_offspring_by_type"":{""depth"":51,""quantization"":61,""joint_aware"":0,""interaction_aware"":0,""sequential_quantization"":0,""fixed_quant_depth"":0,""component crossover"":0,""component crossover + repair"":0,""layer bundle crossover"":0,""layer bundle crossover + repair"":0,""local exchange crossover"":16},""depth_mask_entries_changed_by_type"":{""depth"":162,""quantization"":0,""joint_aware"":0,""interaction_aware"":0,""sequential_quantization"":0,""fixed_quant_depth"":0,""component crossover"":0,""component crossover + repair"":0,""layer bundle crossover"":0,""layer bundle crossover + repair"":0,""local exchange crossover"":0},""quant_assignments_changed_by_type"":{""depth"":130,""quantization"":141,""joint_aware"":0,""interaction_aware"":0,""sequential_quantization"":0,""fixed_quant_depth"":0,""component crossover"":0,""component crossover + repair"":0,""layer bundle crossover"":0,""layer bundle crossover + repair"":0,""local exchange crossover"":32},""depth_mask_entries_changed_total"":162,""quant_assignments_changed_total"":303,""interaction_aware_details"":{""budget_repair_quant_changes"":0,""preferred_quant_exchanges_used"":0,""fallback_quant_exchanges_used"":0},""crossover_diagnostics"":{""crossover_type"":""local_exchange"",""crossover_parent_selection"":""uniform"",""crossover_offspring"":16,""crossover_offspring_accepted"":16,""mutation_offspring_accepted"":112,""mutation_offspring"":112,""crossover_offspring_attempted"":132,""crossover_duplicates"":116,""crossover_infeasible_candidates"":0,""crossover_repair_changed_gene_count"":0,""crossover_repaired_proposals"":0,""parent_distance_mean"":4.5,""parent_distance_min"":2,""parent_distance_max"":7,""child_distance_from_parent_a_mean"":2.0,""child_distance_from_parent_b_mean"":2.6136363636363638,""layers_from_parent_a_mean"":null,""layers_from_parent_b_mean"":null,""crossover_no_legal_exchange"":0,""local_exchange_attention"":0,""local_exchange_mlp"":0,""local_exchange_quantization"":16,""local_exchange_block"":0,""parent_distance_count"":132,""child_distance_from_base_mean"":2.0,""child_distance_from_base_min"":2,""child_distance_from_base_max"":2,""child_distance_from_base_count"":16,""child_distance_from_donor_mean"":3.25,""child_distance_from_donor_min"":1,""child_distance_from_donor_max"":6,""child_distance_from_donor_count"":16,""donor_distance_reduction_mean"":1.875,""donor_distance_reduction_min"":1,""donor_distance_reduction_max"":2,""donor_distance_reduction_count"":16,""local_exchange_changed_gene_count_mean"":2.0,""local_exchange_changed_gene_count_min"":2,""local_exchange_changed_gene_count_max"":2,""local_exchange_changed_gene_count_count"":16,""child_distance_statistics_scope"":""accepted_unique_crossover_offspring"",""parent_distance_statistics_scope"":""crossover_attempts"",""persistent_population_size"":4,""unique_population_size"":4,""best_population_fitness"":0.489013671875,""configured_survivors_per_selection"":[16,4,1],""effective_survivors_per_selection"":[16,4,4],""effective_final_survivor_count"":4},""offspring_generation"":{""attempts"":244,""no_op_mutations"":0,""duplicate_candidates"":116,""infeasible_candidates"":0,""fixed_quant_legal_swap_counts"":[]},""maximum_depth_mutations_per_offspring"":3,""quantization_step_size"":1,""quantization_mutations_per_offspring"":1,""joint_aware_probability"":0.0,""adaptive_mutation"":false,""adaptive_mutation_strength"":1,""adaptive_mutation_patience"":3,""adaptive_mutation_max_strength"":3,""coarse_to_fine_mutation"":false,""coarse_to_fine_start_strength"":3,""coarse_to_fine_end_strength"":1,""stagnation_generations_after_selection"":0}",local exchange crossover,True,244,128,16,8,262144,262144,1048576,10948,113254400,81179.84360466301,15276.82177734375
73,0.4638671875,0.489013671875,kl,0.4638671875,,,,,0,{},128,16,4,1,"[16,4,1]","[2048,16384,131072]",5503193088,4.083333333333333,3216.5078125,26982023168,26982023168,0,8,8,"{""type"":""mixed_depth_quantization"",""sequential_mode"":""none"",""joint_mutation_mode"":""standard"",""parent_before_generation_hash"":""f0d01195a30b9e5a3ad5e16770a0bf17d7ed93e93c56d6bdd6eb07ca1a010fb6"",""parent_after_generation_hash"":""89e56bf63d52990826e520c349acc503e287cdded6076dbdf84a5e07651c0170"",""generated_offspring_by_type"":{""depth"":38,""quantization"":76,""joint_aware"":0,""interaction_aware"":0,""sequential_quantization"":0,""fixed_quant_depth"":0,""component crossover"":0,""component crossover + repair"":0,""layer bundle crossover"":0,""layer bundle crossover + repair"":0,""local exchange crossover"":14},""depth_mask_entries_changed_by_type"":{""depth"":110,""quantization"":0,""joint_aware"":0,""interaction_aware"":0,""sequential_quantization"":0,""fixed_quant_depth"":0,""component crossover"":0,""component crossover + repair"":0,""layer bundle crossover"":0,""layer bundle crossover + repair"":0,""local exchange crossover"":0},""quant_assignments_changed_by_type"":{""depth"":81,""quantization"":178,""joint_aware"":0,""interaction_aware"":0,""sequential_quantization"":0,""fixed_quant_depth"":0,""component crossover"":0,""component crossover + repair"":0,""layer bundle crossover"":0,""layer bundle crossover + repair"":0,""local exchange crossover"":28},""depth_mask_entries_changed_total"":110,""quant_assignments_changed_total"":287,""interaction_aware_details"":{""budget_repair_quant_changes"":0,""preferred_quant_exchanges_used"":0,""fallback_quant_exchanges_used"":0},""crossover_diagnostics"":{""crossover_type"":""local_exchange"",""crossover_parent_selection"":""uniform"",""crossover_offspring"":14,""crossover_offspring_accepted"":14,""mutation_offspring_accepted"":114,""mutation_offspring"":114,""crossover_offspring_attempted"":129,""crossover_duplicates"":89,""crossover_infeasible_candidates"":0,""crossover_repair_changed_gene_count"":0,""crossover_repaired_proposals"":0,""parent_distance_mean"":4.976744186046512,""parent_distance_min"":1,""parent_distance_max"":7,""child_distance_from_parent_a_mean"":2.0,""child_distance_from_parent_b_mean"":4.184466019417476,""layers_from_parent_a_mean"":null,""layers_from_parent_b_mean"":null,""crossover_no_legal_exchange"":26,""local_exchange_attention"":0,""local_exchange_mlp"":0,""local_exchange_quantization"":14,""local_exchange_block"":0,""parent_distance_count"":129,""child_distance_from_base_mean"":2.0,""child_distance_from_base_min"":2,""child_distance_from_base_max"":2,""child_distance_from_base_count"":14,""child_distance_from_donor_mean"":4.357142857142857,""child_distance_from_donor_min"":2,""child_distance_from_donor_max"":6,""child_distance_from_donor_count"":14,""donor_distance_reduction_mean"":1.7142857142857142,""donor_distance_reduction_min"":1,""donor_distance_reduction_max"":2,""donor_distance_reduction_count"":14,""local_exchange_changed_gene_count_mean"":2.0,""local_exchange_changed_gene_count_min"":2,""local_exchange_changed_gene_count_max"":2,""local_exchange_changed_gene_count_count"":14,""child_distance_statistics_scope"":""accepted_unique_crossover_offspring"",""parent_distance_statistics_scope"":""crossover_attempts"",""persistent_population_size"":4,""unique_population_size"":4,""best_population_fitness"":0.4638671875,""configured_survivors_per_selection"":[16,4,1],""effective_survivors_per_selection"":[16,4,4],""effective_final_survivor_count"":4},""offspring_generation"":{""attempts"":243,""no_op_mutations"":0,""duplicate_candidates"":89,""infeasible_candidates"":0,""fixed_quant_legal_swap_counts"":[]},""maximum_depth_mutations_per_offspring"":3,""quantization_step_size"":1,""quantization_mutations_per_offspring"":1,""joint_aware_probability"":0.0,""adaptive_mutation"":false,""adaptive_mutation_strength"":1,""adaptive_mutation_patience"":3,""adaptive_mutation_max_strength"":3,""coarse_to_fine_mutation"":false,""coarse_to_fine_start_strength"":3,""coarse_to_fine_end_strength"":1,""stagnation_generations_after_selection"":0}",quantization,True,243,128,16,8,262144,262144,1048576,11100,114827264,82277.478944565,15276.82177734375
74,0.4453125,0.4638671875,kl,0.4453125,,,,,0,{},128,16,4,1,"[16,4,1]","[2048,16384,131072]",5503193088,4.083333333333333,3216.5078125,26982023168,26982023168,0,8,8,"{""type"":""mixed_depth_quantization"",""sequential_mode"":""none"",""joint_mutation_mode"":""standard"",""parent_before_generation_hash"":""89e56bf63d52990826e520c349acc503e287cdded6076dbdf84a5e07651c0170"",""parent_after_generation_hash"":""24f6bcc51d5385b061eb8257a37959cb4e0e62d9da35bb8145894a914948a489"",""generated_offspring_by_type"":{""depth"":60,""quantization"":48,""joint_aware"":0,""interaction_aware"":0,""sequential_quantization"":0,""fixed_quant_depth"":0,""component crossover"":0,""component crossover + repair"":0,""layer bundle crossover"":0,""layer bundle crossover + repair"":0,""local exchange crossover"":20},""depth_mask_entries_changed_by_type"":{""depth"":176,""quantization"":0,""joint_aware"":0,""interaction_aware"":0,""sequential_quantization"":0,""fixed_quant_depth"":0,""component crossover"":0,""component crossover + repair"":0,""layer bundle crossover"":0,""layer bundle crossover + repair"":0,""local exchange crossover"":0},""quant_assignments_changed_by_type"":{""depth"":124,""quantization"":112,""joint_aware"":0,""interaction_aware"":0,""sequential_quantization"":0,""fixed_quant_depth"":0,""component crossover"":0,""component crossover + repair"":0,""layer bundle crossover"":0,""layer bundle crossover + repair"":0,""local exchange crossover"":40},""depth_mask_entries_changed_total"":176,""quant_assignments_changed_total"":276,""interaction_aware_details"":{""budget_repair_quant_changes"":0,""preferred_quant_exchanges_used"":0,""fallback_quant_exchanges_used"":0},""crossover_diagnostics"":{""crossover_type"":""local_exchange"",""crossover_parent_selection"":""uniform"",""crossover_offspring"":20,""crossover_offspring_accepted"":20,""mutation_offspring_accepted"":108,""mutation_offspring"":108,""crossover_offspring_attempted"":94,""crossover_duplicates"":51,""crossover_infeasible_candidates"":0,""crossover_repair_changed_gene_count"":0,""crossover_repaired_proposals"":0,""parent_distance_mean"":5.0638297872340425,""parent_distance_min"":1,""parent_distance_max"":9,""child_distance_from_parent_a_mean"":2.0,""child_distance_from_parent_b_mean"":4.380281690140845,""layers_from_parent_a_mean"":null,""layers_from_parent_b_mean"":null,""crossover_no_legal_exchange"":23,""local_exchange_attention"":0,""local_exchange_mlp"":0,""local_exchange_quantization"":20,""local_exchange_block"":0,""parent_distance_count"":94,""child_distance_from_base_mean"":2.0,""child_distance_from_base_min"":2,""child_distance_from_base_max"":2,""child_distance_from_base_count"":20,""child_distance_from_donor_mean"":5.7,""child_distance_from_donor_min"":2,""child_distance_from_donor_max"":7,""child_distance_from_donor_count"":20,""donor_distance_reduction_mean"":2.0,""donor_distance_reduction_min"":2,""donor_distance_reduction_max"":2,""donor_distance_reduction_count"":20,""local_exchange_changed_gene_count_mean"":2.0,""local_exchange_changed_gene_count_min"":2,""local_exchange_changed_gene_count_max"":2,""local_exchange_changed_gene_count_count"":20,""child_distance_statistics_scope"":""accepted_unique_crossover_offspring"",""parent_distance_statistics_scope"":""crossover_attempts"",""persistent_population_size"":4,""unique_population_size"":4,""best_population_fitness"":0.4453125,""configured_survivors_per_selection"":[16,4,1],""effective_survivors_per_selection"":[16,4,4],""effective_final_survivor_count"":4},""offspring_generation"":{""attempts"":202,""no_op_mutations"":0,""duplicate_candidates"":51,""infeasible_candidates"":0,""fixed_quant_legal_swap_counts"":[]},""maximum_depth_mutations_per_offspring"":3,""quantization_step_size"":1,""quantization_mutations_per_offspring"":1,""joint_aware_probability"":0.0,""adaptive_mutation"":false,""adaptive_mutation_strength"":1,""adaptive_mutation_patience"":3,""adaptive_mutation_max_strength"":3,""coarse_to_fine_mutation"":false,""coarse_to_fine_start_strength"":3,""coarse_to_fine_end_strength"":1,""stagnation_generations_after_selection"":0}",local exchange crossover,True,202,128,16,8,262144,262144,1048576,11252,116400128,83348.15703491401,15276.82177734375
75,0.4580078125,0.4453125,kl,0.4580078125,,,,,0,{},128,16,4,1,"[16,4,1]","[2048,16384,131072]",5503193088,4.083333333333333,3216.5078125,26982023168,26982023168,0,8,8,"{""type"":""mixed_depth_quantization"",""sequential_mode"":""none"",""joint_mutation_mode"":""standard"",""parent_before_generation_hash"":""24f6bcc51d5385b061eb8257a37959cb4e0e62d9da35bb8145894a914948a489"",""parent_after_generation_hash"":""9d10cd4e5e76418ea3101cb9379dea77dd25ff9ba17cdd0625f0a8a24b70198c"",""generated_offspring_by_type"":{""depth"":39,""quantization"":54,""joint_aware"":0,""interaction_aware"":0,""sequential_quantization"":0,""fixed_quant_depth"":0,""component crossover"":0,""component crossover + repair"":0,""layer bundle crossover"":0,""layer bundle crossover + repair"":0,""local exchange crossover"":35},""depth_mask_entries_changed_by_type"":{""depth"":116,""quantization"":0,""joint_aware"":0,""interaction_aware"":0,""sequential_quantization"":0,""fixed_quant_depth"":0,""component crossover"":0,""component crossover + repair"":0,""layer bundle crossover"":0,""layer bundle crossover + repair"":0,""local exchange crossover"":0},""quant_assignments_changed_by_type"":{""depth"":95,""quantization"":123,""joint_aware"":0,""interaction_aware"":0,""sequential_quantization"":0,""fixed_quant_depth"":0,""component crossover"":0,""component crossover + repair"":0,""layer bundle crossover"":0,""layer bundle crossover + repair"":0,""local exchange crossover"":70},""depth_mask_entries_changed_total"":116,""quant_assignments_changed_total"":288,""interaction_aware_details"":{""budget_repair_quant_changes"":0,""preferred_quant_exchanges_used"":0,""fallback_quant_exchanges_used"":0},""crossover_diagnostics"":{""crossover_type"":""local_exchange"",""crossover_parent_selection"":""uniform"",""crossover_offspring"":35,""crossover_offspring_accepted"":35,""mutation_offspring_accepted"":93,""mutation_offspring"":93,""crossover_offspring_attempted"":84,""crossover_duplicates"":49,""crossover_infeasible_candidates"":0,""crossover_repair_changed_gene_count"":0,""crossover_repaired_proposals"":0,""parent_distance_mean"":8.238095238095237,""parent_distance_min"":5,""parent_distance_max"":14,""child_distance_from_parent_a_mean"":2.0,""child_distance_from_parent_b_mean"":6.238095238095238,""layers_from_parent_a_mean"":null,""layers_from_parent_b_mean"":null,""crossover_no_legal_exchange"":0,""local_exchange_attention"":0,""local_exchange_mlp"":0,""local_exchange_quantization"":35,""local_exchange_block"":0,""parent_distance_count"":84,""child_distance_from_base_mean"":2.0,""child_distance_from_base_min"":2,""child_distance_from_base_max"":2,""child_distance_from_base_count"":35,""child_distance_from_donor_mean"":6.914285714285715,""child_distance_from_donor_min"":3,""child_distance_from_donor_max"":12,""child_distance_from_donor_count"":35,""donor_distance_reduction_mean"":2.0,""donor_distance_reduction_min"":2,""donor_distance_reduction_max"":2,""donor_distance_reduction_count"":35,""local_exchange_changed_gene_count_mean"":2.0,""local_exchange_changed_gene_count_min"":2,""local_exchange_changed_gene_count_max"":2,""local_exchange_changed_gene_count_count"":35,""child_distance_statistics_scope"":""accepted_unique_crossover_offspring"",""parent_distance_statistics_scope"":""crossover_attempts"",""persistent_population_size"":4,""unique_population_size"":4,""best_population_fitness"":0.4580078125,""configured_survivors_per_selection"":[16,4,1],""effective_survivors_per_selection"":[16,4,4],""effective_final_survivor_count"":4},""offspring_generation"":{""attempts"":177,""no_op_mutations"":0,""duplicate_candidates"":49,""infeasible_candidates"":0,""fixed_quant_legal_swap_counts"":[]},""maximum_depth_mutations_per_offspring"":3,""quantization_step_size"":1,""quantization_mutations_per_offspring"":1,""joint_aware_probability"":0.0,""adaptive_mutation"":false,""adaptive_mutation_strength"":1,""adaptive_mutation_patience"":3,""adaptive_mutation_max_strength"":3,""coarse_to_fine_mutation"":false,""coarse_to_fine_start_strength"":3,""coarse_to_fine_end_strength"":1,""stagnation_generations_after_selection"":0}",local exchange crossover,True,177,128,16,8,262144,262144,1048576,11404,117972992,84425.933991206,15276.82177734375
76,0.487548828125,0.4580078125,kl,0.487548828125,10.078125,9.8828125,12.765625,,917504,"{""wikitext2"":327680,""c4"":589824}",128,16,4,1,"[16,4,1]","[2048,16384,131072]",5503193088,4.083333333333333,3216.5078125,26982023168,26982023168,0,8,8,"{""type"":""mixed_depth_quantization"",""sequential_mode"":""none"",""joint_mutation_mode"":""standard"",""parent_before_generation_hash"":""9d10cd4e5e76418ea3101cb9379dea77dd25ff9ba17cdd0625f0a8a24b70198c"",""parent_after_generation_hash"":""26bfa17092d543805a9ce7283af047701da798bec833548c81eab9215142e85b"",""generated_offspring_by_type"":{""depth"":47,""quantization"":64,""joint_aware"":0,""interaction_aware"":0,""sequential_quantization"":0,""fixed_quant_depth"":0,""component crossover"":0,""component crossover + repair"":0,""layer bundle crossover"":0,""layer bundle crossover + repair"":0,""local exchange crossover"":17},""depth_mask_entries_changed_by_type"":{""depth"":132,""quantization"":0,""joint_aware"":0,""interaction_aware"":0,""sequential_quantization"":0,""fixed_quant_depth"":0,""component crossover"":0,""component crossover + repair"":0,""layer bundle crossover"":0,""layer bundle crossover + repair"":0,""local exchange crossover"":0},""quant_assignments_changed_by_type"":{""depth"":102,""quantization"":148,""joint_aware"":0,""interaction_aware"":0,""sequential_quantization"":0,""fixed_quant_depth"":0,""component crossover"":0,""component crossover + repair"":0,""layer bundle crossover"":0,""layer bundle crossover + repair"":0,""local exchange crossover"":34},""depth_mask_entries_changed_total"":132,""quant_assignments_changed_total"":284,""interaction_aware_details"":{""budget_repair_quant_changes"":0,""preferred_quant_exchanges_used"":0,""fallback_quant_exchanges_used"":0},""crossover_diagnostics"":{""crossover_type"":""local_exchange"",""crossover_parent_selection"":""uniform"",""crossover_offspring"":17,""crossover_offspring_accepted"":17,""mutation_offspring_accepted"":111,""mutation_offspring"":111,""crossover_offspring_attempted"":113,""crossover_duplicates"":96,""crossover_infeasible_candidates"":0,""crossover_repair_changed_gene_count"":0,""crossover_repaired_proposals"":0,""parent_distance_mean"":4.0,""parent_distance_min"":2,""parent_distance_max"":7,""child_distance_from_parent_a_mean"":2.0,""child_distance_from_parent_b_mean"":2.0,""layers_from_parent_a_mean"":null,""layers_from_parent_b_mean"":null,""crossover_no_legal_exchange"":0,""local_exchange_attention"":0,""local_exchange_mlp"":0,""local_exchange_quantization"":17,""local_exchange_block"":0,""parent_distance_count"":113,""child_distance_from_base_mean"":2.0,""child_distance_from_base_min"":2,""child_distance_from_base_max"":2,""child_distance_from_base_count"":17,""child_distance_from_donor_mean"":4.411764705882353,""child_distance_from_donor_min"":3,""child_distance_from_donor_max"":5,""child_distance_from_donor_count"":17,""donor_distance_reduction_mean"":2.0,""donor_distance_reduction_min"":2,""donor_distance_reduction_max"":2,""donor_distance_reduction_count"":17,""local_exchange_changed_gene_count_mean"":2.0,""local_exchange_changed_gene_count_min"":2,""local_exchange_changed_gene_count_max"":2,""local_exchange_changed_gene_count_count"":17,""child_distance_statistics_scope"":""accepted_unique_crossover_offspring"",""parent_distance_statistics_scope"":""crossover_attempts"",""persistent_population_size"":4,""unique_population_size"":4,""best_population_fitness"":0.487548828125,""configured_survivors_per_selection"":[16,4,1],""effective_survivors_per_selection"":[16,4,4],""effective_final_survivor_count"":4},""offspring_generation"":{""attempts"":225,""no_op_mutations"":0,""duplicate_candidates"":97,""infeasible_candidates"":0,""fixed_quant_legal_swap_counts"":[]},""maximum_depth_mutations_per_offspring"":3,""quantization_step_size"":1,""quantization_mutations_per_offspring"":1,""joint_aware_probability"":0.0,""adaptive_mutation"":false,""adaptive_mutation_strength"":1,""adaptive_mutation_patience"":3,""adaptive_mutation_max_strength"":3,""coarse_to_fine_mutation"":false,""coarse_to_fine_start_strength"":3,""coarse_to_fine_end_strength"":1,""stagnation_generations_after_selection"":0}",quantization,True,225,128,16,8,262144,262144,1048576,11556,119545856,85725.321512934,15276.82177734375
77,0.48486328125,0.487548828125,kl,0.48486328125,,,,,0,{},128,16,4,1,"[16,4,1]","[2048,16384,131072]",5503193088,4.083333333333333,3216.5078125,26982023168,26982023168,0,8,8,"{""type"":""mixed_depth_quantization"",""sequential_mode"":""none"",""joint_mutation_mode"":""standard"",""parent_before_generation_hash"":""26bfa17092d543805a9ce7283af047701da798bec833548c81eab9215142e85b"",""parent_after_generation_hash"":""7512da98ca47c13482ab7c04a9147b7d249dd84123334b2cf238596f31124254"",""generated_offspring_by_type"":{""depth"":66,""quantization"":53,""joint_aware"":0,""interaction_aware"":0,""sequential_quantization"":0,""fixed_quant_depth"":0,""component crossover"":0,""component crossover + repair"":0,""layer bundle crossover"":0,""layer bundle crossover + repair"":0,""local exchange crossover"":9},""depth_mask_entries_changed_by_type"":{""depth"":198,""quantization"":0,""joint_aware"":0,""interaction_aware"":0,""sequential_quantization"":0,""fixed_quant_depth"":0,""component crossover"":0,""component crossover + repair"":0,""layer bundle crossover"":0,""layer bundle crossover + repair"":0,""local exchange crossover"":0},""quant_assignments_changed_by_type"":{""depth"":155,""quantization"":127,""joint_aware"":0,""interaction_aware"":0,""sequential_quantization"":0,""fixed_quant_depth"":0,""component crossover"":0,""component crossover + repair"":0,""layer bundle crossover"":0,""layer bundle crossover + repair"":0,""local exchange crossover"":18},""depth_mask_entries_changed_total"":198,""quant_assignments_changed_total"":300,""interaction_aware_details"":{""budget_repair_quant_changes"":0,""preferred_quant_exchanges_used"":0,""fallback_quant_exchanges_used"":0},""crossover_diagnostics"":{""crossover_type"":""local_exchange"",""crossover_parent_selection"":""uniform"",""crossover_offspring"":9,""crossover_offspring_accepted"":9,""mutation_offspring_accepted"":119,""mutation_offspring"":119,""crossover_offspring_attempted"":110,""crossover_duplicates"":101,""crossover_infeasible_candidates"":0,""crossover_repair_changed_gene_count"":0,""crossover_repaired_proposals"":0,""parent_distance_mean"":3.0545454545454547,""parent_distance_min"":2,""parent_distance_max"":4,""child_distance_from_parent_a_mean"":2.0,""child_distance_from_parent_b_mean"":1.0545454545454545,""layers_from_parent_a_mean"":null,""layers_from_parent_b_mean"":null,""crossover_no_legal_exchange"":0,""local_exchange_attention"":0,""local_exchange_mlp"":0,""local_exchange_quantization"":9,""local_exchange_block"":0,""parent_distance_count"":110,""child_distance_from_base_mean"":2.0,""child_distance_from_base_min"":2,""child_distance_from_base_max"":2,""child_distance_from_base_count"":9,""child_distance_from_donor_mean"":2.0,""child_distance_from_donor_min"":2,""child_distance_from_donor_max"":2,""child_distance_from_donor_count"":9,""donor_distance_reduction_mean"":2.0,""donor_distance_reduction_min"":2,""donor_distance_reduction_max"":2,""donor_distance_reduction_count"":9,""local_exchange_changed_gene_count_mean"":2.0,""local_exchange_changed_gene_count_min"":2,""local_exchange_changed_gene_count_max"":2,""local_exchange_changed_gene_count_count"":9,""child_distance_statistics_scope"":""accepted_unique_crossover_offspring"",""parent_distance_statistics_scope"":""crossover_attempts"",""persistent_population_size"":4,""unique_population_size"":4,""best_population_fitness"":0.48486328125,""configured_survivors_per_selection"":[16,4,1],""effective_survivors_per_selection"":[16,4,4],""effective_final_survivor_count"":4},""offspring_generation"":{""attempts"":229,""no_op_mutations"":0,""duplicate_candidates"":101,""infeasible_candidates"":0,""fixed_quant_legal_swap_counts"":[]},""maximum_depth_mutations_per_offspring"":3,""quantization_step_size"":1,""quantization_mutations_per_offspring"":1,""joint_aware_probability"":0.0,""adaptive_mutation"":false,""adaptive_mutation_strength"":1,""adaptive_mutation_patience"":3,""adaptive_mutation_max_strength"":3,""coarse_to_fine_mutation"":false,""coarse_to_fine_start_strength"":3,""coarse_to_fine_end_strength"":1,""stagnation_generations_after_selection"":0}",local exchange crossover,True,229,128,16,8,262144,262144,1048576,11708,121118720,86748.358499881,15276.82177734375
78,0.4638671875,0.48486328125,kl,0.4638671875,,,,,0,{},128,16,4,1,"[16,4,1]","[2048,16384,131072]",5503193088,4.083333333333333,3216.5078125,26982023168,26982023168,0,8,8,"{""type"":""mixed_depth_quantization"",""sequential_mode"":""none"",""joint_mutation_mode"":""standard"",""parent_before_generation_hash"":""7512da98ca47c13482ab7c04a9147b7d249dd84123334b2cf238596f31124254"",""parent_after_generation_hash"":""4d88d359e3c344fc86d33700f67f3f9bad6988f74b15b3c9b7eb945bfc82fe1c"",""generated_offspring_by_type"":{""depth"":53,""quantization"":61,""joint_aware"":0,""interaction_aware"":0,""sequential_quantization"":0,""fixed_quant_depth"":0,""component crossover"":0,""component crossover + repair"":0,""layer bundle crossover"":0,""layer bundle crossover + repair"":0,""local exchange crossover"":14},""depth_mask_entries_changed_by_type"":{""depth"":150,""quantization"":0,""joint_aware"":0,""interaction_aware"":0,""sequential_quantization"":0,""fixed_quant_depth"":0,""component crossover"":0,""component crossover + repair"":0,""layer bundle crossover"":0,""layer bundle crossover + repair"":0,""local exchange crossover"":0},""quant_assignments_changed_by_type"":{""depth"":123,""quantization"":144,""joint_aware"":0,""interaction_aware"":0,""sequential_quantization"":0,""fixed_quant_depth"":0,""component crossover"":0,""component crossover + repair"":0,""layer bundle crossover"":0,""layer bundle crossover + repair"":0,""local exchange crossover"":28},""depth_mask_entries_changed_total"":150,""quant_assignments_changed_total"":295,""interaction_aware_details"":{""budget_repair_quant_changes"":0,""preferred_quant_exchanges_used"":0,""fallback_quant_exchanges_used"":0},""crossover_diagnostics"":{""crossover_type"":""local_exchange"",""crossover_parent_selection"":""uniform"",""crossover_offspring"":14,""crossover_offspring_accepted"":14,""mutation_offspring_accepted"":114,""mutation_offspring"":114,""crossover_offspring_attempted"":139,""crossover_duplicates"":125,""crossover_infeasible_candidates"":0,""crossover_repair_changed_gene_count"":0,""crossover_repaired_proposals"":0,""parent_distance_mean"":3.6115107913669067,""parent_distance_min"":2,""parent_distance_max"":4,""child_distance_from_parent_a_mean"":2.0,""child_distance_from_parent_b_mean"":1.6115107913669064,""layers_from_parent_a_mean"":null,""layers_from_parent_b_mean"":null,""crossover_no_legal_exchange"":0,""local_exchange_attention"":0,""local_exchange_mlp"":0,""local_exchange_quantization"":14,""local_exchange_block"":0,""parent_distance_count"":139,""child_distance_from_base_mean"":2.0,""child_distance_from_base_min"":2,""child_distance_from_base_max"":2,""child_distance_from_base_count"":14,""child_distance_from_donor_mean"":2.0,""child_distance_from_donor_min"":2,""child_distance_from_donor_max"":2,""child_distance_from_donor_count"":14,""donor_distance_reduction_mean"":2.0,""donor_distance_reduction_min"":2,""donor_distance_reduction_max"":2,""donor_distance_reduction_count"":14,""local_exchange_changed_gene_count_mean"":2.0,""local_exchange_changed_gene_count_min"":2,""local_exchange_changed_gene_count_max"":2,""local_exchange_changed_gene_count_count"":14,""child_distance_statistics_scope"":""accepted_unique_crossover_offspring"",""parent_distance_statistics_scope"":""crossover_attempts"",""persistent_population_size"":4,""unique_population_size"":4,""best_population_fitness"":0.4638671875,""configured_survivors_per_selection"":[16,4,1],""effective_survivors_per_selection"":[16,4,4],""effective_final_survivor_count"":4},""offspring_generation"":{""attempts"":254,""no_op_mutations"":1,""duplicate_candidates"":125,""infeasible_candidates"":0,""fixed_quant_legal_swap_counts"":[]},""maximum_depth_mutations_per_offspring"":3,""quantization_step_size"":1,""quantization_mutations_per_offspring"":1,""joint_aware_probability"":0.0,""adaptive_mutation"":false,""adaptive_mutation_strength"":1,""adaptive_mutation_patience"":3,""adaptive_mutation_max_strength"":3,""coarse_to_fine_mutation"":false,""coarse_to_fine_start_strength"":3,""coarse_to_fine_end_strength"":1,""stagnation_generations_after_selection"":0}",local exchange crossover,True,254,128,16,8,262144,262144,1048576,11860,122691584,87789.62817548201,15276.82177734375
79,0.481201171875,0.4638671875,kl,0.481201171875,,,,,0,{},128,16,4,1,"[16,4,1]","[2048,16384,131072]",5503193088,4.083333333333333,3216.5078125,26982023168,26982023168,0,8,8,"{""type"":""mixed_depth_quantization"",""sequential_mode"":""none"",""joint_mutation_mode"":""standard"",""parent_before_generation_hash"":""4d88d359e3c344fc86d33700f67f3f9bad6988f74b15b3c9b7eb945bfc82fe1c"",""parent_after_generation_hash"":""7512da98ca47c13482ab7c04a9147b7d249dd84123334b2cf238596f31124254"",""generated_offspring_by_type"":{""depth"":47,""quantization"":62,""joint_aware"":0,""interaction_aware"":0,""sequential_quantization"":0,""fixed_quant_depth"":0,""component crossover"":0,""component crossover + repair"":0,""layer bundle crossover"":0,""layer bundle crossover + repair"":0,""local exchange crossover"":19},""depth_mask_entries_changed_by_type"":{""depth"":138,""quantization"":0,""joint_aware"":0,""interaction_aware"":0,""sequential_quantization"":0,""fixed_quant_depth"":0,""component crossover"":0,""component crossover + repair"":0,""layer bundle crossover"":0,""layer bundle crossover + repair"":0,""local exchange crossover"":0},""quant_assignments_changed_by_type"":{""depth"":108,""quantization"":146,""joint_aware"":0,""interaction_aware"":0,""sequential_quantization"":0,""fixed_quant_depth"":0,""component crossover"":0,""component crossover + repair"":0,""layer bundle crossover"":0,""layer bundle crossover + repair"":0,""local exchange crossover"":38},""depth_mask_entries_changed_total"":138,""quant_assignments_changed_total"":292,""interaction_aware_details"":{""budget_repair_quant_changes"":0,""preferred_quant_exchanges_used"":0,""fallback_quant_exchanges_used"":0},""crossover_diagnostics"":{""crossover_type"":""local_exchange"",""crossover_parent_selection"":""uniform"",""crossover_offspring"":19,""crossover_offspring_accepted"":19,""mutation_offspring_accepted"":109,""mutation_offspring"":109,""crossover_offspring_attempted"":120,""crossover_duplicates"":101,""crossover_infeasible_candidates"":0,""crossover_repair_changed_gene_count"":0,""crossover_repaired_proposals"":0,""parent_distance_mean"":4.091666666666667,""parent_distance_min"":2,""parent_distance_max"":7,""child_distance_from_parent_a_mean"":2.0,""child_distance_from_parent_b_mean"":2.091666666666667,""layers_from_parent_a_mean"":null,""layers_from_parent_b_mean"":null,""crossover_no_legal_exchange"":0,""local_exchange_attention"":0,""local_exchange_mlp"":0,""local_exchange_quantization"":19,""local_exchange_block"":0,""parent_distance_count"":120,""child_distance_from_base_mean"":2.0,""child_distance_from_base_min"":2,""child_distance_from_base_max"":2,""child_distance_from_base_count"":19,""child_distance_from_donor_mean"":3.473684210526316,""child_distance_from_donor_min"":1,""child_distance_from_donor_max"":5,""child_distance_from_donor_count"":19,""donor_distance_reduction_mean"":2.0,""donor_distance_reduction_min"":2,""donor_distance_reduction_max"":2,""donor_distance_reduction_count"":19,""local_exchange_changed_gene_count_mean"":2.0,""local_exchange_changed_gene_count_min"":2,""local_exchange_changed_gene_count_max"":2,""local_exchange_changed_gene_count_count"":19,""child_distance_statistics_scope"":""accepted_unique_crossover_offspring"",""parent_distance_statistics_scope"":""crossover_attempts"",""persistent_population_size"":4,""unique_population_size"":4,""best_population_fitness"":0.481201171875,""configured_survivors_per_selection"":[16,4,1],""effective_survivors_per_selection"":[16,4,4],""effective_final_survivor_count"":4},""offspring_generation"":{""attempts"":229,""no_op_mutations"":0,""duplicate_candidates"":101,""infeasible_candidates"":0,""fixed_quant_legal_swap_counts"":[]},""maximum_depth_mutations_per_offspring"":3,""quantization_step_size"":1,""quantization_mutations_per_offspring"":1,""joint_aware_probability"":0.0,""adaptive_mutation"":false,""adaptive_mutation_strength"":1,""adaptive_mutation_patience"":3,""adaptive_mutation_max_strength"":3,""coarse_to_fine_mutation"":false,""coarse_to_fine_start_strength"":3,""coarse_to_fine_end_strength"":1,""stagnation_generations_after_selection"":0}",parent,True,229,128,16,8,262144,262144,1048576,12012,124264448,88871.85187675801,15276.82177734375
80,0.460693359375,0.481201171875,kl,0.460693359375,,,,,0,{},128,16,4,1,"[16,4,1]","[2048,16384,131072]",5503193088,4.083333333333333,3216.5078125,26982023168,26982023168,0,8,8,"{""type"":""mixed_depth_quantization"",""sequential_mode"":""none"",""joint_mutation_mode"":""standard"",""parent_before_generation_hash"":""7512da98ca47c13482ab7c04a9147b7d249dd84123334b2cf238596f31124254"",""parent_after_generation_hash"":""d8549270e3911c7e858392c2c9b9cff19c574b0d18683b8efe012a79ca1c0aba"",""generated_offspring_by_type"":{""depth"":39,""quantization"":51,""joint_aware"":0,""interaction_aware"":0,""sequential_quantization"":0,""fixed_quant_depth"":0,""component crossover"":0,""component crossover + repair"":0,""layer bundle crossover"":0,""layer bundle crossover + repair"":0,""local exchange crossover"":38},""depth_mask_entries_changed_by_type"":{""depth"":114,""quantization"":0,""joint_aware"":0,""interaction_aware"":0,""sequential_quantization"":0,""fixed_quant_depth"":0,""component crossover"":0,""component crossover + repair"":0,""layer bundle crossover"":0,""layer bundle crossover + repair"":0,""local exchange crossover"":0},""quant_assignments_changed_by_type"":{""depth"":87,""quantization"":124,""joint_aware"":0,""interaction_aware"":0,""sequential_quantization"":0,""fixed_quant_depth"":0,""component crossover"":0,""component crossover + repair"":0,""layer bundle crossover"":0,""layer bundle crossover + repair"":0,""local exchange crossover"":76},""depth_mask_entries_changed_total"":114,""quant_assignments_changed_total"":287,""interaction_aware_details"":{""budget_repair_quant_changes"":0,""preferred_quant_exchanges_used"":0,""fallback_quant_exchanges_used"":0},""crossover_diagnostics"":{""crossover_type"":""local_exchange"",""crossover_parent_selection"":""uniform"",""crossover_offspring"":38,""crossover_offspring_accepted"":38,""mutation_offspring_accepted"":90,""mutation_offspring"":90,""crossover_offspring_attempted"":96,""crossover_duplicates"":58,""crossover_infeasible_candidates"":0,""crossover_repair_changed_gene_count"":0,""crossover_repaired_proposals"":0,""parent_distance_mean"":6.697916666666667,""parent_distance_min"":2,""parent_distance_max"":10,""child_distance_from_parent_a_mean"":2.0,""child_distance_from_parent_b_mean"":4.697916666666667,""layers_from_parent_a_mean"":null,""layers_from_parent_b_mean"":null,""crossover_no_legal_exchange"":0,""local_exchange_attention"":0,""local_exchange_mlp"":0,""local_exchange_quantization"":38,""local_exchange_block"":0,""parent_distance_count"":96,""child_distance_from_base_mean"":2.0,""child_distance_from_base_min"":2,""child_distance_from_base_max"":2,""child_distance_from_base_count"":38,""child_distance_from_donor_mean"":6.421052631578948,""child_distance_from_donor_min"":3,""child_distance_from_donor_max"":8,""child_distance_from_donor_count"":38,""donor_distance_reduction_mean"":2.0,""donor_distance_reduction_min"":2,""donor_distance_reduction_max"":2,""donor_distance_reduction_count"":38,""local_exchange_changed_gene_count_mean"":2.0,""local_exchange_changed_gene_count_min"":2,""local_exchange_changed_gene_count_max"":2,""local_exchange_changed_gene_count_count"":38,""child_distance_statistics_scope"":""accepted_unique_crossover_offspring"",""parent_distance_statistics_scope"":""crossover_attempts"",""persistent_population_size"":4,""unique_population_size"":4,""best_population_fitness"":0.460693359375,""configured_survivors_per_selection"":[16,4,1],""effective_survivors_per_selection"":[16,4,4],""effective_final_survivor_count"":4},""offspring_generation"":{""attempts"":186,""no_op_mutations"":0,""duplicate_candidates"":58,""infeasible_candidates"":0,""fixed_quant_legal_swap_counts"":[]},""maximum_depth_mutations_per_offspring"":3,""quantization_step_size"":1,""quantization_mutations_per_offspring"":1,""joint_aware_probability"":0.0,""adaptive_mutation"":false,""adaptive_mutation_strength"":1,""adaptive_mutation_patience"":3,""adaptive_mutation_max_strength"":3,""coarse_to_fine_mutation"":false,""coarse_to_fine_start_strength"":3,""coarse_to_fine_end_strength"":1,""stagnation_generations_after_selection"":0}",local exchange crossover,True,186,128,16,8,262144,262144,1048576,12164,125837312,89925.863129809,15276.82177734375
81,0.4619140625,0.460693359375,kl,0.4619140625,10.0625,9.828125,12.765625,,917504,"{""wikitext2"":327680,""c4"":589824}",128,16,4,1,"[16,4,1]","[2048,16384,131072]",5503193088,4.083333333333333,3216.5078125,26982023168,26982023168,0,8,8,"{""type"":""mixed_depth_quantization"",""sequential_mode"":""none"",""joint_mutation_mode"":""standard"",""parent_before_generation_hash"":""d8549270e3911c7e858392c2c9b9cff19c574b0d18683b8efe012a79ca1c0aba"",""parent_after_generation_hash"":""4d88d359e3c344fc86d33700f67f3f9bad6988f74b15b3c9b7eb945bfc82fe1c"",""generated_offspring_by_type"":{""depth"":41,""quantization"":46,""joint_aware"":0,""interaction_aware"":0,""sequential_quantization"":0,""fixed_quant_depth"":0,""component crossover"":0,""component crossover + repair"":0,""layer bundle crossover"":0,""layer bundle crossover + repair"":0,""local exchange crossover"":41},""depth_mask_entries_changed_by_type"":{""depth"":122,""quantization"":0,""joint_aware"":0,""interaction_aware"":0,""sequential_quantization"":0,""fixed_quant_depth"":0,""component crossover"":0,""component crossover + repair"":0,""layer bundle crossover"":0,""layer bundle crossover + repair"":0,""local exchange crossover"":0},""quant_assignments_changed_by_type"":{""depth"":104,""quantization"":106,""joint_aware"":0,""interaction_aware"":0,""sequential_quantization"":0,""fixed_quant_depth"":0,""component crossover"":0,""component crossover + repair"":0,""layer bundle crossover"":0,""layer bundle crossover + repair"":0,""local exchange crossover"":82},""depth_mask_entries_changed_total"":122,""quant_assignments_changed_total"":292,""interaction_aware_details"":{""budget_repair_quant_changes"":0,""preferred_quant_exchanges_used"":0,""fallback_quant_exchanges_used"":0},""crossover_diagnostics"":{""crossover_type"":""local_exchange"",""crossover_parent_selection"":""uniform"",""crossover_offspring"":41,""crossover_offspring_accepted"":41,""mutation_offspring_accepted"":87,""mutation_offspring"":87,""crossover_offspring_attempted"":70,""crossover_duplicates"":29,""crossover_infeasible_candidates"":0,""crossover_repair_changed_gene_count"":0,""crossover_repaired_proposals"":0,""parent_distance_mean"":8.32857142857143,""parent_distance_min"":4,""parent_distance_max"":11,""child_distance_from_parent_a_mean"":2.0,""child_distance_from_parent_b_mean"":6.328571428571428,""layers_from_parent_a_mean"":null,""layers_from_parent_b_mean"":null,""crossover_no_legal_exchange"":0,""local_exchange_attention"":0,""local_exchange_mlp"":0,""local_exchange_quantization"":41,""local_exchange_block"":0,""parent_distance_count"":70,""child_distance_from_base_mean"":2.0,""child_distance_from_base_min"":2,""child_distance_from_base_max"":2,""child_distance_from_base_count"":41,""child_distance_from_donor_mean"":6.7317073170731705,""child_distance_from_donor_min"":2,""child_distance_from_donor_max"":9,""child_distance_from_donor_count"":41,""donor_distance_reduction_mean"":2.0,""donor_distance_reduction_min"":2,""donor_distance_reduction_max"":2,""donor_distance_reduction_count"":41,""local_exchange_changed_gene_count_mean"":2.0,""local_exchange_changed_gene_count_min"":2,""local_exchange_changed_gene_count_max"":2,""local_exchange_changed_gene_count_count"":41,""child_distance_statistics_scope"":""accepted_unique_crossover_offspring"",""parent_distance_statistics_scope"":""crossover_attempts"",""persistent_population_size"":4,""unique_population_size"":4,""best_population_fitness"":0.4619140625,""configured_survivors_per_selection"":[16,4,1],""effective_survivors_per_selection"":[16,4,4],""effective_final_survivor_count"":4},""offspring_generation"":{""attempts"":157,""no_op_mutations"":0,""duplicate_candidates"":29,""infeasible_candidates"":0,""fixed_quant_legal_swap_counts"":[]},""maximum_depth_mutations_per_offspring"":3,""quantization_step_size"":1,""quantization_mutations_per_offspring"":1,""joint_aware_probability"":0.0,""adaptive_mutation"":false,""adaptive_mutation_strength"":1,""adaptive_mutation_patience"":3,""adaptive_mutation_max_strength"":3,""coarse_to_fine_mutation"":false,""coarse_to_fine_start_strength"":3,""coarse_to_fine_end_strength"":1,""stagnation_generations_after_selection"":0}",parent,True,157,128,16,8,262144,262144,1048576,12316,127410176,91335.864800299,15276.82177734375
82,0.464599609375,0.4619140625,kl,0.464599609375,,,,,0,{},128,16,4,1,"[16,4,1]","[2048,16384,131072]",5503193088,4.083333333333333,3216.5078125,26982023168,26982023168,0,8,8,"{""type"":""mixed_depth_quantization"",""sequential_mode"":""none"",""joint_mutation_mode"":""standard"",""parent_before_generation_hash"":""4d88d359e3c344fc86d33700f67f3f9bad6988f74b15b3c9b7eb945bfc82fe1c"",""parent_after_generation_hash"":""b397c42ee1a8c1733287c588138651451961c39cbce26a11db9c2b5ef7e9c2b1"",""generated_offspring_by_type"":{""depth"":36,""quantization"":44,""joint_aware"":0,""interaction_aware"":0,""sequential_quantization"":0,""fixed_quant_depth"":0,""component crossover"":0,""component crossover + repair"":0,""layer bundle crossover"":0,""layer bundle crossover + repair"":0,""local exchange crossover"":48},""depth_mask_entries_changed_by_type"":{""depth"":106,""quantization"":0,""joint_aware"":0,""interaction_aware"":0,""sequential_quantization"":0,""fixed_quant_depth"":0,""component crossover"":0,""component crossover + repair"":0,""layer bundle crossover"":0,""layer bundle crossover + repair"":0,""local exchange crossover"":0},""quant_assignments_changed_by_type"":{""depth"":83,""quantization"":103,""joint_aware"":0,""interaction_aware"":0,""sequential_quantization"":0,""fixed_quant_depth"":0,""component crossover"":0,""component crossover + repair"":0,""layer bundle crossover"":0,""layer bundle crossover + repair"":0,""local exchange crossover"":96},""depth_mask_entries_changed_total"":106,""quant_assignments_changed_total"":282,""interaction_aware_details"":{""budget_repair_quant_changes"":0,""preferred_quant_exchanges_used"":0,""fallback_quant_exchanges_used"":0},""crossover_diagnostics"":{""crossover_type"":""local_exchange"",""crossover_parent_selection"":""uniform"",""crossover_offspring"":48,""crossover_offspring_accepted"":48,""mutation_offspring_accepted"":80,""mutation_offspring"":80,""crossover_offspring_attempted"":96,""crossover_duplicates"":48,""crossover_infeasible_candidates"":0,""crossover_repair_changed_gene_count"":0,""crossover_repaired_proposals"":0,""parent_distance_mean"":7.770833333333333,""parent_distance_min"":5,""parent_distance_max"":11,""child_distance_from_parent_a_mean"":2.0,""child_distance_from_parent_b_mean"":5.770833333333333,""layers_from_parent_a_mean"":null,""layers_from_parent_b_mean"":null,""crossover_no_legal_exchange"":0,""local_exchange_attention"":0,""local_exchange_mlp"":0,""local_exchange_quantization"":48,""local_exchange_block"":0,""parent_distance_count"":96,""child_distance_from_base_mean"":2.0,""child_distance_from_base_min"":2,""child_distance_from_base_max"":2,""child_distance_from_base_count"":48,""child_distance_from_donor_mean"":6.229166666666667,""child_distance_from_donor_min"":3,""child_distance_from_donor_max"":9,""child_distance_from_donor_count"":48,""donor_distance_reduction_mean"":2.0,""donor_distance_reduction_min"":2,""donor_distance_reduction_max"":2,""donor_distance_reduction_count"":48,""local_exchange_changed_gene_count_mean"":2.0,""local_exchange_changed_gene_count_min"":2,""local_exchange_changed_gene_count_max"":2,""local_exchange_changed_gene_count_count"":48,""child_distance_statistics_scope"":""accepted_unique_crossover_offspring"",""parent_distance_statistics_scope"":""crossover_attempts"",""persistent_population_size"":4,""unique_population_size"":4,""best_population_fitness"":0.464599609375,""configured_survivors_per_selection"":[16,4,1],""effective_survivors_per_selection"":[16,4,4],""effective_final_survivor_count"":4},""offspring_generation"":{""attempts"":176,""no_op_mutations"":0,""duplicate_candidates"":48,""infeasible_candidates"":0,""fixed_quant_legal_swap_counts"":[]},""maximum_depth_mutations_per_offspring"":3,""quantization_step_size"":1,""quantization_mutations_per_offspring"":1,""joint_aware_probability"":0.0,""adaptive_mutation"":false,""adaptive_mutation_strength"":1,""adaptive_mutation_patience"":3,""adaptive_mutation_max_strength"":3,""coarse_to_fine_mutation"":false,""coarse_to_fine_start_strength"":3,""coarse_to_fine_end_strength"":1,""stagnation_generations_after_selection"":0}",local exchange crossover,True,176,128,16,8,262144,262144,1048576,12468,128983040,92438.47735965901,15276.82177734375
83,0.45703125,0.464599609375,kl,0.45703125,,,,,0,{},128,16,4,1,"[16,4,1]","[2048,16384,131072]",5503193088,4.083333333333333,3216.5078125,26982023168,26982023168,0,8,8,"{""type"":""mixed_depth_quantization"",""sequential_mode"":""none"",""joint_mutation_mode"":""standard"",""parent_before_generation_hash"":""b397c42ee1a8c1733287c588138651451961c39cbce26a11db9c2b5ef7e9c2b1"",""parent_after_generation_hash"":""4e0807a80fa483673f954a1e7219b9ea0d2833c12112708586be502074d04bce"",""generated_offspring_by_type"":{""depth"":58,""quantization"":58,""joint_aware"":0,""interaction_aware"":0,""sequential_quantization"":0,""fixed_quant_depth"":0,""component crossover"":0,""component crossover + repair"":0,""layer bundle crossover"":0,""layer bundle crossover + repair"":0,""local exchange crossover"":12},""depth_mask_entries_changed_by_type"":{""depth"":176,""quantization"":0,""joint_aware"":0,""interaction_aware"":0,""sequential_quantization"":0,""fixed_quant_depth"":0,""component crossover"":0,""component crossover + repair"":0,""layer bundle crossover"":0,""layer bundle crossover + repair"":0,""local exchange crossover"":0},""quant_assignments_changed_by_type"":{""depth"":117,""quantization"":134,""joint_aware"":0,""interaction_aware"":0,""sequential_quantization"":0,""fixed_quant_depth"":0,""component crossover"":0,""component crossover + repair"":0,""layer bundle crossover"":0,""layer bundle crossover + repair"":0,""local exchange crossover"":24},""depth_mask_entries_changed_total"":176,""quant_assignments_changed_total"":275,""interaction_aware_details"":{""budget_repair_quant_changes"":0,""preferred_quant_exchanges_used"":0,""fallback_quant_exchanges_used"":0},""crossover_diagnostics"":{""crossover_type"":""local_exchange"",""crossover_parent_selection"":""uniform"",""crossover_offspring"":12,""crossover_offspring_accepted"":12,""mutation_offspring_accepted"":116,""mutation_offspring"":116,""crossover_offspring_attempted"":143,""crossover_duplicates"":131,""crossover_infeasible_candidates"":0,""crossover_repair_changed_gene_count"":0,""crossover_repaired_proposals"":0,""parent_distance_mean"":3.370629370629371,""parent_distance_min"":2,""parent_distance_max"":6,""child_distance_from_parent_a_mean"":2.0,""child_distance_from_parent_b_mean"":1.3706293706293706,""layers_from_parent_a_mean"":null,""layers_from_parent_b_mean"":null,""crossover_no_legal_exchange"":0,""local_exchange_attention"":0,""local_exchange_mlp"":0,""local_exchange_quantization"":12,""local_exchange_block"":0,""parent_distance_count"":143,""child_distance_from_base_mean"":2.0,""child_distance_from_base_min"":2,""child_distance_from_base_max"":2,""child_distance_from_base_count"":12,""child_distance_from_donor_mean"":3.0,""child_distance_from_donor_min"":2,""child_distance_from_donor_max"":4,""child_distance_from_donor_count"":12,""donor_distance_reduction_mean"":2.0,""donor_distance_reduction_min"":2,""donor_distance_reduction_max"":2,""donor_distance_reduction_count"":12,""local_exchange_changed_gene_count_mean"":2.0,""local_exchange_changed_gene_count_min"":2,""local_exchange_changed_gene_count_max"":2,""local_exchange_changed_gene_count_count"":12,""child_distance_statistics_scope"":""accepted_unique_crossover_offspring"",""parent_distance_statistics_scope"":""crossover_attempts"",""persistent_population_size"":4,""unique_population_size"":4,""best_population_fitness"":0.45703125,""configured_survivors_per_selection"":[16,4,1],""effective_survivors_per_selection"":[16,4,4],""effective_final_survivor_count"":4},""offspring_generation"":{""attempts"":259,""no_op_mutations"":0,""duplicate_candidates"":131,""infeasible_candidates"":0,""fixed_quant_legal_swap_counts"":[]},""maximum_depth_mutations_per_offspring"":3,""quantization_step_size"":1,""quantization_mutations_per_offspring"":1,""joint_aware_probability"":0.0,""adaptive_mutation"":false,""adaptive_mutation_strength"":1,""adaptive_mutation_patience"":3,""adaptive_mutation_max_strength"":3,""coarse_to_fine_mutation"":false,""coarse_to_fine_start_strength"":3,""coarse_to_fine_end_strength"":1,""stagnation_generations_after_selection"":0}",quantization,True,259,128,16,8,262144,262144,1048576,12620,130555904,93490.33935720602,15276.82177734375
84,0.460205078125,0.45703125,kl,0.460205078125,,,,,0,{},128,16,4,1,"[16,4,1]","[2048,16384,131072]",5503193088,4.083333333333333,3216.5078125,26982023168,26982023168,0,8,8,"{""type"":""mixed_depth_quantization"",""sequential_mode"":""none"",""joint_mutation_mode"":""standard"",""parent_before_generation_hash"":""4e0807a80fa483673f954a1e7219b9ea0d2833c12112708586be502074d04bce"",""parent_after_generation_hash"":""22b82321540a74c6436f9b836f3d0a7303a5b3b627322b29286af19a3110a9dc"",""generated_offspring_by_type"":{""depth"":55,""quantization"":56,""joint_aware"":0,""interaction_aware"":0,""sequential_quantization"":0,""fixed_quant_depth"":0,""component crossover"":0,""component crossover + repair"":0,""layer bundle crossover"":0,""layer bundle crossover + repair"":0,""local exchange crossover"":17},""depth_mask_entries_changed_by_type"":{""depth"":170,""quantization"":0,""joint_aware"":0,""interaction_aware"":0,""sequential_quantization"":0,""fixed_quant_depth"":0,""component crossover"":0,""component crossover + repair"":0,""layer bundle crossover"":0,""layer bundle crossover + repair"":0,""local exchange crossover"":0},""quant_assignments_changed_by_type"":{""depth"":141,""quantization"":126,""joint_aware"":0,""interaction_aware"":0,""sequential_quantization"":0,""fixed_quant_depth"":0,""component crossover"":0,""component crossover + repair"":0,""layer bundle crossover"":0,""layer bundle crossover + repair"":0,""local exchange crossover"":34},""depth_mask_entries_changed_total"":170,""quant_assignments_changed_total"":301,""interaction_aware_details"":{""budget_repair_quant_changes"":0,""preferred_quant_exchanges_used"":0,""fallback_quant_exchanges_used"":0},""crossover_diagnostics"":{""crossover_type"":""local_exchange"",""crossover_parent_selection"":""uniform"",""crossover_offspring"":17,""crossover_offspring_accepted"":17,""mutation_offspring_accepted"":111,""mutation_offspring"":111,""crossover_offspring_attempted"":96,""crossover_duplicates"":79,""crossover_infeasible_candidates"":0,""crossover_repair_changed_gene_count"":0,""crossover_repaired_proposals"":0,""parent_distance_mean"":5.197916666666667,""parent_distance_min"":3,""parent_distance_max"":7,""child_distance_from_parent_a_mean"":2.0,""child_distance_from_parent_b_mean"":3.1979166666666665,""layers_from_parent_a_mean"":null,""layers_from_parent_b_mean"":null,""crossover_no_legal_exchange"":0,""local_exchange_attention"":0,""local_exchange_mlp"":0,""local_exchange_quantization"":17,""local_exchange_block"":0,""parent_distance_count"":96,""child_distance_from_base_mean"":2.0,""child_distance_from_base_min"":2,""child_distance_from_base_max"":2,""child_distance_from_base_count"":17,""child_distance_from_donor_mean"":4.294117647058823,""child_distance_from_donor_min"":1,""child_distance_from_donor_max"":5,""child_distance_from_donor_count"":17,""donor_distance_reduction_mean"":2.0,""donor_distance_reduction_min"":2,""donor_distance_reduction_max"":2,""donor_distance_reduction_count"":17,""local_exchange_changed_gene_count_mean"":2.0,""local_exchange_changed_gene_count_min"":2,""local_exchange_changed_gene_count_max"":2,""local_exchange_changed_gene_count_count"":17,""child_distance_statistics_scope"":""accepted_unique_crossover_offspring"",""parent_distance_statistics_scope"":""crossover_attempts"",""persistent_population_size"":4,""unique_population_size"":4,""best_population_fitness"":0.460205078125,""configured_survivors_per_selection"":[16,4,1],""effective_survivors_per_selection"":[16,4,4],""effective_final_survivor_count"":4},""offspring_generation"":{""attempts"":207,""no_op_mutations"":0,""duplicate_candidates"":79,""infeasible_candidates"":0,""fixed_quant_legal_swap_counts"":[]},""maximum_depth_mutations_per_offspring"":3,""quantization_step_size"":1,""quantization_mutations_per_offspring"":1,""joint_aware_probability"":0.0,""adaptive_mutation"":false,""adaptive_mutation_strength"":1,""adaptive_mutation_patience"":3,""adaptive_mutation_max_strength"":3,""coarse_to_fine_mutation"":false,""coarse_to_fine_start_strength"":3,""coarse_to_fine_end_strength"":1,""stagnation_generations_after_selection"":0}",quantization,True,207,128,16,8,262144,262144,1048576,12772,132128768,94515.98663257199,15276.82177734375
85,0.460693359375,0.460205078125,kl,0.460693359375,,,,,0,{},128,16,4,1,"[16,4,1]","[2048,16384,131072]",5503193088,4.083333333333333,3216.5078125,26982023168,26982023168,0,8,8,"{""type"":""mixed_depth_quantization"",""sequential_mode"":""none"",""joint_mutation_mode"":""standard"",""parent_before_generation_hash"":""22b82321540a74c6436f9b836f3d0a7303a5b3b627322b29286af19a3110a9dc"",""parent_after_generation_hash"":""b5aa15615408547ff8c2b4278ec892a5e890e0f5f48db9fd2a130045ccba66ac"",""generated_offspring_by_type"":{""depth"":65,""quantization"":54,""joint_aware"":0,""interaction_aware"":0,""sequential_quantization"":0,""fixed_quant_depth"":0,""component crossover"":0,""component crossover + repair"":0,""layer bundle crossover"":0,""layer bundle crossover + repair"":0,""local exchange crossover"":9},""depth_mask_entries_changed_by_type"":{""depth"":202,""quantization"":0,""joint_aware"":0,""interaction_aware"":0,""sequential_quantization"":0,""fixed_quant_depth"":0,""component crossover"":0,""component crossover + repair"":0,""layer bundle crossover"":0,""layer bundle crossover + repair"":0,""local exchange crossover"":0},""quant_assignments_changed_by_type"":{""depth"":137,""quantization"":132,""joint_aware"":0,""interaction_aware"":0,""sequential_quantization"":0,""fixed_quant_depth"":0,""component crossover"":0,""component crossover + repair"":0,""layer bundle crossover"":0,""layer bundle crossover + repair"":0,""local exchange crossover"":18},""depth_mask_entries_changed_total"":202,""quant_assignments_changed_total"":287,""interaction_aware_details"":{""budget_repair_quant_changes"":0,""preferred_quant_exchanges_used"":0,""fallback_quant_exchanges_used"":0},""crossover_diagnostics"":{""crossover_type"":""local_exchange"",""crossover_parent_selection"":""uniform"",""crossover_offspring"":9,""crossover_offspring_accepted"":9,""mutation_offspring_accepted"":119,""mutation_offspring"":119,""crossover_offspring_attempted"":114,""crossover_duplicates"":92,""crossover_infeasible_candidates"":0,""crossover_repair_changed_gene_count"":0,""crossover_repaired_proposals"":0,""parent_distance_mean"":4.508771929824562,""parent_distance_min"":2,""parent_distance_max"":6,""child_distance_from_parent_a_mean"":2.0,""child_distance_from_parent_b_mean"":2.8316831683168315,""layers_from_parent_a_mean"":null,""layers_from_parent_b_mean"":null,""crossover_no_legal_exchange"":13,""local_exchange_attention"":0,""local_exchange_mlp"":0,""local_exchange_quantization"":9,""local_exchange_block"":0,""parent_distance_count"":114,""child_distance_from_base_mean"":2.0,""child_distance_from_base_min"":2,""child_distance_from_base_max"":2,""child_distance_from_base_count"":9,""child_distance_from_donor_mean"":2.888888888888889,""child_distance_from_donor_min"":2,""child_distance_from_donor_max"":4,""child_distance_from_donor_count"":9,""donor_distance_reduction_mean"":2.0,""donor_distance_reduction_min"":2,""donor_distance_reduction_max"":2,""donor_distance_reduction_count"":9,""local_exchange_changed_gene_count_mean"":2.0,""local_exchange_changed_gene_count_min"":2,""local_exchange_changed_gene_count_max"":2,""local_exchange_changed_gene_count_count"":9,""child_distance_statistics_scope"":""accepted_unique_crossover_offspring"",""parent_distance_statistics_scope"":""crossover_attempts"",""persistent_population_size"":4,""unique_population_size"":4,""best_population_fitness"":0.460693359375,""configured_survivors_per_selection"":[16,4,1],""effective_survivors_per_selection"":[16,4,4],""effective_final_survivor_count"":4},""offspring_generation"":{""attempts"":233,""no_op_mutations"":0,""duplicate_candidates"":92,""infeasible_candidates"":0,""fixed_quant_legal_swap_counts"":[]},""maximum_depth_mutations_per_offspring"":3,""quantization_step_size"":1,""quantization_mutations_per_offspring"":1,""joint_aware_probability"":0.0,""adaptive_mutation"":false,""adaptive_mutation_strength"":1,""adaptive_mutation_patience"":3,""adaptive_mutation_max_strength"":3,""coarse_to_fine_mutation"":false,""coarse_to_fine_start_strength"":3,""coarse_to_fine_end_strength"":1,""stagnation_generations_after_selection"":0}",quantization,True,233,128,16,8,262144,262144,1048576,12924,133701632,95588.475390807,15276.82177734375
86,0.461181640625,0.460693359375,kl,0.461181640625,10.0390625,9.7734375,12.7421875,,917504,"{""wikitext2"":327680,""c4"":589824}",128,16,4,1,"[16,4,1]","[2048,16384,131072]",5503193088,4.083333333333333,3216.5078125,26982023168,26982023168,0,8,8,"{""type"":""mixed_depth_quantization"",""sequential_mode"":""none"",""joint_mutation_mode"":""standard"",""parent_before_generation_hash"":""b5aa15615408547ff8c2b4278ec892a5e890e0f5f48db9fd2a130045ccba66ac"",""parent_after_generation_hash"":""fc6175f8cc0a396a54e72bf6bd9de3804241487cb6b52ec5eeab61a33aa333b0"",""generated_offspring_by_type"":{""depth"":63,""quantization"":60,""joint_aware"":0,""interaction_aware"":0,""sequential_quantization"":0,""fixed_quant_depth"":0,""component crossover"":0,""component crossover + repair"":0,""layer bundle crossover"":0,""layer bundle crossover + repair"":0,""local exchange crossover"":5},""depth_mask_entries_changed_by_type"":{""depth"":188,""quantization"":0,""joint_aware"":0,""interaction_aware"":0,""sequential_quantization"":0,""fixed_quant_depth"":0,""component crossover"":0,""component crossover + repair"":0,""layer bundle crossover"":0,""layer bundle crossover + repair"":0,""local exchange crossover"":0},""quant_assignments_changed_by_type"":{""depth"":144,""quantization"":142,""joint_aware"":0,""interaction_aware"":0,""sequential_quantization"":0,""fixed_quant_depth"":0,""component crossover"":0,""component crossover + repair"":0,""layer bundle crossover"":0,""layer bundle crossover + repair"":0,""local exchange crossover"":10},""depth_mask_entries_changed_total"":188,""quant_assignments_changed_total"":296,""interaction_aware_details"":{""budget_repair_quant_changes"":0,""preferred_quant_exchanges_used"":0,""fallback_quant_exchanges_used"":0},""crossover_diagnostics"":{""crossover_type"":""local_exchange"",""crossover_parent_selection"":""uniform"",""crossover_offspring"":5,""crossover_offspring_accepted"":5,""mutation_offspring_accepted"":123,""mutation_offspring"":123,""crossover_offspring_attempted"":116,""crossover_duplicates"":111,""crossover_infeasible_candidates"":0,""crossover_repair_changed_gene_count"":0,""crossover_repaired_proposals"":0,""parent_distance_mean"":2.7241379310344827,""parent_distance_min"":2,""parent_distance_max"":4,""child_distance_from_parent_a_mean"":2.0,""child_distance_from_parent_b_mean"":0.7241379310344828,""layers_from_parent_a_mean"":null,""layers_from_parent_b_mean"":null,""crossover_no_legal_exchange"":0,""local_exchange_attention"":0,""local_exchange_mlp"":0,""local_exchange_quantization"":5,""local_exchange_block"":0,""parent_distance_count"":116,""child_distance_from_base_mean"":2.0,""child_distance_from_base_min"":2,""child_distance_from_base_max"":2,""child_distance_from_base_count"":5,""child_distance_from_donor_mean"":2.0,""child_distance_from_donor_min"":2,""child_distance_from_donor_max"":2,""child_distance_from_donor_count"":5,""donor_distance_reduction_mean"":2.0,""donor_distance_reduction_min"":2,""donor_distance_reduction_max"":2,""donor_distance_reduction_count"":5,""local_exchange_changed_gene_count_mean"":2.0,""local_exchange_changed_gene_count_min"":2,""local_exchange_changed_gene_count_max"":2,""local_exchange_changed_gene_count_count"":5,""child_distance_statistics_scope"":""accepted_unique_crossover_offspring"",""parent_distance_statistics_scope"":""crossover_attempts"",""persistent_population_size"":4,""unique_population_size"":4,""best_population_fitness"":0.461181640625,""configured_survivors_per_selection"":[16,4,1],""effective_survivors_per_selection"":[16,4,4],""effective_final_survivor_count"":4},""offspring_generation"":{""attempts"":239,""no_op_mutations"":0,""duplicate_candidates"":111,""infeasible_candidates"":0,""fixed_quant_legal_swap_counts"":[]},""maximum_depth_mutations_per_offspring"":3,""quantization_step_size"":1,""quantization_mutations_per_offspring"":1,""joint_aware_probability"":0.0,""adaptive_mutation"":false,""adaptive_mutation_strength"":1,""adaptive_mutation_patience"":3,""adaptive_mutation_max_strength"":3,""coarse_to_fine_mutation"":false,""coarse_to_fine_start_strength"":3,""coarse_to_fine_end_strength"":1,""stagnation_generations_after_selection"":0}",local exchange crossover,True,239,128,16,8,262144,262144,1048576,13076,135274496,96842.114673628,15276.82177734375
87,0.4794921875,0.461181640625,kl,0.4794921875,,,,,0,{},128,16,4,1,"[16,4,1]","[2048,16384,131072]",5503193088,4.083333333333333,3216.5078125,26982023168,26982023168,0,8,8,"{""type"":""mixed_depth_quantization"",""sequential_mode"":""none"",""joint_mutation_mode"":""standard"",""parent_before_generation_hash"":""fc6175f8cc0a396a54e72bf6bd9de3804241487cb6b52ec5eeab61a33aa333b0"",""parent_after_generation_hash"":""389c44cec5e0956da016aaf965804caf1a8835bb8e5aad3be34b58d2775391b7"",""generated_offspring_by_type"":{""depth"":63,""quantization"":63,""joint_aware"":0,""interaction_aware"":0,""sequential_quantization"":0,""fixed_quant_depth"":0,""component crossover"":0,""component crossover + repair"":0,""layer bundle crossover"":0,""layer bundle crossover + repair"":0,""local exchange crossover"":2},""depth_mask_entries_changed_by_type"":{""depth"":216,""quantization"":0,""joint_aware"":0,""interaction_aware"":0,""sequential_quantization"":0,""fixed_quant_depth"":0,""component crossover"":0,""component crossover + repair"":0,""layer bundle crossover"":0,""layer bundle crossover + repair"":0,""local exchange crossover"":0},""quant_assignments_changed_by_type"":{""depth"":184,""quantization"":147,""joint_aware"":0,""interaction_aware"":0,""sequential_quantization"":0,""fixed_quant_depth"":0,""component crossover"":0,""component crossover + repair"":0,""layer bundle crossover"":0,""layer bundle crossover + repair"":0,""local exchange crossover"":4},""depth_mask_entries_changed_total"":216,""quant_assignments_changed_total"":335,""interaction_aware_details"":{""budget_repair_quant_changes"":0,""preferred_quant_exchanges_used"":0,""fallback_quant_exchanges_used"":0},""crossover_diagnostics"":{""crossover_type"":""local_exchange"",""crossover_parent_selection"":""uniform"",""crossover_offspring"":2,""crossover_offspring_accepted"":2,""mutation_offspring_accepted"":126,""mutation_offspring"":126,""crossover_offspring_attempted"":141,""crossover_duplicates"":139,""crossover_infeasible_candidates"":0,""crossover_repair_changed_gene_count"":0,""crossover_repaired_proposals"":0,""parent_distance_mean"":2.595744680851064,""parent_distance_min"":2,""parent_distance_max"":4,""child_distance_from_parent_a_mean"":2.0,""child_distance_from_parent_b_mean"":0.5957446808510638,""layers_from_parent_a_mean"":null,""layers_from_parent_b_mean"":null,""crossover_no_legal_exchange"":0,""local_exchange_attention"":0,""local_exchange_mlp"":0,""local_exchange_quantization"":2,""local_exchange_block"":0,""parent_distance_count"":141,""child_distance_from_base_mean"":2.0,""child_distance_from_base_min"":2,""child_distance_from_base_max"":2,""child_distance_from_base_count"":2,""child_distance_from_donor_mean"":2.0,""child_distance_from_donor_min"":2,""child_distance_from_donor_max"":2,""child_distance_from_donor_count"":2,""donor_distance_reduction_mean"":2.0,""donor_distance_reduction_min"":2,""donor_distance_reduction_max"":2,""donor_distance_reduction_count"":2,""local_exchange_changed_gene_count_mean"":2.0,""local_exchange_changed_gene_count_min"":2,""local_exchange_changed_gene_count_max"":2,""local_exchange_changed_gene_count_count"":2,""child_distance_statistics_scope"":""accepted_unique_crossover_offspring"",""parent_distance_statistics_scope"":""crossover_attempts"",""persistent_population_size"":4,""unique_population_size"":4,""best_population_fitness"":0.4794921875,""configured_survivors_per_selection"":[16,4,1],""effective_survivors_per_selection"":[16,4,4],""effective_final_survivor_count"":4},""offspring_generation"":{""attempts"":268,""no_op_mutations"":0,""duplicate_candidates"":140,""infeasible_candidates"":0,""fixed_quant_legal_swap_counts"":[]},""maximum_depth_mutations_per_offspring"":3,""quantization_step_size"":1,""quantization_mutations_per_offspring"":1,""joint_aware_probability"":0.0,""adaptive_mutation"":false,""adaptive_mutation_strength"":1,""adaptive_mutation_patience"":3,""adaptive_mutation_max_strength"":3,""coarse_to_fine_mutation"":false,""coarse_to_fine_start_strength"":3,""coarse_to_fine_end_strength"":1,""stagnation_generations_after_selection"":0}",quantization,True,268,128,16,8,262144,262144,1048576,13228,136847360,97910.69572321099,15276.82177734375
88,0.4541015625,0.4794921875,kl,0.4541015625,,,,,0,{},128,16,4,1,"[16,4,1]","[2048,16384,131072]",5503193088,4.083333333333333,3216.5078125,26982023168,26982023168,0,8,8,"{""type"":""mixed_depth_quantization"",""sequential_mode"":""none"",""joint_mutation_mode"":""standard"",""parent_before_generation_hash"":""389c44cec5e0956da016aaf965804caf1a8835bb8e5aad3be34b58d2775391b7"",""parent_after_generation_hash"":""804cb1711a84e1d12601340ea289ab4ec2519e1f5fb831c8b9b6f635a1a18a75"",""generated_offspring_by_type"":{""depth"":54,""quantization"":48,""joint_aware"":0,""interaction_aware"":0,""sequential_quantization"":0,""fixed_quant_depth"":0,""component crossover"":0,""component crossover + repair"":0,""layer bundle crossover"":0,""layer bundle crossover + repair"":0,""local exchange crossover"":26},""depth_mask_entries_changed_by_type"":{""depth"":170,""quantization"":0,""joint_aware"":0,""interaction_aware"":0,""sequential_quantization"":0,""fixed_quant_depth"":0,""component crossover"":0,""component crossover + repair"":0,""layer bundle crossover"":0,""layer bundle crossover + repair"":0,""local exchange crossover"":0},""quant_assignments_changed_by_type"":{""depth"":127,""quantization"":109,""joint_aware"":0,""interaction_aware"":0,""sequential_quantization"":0,""fixed_quant_depth"":0,""component crossover"":0,""component crossover + repair"":0,""layer bundle crossover"":0,""layer bundle crossover + repair"":0,""local exchange crossover"":52},""depth_mask_entries_changed_total"":170,""quant_assignments_changed_total"":288,""interaction_aware_details"":{""budget_repair_quant_changes"":0,""preferred_quant_exchanges_used"":0,""fallback_quant_exchanges_used"":0},""crossover_diagnostics"":{""crossover_type"":""local_exchange"",""crossover_parent_selection"":""uniform"",""crossover_offspring"":26,""crossover_offspring_accepted"":26,""mutation_offspring_accepted"":102,""mutation_offspring"":102,""crossover_offspring_attempted"":92,""crossover_duplicates"":66,""crossover_infeasible_candidates"":0,""crossover_repair_changed_gene_count"":0,""crossover_repaired_proposals"":0,""parent_distance_mean"":6.532608695652174,""parent_distance_min"":6,""parent_distance_max"":7,""child_distance_from_parent_a_mean"":2.0,""child_distance_from_parent_b_mean"":4.532608695652174,""layers_from_parent_a_mean"":null,""layers_from_parent_b_mean"":null,""crossover_no_legal_exchange"":0,""local_exchange_attention"":0,""local_exchange_mlp"":0,""local_exchange_quantization"":26,""local_exchange_block"":0,""parent_distance_count"":92,""child_distance_from_base_mean"":2.0,""child_distance_from_base_min"":2,""child_distance_from_base_max"":2,""child_distance_from_base_count"":26,""child_distance_from_donor_mean"":4.538461538461538,""child_distance_from_donor_min"":4,""child_distance_from_donor_max"":5,""child_distance_from_donor_count"":26,""donor_distance_reduction_mean"":2.0,""donor_distance_reduction_min"":2,""donor_distance_reduction_max"":2,""donor_distance_reduction_count"":26,""local_exchange_changed_gene_count_mean"":2.0,""local_exchange_changed_gene_count_min"":2,""local_exchange_changed_gene_count_max"":2,""local_exchange_changed_gene_count_count"":26,""child_distance_statistics_scope"":""accepted_unique_crossover_offspring"",""parent_distance_statistics_scope"":""crossover_attempts"",""persistent_population_size"":4,""unique_population_size"":4,""best_population_fitness"":0.4541015625,""configured_survivors_per_selection"":[16,4,1],""effective_survivors_per_selection"":[16,4,4],""effective_final_survivor_count"":4},""offspring_generation"":{""attempts"":194,""no_op_mutations"":0,""duplicate_candidates"":66,""infeasible_candidates"":0,""fixed_quant_legal_swap_counts"":[]},""maximum_depth_mutations_per_offspring"":3,""quantization_step_size"":1,""quantization_mutations_per_offspring"":1,""joint_aware_probability"":0.0,""adaptive_mutation"":false,""adaptive_mutation_strength"":1,""adaptive_mutation_patience"":3,""adaptive_mutation_max_strength"":3,""coarse_to_fine_mutation"":false,""coarse_to_fine_start_strength"":3,""coarse_to_fine_end_strength"":1,""stagnation_generations_after_selection"":0}",local exchange crossover,True,194,128,16,8,262144,262144,1048576,13380,138420224,98943.62631228298,15276.82177734375
89,0.46630859375,0.4541015625,kl,0.46630859375,,,,,0,{},128,16,4,1,"[16,4,1]","[2048,16384,131072]",5503193088,4.083333333333333,3216.5078125,26982023168,26982023168,0,8,8,"{""type"":""mixed_depth_quantization"",""sequential_mode"":""none"",""joint_mutation_mode"":""standard"",""parent_before_generation_hash"":""804cb1711a84e1d12601340ea289ab4ec2519e1f5fb831c8b9b6f635a1a18a75"",""parent_after_generation_hash"":""3cdb22fe7ca66891ffe2e53cec6f7bc5bb8bfa1f4be25ce720fdbc1e7ab39da7"",""generated_offspring_by_type"":{""depth"":62,""quantization"":60,""joint_aware"":0,""interaction_aware"":0,""sequential_quantization"":0,""fixed_quant_depth"":0,""component crossover"":0,""component crossover + repair"":0,""layer bundle crossover"":0,""layer bundle crossover + repair"":0,""local exchange crossover"":6},""depth_mask_entries_changed_by_type"":{""depth"":188,""quantization"":0,""joint_aware"":0,""interaction_aware"":0,""sequential_quantization"":0,""fixed_quant_depth"":0,""component crossover"":0,""component crossover + repair"":0,""layer bundle crossover"":0,""layer bundle crossover + repair"":0,""local exchange crossover"":0},""quant_assignments_changed_by_type"":{""depth"":140,""quantization"":130,""joint_aware"":0,""interaction_aware"":0,""sequential_quantization"":0,""fixed_quant_depth"":0,""component crossover"":0,""component crossover + repair"":0,""layer bundle crossover"":0,""layer bundle crossover + repair"":0,""local exchange crossover"":12},""depth_mask_entries_changed_total"":188,""quant_assignments_changed_total"":282,""interaction_aware_details"":{""budget_repair_quant_changes"":0,""preferred_quant_exchanges_used"":0,""fallback_quant_exchanges_used"":0},""crossover_diagnostics"":{""crossover_type"":""local_exchange"",""crossover_parent_selection"":""uniform"",""crossover_offspring"":6,""crossover_offspring_accepted"":6,""mutation_offspring_accepted"":122,""mutation_offspring"":122,""crossover_offspring_attempted"":118,""crossover_duplicates"":93,""crossover_infeasible_candidates"":0,""crossover_repair_changed_gene_count"":0,""crossover_repaired_proposals"":0,""parent_distance_mean"":4.661016949152542,""parent_distance_min"":2,""parent_distance_max"":7,""child_distance_from_parent_a_mean"":2.0,""child_distance_from_parent_b_mean"":2.9797979797979797,""layers_from_parent_a_mean"":null,""layers_from_parent_b_mean"":null,""crossover_no_legal_exchange"":19,""local_exchange_attention"":0,""local_exchange_mlp"":0,""local_exchange_quantization"":6,""local_exchange_block"":0,""parent_distance_count"":118,""child_distance_from_base_mean"":2.0,""child_distance_from_base_min"":2,""child_distance_from_base_max"":2,""child_distance_from_base_count"":6,""child_distance_from_donor_mean"":4.0,""child_distance_from_donor_min"":3,""child_distance_from_donor_max"":5,""child_distance_from_donor_count"":6,""donor_distance_reduction_mean"":2.0,""donor_distance_reduction_min"":2,""donor_distance_reduction_max"":2,""donor_distance_reduction_count"":6,""local_exchange_changed_gene_count_mean"":2.0,""local_exchange_changed_gene_count_min"":2,""local_exchange_changed_gene_count_max"":2,""local_exchange_changed_gene_count_count"":6,""child_distance_statistics_scope"":""accepted_unique_crossover_offspring"",""parent_distance_statistics_scope"":""crossover_attempts"",""persistent_population_size"":4,""unique_population_size"":4,""best_population_fitness"":0.46630859375,""configured_survivors_per_selection"":[16,4,1],""effective_survivors_per_selection"":[16,4,4],""effective_final_survivor_count"":4},""offspring_generation"":{""attempts"":241,""no_op_mutations"":1,""duplicate_candidates"":93,""infeasible_candidates"":0,""fixed_quant_legal_swap_counts"":[]},""maximum_depth_mutations_per_offspring"":3,""quantization_step_size"":1,""quantization_mutations_per_offspring"":1,""joint_aware_probability"":0.0,""adaptive_mutation"":false,""adaptive_mutation_strength"":1,""adaptive_mutation_patience"":3,""adaptive_mutation_max_strength"":3,""coarse_to_fine_mutation"":false,""coarse_to_fine_start_strength"":3,""coarse_to_fine_end_strength"":1,""stagnation_generations_after_selection"":0}",quantization,True,241,128,16,8,262144,262144,1048576,13532,139993088,99964.697498333,15276.82177734375
90,0.451904296875,0.46630859375,kl,0.451904296875,,,,,0,{},128,16,4,1,"[16,4,1]","[2048,16384,131072]",5503193088,4.083333333333333,3216.5078125,26982023168,26982023168,0,8,8,"{""type"":""mixed_depth_quantization"",""sequential_mode"":""none"",""joint_mutation_mode"":""standard"",""parent_before_generation_hash"":""3cdb22fe7ca66891ffe2e53cec6f7bc5bb8bfa1f4be25ce720fdbc1e7ab39da7"",""parent_after_generation_hash"":""9badfcb87f680d2da39723c513404ebaa927b3db7ef44af8855a4750c3882338"",""generated_offspring_by_type"":{""depth"":62,""quantization"":66,""joint_aware"":0,""interaction_aware"":0,""sequential_quantization"":0,""fixed_quant_depth"":0,""component crossover"":0,""component crossover + repair"":0,""layer bundle crossover"":0,""layer bundle crossover + repair"":0,""local exchange crossover"":0},""depth_mask_entries_changed_by_type"":{""depth"":186,""quantization"":0,""joint_aware"":0,""interaction_aware"":0,""sequential_quantization"":0,""fixed_quant_depth"":0,""component crossover"":0,""component crossover + repair"":0,""layer bundle crossover"":0,""layer bundle crossover + repair"":0,""local exchange crossover"":0},""quant_assignments_changed_by_type"":{""depth"":145,""quantization"":154,""joint_aware"":0,""interaction_aware"":0,""sequential_quantization"":0,""fixed_quant_depth"":0,""component crossover"":0,""component crossover + repair"":0,""layer bundle crossover"":0,""layer bundle crossover + repair"":0,""local exchange crossover"":0},""depth_mask_entries_changed_total"":186,""quant_assignments_changed_total"":299,""interaction_aware_details"":{""budget_repair_quant_changes"":0,""preferred_quant_exchanges_used"":0,""fallback_quant_exchanges_used"":0},""crossover_diagnostics"":{""crossover_type"":""local_exchange"",""crossover_parent_selection"":""uniform"",""crossover_offspring"":0,""crossover_offspring_accepted"":0,""mutation_offspring_accepted"":128,""mutation_offspring"":128,""crossover_offspring_attempted"":143,""crossover_duplicates"":0,""crossover_infeasible_candidates"":0,""crossover_repair_changed_gene_count"":0,""crossover_repaired_proposals"":0,""parent_distance_mean"":3.3636363636363638,""parent_distance_min"":2,""parent_distance_max"":5,""child_distance_from_parent_a_mean"":null,""child_distance_from_parent_b_mean"":null,""layers_from_parent_a_mean"":null,""layers_from_parent_b_mean"":null,""crossover_no_legal_exchange"":143,""local_exchange_attention"":0,""local_exchange_mlp"":0,""local_exchange_quantization"":0,""local_exchange_block"":0,""parent_distance_count"":143,""child_distance_from_base_mean"":null,""child_distance_from_base_min"":null,""child_distance_from_base_max"":null,""child_distance_from_base_count"":0,""child_distance_from_donor_mean"":null,""child_distance_from_donor_min"":null,""child_distance_from_donor_max"":null,""child_distance_from_donor_count"":0,""donor_distance_reduction_mean"":null,""donor_distance_reduction_min"":null,""donor_distance_reduction_max"":null,""donor_distance_reduction_count"":0,""local_exchange_changed_gene_count_mean"":null,""local_exchange_changed_gene_count_min"":null,""local_exchange_changed_gene_count_max"":null,""local_exchange_changed_gene_count_count"":0,""child_distance_statistics_scope"":""accepted_unique_crossover_offspring"",""parent_distance_statistics_scope"":""crossover_attempts"",""persistent_population_size"":4,""unique_population_size"":4,""best_population_fitness"":0.451904296875,""configured_survivors_per_selection"":[16,4,1],""effective_survivors_per_selection"":[16,4,4],""effective_final_survivor_count"":4},""offspring_generation"":{""attempts"":271,""no_op_mutations"":0,""duplicate_candidates"":0,""infeasible_candidates"":0,""fixed_quant_legal_swap_counts"":[]},""maximum_depth_mutations_per_offspring"":3,""quantization_step_size"":1,""quantization_mutations_per_offspring"":1,""joint_aware_probability"":0.0,""adaptive_mutation"":false,""adaptive_mutation_strength"":1,""adaptive_mutation_patience"":3,""adaptive_mutation_max_strength"":3,""coarse_to_fine_mutation"":false,""coarse_to_fine_start_strength"":3,""coarse_to_fine_end_strength"":1,""stagnation_generations_after_selection"":0}",quantization,True,271,128,16,8,262144,262144,1048576,13684,141565952,101016.08226386801,15276.82177734375
91,0.464111328125,0.451904296875,kl,0.464111328125,10.0390625,9.671875,12.6640625,,917504,"{""wikitext2"":327680,""c4"":589824}",128,16,4,1,"[16,4,1]","[2048,16384,131072]",5503193088,4.083333333333333,3216.5078125,26982023168,26982023168,0,8,8,"{""type"":""mixed_depth_quantization"",""sequential_mode"":""none"",""joint_mutation_mode"":""standard"",""parent_before_generation_hash"":""9badfcb87f680d2da39723c513404ebaa927b3db7ef44af8855a4750c3882338"",""parent_after_generation_hash"":""1b3b5ad7660f6e52089e628e567224bf2da1aca55b5347380e71903e7a3a81c4"",""generated_offspring_by_type"":{""depth"":57,""quantization"":52,""joint_aware"":0,""interaction_aware"":0,""sequential_quantization"":0,""fixed_quant_depth"":0,""component crossover"":0,""component crossover + repair"":0,""layer bundle crossover"":0,""layer bundle crossover + repair"":0,""local exchange crossover"":19},""depth_mask_entries_changed_by_type"":{""depth"":176,""quantization"":0,""joint_aware"":0,""interaction_aware"":0,""sequential_quantization"":0,""fixed_quant_depth"":0,""component crossover"":0,""component crossover + repair"":0,""layer bundle crossover"":0,""layer bundle crossover + repair"":0,""local exchange crossover"":0},""quant_assignments_changed_by_type"":{""depth"":130,""quantization"":120,""joint_aware"":0,""interaction_aware"":0,""sequential_quantization"":0,""fixed_quant_depth"":0,""component crossover"":0,""component crossover + repair"":0,""layer bundle crossover"":0,""layer bundle crossover + repair"":0,""local exchange crossover"":38},""depth_mask_entries_changed_total"":176,""quant_assignments_changed_total"":288,""interaction_aware_details"":{""budget_repair_quant_changes"":0,""preferred_quant_exchanges_used"":0,""fallback_quant_exchanges_used"":0},""crossover_diagnostics"":{""crossover_type"":""local_exchange"",""crossover_parent_selection"":""uniform"",""crossover_offspring"":19,""crossover_offspring_accepted"":19,""mutation_offspring_accepted"":109,""mutation_offspring"":109,""crossover_offspring_attempted"":90,""crossover_duplicates"":71,""crossover_infeasible_candidates"":0,""crossover_repair_changed_gene_count"":0,""crossover_repaired_proposals"":0,""parent_distance_mean"":7.455555555555556,""parent_distance_min"":6,""parent_distance_max"":9,""child_distance_from_parent_a_mean"":2.0,""child_distance_from_parent_b_mean"":5.455555555555556,""layers_from_parent_a_mean"":null,""layers_from_parent_b_mean"":null,""crossover_no_legal_exchange"":0,""local_exchange_attention"":0,""local_exchange_mlp"":0,""local_exchange_quantization"":19,""local_exchange_block"":0,""parent_distance_count"":90,""child_distance_from_base_mean"":2.0,""child_distance_from_base_min"":2,""child_distance_from_base_max"":2,""child_distance_from_base_count"":19,""child_distance_from_donor_mean"":5.2631578947368425,""child_distance_from_donor_min"":4,""child_distance_from_donor_max"":7,""child_distance_from_donor_count"":19,""donor_distance_reduction_mean"":2.0,""donor_distance_reduction_min"":2,""donor_distance_reduction_max"":2,""donor_distance_reduction_count"":19,""local_exchange_changed_gene_count_mean"":2.0,""local_exchange_changed_gene_count_min"":2,""local_exchange_changed_gene_count_max"":2,""local_exchange_changed_gene_count_count"":19,""child_distance_statistics_scope"":""accepted_unique_crossover_offspring"",""parent_distance_statistics_scope"":""crossover_attempts"",""persistent_population_size"":4,""unique_population_size"":4,""best_population_fitness"":0.464111328125,""configured_survivors_per_selection"":[16,4,1],""effective_survivors_per_selection"":[16,4,4],""effective_final_survivor_count"":4},""offspring_generation"":{""attempts"":200,""no_op_mutations"":0,""duplicate_candidates"":72,""infeasible_candidates"":0,""fixed_quant_legal_swap_counts"":[]},""maximum_depth_mutations_per_offspring"":3,""quantization_step_size"":1,""quantization_mutations_per_offspring"":1,""joint_aware_probability"":0.0,""adaptive_mutation"":false,""adaptive_mutation_strength"":1,""adaptive_mutation_patience"":3,""adaptive_mutation_max_strength"":3,""coarse_to_fine_mutation"":false,""coarse_to_fine_start_strength"":3,""coarse_to_fine_end_strength"":1,""stagnation_generations_after_selection"":0}",local exchange crossover,True,200,128,16,8,262144,262144,1048576,13836,143138816,102320.57411779702,15276.82177734375
92,0.432861328125,0.464111328125,kl,0.432861328125,,,,,0,{},128,16,4,1,"[16,4,1]","[2048,16384,131072]",5503193088,4.083333333333333,3216.5078125,26982023168,26982023168,0,8,8,"{""type"":""mixed_depth_quantization"",""sequential_mode"":""none"",""joint_mutation_mode"":""standard"",""parent_before_generation_hash"":""1b3b5ad7660f6e52089e628e567224bf2da1aca55b5347380e71903e7a3a81c4"",""parent_after_generation_hash"":""d6cc6d9d8abbdf0fd55b3f78794acfda8df8be74cc4e2b1e268a5b5a1cce3e19"",""generated_offspring_by_type"":{""depth"":51,""quantization"":50,""joint_aware"":0,""interaction_aware"":0,""sequential_quantization"":0,""fixed_quant_depth"":0,""component crossover"":0,""component crossover + repair"":0,""layer bundle crossover"":0,""layer bundle crossover + repair"":0,""local exchange crossover"":27},""depth_mask_entries_changed_by_type"":{""depth"":170,""quantization"":0,""joint_aware"":0,""interaction_aware"":0,""sequential_quantization"":0,""fixed_quant_depth"":0,""component crossover"":0,""component crossover + repair"":0,""layer bundle crossover"":0,""layer bundle crossover + repair"":0,""local exchange crossover"":0},""quant_assignments_changed_by_type"":{""depth"":129,""quantization"":118,""joint_aware"":0,""interaction_aware"":0,""sequential_quantization"":0,""fixed_quant_depth"":0,""component crossover"":0,""component crossover + repair"":0,""layer bundle crossover"":0,""layer bundle crossover + repair"":0,""local exchange crossover"":54},""depth_mask_entries_changed_total"":170,""quant_assignments_changed_total"":301,""interaction_aware_details"":{""budget_repair_quant_changes"":0,""preferred_quant_exchanges_used"":0,""fallback_quant_exchanges_used"":0},""crossover_diagnostics"":{""crossover_type"":""local_exchange"",""crossover_parent_selection"":""uniform"",""crossover_offspring"":27,""crossover_offspring_accepted"":27,""mutation_offspring_accepted"":101,""mutation_offspring"":101,""crossover_offspring_attempted"":116,""crossover_duplicates"":89,""crossover_infeasible_candidates"":0,""crossover_repair_changed_gene_count"":0,""crossover_repaired_proposals"":0,""parent_distance_mean"":8.60344827586207,""parent_distance_min"":2,""parent_distance_max"":13,""child_distance_from_parent_a_mean"":2.0,""child_distance_from_parent_b_mean"":6.603448275862069,""layers_from_parent_a_mean"":null,""layers_from_parent_b_mean"":null,""crossover_no_legal_exchange"":0,""local_exchange_attention"":0,""local_exchange_mlp"":0,""local_exchange_quantization"":27,""local_exchange_block"":0,""parent_distance_count"":116,""child_distance_from_base_mean"":2.0,""child_distance_from_base_min"":2,""child_distance_from_base_max"":2,""child_distance_from_base_count"":27,""child_distance_from_donor_mean"":8.703703703703704,""child_distance_from_donor_min"":6,""child_distance_from_donor_max"":11,""child_distance_from_donor_count"":27,""donor_distance_reduction_mean"":2.0,""donor_distance_reduction_min"":2,""donor_distance_reduction_max"":2,""donor_distance_reduction_count"":27,""local_exchange_changed_gene_count_mean"":2.0,""local_exchange_changed_gene_count_min"":2,""local_exchange_changed_gene_count_max"":2,""local_exchange_changed_gene_count_count"":27,""child_distance_statistics_scope"":""accepted_unique_crossover_offspring"",""parent_distance_statistics_scope"":""crossover_attempts"",""persistent_population_size"":4,""unique_population_size"":4,""best_population_fitness"":0.432861328125,""configured_survivors_per_selection"":[16,4,1],""effective_survivors_per_selection"":[16,4,4],""effective_final_survivor_count"":4},""offspring_generation"":{""attempts"":217,""no_op_mutations"":0,""duplicate_candidates"":89,""infeasible_candidates"":0,""fixed_quant_legal_swap_counts"":[]},""maximum_depth_mutations_per_offspring"":3,""quantization_step_size"":1,""quantization_mutations_per_offspring"":1,""joint_aware_probability"":0.0,""adaptive_mutation"":false,""adaptive_mutation_strength"":1,""adaptive_mutation_patience"":3,""adaptive_mutation_max_strength"":3,""coarse_to_fine_mutation"":false,""coarse_to_fine_start_strength"":3,""coarse_to_fine_end_strength"":1,""stagnation_generations_after_selection"":0}",local exchange crossover,True,217,128,16,8,262144,262144,1048576,13988,144711680,103453.12773702003,15276.82177734375
93,0.466064453125,0.432861328125,kl,0.466064453125,,,,,0,{},128,16,4,1,"[16,4,1]","[2048,16384,131072]",5503193088,4.083333333333333,3216.5078125,26982023168,26982023168,0,8,8,"{""type"":""mixed_depth_quantization"",""sequential_mode"":""none"",""joint_mutation_mode"":""standard"",""parent_before_generation_hash"":""d6cc6d9d8abbdf0fd55b3f78794acfda8df8be74cc4e2b1e268a5b5a1cce3e19"",""parent_after_generation_hash"":""f63bf4a4746a60c2e595253767647721d5000b3a0ea14ef36c4087a97d04228b"",""generated_offspring_by_type"":{""depth"":64,""quantization"":59,""joint_aware"":0,""interaction_aware"":0,""sequential_quantization"":0,""fixed_quant_depth"":0,""component crossover"":0,""component crossover + repair"":0,""layer bundle crossover"":0,""layer bundle crossover + repair"":0,""local exchange crossover"":5},""depth_mask_entries_changed_by_type"":{""depth"":188,""quantization"":0,""joint_aware"":0,""interaction_aware"":0,""sequential_quantization"":0,""fixed_quant_depth"":0,""component crossover"":0,""component crossover + repair"":0,""layer bundle crossover"":0,""layer bundle crossover + repair"":0,""local exchange crossover"":0},""quant_assignments_changed_by_type"":{""depth"":150,""quantization"":138,""joint_aware"":0,""interaction_aware"":0,""sequential_quantization"":0,""fixed_quant_depth"":0,""component crossover"":0,""component crossover + repair"":0,""layer bundle crossover"":0,""layer bundle crossover + repair"":0,""local exchange crossover"":10},""depth_mask_entries_changed_total"":188,""quant_assignments_changed_total"":298,""interaction_aware_details"":{""budget_repair_quant_changes"":0,""preferred_quant_exchanges_used"":0,""fallback_quant_exchanges_used"":0},""crossover_diagnostics"":{""crossover_type"":""local_exchange"",""crossover_parent_selection"":""uniform"",""crossover_offspring"":5,""crossover_offspring_accepted"":5,""mutation_offspring_accepted"":123,""mutation_offspring"":123,""crossover_offspring_attempted"":128,""crossover_duplicates"":123,""crossover_infeasible_candidates"":0,""crossover_repair_changed_gene_count"":0,""crossover_repaired_proposals"":0,""parent_distance_mean"":2.6875,""parent_distance_min"":2,""parent_distance_max"":4,""child_distance_from_parent_a_mean"":2.0,""child_distance_from_parent_b_mean"":0.6875,""layers_from_parent_a_mean"":null,""layers_from_parent_b_mean"":null,""crossover_no_legal_exchange"":0,""local_exchange_attention"":0,""local_exchange_mlp"":0,""local_exchange_quantization"":5,""local_exchange_block"":0,""parent_distance_count"":128,""child_distance_from_base_mean"":2.0,""child_distance_from_base_min"":2,""child_distance_from_base_max"":2,""child_distance_from_base_count"":5,""child_distance_from_donor_mean"":2.0,""child_distance_from_donor_min"":2,""child_distance_from_donor_max"":2,""child_distance_from_donor_count"":5,""donor_distance_reduction_mean"":2.0,""donor_distance_reduction_min"":2,""donor_distance_reduction_max"":2,""donor_distance_reduction_count"":5,""local_exchange_changed_gene_count_mean"":2.0,""local_exchange_changed_gene_count_min"":2,""local_exchange_changed_gene_count_max"":2,""local_exchange_changed_gene_count_count"":5,""child_distance_statistics_scope"":""accepted_unique_crossover_offspring"",""parent_distance_statistics_scope"":""crossover_attempts"",""persistent_population_size"":4,""unique_population_size"":4,""best_population_fitness"":0.466064453125,""configured_survivors_per_selection"":[16,4,1],""effective_survivors_per_selection"":[16,4,4],""effective_final_survivor_count"":4},""offspring_generation"":{""attempts"":251,""no_op_mutations"":0,""duplicate_candidates"":123,""infeasible_candidates"":0,""fixed_quant_legal_swap_counts"":[]},""maximum_depth_mutations_per_offspring"":3,""quantization_step_size"":1,""quantization_mutations_per_offspring"":1,""joint_aware_probability"":0.0,""adaptive_mutation"":false,""adaptive_mutation_strength"":1,""adaptive_mutation_patience"":3,""adaptive_mutation_max_strength"":3,""coarse_to_fine_mutation"":false,""coarse_to_fine_start_strength"":3,""coarse_to_fine_end_strength"":1,""stagnation_generations_after_selection"":0}",parent,True,251,128,16,8,262144,262144,1048576,14140,146284544,104518.47107070201,15276.82177734375
94,0.467041015625,0.466064453125,kl,0.467041015625,,,,,0,{},128,16,4,1,"[16,4,1]","[2048,16384,131072]",5503193088,4.083333333333333,3216.5078125,26982023168,26982023168,0,8,8,"{""type"":""mixed_depth_quantization"",""sequential_mode"":""none"",""joint_mutation_mode"":""standard"",""parent_before_generation_hash"":""f63bf4a4746a60c2e595253767647721d5000b3a0ea14ef36c4087a97d04228b"",""parent_after_generation_hash"":""d6cc6d9d8abbdf0fd55b3f78794acfda8df8be74cc4e2b1e268a5b5a1cce3e19"",""generated_offspring_by_type"":{""depth"":54,""quantization"":56,""joint_aware"":0,""interaction_aware"":0,""sequential_quantization"":0,""fixed_quant_depth"":0,""component crossover"":0,""component crossover + repair"":0,""layer bundle crossover"":0,""layer bundle crossover + repair"":0,""local exchange crossover"":18},""depth_mask_entries_changed_by_type"":{""depth"":152,""quantization"":0,""joint_aware"":0,""interaction_aware"":0,""sequential_quantization"":0,""fixed_quant_depth"":0,""component crossover"":0,""component crossover + repair"":0,""layer bundle crossover"":0,""layer bundle crossover + repair"":0,""local exchange crossover"":0},""quant_assignments_changed_by_type"":{""depth"":127,""quantization"":135,""joint_aware"":0,""interaction_aware"":0,""sequential_quantization"":0,""fixed_quant_depth"":0,""component crossover"":0,""component crossover + repair"":0,""layer bundle crossover"":0,""layer bundle crossover + repair"":0,""local exchange crossover"":36},""depth_mask_entries_changed_total"":152,""quant_assignments_changed_total"":298,""interaction_aware_details"":{""budget_repair_quant_changes"":0,""preferred_quant_exchanges_used"":0,""fallback_quant_exchanges_used"":0},""crossover_diagnostics"":{""crossover_type"":""local_exchange"",""crossover_parent_selection"":""uniform"",""crossover_offspring"":18,""crossover_offspring_accepted"":18,""mutation_offspring_accepted"":110,""mutation_offspring"":110,""crossover_offspring_attempted"":111,""crossover_duplicates"":93,""crossover_infeasible_candidates"":0,""crossover_repair_changed_gene_count"":0,""crossover_repaired_proposals"":0,""parent_distance_mean"":3.6216216216216215,""parent_distance_min"":2,""parent_distance_max"":6,""child_distance_from_parent_a_mean"":2.0,""child_distance_from_parent_b_mean"":1.6216216216216217,""layers_from_parent_a_mean"":null,""layers_from_parent_b_mean"":null,""crossover_no_legal_exchange"":0,""local_exchange_attention"":0,""local_exchange_mlp"":0,""local_exchange_quantization"":18,""local_exchange_block"":0,""parent_distance_count"":111,""child_distance_from_base_mean"":2.0,""child_distance_from_base_min"":2,""child_distance_from_base_max"":2,""child_distance_from_base_count"":18,""child_distance_from_donor_mean"":3.0,""child_distance_from_donor_min"":2,""child_distance_from_donor_max"":4,""child_distance_from_donor_count"":18,""donor_distance_reduction_mean"":2.0,""donor_distance_reduction_min"":2,""donor_distance_reduction_max"":2,""donor_distance_reduction_count"":18,""local_exchange_changed_gene_count_mean"":2.0,""local_exchange_changed_gene_count_min"":2,""local_exchange_changed_gene_count_max"":2,""local_exchange_changed_gene_count_count"":18,""child_distance_statistics_scope"":""accepted_unique_crossover_offspring"",""parent_distance_statistics_scope"":""crossover_attempts"",""persistent_population_size"":4,""unique_population_size"":4,""best_population_fitness"":0.467041015625,""configured_survivors_per_selection"":[16,4,1],""effective_survivors_per_selection"":[16,4,4],""effective_final_survivor_count"":4},""offspring_generation"":{""attempts"":222,""no_op_mutations"":1,""duplicate_candidates"":93,""infeasible_candidates"":0,""fixed_quant_legal_swap_counts"":[]},""maximum_depth_mutations_per_offspring"":3,""quantization_step_size"":1,""quantization_mutations_per_offspring"":1,""joint_aware_probability"":0.0,""adaptive_mutation"":false,""adaptive_mutation_strength"":1,""adaptive_mutation_patience"":3,""adaptive_mutation_max_strength"":3,""coarse_to_fine_mutation"":false,""coarse_to_fine_start_strength"":3,""coarse_to_fine_end_strength"":1,""stagnation_generations_after_selection"":0}",parent,True,222,128,16,8,262144,262144,1048576,14292,147857408,105556.91362868098,15276.82177734375
95,0.448974609375,0.467041015625,kl,0.448974609375,,,,,0,{},128,16,4,1,"[16,4,1]","[2048,16384,131072]",5503193088,4.083333333333333,3216.5078125,26982023168,26982023168,0,8,8,"{""type"":""mixed_depth_quantization"",""sequential_mode"":""none"",""joint_mutation_mode"":""standard"",""parent_before_generation_hash"":""d6cc6d9d8abbdf0fd55b3f78794acfda8df8be74cc4e2b1e268a5b5a1cce3e19"",""parent_after_generation_hash"":""c1085b7424e152ae259aafd31d471780f60fb5fea1cd239700513084be75bfa3"",""generated_offspring_by_type"":{""depth"":43,""quantization"":56,""joint_aware"":0,""interaction_aware"":0,""sequential_quantization"":0,""fixed_quant_depth"":0,""component crossover"":0,""component crossover + repair"":0,""layer bundle crossover"":0,""layer bundle crossover + repair"":0,""local exchange crossover"":29},""depth_mask_entries_changed_by_type"":{""depth"":116,""quantization"":0,""joint_aware"":0,""interaction_aware"":0,""sequential_quantization"":0,""fixed_quant_depth"":0,""component crossover"":0,""component crossover + repair"":0,""layer bundle crossover"":0,""layer bundle crossover + repair"":0,""local exchange crossover"":0},""quant_assignments_changed_by_type"":{""depth"":101,""quantization"":127,""joint_aware"":0,""interaction_aware"":0,""sequential_quantization"":0,""fixed_quant_depth"":0,""component crossover"":0,""component crossover + repair"":0,""layer bundle crossover"":0,""layer bundle crossover + repair"":0,""local exchange crossover"":58},""depth_mask_entries_changed_total"":116,""quant_assignments_changed_total"":286,""interaction_aware_details"":{""budget_repair_quant_changes"":0,""preferred_quant_exchanges_used"":0,""fallback_quant_exchanges_used"":0},""crossover_diagnostics"":{""crossover_type"":""local_exchange"",""crossover_parent_selection"":""uniform"",""crossover_offspring"":29,""crossover_offspring_accepted"":29,""mutation_offspring_accepted"":99,""mutation_offspring"":99,""crossover_offspring_attempted"":102,""crossover_duplicates"":73,""crossover_infeasible_candidates"":0,""crossover_repair_changed_gene_count"":0,""crossover_repaired_proposals"":0,""parent_distance_mean"":4.666666666666667,""parent_distance_min"":2,""parent_distance_max"":7,""child_distance_from_parent_a_mean"":2.0,""child_distance_from_parent_b_mean"":2.6666666666666665,""layers_from_parent_a_mean"":null,""layers_from_parent_b_mean"":null,""crossover_no_legal_exchange"":0,""local_exchange_attention"":0,""local_exchange_mlp"":0,""local_exchange_quantization"":29,""local_exchange_block"":0,""parent_distance_count"":102,""child_distance_from_base_mean"":2.0,""child_distance_from_base_min"":2,""child_distance_from_base_max"":2,""child_distance_from_base_count"":29,""child_distance_from_donor_mean"":3.7586206896551726,""child_distance_from_donor_min"":2,""child_distance_from_donor_max"":5,""child_distance_from_donor_count"":29,""donor_distance_reduction_mean"":2.0,""donor_distance_reduction_min"":2,""donor_distance_reduction_max"":2,""donor_distance_reduction_count"":29,""local_exchange_changed_gene_count_mean"":2.0,""local_exchange_changed_gene_count_min"":2,""local_exchange_changed_gene_count_max"":2,""local_exchange_changed_gene_count_count"":29,""child_distance_statistics_scope"":""accepted_unique_crossover_offspring"",""parent_distance_statistics_scope"":""crossover_attempts"",""persistent_population_size"":4,""unique_population_size"":4,""best_population_fitness"":0.448974609375,""configured_survivors_per_selection"":[16,4,1],""effective_survivors_per_selection"":[16,4,4],""effective_final_survivor_count"":4},""offspring_generation"":{""attempts"":201,""no_op_mutations"":0,""duplicate_candidates"":73,""infeasible_candidates"":0,""fixed_quant_legal_swap_counts"":[]},""maximum_depth_mutations_per_offspring"":3,""quantization_step_size"":1,""quantization_mutations_per_offspring"":1,""joint_aware_probability"":0.0,""adaptive_mutation"":false,""adaptive_mutation_strength"":1,""adaptive_mutation_patience"":3,""adaptive_mutation_max_strength"":3,""coarse_to_fine_mutation"":false,""coarse_to_fine_start_strength"":3,""coarse_to_fine_end_strength"":1,""stagnation_generations_after_selection"":0}",quantization,True,201,128,16,8,262144,262144,1048576,14444,149430272,106612.629662438,15276.82177734375
96,0.45556640625,0.448974609375,kl,0.45556640625,10.0,9.578125,12.6171875,,917504,"{""wikitext2"":327680,""c4"":589824}",128,16,4,1,"[16,4,1]","[2048,16384,131072]",5503193088,4.083333333333333,3216.5078125,26982023168,26982023168,0,8,8,"{""type"":""mixed_depth_quantization"",""sequential_mode"":""none"",""joint_mutation_mode"":""standard"",""parent_before_generation_hash"":""c1085b7424e152ae259aafd31d471780f60fb5fea1cd239700513084be75bfa3"",""parent_after_generation_hash"":""5a8b40bee070f0a6ffeefbf353e3e2e5d6d0805bcf2a99044522171b2f7658fe"",""generated_offspring_by_type"":{""depth"":68,""quantization"":57,""joint_aware"":0,""interaction_aware"":0,""sequential_quantization"":0,""fixed_quant_depth"":0,""component crossover"":0,""component crossover + repair"":0,""layer bundle crossover"":0,""layer bundle crossover + repair"":0,""local exchange crossover"":3},""depth_mask_entries_changed_by_type"":{""depth"":190,""quantization"":0,""joint_aware"":0,""interaction_aware"":0,""sequential_quantization"":0,""fixed_quant_depth"":0,""component crossover"":0,""component crossover + repair"":0,""layer bundle crossover"":0,""layer bundle crossover + repair"":0,""local exchange crossover"":0},""quant_assignments_changed_by_type"":{""depth"":161,""quantization"":133,""joint_aware"":0,""interaction_aware"":0,""sequential_quantization"":0,""fixed_quant_depth"":0,""component crossover"":0,""component crossover + repair"":0,""layer bundle crossover"":0,""layer bundle crossover + repair"":0,""local exchange crossover"":6},""depth_mask_entries_changed_total"":190,""quant_assignments_changed_total"":300,""interaction_aware_details"":{""budget_repair_quant_changes"":0,""preferred_quant_exchanges_used"":0,""fallback_quant_exchanges_used"":0},""crossover_diagnostics"":{""crossover_type"":""local_exchange"",""crossover_parent_selection"":""uniform"",""crossover_offspring"":3,""crossover_offspring_accepted"":3,""mutation_offspring_accepted"":125,""mutation_offspring"":125,""crossover_offspring_attempted"":127,""crossover_duplicates"":94,""crossover_infeasible_candidates"":0,""crossover_repair_changed_gene_count"":0,""crossover_repaired_proposals"":0,""parent_distance_mean"":2.8976377952755907,""parent_distance_min"":2,""parent_distance_max"":4,""child_distance_from_parent_a_mean"":2.0,""child_distance_from_parent_b_mean"":1.175257731958763,""layers_from_parent_a_mean"":null,""layers_from_parent_b_mean"":null,""crossover_no_legal_exchange"":30,""local_exchange_attention"":0,""local_exchange_mlp"":0,""local_exchange_quantization"":3,""local_exchange_block"":0,""parent_distance_count"":127,""child_distance_from_base_mean"":2.0,""child_distance_from_base_min"":2,""child_distance_from_base_max"":2,""child_distance_from_base_count"":3,""child_distance_from_donor_mean"":2.0,""child_distance_from_donor_min"":2,""child_distance_from_donor_max"":2,""child_distance_from_donor_count"":3,""donor_distance_reduction_mean"":2.0,""donor_distance_reduction_min"":2,""donor_distance_reduction_max"":2,""donor_distance_reduction_count"":3,""local_exchange_changed_gene_count_mean"":2.0,""local_exchange_changed_gene_count_min"":2,""local_exchange_changed_gene_count_max"":2,""local_exchange_changed_gene_count_count"":3,""child_distance_statistics_scope"":""accepted_unique_crossover_offspring"",""parent_distance_statistics_scope"":""crossover_attempts"",""persistent_population_size"":4,""unique_population_size"":4,""best_population_fitness"":0.45556640625,""configured_survivors_per_selection"":[16,4,1],""effective_survivors_per_selection"":[16,4,4],""effective_final_survivor_count"":4},""offspring_generation"":{""attempts"":252,""no_op_mutations"":0,""duplicate_candidates"":94,""infeasible_candidates"":0,""fixed_quant_legal_swap_counts"":[]},""maximum_depth_mutations_per_offspring"":3,""quantization_step_size"":1,""quantization_mutations_per_offspring"":1,""joint_aware_probability"":0.0,""adaptive_mutation"":false,""adaptive_mutation_strength"":1,""adaptive_mutation_patience"":3,""adaptive_mutation_max_strength"":3,""coarse_to_fine_mutation"":false,""coarse_to_fine_start_strength"":3,""coarse_to_fine_end_strength"":1,""stagnation_generations_after_selection"":0}",quantization,True,252,128,16,8,262144,262144,1048576,14596,151003136,107884.46280981199,15276.82177734375
97,0.443115234375,0.45556640625,kl,0.443115234375,,,,,0,{},128,16,4,1,"[16,4,1]","[2048,16384,131072]",5503193088,4.083333333333333,3216.5078125,26982023168,26982023168,0,8,8,"{""type"":""mixed_depth_quantization"",""sequential_mode"":""none"",""joint_mutation_mode"":""standard"",""parent_before_generation_hash"":""5a8b40bee070f0a6ffeefbf353e3e2e5d6d0805bcf2a99044522171b2f7658fe"",""parent_after_generation_hash"":""7b5ffe40e6404762ae521ff84420cff865444c5eca5bb4e1d7b3ae8e485121dc"",""generated_offspring_by_type"":{""depth"":56,""quantization"":67,""joint_aware"":0,""interaction_aware"":0,""sequential_quantization"":0,""fixed_quant_depth"":0,""component crossover"":0,""component crossover + repair"":0,""layer bundle crossover"":0,""layer bundle crossover + repair"":0,""local exchange crossover"":5},""depth_mask_entries_changed_by_type"":{""depth"":166,""quantization"":0,""joint_aware"":0,""interaction_aware"":0,""sequential_quantization"":0,""fixed_quant_depth"":0,""component crossover"":0,""component crossover + repair"":0,""layer bundle crossover"":0,""layer bundle crossover + repair"":0,""local exchange crossover"":0},""quant_assignments_changed_by_type"":{""depth"":111,""quantization"":159,""joint_aware"":0,""interaction_aware"":0,""sequential_quantization"":0,""fixed_quant_depth"":0,""component crossover"":0,""component crossover + repair"":0,""layer bundle crossover"":0,""layer bundle crossover + repair"":0,""local exchange crossover"":10},""depth_mask_entries_changed_total"":166,""quant_assignments_changed_total"":280,""interaction_aware_details"":{""budget_repair_quant_changes"":0,""preferred_quant_exchanges_used"":0,""fallback_quant_exchanges_used"":0},""crossover_diagnostics"":{""crossover_type"":""local_exchange"",""crossover_parent_selection"":""uniform"",""crossover_offspring"":5,""crossover_offspring_accepted"":5,""mutation_offspring_accepted"":123,""mutation_offspring"":123,""crossover_offspring_attempted"":130,""crossover_duplicates"":110,""crossover_infeasible_candidates"":0,""crossover_repair_changed_gene_count"":0,""crossover_repaired_proposals"":0,""parent_distance_mean"":3.1538461538461537,""parent_distance_min"":2,""parent_distance_max"":4,""child_distance_from_parent_a_mean"":2.0,""child_distance_from_parent_b_mean"":1.3043478260869565,""layers_from_parent_a_mean"":null,""layers_from_parent_b_mean"":null,""crossover_no_legal_exchange"":15,""local_exchange_attention"":0,""local_exchange_mlp"":0,""local_exchange_quantization"":5,""local_exchange_block"":0,""parent_distance_count"":130,""child_distance_from_base_mean"":2.0,""child_distance_from_base_min"":2,""child_distance_from_base_max"":2,""child_distance_from_base_count"":5,""child_distance_from_donor_mean"":2.0,""child_distance_from_donor_min"":2,""child_distance_from_donor_max"":2,""child_distance_from_donor_count"":5,""donor_distance_reduction_mean"":2.0,""donor_distance_reduction_min"":2,""donor_distance_reduction_max"":2,""donor_distance_reduction_count"":5,""local_exchange_changed_gene_count_mean"":2.0,""local_exchange_changed_gene_count_min"":2,""local_exchange_changed_gene_count_max"":2,""local_exchange_changed_gene_count_count"":5,""child_distance_statistics_scope"":""accepted_unique_crossover_offspring"",""parent_distance_statistics_scope"":""crossover_attempts"",""persistent_population_size"":4,""unique_population_size"":4,""best_population_fitness"":0.443115234375,""configured_survivors_per_selection"":[16,4,1],""effective_survivors_per_selection"":[16,4,4],""effective_final_survivor_count"":4},""offspring_generation"":{""attempts"":253,""no_op_mutations"":0,""duplicate_candidates"":110,""infeasible_candidates"":0,""fixed_quant_legal_swap_counts"":[]},""maximum_depth_mutations_per_offspring"":3,""quantization_step_size"":1,""quantization_mutations_per_offspring"":1,""joint_aware_probability"":0.0,""adaptive_mutation"":false,""adaptive_mutation_strength"":1,""adaptive_mutation_patience"":3,""adaptive_mutation_max_strength"":3,""coarse_to_fine_mutation"":false,""coarse_to_fine_start_strength"":3,""coarse_to_fine_end_strength"":1,""stagnation_generations_after_selection"":0}",quantization,True,253,128,16,8,262144,262144,1048576,14748,152576000,108901.51985543303,15276.82177734375
98,0.468994140625,0.443115234375,kl,0.468994140625,,,,,0,{},128,16,4,1,"[16,4,1]","[2048,16384,131072]",5503193088,4.083333333333333,3216.5078125,26982023168,26982023168,0,8,8,"{""type"":""mixed_depth_quantization"",""sequential_mode"":""none"",""joint_mutation_mode"":""standard"",""parent_before_generation_hash"":""7b5ffe40e6404762ae521ff84420cff865444c5eca5bb4e1d7b3ae8e485121dc"",""parent_after_generation_hash"":""eac5789d7a17f6987b7a26fc851b920fb006ad8967110eca53d9c41f2ffabdca"",""generated_offspring_by_type"":{""depth"":51,""quantization"":67,""joint_aware"":0,""interaction_aware"":0,""sequential_quantization"":0,""fixed_quant_depth"":0,""component crossover"":0,""component crossover + repair"":0,""layer bundle crossover"":0,""layer bundle crossover + repair"":0,""local exchange crossover"":10},""depth_mask_entries_changed_by_type"":{""depth"":146,""quantization"":0,""joint_aware"":0,""interaction_aware"":0,""sequential_quantization"":0,""fixed_quant_depth"":0,""component crossover"":0,""component crossover + repair"":0,""layer bundle crossover"":0,""layer bundle crossover + repair"":0,""local exchange crossover"":0},""quant_assignments_changed_by_type"":{""depth"":126,""quantization"":159,""joint_aware"":0,""interaction_aware"":0,""sequential_quantization"":0,""fixed_quant_depth"":0,""component crossover"":0,""component crossover + repair"":0,""layer bundle crossover"":0,""layer bundle crossover + repair"":0,""local exchange crossover"":20},""depth_mask_entries_changed_total"":146,""quant_assignments_changed_total"":305,""interaction_aware_details"":{""budget_repair_quant_changes"":0,""preferred_quant_exchanges_used"":0,""fallback_quant_exchanges_used"":0},""crossover_diagnostics"":{""crossover_type"":""local_exchange"",""crossover_parent_selection"":""uniform"",""crossover_offspring"":10,""crossover_offspring_accepted"":10,""mutation_offspring_accepted"":118,""mutation_offspring"":118,""crossover_offspring_attempted"":112,""crossover_duplicates"":88,""crossover_infeasible_candidates"":0,""crossover_repair_changed_gene_count"":0,""crossover_repaired_proposals"":0,""parent_distance_mean"":4.964285714285714,""parent_distance_min"":2,""parent_distance_max"":7,""child_distance_from_parent_a_mean"":2.0,""child_distance_from_parent_b_mean"":3.1020408163265305,""layers_from_parent_a_mean"":null,""layers_from_parent_b_mean"":null,""crossover_no_legal_exchange"":14,""local_exchange_attention"":0,""local_exchange_mlp"":0,""local_exchange_quantization"":10,""local_exchange_block"":0,""parent_distance_count"":112,""child_distance_from_base_mean"":2.0,""child_distance_from_base_min"":2,""child_distance_from_base_max"":2,""child_distance_from_base_count"":10,""child_distance_from_donor_mean"":4.3,""child_distance_from_donor_min"":3,""child_distance_from_donor_max"":5,""child_distance_from_donor_count"":10,""donor_distance_reduction_mean"":2.0,""donor_distance_reduction_min"":2,""donor_distance_reduction_max"":2,""donor_distance_reduction_count"":10,""local_exchange_changed_gene_count_mean"":2.0,""local_exchange_changed_gene_count_min"":2,""local_exchange_changed_gene_count_max"":2,""local_exchange_changed_gene_count_count"":10,""child_distance_statistics_scope"":""accepted_unique_crossover_offspring"",""parent_distance_statistics_scope"":""crossover_attempts"",""persistent_population_size"":4,""unique_population_size"":4,""best_population_fitness"":0.468994140625,""configured_survivors_per_selection"":[16,4,1],""effective_survivors_per_selection"":[16,4,4],""effective_final_survivor_count"":4},""offspring_generation"":{""attempts"":230,""no_op_mutations"":0,""duplicate_candidates"":88,""infeasible_candidates"":0,""fixed_quant_legal_swap_counts"":[]},""maximum_depth_mutations_per_offspring"":3,""quantization_step_size"":1,""quantization_mutations_per_offspring"":1,""joint_aware_probability"":0.0,""adaptive_mutation"":false,""adaptive_mutation_strength"":1,""adaptive_mutation_patience"":3,""adaptive_mutation_max_strength"":3,""coarse_to_fine_mutation"":false,""coarse_to_fine_start_strength"":3,""coarse_to_fine_end_strength"":1,""stagnation_generations_after_selection"":0}",quantization,True,230,128,16,8,262144,262144,1048576,14900,154148864,109920.95351884898,15276.82177734375
99,0.46533203125,0.468994140625,kl,0.46533203125,,,,,0,{},128,16,4,1,"[16,4,1]","[2048,16384,131072]",5503193088,4.083333333333333,3216.5078125,26982023168,26982023168,0,8,8,"{""type"":""mixed_depth_quantization"",""sequential_mode"":""none"",""joint_mutation_mode"":""standard"",""parent_before_generation_hash"":""eac5789d7a17f6987b7a26fc851b920fb006ad8967110eca53d9c41f2ffabdca"",""parent_after_generation_hash"":""9c83714a14bd7cd1f275f26f2c129bd5a2e957495916c5f3c9004fb979893693"",""generated_offspring_by_type"":{""depth"":58,""quantization"":55,""joint_aware"":0,""interaction_aware"":0,""sequential_quantization"":0,""fixed_quant_depth"":0,""component crossover"":0,""component crossover + repair"":0,""layer bundle crossover"":0,""layer bundle crossover + repair"":0,""local exchange crossover"":15},""depth_mask_entries_changed_by_type"":{""depth"":168,""quantization"":0,""joint_aware"":0,""interaction_aware"":0,""sequential_quantization"":0,""fixed_quant_depth"":0,""component crossover"":0,""component crossover + repair"":0,""layer bundle crossover"":0,""layer bundle crossover + repair"":0,""local exchange crossover"":0},""quant_assignments_changed_by_type"":{""depth"":136,""quantization"":130,""joint_aware"":0,""interaction_aware"":0,""sequential_quantization"":0,""fixed_quant_depth"":0,""component crossover"":0,""component crossover + repair"":0,""layer bundle crossover"":0,""layer bundle crossover + repair"":0,""local exchange crossover"":30},""depth_mask_entries_changed_total"":168,""quant_assignments_changed_total"":296,""interaction_aware_details"":{""budget_repair_quant_changes"":0,""preferred_quant_exchanges_used"":0,""fallback_quant_exchanges_used"":0},""crossover_diagnostics"":{""crossover_type"":""local_exchange"",""crossover_parent_selection"":""uniform"",""crossover_offspring"":15,""crossover_offspring_accepted"":15,""mutation_offspring_accepted"":113,""mutation_offspring"":113,""crossover_offspring_attempted"":88,""crossover_duplicates"":61,""crossover_infeasible_candidates"":0,""crossover_repair_changed_gene_count"":0,""crossover_repaired_proposals"":0,""parent_distance_mean"":5.4772727272727275,""parent_distance_min"":4,""parent_distance_max"":7,""child_distance_from_parent_a_mean"":2.0,""child_distance_from_parent_b_mean"":3.710526315789474,""layers_from_parent_a_mean"":null,""layers_from_parent_b_mean"":null,""crossover_no_legal_exchange"":12,""local_exchange_attention"":0,""local_exchange_mlp"":0,""local_exchange_quantization"":15,""local_exchange_block"":0,""parent_distance_count"":88,""child_distance_from_base_mean"":2.0,""child_distance_from_base_min"":2,""child_distance_from_base_max"":2,""child_distance_from_base_count"":15,""child_distance_from_donor_mean"":4.0,""child_distance_from_donor_min"":2,""child_distance_from_donor_max"":5,""child_distance_from_donor_count"":15,""donor_distance_reduction_mean"":2.0,""donor_distance_reduction_min"":2,""donor_distance_reduction_max"":2,""donor_distance_reduction_count"":15,""local_exchange_changed_gene_count_mean"":2.0,""local_exchange_changed_gene_count_min"":2,""local_exchange_changed_gene_count_max"":2,""local_exchange_changed_gene_count_count"":15,""child_distance_statistics_scope"":""accepted_unique_crossover_offspring"",""parent_distance_statistics_scope"":""crossover_attempts"",""persistent_population_size"":4,""unique_population_size"":4,""best_population_fitness"":0.46533203125,""configured_survivors_per_selection"":[16,4,1],""effective_survivors_per_selection"":[16,4,4],""effective_final_survivor_count"":4},""offspring_generation"":{""attempts"":201,""no_op_mutations"":0,""duplicate_candidates"":61,""infeasible_candidates"":0,""fixed_quant_legal_swap_counts"":[]},""maximum_depth_mutations_per_offspring"":3,""quantization_step_size"":1,""quantization_mutations_per_offspring"":1,""joint_aware_probability"":0.0,""adaptive_mutation"":false,""adaptive_mutation_strength"":1,""adaptive_mutation_patience"":3,""adaptive_mutation_max_strength"":3,""coarse_to_fine_mutation"":false,""coarse_to_fine_start_strength"":3,""coarse_to_fine_end_strength"":1,""stagnation_generations_after_selection"":0}",quantization,True,201,128,16,8,262144,262144,1048576,15052,155721728,111011.33889606001,15276.82177734375
100,0.4404296875,0.46533203125,kl,0.4404296875,,,,,0,{},128,16,4,1,"[16,4,1]","[2048,16384,131072]",5503193088,4.083333333333333,3216.5078125,26982023168,26982023168,0,8,8,"{""type"":""mixed_depth_quantization"",""sequential_mode"":""none"",""joint_mutation_mode"":""standard"",""parent_before_generation_hash"":""9c83714a14bd7cd1f275f26f2c129bd5a2e957495916c5f3c9004fb979893693"",""parent_after_generation_hash"":""ec96a8dff7e811d2909b0e824fb531e957c6102474b24bbe2662adffc6520807"",""generated_offspring_by_type"":{""depth"":54,""quantization"":54,""joint_aware"":0,""interaction_aware"":0,""sequential_quantization"":0,""fixed_quant_depth"":0,""component crossover"":0,""component crossover + repair"":0,""layer bundle crossover"":0,""layer bundle crossover + repair"":0,""local exchange crossover"":20},""depth_mask_entries_changed_by_type"":{""depth"":152,""quantization"":0,""joint_aware"":0,""interaction_aware"":0,""sequential_quantization"":0,""fixed_quant_depth"":0,""component crossover"":0,""component crossover + repair"":0,""layer bundle crossover"":0,""layer bundle crossover + repair"":0,""local exchange crossover"":0},""quant_assignments_changed_by_type"":{""depth"":112,""quantization"":127,""joint_aware"":0,""interaction_aware"":0,""sequential_quantization"":0,""fixed_quant_depth"":0,""component crossover"":0,""component crossover + repair"":0,""layer bundle crossover"":0,""layer bundle crossover + repair"":0,""local exchange crossover"":40},""depth_mask_entries_changed_total"":152,""quant_assignments_changed_total"":279,""interaction_aware_details"":{""budget_repair_quant_changes"":0,""preferred_quant_exchanges_used"":0,""fallback_quant_exchanges_used"":0},""crossover_diagnostics"":{""crossover_type"":""local_exchange"",""crossover_parent_selection"":""uniform"",""crossover_offspring"":20,""crossover_offspring_accepted"":20,""mutation_offspring_accepted"":108,""mutation_offspring"":108,""crossover_offspring_attempted"":114,""crossover_duplicates"":94,""crossover_infeasible_candidates"":0,""crossover_repair_changed_gene_count"":0,""crossover_repaired_proposals"":0,""parent_distance_mean"":5.93859649122807,""parent_distance_min"":2,""parent_distance_max"":10,""child_distance_from_parent_a_mean"":2.0,""child_distance_from_parent_b_mean"":3.93859649122807,""layers_from_parent_a_mean"":null,""layers_from_parent_b_mean"":null,""crossover_no_legal_exchange"":0,""local_exchange_attention"":0,""local_exchange_mlp"":0,""local_exchange_quantization"":20,""local_exchange_block"":0,""parent_distance_count"":114,""child_distance_from_base_mean"":2.0,""child_distance_from_base_min"":2,""child_distance_from_base_max"":2,""child_distance_from_base_count"":20,""child_distance_from_donor_mean"":5.7,""child_distance_from_donor_min"":1,""child_distance_from_donor_max"":8,""child_distance_from_donor_count"":20,""donor_distance_reduction_mean"":2.0,""donor_distance_reduction_min"":2,""donor_distance_reduction_max"":2,""donor_distance_reduction_count"":20,""local_exchange_changed_gene_count_mean"":2.0,""local_exchange_changed_gene_count_min"":2,""local_exchange_changed_gene_count_max"":2,""local_exchange_changed_gene_count_count"":20,""child_distance_statistics_scope"":""accepted_unique_crossover_offspring"",""parent_distance_statistics_scope"":""crossover_attempts"",""persistent_population_size"":4,""unique_population_size"":4,""best_population_fitness"":0.4404296875,""configured_survivors_per_selection"":[16,4,1],""effective_survivors_per_selection"":[16,4,4],""effective_final_survivor_count"":4},""offspring_generation"":{""attempts"":223,""no_op_mutations"":0,""duplicate_candidates"":95,""infeasible_candidates"":0,""fixed_quant_legal_swap_counts"":[]},""maximum_depth_mutations_per_offspring"":3,""quantization_step_size"":1,""quantization_mutations_per_offspring"":1,""joint_aware_probability"":0.0,""adaptive_mutation"":false,""adaptive_mutation_strength"":1,""adaptive_mutation_patience"":3,""adaptive_mutation_max_strength"":3,""coarse_to_fine_mutation"":false,""coarse_to_fine_start_strength"":3,""coarse_to_fine_end_strength"":1,""stagnation_generations_after_selection"":0}",quantization,True,223,128,16,8,262144,262144,1048576,15204,157294592,112064.184407486,15276.82177734375
101,0.437744140625,0.4404296875,kl,0.437744140625,9.9609375,9.5625,12.6171875,,917504,"{""wikitext2"":327680,""c4"":589824}",128,16,4,1,"[16,4,1]","[2048,16384,131072]",5503193088,4.083333333333333,3216.5078125,26982023168,26982023168,0,8,8,"{""type"":""mixed_depth_quantization"",""sequential_mode"":""none"",""joint_mutation_mode"":""standard"",""parent_before_generation_hash"":""ec96a8dff7e811d2909b0e824fb531e957c6102474b24bbe2662adffc6520807"",""parent_after_generation_hash"":""96ebd2ff830374ed0be1bad3225b2831597691d9cddf1dec1104b2e935e35129"",""generated_offspring_by_type"":{""depth"":63,""quantization"":56,""joint_aware"":0,""interaction_aware"":0,""sequential_quantization"":0,""fixed_quant_depth"":0,""component crossover"":0,""component crossover + repair"":0,""layer bundle crossover"":0,""layer bundle crossover + repair"":0,""local exchange crossover"":9},""depth_mask_entries_changed_by_type"":{""depth"":194,""quantization"":0,""joint_aware"":0,""interaction_aware"":0,""sequential_quantization"":0,""fixed_quant_depth"":0,""component crossover"":0,""component crossover + repair"":0,""layer bundle crossover"":0,""layer bundle crossover + repair"":0,""local exchange crossover"":0},""quant_assignments_changed_by_type"":{""depth"":162,""quantization"":129,""joint_aware"":0,""interaction_aware"":0,""sequential_quantization"":0,""fixed_quant_depth"":0,""component crossover"":0,""component crossover + repair"":0,""layer bundle crossover"":0,""layer bundle crossover + repair"":0,""local exchange crossover"":18},""depth_mask_entries_changed_total"":194,""quant_assignments_changed_total"":309,""interaction_aware_details"":{""budget_repair_quant_changes"":0,""preferred_quant_exchanges_used"":0,""fallback_quant_exchanges_used"":0},""crossover_diagnostics"":{""crossover_type"":""local_exchange"",""crossover_parent_selection"":""uniform"",""crossover_offspring"":9,""crossover_offspring_accepted"":9,""mutation_offspring_accepted"":119,""mutation_offspring"":119,""crossover_offspring_attempted"":119,""crossover_duplicates"":110,""crossover_infeasible_candidates"":0,""crossover_repair_changed_gene_count"":0,""crossover_repaired_proposals"":0,""parent_distance_mean"":3.495798319327731,""parent_distance_min"":2,""parent_distance_max"":5,""child_distance_from_parent_a_mean"":2.0,""child_distance_from_parent_b_mean"":1.495798319327731,""layers_from_parent_a_mean"":null,""layers_from_parent_b_mean"":null,""crossover_no_legal_exchange"":0,""local_exchange_attention"":0,""local_exchange_mlp"":0,""local_exchange_quantization"":9,""local_exchange_block"":0,""parent_distance_count"":119,""child_distance_from_base_mean"":2.0,""child_distance_from_base_min"":2,""child_distance_from_base_max"":2,""child_distance_from_base_count"":9,""child_distance_from_donor_mean"":2.4444444444444446,""child_distance_from_donor_min"":1,""child_distance_from_donor_max"":3,""child_distance_from_donor_count"":9,""donor_distance_reduction_mean"":2.0,""donor_distance_reduction_min"":2,""donor_distance_reduction_max"":2,""donor_distance_reduction_count"":9,""local_exchange_changed_gene_count_mean"":2.0,""local_exchange_changed_gene_count_min"":2,""local_exchange_changed_gene_count_max"":2,""local_exchange_changed_gene_count_count"":9,""child_distance_statistics_scope"":""accepted_unique_crossover_offspring"",""parent_distance_statistics_scope"":""crossover_attempts"",""persistent_population_size"":4,""unique_population_size"":4,""best_population_fitness"":0.437744140625,""configured_survivors_per_selection"":[16,4,1],""effective_survivors_per_selection"":[16,4,4],""effective_final_survivor_count"":4},""offspring_generation"":{""attempts"":238,""no_op_mutations"":0,""duplicate_candidates"":110,""infeasible_candidates"":0,""fixed_quant_legal_swap_counts"":[]},""maximum_depth_mutations_per_offspring"":3,""quantization_step_size"":1,""quantization_mutations_per_offspring"":1,""joint_aware_probability"":0.0,""adaptive_mutation"":false,""adaptive_mutation_strength"":1,""adaptive_mutation_patience"":3,""adaptive_mutation_max_strength"":3,""coarse_to_fine_mutation"":false,""coarse_to_fine_start_strength"":3,""coarse_to_fine_end_strength"":1,""stagnation_generations_after_selection"":0}",quantization,True,238,128,16,8,262144,262144,1048576,15356,158867456,113273.83498914703,15276.82177734375
102,0.4697265625,0.437744140625,kl,0.4697265625,,,,,0,{},128,16,4,1,"[16,4,1]","[2048,16384,131072]",5503193088,4.083333333333333,3216.5078125,26982023168,26982023168,0,8,8,"{""type"":""mixed_depth_quantization"",""sequential_mode"":""none"",""joint_mutation_mode"":""standard"",""parent_before_generation_hash"":""96ebd2ff830374ed0be1bad3225b2831597691d9cddf1dec1104b2e935e35129"",""parent_after_generation_hash"":""16adb1616e60543fc4f60dbd70f54dd7c9673e5e8aa4247a98b924e6d38dc2fc"",""generated_offspring_by_type"":{""depth"":61,""quantization"":51,""joint_aware"":0,""interaction_aware"":0,""sequential_quantization"":0,""fixed_quant_depth"":0,""component crossover"":0,""component crossover + repair"":0,""layer bundle crossover"":0,""layer bundle crossover + repair"":0,""local exchange crossover"":16},""depth_mask_entries_changed_by_type"":{""depth"":194,""quantization"":0,""joint_aware"":0,""interaction_aware"":0,""sequential_quantization"":0,""fixed_quant_depth"":0,""component crossover"":0,""component crossover + repair"":0,""layer bundle crossover"":0,""layer bundle crossover + repair"":0,""local exchange crossover"":0},""quant_assignments_changed_by_type"":{""depth"":166,""quantization"":124,""joint_aware"":0,""interaction_aware"":0,""sequential_quantization"":0,""fixed_quant_depth"":0,""component crossover"":0,""component crossover + repair"":0,""layer bundle crossover"":0,""layer bundle crossover + repair"":0,""local exchange crossover"":32},""depth_mask_entries_changed_total"":194,""quant_assignments_changed_total"":322,""interaction_aware_details"":{""budget_repair_quant_changes"":0,""preferred_quant_exchanges_used"":0,""fallback_quant_exchanges_used"":0},""crossover_diagnostics"":{""crossover_type"":""local_exchange"",""crossover_parent_selection"":""uniform"",""crossover_offspring"":16,""crossover_offspring_accepted"":16,""mutation_offspring_accepted"":112,""mutation_offspring"":112,""crossover_offspring_attempted"":96,""crossover_duplicates"":80,""crossover_infeasible_candidates"":0,""crossover_repair_changed_gene_count"":0,""crossover_repaired_proposals"":0,""parent_distance_mean"":4.78125,""parent_distance_min"":2,""parent_distance_max"":9,""child_distance_from_parent_a_mean"":2.0,""child_distance_from_parent_b_mean"":2.78125,""layers_from_parent_a_mean"":null,""layers_from_parent_b_mean"":null,""crossover_no_legal_exchange"":0,""local_exchange_attention"":0,""local_exchange_mlp"":0,""local_exchange_quantization"":16,""local_exchange_block"":0,""parent_distance_count"":96,""child_distance_from_base_mean"":2.0,""child_distance_from_base_min"":2,""child_distance_from_base_max"":2,""child_distance_from_base_count"":16,""child_distance_from_donor_mean"":5.125,""child_distance_from_donor_min"":1,""child_distance_from_donor_max"":7,""child_distance_from_donor_count"":16,""donor_distance_reduction_mean"":2.0,""donor_distance_reduction_min"":2,""donor_distance_reduction_max"":2,""donor_distance_reduction_count"":16,""local_exchange_changed_gene_count_mean"":2.0,""local_exchange_changed_gene_count_min"":2,""local_exchange_changed_gene_count_max"":2,""local_exchange_changed_gene_count_count"":16,""child_distance_statistics_scope"":""accepted_unique_crossover_offspring"",""parent_distance_statistics_scope"":""crossover_attempts"",""persistent_population_size"":4,""unique_population_size"":4,""best_population_fitness"":0.4697265625,""configured_survivors_per_selection"":[16,4,1],""effective_survivors_per_selection"":[16,4,4],""effective_final_survivor_count"":4},""offspring_generation"":{""attempts"":208,""no_op_mutations"":0,""duplicate_candidates"":80,""infeasible_candidates"":0,""fixed_quant_legal_swap_counts"":[]},""maximum_depth_mutations_per_offspring"":3,""quantization_step_size"":1,""quantization_mutations_per_offspring"":1,""joint_aware_probability"":0.0,""adaptive_mutation"":false,""adaptive_mutation_strength"":1,""adaptive_mutation_patience"":3,""adaptive_mutation_max_strength"":3,""coarse_to_fine_mutation"":false,""coarse_to_fine_start_strength"":3,""coarse_to_fine_end_strength"":1,""stagnation_generations_after_selection"":0}",quantization,True,208,128,16,8,262144,262144,1048576,15508,160440320,114373.52818186703,15276.82177734375
103,0.443603515625,0.4697265625,kl,0.443603515625,,,,,0,{},128,16,4,1,"[16,4,1]","[2048,16384,131072]",5503193088,4.083333333333333,3216.5078125,26982023168,26982023168,0,8,8,"{""type"":""mixed_depth_quantization"",""sequential_mode"":""none"",""joint_mutation_mode"":""standard"",""parent_before_generation_hash"":""16adb1616e60543fc4f60dbd70f54dd7c9673e5e8aa4247a98b924e6d38dc2fc"",""parent_after_generation_hash"":""917564d5ff8786cb863ddea8408b934170bf8331ec2c59afc01c63609ddaadb4"",""generated_offspring_by_type"":{""depth"":59,""quantization"":50,""joint_aware"":0,""interaction_aware"":0,""sequential_quantization"":0,""fixed_quant_depth"":0,""component crossover"":0,""component crossover + repair"":0,""layer bundle crossover"":0,""layer bundle crossover + repair"":0,""local exchange crossover"":19},""depth_mask_entries_changed_by_type"":{""depth"":170,""quantization"":0,""joint_aware"":0,""interaction_aware"":0,""sequential_quantization"":0,""fixed_quant_depth"":0,""component crossover"":0,""component crossover + repair"":0,""layer bundle crossover"":0,""layer bundle crossover + repair"":0,""local exchange crossover"":0},""quant_assignments_changed_by_type"":{""depth"":146,""quantization"":124,""joint_aware"":0,""interaction_aware"":0,""sequential_quantization"":0,""fixed_quant_depth"":0,""component crossover"":0,""component crossover + repair"":0,""layer bundle crossover"":0,""layer bundle crossover + repair"":0,""local exchange crossover"":38},""depth_mask_entries_changed_total"":170,""quant_assignments_changed_total"":308,""interaction_aware_details"":{""budget_repair_quant_changes"":0,""preferred_quant_exchanges_used"":0,""fallback_quant_exchanges_used"":0},""crossover_diagnostics"":{""crossover_type"":""local_exchange"",""crossover_parent_selection"":""uniform"",""crossover_offspring"":19,""crossover_offspring_accepted"":19,""mutation_offspring_accepted"":109,""mutation_offspring"":109,""crossover_offspring_attempted"":99,""crossover_duplicates"":80,""crossover_infeasible_candidates"":0,""crossover_repair_changed_gene_count"":0,""crossover_repaired_proposals"":0,""parent_distance_mean"":4.858585858585859,""parent_distance_min"":2,""parent_distance_max"":7,""child_distance_from_parent_a_mean"":2.0,""child_distance_from_parent_b_mean"":2.8585858585858586,""layers_from_parent_a_mean"":null,""layers_from_parent_b_mean"":null,""crossover_no_legal_exchange"":0,""local_exchange_attention"":0,""local_exchange_mlp"":0,""local_exchange_quantization"":19,""local_exchange_block"":0,""parent_distance_count"":99,""child_distance_from_base_mean"":2.0,""child_distance_from_base_min"":2,""child_distance_from_base_max"":2,""child_distance_from_base_count"":19,""child_distance_from_donor_mean"":3.8947368421052633,""child_distance_from_donor_min"":2,""child_distance_from_donor_max"":5,""child_distance_from_donor_count"":19,""donor_distance_reduction_mean"":2.0,""donor_distance_reduction_min"":2,""donor_distance_reduction_max"":2,""donor_distance_reduction_count"":19,""local_exchange_changed_gene_count_mean"":2.0,""local_exchange_changed_gene_count_min"":2,""local_exchange_changed_gene_count_max"":2,""local_exchange_changed_gene_count_count"":19,""child_distance_statistics_scope"":""accepted_unique_crossover_offspring"",""parent_distance_statistics_scope"":""crossover_attempts"",""persistent_population_size"":4,""unique_population_size"":4,""best_population_fitness"":0.443603515625,""configured_survivors_per_selection"":[16,4,1],""effective_survivors_per_selection"":[16,4,4],""effective_final_survivor_count"":4},""offspring_generation"":{""attempts"":208,""no_op_mutations"":0,""duplicate_candidates"":80,""infeasible_candidates"":0,""fixed_quant_legal_swap_counts"":[]},""maximum_depth_mutations_per_offspring"":3,""quantization_step_size"":1,""quantization_mutations_per_offspring"":1,""joint_aware_probability"":0.0,""adaptive_mutation"":false,""adaptive_mutation_strength"":1,""adaptive_mutation_patience"":3,""adaptive_mutation_max_strength"":3,""coarse_to_fine_mutation"":false,""coarse_to_fine_start_strength"":3,""coarse_to_fine_end_strength"":1,""stagnation_generations_after_selection"":0}",quantization,True,208,128,16,8,262144,262144,1048576,15660,162013184,115390.429412589,15276.82177734375
104,0.469970703125,0.443603515625,kl,0.469970703125,,,,,0,{},128,16,4,1,"[16,4,1]","[2048,16384,131072]",5503193088,4.083333333333333,3216.5078125,26982023168,26982023168,0,8,8,"{""type"":""mixed_depth_quantization"",""sequential_mode"":""none"",""joint_mutation_mode"":""standard"",""parent_before_generation_hash"":""917564d5ff8786cb863ddea8408b934170bf8331ec2c59afc01c63609ddaadb4"",""parent_after_generation_hash"":""2bb4a9629d0766de44e6b15217f436c805ab70eff1e17db721f86b9e28c1514f"",""generated_offspring_by_type"":{""depth"":48,""quantization"":46,""joint_aware"":0,""interaction_aware"":0,""sequential_quantization"":0,""fixed_quant_depth"":0,""component crossover"":0,""component crossover + repair"":0,""layer bundle crossover"":0,""layer bundle crossover + repair"":0,""local exchange crossover"":34},""depth_mask_entries_changed_by_type"":{""depth"":146,""quantization"":0,""joint_aware"":0,""interaction_aware"":0,""sequential_quantization"":0,""fixed_quant_depth"":0,""component crossover"":0,""component crossover + repair"":0,""layer bundle crossover"":0,""layer bundle crossover + repair"":0,""local exchange crossover"":0},""quant_assignments_changed_by_type"":{""depth"":116,""quantization"":110,""joint_aware"":0,""interaction_aware"":0,""sequential_quantization"":0,""fixed_quant_depth"":0,""component crossover"":0,""component crossover + repair"":0,""layer bundle crossover"":0,""layer bundle crossover + repair"":0,""local exchange crossover"":68},""depth_mask_entries_changed_total"":146,""quant_assignments_changed_total"":294,""interaction_aware_details"":{""budget_repair_quant_changes"":0,""preferred_quant_exchanges_used"":0,""fallback_quant_exchanges_used"":0},""crossover_diagnostics"":{""crossover_type"":""local_exchange"",""crossover_parent_selection"":""uniform"",""crossover_offspring"":34,""crossover_offspring_accepted"":34,""mutation_offspring_accepted"":94,""mutation_offspring"":94,""crossover_offspring_attempted"":95,""crossover_duplicates"":61,""crossover_infeasible_candidates"":0,""crossover_repair_changed_gene_count"":0,""crossover_repaired_proposals"":0,""parent_distance_mean"":6.631578947368421,""parent_distance_min"":2,""parent_distance_max"":10,""child_distance_from_parent_a_mean"":2.0,""child_distance_from_parent_b_mean"":4.631578947368421,""layers_from_parent_a_mean"":null,""layers_from_parent_b_mean"":null,""crossover_no_legal_exchange"":0,""local_exchange_attention"":0,""local_exchange_mlp"":0,""local_exchange_quantization"":34,""local_exchange_block"":0,""parent_distance_count"":95,""child_distance_from_base_mean"":2.0,""child_distance_from_base_min"":2,""child_distance_from_base_max"":2,""child_distance_from_base_count"":34,""child_distance_from_donor_mean"":6.117647058823529,""child_distance_from_donor_min"":4,""child_distance_from_donor_max"":8,""child_distance_from_donor_count"":34,""donor_distance_reduction_mean"":2.0,""donor_distance_reduction_min"":2,""donor_distance_reduction_max"":2,""donor_distance_reduction_count"":34,""local_exchange_changed_gene_count_mean"":2.0,""local_exchange_changed_gene_count_min"":2,""local_exchange_changed_gene_count_max"":2,""local_exchange_changed_gene_count_count"":34,""child_distance_statistics_scope"":""accepted_unique_crossover_offspring"",""parent_distance_statistics_scope"":""crossover_attempts"",""persistent_population_size"":4,""unique_population_size"":4,""best_population_fitness"":0.469970703125,""configured_survivors_per_selection"":[16,4,1],""effective_survivors_per_selection"":[16,4,4],""effective_final_survivor_count"":4},""offspring_generation"":{""attempts"":189,""no_op_mutations"":0,""duplicate_candidates"":61,""infeasible_candidates"":0,""fixed_quant_legal_swap_counts"":[]},""maximum_depth_mutations_per_offspring"":3,""quantization_step_size"":1,""quantization_mutations_per_offspring"":1,""joint_aware_probability"":0.0,""adaptive_mutation"":false,""adaptive_mutation_strength"":1,""adaptive_mutation_patience"":3,""adaptive_mutation_max_strength"":3,""coarse_to_fine_mutation"":false,""coarse_to_fine_start_strength"":3,""coarse_to_fine_end_strength"":1,""stagnation_generations_after_selection"":0}",quantization,True,189,128,16,8,262144,262144,1048576,15812,163586048,116500.46916253801,15276.82177734375
105,0.457763671875,0.469970703125,kl,0.457763671875,,,,,0,{},128,16,4,1,"[16,4,1]","[2048,16384,131072]",5503193088,4.083333333333333,3216.5078125,26982023168,26982023168,0,8,8,"{""type"":""mixed_depth_quantization"",""sequential_mode"":""none"",""joint_mutation_mode"":""standard"",""parent_before_generation_hash"":""2bb4a9629d0766de44e6b15217f436c805ab70eff1e17db721f86b9e28c1514f"",""parent_after_generation_hash"":""d3ae72467955dcef55bbefde8d85992c5510e5e7210127138e361526265fa1ae"",""generated_offspring_by_type"":{""depth"":60,""quantization"":33,""joint_aware"":0,""interaction_aware"":0,""sequential_quantization"":0,""fixed_quant_depth"":0,""component crossover"":0,""component crossover + repair"":0,""layer bundle crossover"":0,""layer bundle crossover + repair"":0,""local exchange crossover"":35},""depth_mask_entries_changed_by_type"":{""depth"":176,""quantization"":0,""joint_aware"":0,""interaction_aware"":0,""sequential_quantization"":0,""fixed_quant_depth"":0,""component crossover"":0,""component crossover + repair"":0,""layer bundle crossover"":0,""layer bundle crossover + repair"":0,""local exchange crossover"":0},""quant_assignments_changed_by_type"":{""depth"":141,""quantization"":77,""joint_aware"":0,""interaction_aware"":0,""sequential_quantization"":0,""fixed_quant_depth"":0,""component crossover"":0,""component crossover + repair"":0,""layer bundle crossover"":0,""layer bundle crossover + repair"":0,""local exchange crossover"":70},""depth_mask_entries_changed_total"":176,""quant_assignments_changed_total"":288,""interaction_aware_details"":{""budget_repair_quant_changes"":0,""preferred_quant_exchanges_used"":0,""fallback_quant_exchanges_used"":0},""crossover_diagnostics"":{""crossover_type"":""local_exchange"",""crossover_parent_selection"":""uniform"",""crossover_offspring"":35,""crossover_offspring_accepted"":35,""mutation_offspring_accepted"":93,""mutation_offspring"":93,""crossover_offspring_attempted"":91,""crossover_duplicates"":56,""crossover_infeasible_candidates"":0,""crossover_repair_changed_gene_count"":0,""crossover_repaired_proposals"":0,""parent_distance_mean"":6.021978021978022,""parent_distance_min"":4,""parent_distance_max"":9,""child_distance_from_parent_a_mean"":2.0,""child_distance_from_parent_b_mean"":4.021978021978022,""layers_from_parent_a_mean"":null,""layers_from_parent_b_mean"":null,""crossover_no_legal_exchange"":0,""local_exchange_attention"":0,""local_exchange_mlp"":0,""local_exchange_quantization"":35,""local_exchange_block"":0,""parent_distance_count"":91,""child_distance_from_base_mean"":2.0,""child_distance_from_base_min"":2,""child_distance_from_base_max"":2,""child_distance_from_base_count"":35,""child_distance_from_donor_mean"":4.9714285714285715,""child_distance_from_donor_min"":2,""child_distance_from_donor_max"":7,""child_distance_from_donor_count"":35,""donor_distance_reduction_mean"":2.0,""donor_distance_reduction_min"":2,""donor_distance_reduction_max"":2,""donor_distance_reduction_count"":35,""local_exchange_changed_gene_count_mean"":2.0,""local_exchange_changed_gene_count_min"":2,""local_exchange_changed_gene_count_max"":2,""local_exchange_changed_gene_count_count"":35,""child_distance_statistics_scope"":""accepted_unique_crossover_offspring"",""parent_distance_statistics_scope"":""crossover_attempts"",""persistent_population_size"":4,""unique_population_size"":4,""best_population_fitness"":0.457763671875,""configured_survivors_per_selection"":[16,4,1],""effective_survivors_per_selection"":[16,4,4],""effective_final_survivor_count"":4},""offspring_generation"":{""attempts"":184,""no_op_mutations"":0,""duplicate_candidates"":56,""infeasible_candidates"":0,""fixed_quant_legal_swap_counts"":[]},""maximum_depth_mutations_per_offspring"":3,""quantization_step_size"":1,""quantization_mutations_per_offspring"":1,""joint_aware_probability"":0.0,""adaptive_mutation"":false,""adaptive_mutation_strength"":1,""adaptive_mutation_patience"":3,""adaptive_mutation_max_strength"":3,""coarse_to_fine_mutation"":false,""coarse_to_fine_start_strength"":3,""coarse_to_fine_end_strength"":1,""stagnation_generations_after_selection"":0}",quantization,True,184,128,16,8,262144,262144,1048576,15964,165158912,117475.55700101901,15276.82177734375
106,0.478515625,0.457763671875,kl,0.478515625,9.921875,9.5078125,12.6171875,,917504,"{""wikitext2"":327680,""c4"":589824}",128,16,4,1,"[16,4,1]","[2048,16384,131072]",5503193088,4.083333333333333,3216.5078125,26982023168,26982023168,0,8,8,"{""type"":""mixed_depth_quantization"",""sequential_mode"":""none"",""joint_mutation_mode"":""standard"",""parent_before_generation_hash"":""d3ae72467955dcef55bbefde8d85992c5510e5e7210127138e361526265fa1ae"",""parent_after_generation_hash"":""a94672e48e45f99709e7302884cc632e894be98fd384b09775e6f6209a7aae9e"",""generated_offspring_by_type"":{""depth"":58,""quantization"":59,""joint_aware"":0,""interaction_aware"":0,""sequential_quantization"":0,""fixed_quant_depth"":0,""component crossover"":0,""component crossover + repair"":0,""layer bundle crossover"":0,""layer bundle crossover + repair"":0,""local exchange crossover"":11},""depth_mask_entries_changed_by_type"":{""depth"":174,""quantization"":0,""joint_aware"":0,""interaction_aware"":0,""sequential_quantization"":0,""fixed_quant_depth"":0,""component crossover"":0,""component crossover + repair"":0,""layer bundle crossover"":0,""layer bundle crossover + repair"":0,""local exchange crossover"":0},""quant_assignments_changed_by_type"":{""depth"":134,""quantization"":136,""joint_aware"":0,""interaction_aware"":0,""sequential_quantization"":0,""fixed_quant_depth"":0,""component crossover"":0,""component crossover + repair"":0,""layer bundle crossover"":0,""layer bundle crossover + repair"":0,""local exchange crossover"":22},""depth_mask_entries_changed_total"":174,""quant_assignments_changed_total"":292,""interaction_aware_details"":{""budget_repair_quant_changes"":0,""preferred_quant_exchanges_used"":0,""fallback_quant_exchanges_used"":0},""crossover_diagnostics"":{""crossover_type"":""local_exchange"",""crossover_parent_selection"":""uniform"",""crossover_offspring"":11,""crossover_offspring_accepted"":11,""mutation_offspring_accepted"":117,""mutation_offspring"":117,""crossover_offspring_attempted"":117,""crossover_duplicates"":106,""crossover_infeasible_candidates"":0,""crossover_repair_changed_gene_count"":0,""crossover_repaired_proposals"":0,""parent_distance_mean"":3.52991452991453,""parent_distance_min"":2,""parent_distance_max"":5,""child_distance_from_parent_a_mean"":2.0,""child_distance_from_parent_b_mean"":1.5299145299145298,""layers_from_parent_a_mean"":null,""layers_from_parent_b_mean"":null,""crossover_no_legal_exchange"":0,""local_exchange_attention"":0,""local_exchange_mlp"":0,""local_exchange_quantization"":11,""local_exchange_block"":0,""parent_distance_count"":117,""child_distance_from_base_mean"":2.0,""child_distance_from_base_min"":2,""child_distance_from_base_max"":2,""child_distance_from_base_count"":11,""child_distance_from_donor_mean"":2.6363636363636362,""child_distance_from_donor_min"":1,""child_distance_from_donor_max"":3,""child_distance_from_donor_count"":11,""donor_distance_reduction_mean"":2.0,""donor_distance_reduction_min"":2,""donor_distance_reduction_max"":2,""donor_distance_reduction_count"":11,""local_exchange_changed_gene_count_mean"":2.0,""local_exchange_changed_gene_count_min"":2,""local_exchange_changed_gene_count_max"":2,""local_exchange_changed_gene_count_count"":11,""child_distance_statistics_scope"":""accepted_unique_crossover_offspring"",""parent_distance_statistics_scope"":""crossover_attempts"",""persistent_population_size"":4,""unique_population_size"":4,""best_population_fitness"":0.478515625,""configured_survivors_per_selection"":[16,4,1],""effective_survivors_per_selection"":[16,4,4],""effective_final_survivor_count"":4},""offspring_generation"":{""attempts"":234,""no_op_mutations"":0,""duplicate_candidates"":106,""infeasible_candidates"":0,""fixed_quant_legal_swap_counts"":[]},""maximum_depth_mutations_per_offspring"":3,""quantization_step_size"":1,""quantization_mutations_per_offspring"":1,""joint_aware_probability"":0.0,""adaptive_mutation"":false,""adaptive_mutation_strength"":1,""adaptive_mutation_patience"":3,""adaptive_mutation_max_strength"":3,""coarse_to_fine_mutation"":false,""coarse_to_fine_start_strength"":3,""coarse_to_fine_end_strength"":1,""stagnation_generations_after_selection"":0}",quantization,True,234,128,16,8,262144,262144,1048576,16116,166731776,118653.002390103,15276.82177734375
107,0.47265625,0.478515625,kl,0.47265625,,,,,0,{},128,16,4,1,"[16,4,1]","[2048,16384,131072]",5503193088,4.083333333333333,3216.5078125,26982023168,26982023168,0,8,8,"{""type"":""mixed_depth_quantization"",""sequential_mode"":""none"",""joint_mutation_mode"":""standard"",""parent_before_generation_hash"":""a94672e48e45f99709e7302884cc632e894be98fd384b09775e6f6209a7aae9e"",""parent_after_generation_hash"":""408cb845a9ada5911f7f6c76331927885a28ca15ab156d28af98dfa813933659"",""generated_offspring_by_type"":{""depth"":50,""quantization"":67,""joint_aware"":0,""interaction_aware"":0,""sequential_quantization"":0,""fixed_quant_depth"":0,""component crossover"":0,""component crossover + repair"":0,""layer bundle crossover"":0,""layer bundle crossover + repair"":0,""local exchange crossover"":11},""depth_mask_entries_changed_by_type"":{""depth"":160,""quantization"":0,""joint_aware"":0,""interaction_aware"":0,""sequential_quantization"":0,""fixed_quant_depth"":0,""component crossover"":0,""component crossover + repair"":0,""layer bundle crossover"":0,""layer bundle crossover + repair"":0,""local exchange crossover"":0},""quant_assignments_changed_by_type"":{""depth"":120,""quantization"":154,""joint_aware"":0,""interaction_aware"":0,""sequential_quantization"":0,""fixed_quant_depth"":0,""component crossover"":0,""component crossover + repair"":0,""layer bundle crossover"":0,""layer bundle crossover + repair"":0,""local exchange crossover"":22},""depth_mask_entries_changed_total"":160,""quant_assignments_changed_total"":296,""interaction_aware_details"":{""budget_repair_quant_changes"":0,""preferred_quant_exchanges_used"":0,""fallback_quant_exchanges_used"":0},""crossover_diagnostics"":{""crossover_type"":""local_exchange"",""crossover_parent_selection"":""uniform"",""crossover_offspring"":11,""crossover_offspring_accepted"":11,""mutation_offspring_accepted"":117,""mutation_offspring"":117,""crossover_offspring_attempted"":149,""crossover_duplicates"":138,""crossover_infeasible_candidates"":0,""crossover_repair_changed_gene_count"":0,""crossover_repaired_proposals"":0,""parent_distance_mean"":3.7449664429530203,""parent_distance_min"":2,""parent_distance_max"":6,""child_distance_from_parent_a_mean"":2.0,""child_distance_from_parent_b_mean"":1.74496644295302,""layers_from_parent_a_mean"":null,""layers_from_parent_b_mean"":null,""crossover_no_legal_exchange"":0,""local_exchange_attention"":0,""local_exchange_mlp"":0,""local_exchange_quantization"":11,""local_exchange_block"":0,""parent_distance_count"":149,""child_distance_from_base_mean"":2.0,""child_distance_from_base_min"":2,""child_distance_from_base_max"":2,""child_distance_from_base_count"":11,""child_distance_from_donor_mean"":2.909090909090909,""child_distance_from_donor_min"":2,""child_distance_from_donor_max"":4,""child_distance_from_donor_count"":11,""donor_distance_reduction_mean"":2.0,""donor_distance_reduction_min"":2,""donor_distance_reduction_max"":2,""donor_distance_reduction_count"":11,""local_exchange_changed_gene_count_mean"":2.0,""local_exchange_changed_gene_count_min"":2,""local_exchange_changed_gene_count_max"":2,""local_exchange_changed_gene_count_count"":11,""child_distance_statistics_scope"":""accepted_unique_crossover_offspring"",""parent_distance_statistics_scope"":""crossover_attempts"",""persistent_population_size"":4,""unique_population_size"":4,""best_population_fitness"":0.47265625,""configured_survivors_per_selection"":[16,4,1],""effective_survivors_per_selection"":[16,4,4],""effective_final_survivor_count"":4},""offspring_generation"":{""attempts"":266,""no_op_mutations"":0,""duplicate_candidates"":138,""infeasible_candidates"":0,""fixed_quant_legal_swap_counts"":[]},""maximum_depth_mutations_per_offspring"":3,""quantization_step_size"":1,""quantization_mutations_per_offspring"":1,""joint_aware_probability"":0.0,""adaptive_mutation"":false,""adaptive_mutation_strength"":1,""adaptive_mutation_patience"":3,""adaptive_mutation_max_strength"":3,""coarse_to_fine_mutation"":false,""coarse_to_fine_start_strength"":3,""coarse_to_fine_end_strength"":1,""stagnation_generations_after_selection"":0}",quantization,True,266,128,16,8,262144,262144,1048576,16268,168304640,119755.25088825001,15276.82177734375
108,0.463623046875,0.47265625,kl,0.463623046875,,,,,0,{},128,16,4,1,"[16,4,1]","[2048,16384,131072]",5503193088,4.083333333333333,3216.5078125,26982023168,26982023168,0,8,8,"{""type"":""mixed_depth_quantization"",""sequential_mode"":""none"",""joint_mutation_mode"":""standard"",""parent_before_generation_hash"":""408cb845a9ada5911f7f6c76331927885a28ca15ab156d28af98dfa813933659"",""parent_after_generation_hash"":""9789b1348543d650ed81306fdefbfd67d41f6b36bd94cf7c52f177c9dd1d71fb"",""generated_offspring_by_type"":{""depth"":50,""quantization"":65,""joint_aware"":0,""interaction_aware"":0,""sequential_quantization"":0,""fixed_quant_depth"":0,""component crossover"":0,""component crossover + repair"":0,""layer bundle crossover"":0,""layer bundle crossover + repair"":0,""local exchange crossover"":13},""depth_mask_entries_changed_by_type"":{""depth"":128,""quantization"":0,""joint_aware"":0,""interaction_aware"":0,""sequential_quantization"":0,""fixed_quant_depth"":0,""component crossover"":0,""component crossover + repair"":0,""layer bundle crossover"":0,""layer bundle crossover + repair"":0,""local exchange crossover"":0},""quant_assignments_changed_by_type"":{""depth"":103,""quantization"":153,""joint_aware"":0,""interaction_aware"":0,""sequential_quantization"":0,""fixed_quant_depth"":0,""component crossover"":0,""component crossover + repair"":0,""layer bundle crossover"":0,""layer bundle crossover + repair"":0,""local exchange crossover"":26},""depth_mask_entries_changed_total"":128,""quant_assignments_changed_total"":282,""interaction_aware_details"":{""budget_repair_quant_changes"":0,""preferred_quant_exchanges_used"":0,""fallback_quant_exchanges_used"":0},""crossover_diagnostics"":{""crossover_type"":""local_exchange"",""crossover_parent_selection"":""uniform"",""crossover_offspring"":13,""crossover_offspring_accepted"":13,""mutation_offspring_accepted"":115,""mutation_offspring"":115,""crossover_offspring_attempted"":110,""crossover_duplicates"":97,""crossover_infeasible_candidates"":0,""crossover_repair_changed_gene_count"":0,""crossover_repaired_proposals"":0,""parent_distance_mean"":4.0,""parent_distance_min"":2,""parent_distance_max"":6,""child_distance_from_parent_a_mean"":2.0,""child_distance_from_parent_b_mean"":2.0,""layers_from_parent_a_mean"":null,""layers_from_parent_b_mean"":null,""crossover_no_legal_exchange"":0,""local_exchange_attention"":0,""local_exchange_mlp"":0,""local_exchange_quantization"":13,""local_exchange_block"":0,""parent_distance_count"":110,""child_distance_from_base_mean"":2.0,""child_distance_from_base_min"":2,""child_distance_from_base_max"":2,""child_distance_from_base_count"":13,""child_distance_from_donor_mean"":3.6923076923076925,""child_distance_from_donor_min"":2,""child_distance_from_donor_max"":4,""child_distance_from_donor_count"":13,""donor_distance_reduction_mean"":2.0,""donor_distance_reduction_min"":2,""donor_distance_reduction_max"":2,""donor_distance_reduction_count"":13,""local_exchange_changed_gene_count_mean"":2.0,""local_exchange_changed_gene_count_min"":2,""local_exchange_changed_gene_count_max"":2,""local_exchange_changed_gene_count_count"":13,""child_distance_statistics_scope"":""accepted_unique_crossover_offspring"",""parent_distance_statistics_scope"":""crossover_attempts"",""persistent_population_size"":4,""unique_population_size"":4,""best_population_fitness"":0.463623046875,""configured_survivors_per_selection"":[16,4,1],""effective_survivors_per_selection"":[16,4,4],""effective_final_survivor_count"":4},""offspring_generation"":{""attempts"":225,""no_op_mutations"":0,""duplicate_candidates"":97,""infeasible_candidates"":0,""fixed_quant_legal_swap_counts"":[]},""maximum_depth_mutations_per_offspring"":3,""quantization_step_size"":1,""quantization_mutations_per_offspring"":1,""joint_aware_probability"":0.0,""adaptive_mutation"":false,""adaptive_mutation_strength"":1,""adaptive_mutation_patience"":3,""adaptive_mutation_max_strength"":3,""coarse_to_fine_mutation"":false,""coarse_to_fine_start_strength"":3,""coarse_to_fine_end_strength"":1,""stagnation_generations_after_selection"":0}",quantization,True,225,128,16,8,262144,262144,1048576,16420,169877504,120863.23463525699,15276.82177734375
109,0.461181640625,0.463623046875,kl,0.461181640625,,,,,0,{},128,16,4,1,"[16,4,1]","[2048,16384,131072]",5503193088,4.083333333333333,3216.5078125,26982023168,26982023168,0,8,8,"{""type"":""mixed_depth_quantization"",""sequential_mode"":""none"",""joint_mutation_mode"":""standard"",""parent_before_generation_hash"":""9789b1348543d650ed81306fdefbfd67d41f6b36bd94cf7c52f177c9dd1d71fb"",""parent_after_generation_hash"":""7784698e6ec1b5a560e5f5e77581c2781b52eae52cd5610d2803a2763ffbce32"",""generated_offspring_by_type"":{""depth"":55,""quantization"":41,""joint_aware"":0,""interaction_aware"":0,""sequential_quantization"":0,""fixed_quant_depth"":0,""component crossover"":0,""component crossover + repair"":0,""layer bundle crossover"":0,""layer bundle crossover + repair"":0,""local exchange crossover"":32},""depth_mask_entries_changed_by_type"":{""depth"":170,""quantization"":0,""joint_aware"":0,""interaction_aware"":0,""sequential_quantization"":0,""fixed_quant_depth"":0,""component crossover"":0,""component crossover + repair"":0,""layer bundle crossover"":0,""layer bundle crossover + repair"":0,""local exchange crossover"":0},""quant_assignments_changed_by_type"":{""depth"":127,""quantization"":98,""joint_aware"":0,""interaction_aware"":0,""sequential_quantization"":0,""fixed_quant_depth"":0,""component crossover"":0,""component crossover + repair"":0,""layer bundle crossover"":0,""layer bundle crossover + repair"":0,""local exchange crossover"":64},""depth_mask_entries_changed_total"":170,""quant_assignments_changed_total"":289,""interaction_aware_details"":{""budget_repair_quant_changes"":0,""preferred_quant_exchanges_used"":0,""fallback_quant_exchanges_used"":0},""crossover_diagnostics"":{""crossover_type"":""local_exchange"",""crossover_parent_selection"":""uniform"",""crossover_offspring"":32,""crossover_offspring_accepted"":32,""mutation_offspring_accepted"":96,""mutation_offspring"":96,""crossover_offspring_attempted"":90,""crossover_duplicates"":58,""crossover_infeasible_candidates"":0,""crossover_repair_changed_gene_count"":0,""crossover_repaired_proposals"":0,""parent_distance_mean"":5.333333333333333,""parent_distance_min"":4,""parent_distance_max"":7,""child_distance_from_parent_a_mean"":2.0,""child_distance_from_parent_b_mean"":3.5,""layers_from_parent_a_mean"":null,""layers_from_parent_b_mean"":null,""crossover_no_legal_exchange"":0,""local_exchange_attention"":0,""local_exchange_mlp"":0,""local_exchange_quantization"":32,""local_exchange_block"":0,""parent_distance_count"":90,""child_distance_from_base_mean"":2.0,""child_distance_from_base_min"":2,""child_distance_from_base_max"":2,""child_distance_from_base_count"":32,""child_distance_from_donor_mean"":3.75,""child_distance_from_donor_min"":2,""child_distance_from_donor_max"":5,""child_distance_from_donor_count"":32,""donor_distance_reduction_mean"":1.90625,""donor_distance_reduction_min"":1,""donor_distance_reduction_max"":2,""donor_distance_reduction_count"":32,""local_exchange_changed_gene_count_mean"":2.0,""local_exchange_changed_gene_count_min"":2,""local_exchange_changed_gene_count_max"":2,""local_exchange_changed_gene_count_count"":32,""child_distance_statistics_scope"":""accepted_unique_crossover_offspring"",""parent_distance_statistics_scope"":""crossover_attempts"",""persistent_population_size"":4,""unique_population_size"":4,""best_population_fitness"":0.461181640625,""configured_survivors_per_selection"":[16,4,1],""effective_survivors_per_selection"":[16,4,4],""effective_final_survivor_count"":4},""offspring_generation"":{""attempts"":186,""no_op_mutations"":0,""duplicate_candidates"":58,""infeasible_candidates"":0,""fixed_quant_legal_swap_counts"":[]},""maximum_depth_mutations_per_offspring"":3,""quantization_step_size"":1,""quantization_mutations_per_offspring"":1,""joint_aware_probability"":0.0,""adaptive_mutation"":false,""adaptive_mutation_strength"":1,""adaptive_mutation_patience"":3,""adaptive_mutation_max_strength"":3,""coarse_to_fine_mutation"":false,""coarse_to_fine_start_strength"":3,""coarse_to_fine_end_strength"":1,""stagnation_generations_after_selection"":0}",quantization,True,186,128,16,8,262144,262144,1048576,16572,171450368,121912.86168297601,15276.82177734375
110,0.45068359375,0.461181640625,kl,0.45068359375,,,,,0,{},128,16,4,1,"[16,4,1]","[2048,16384,131072]",5503193088,4.083333333333333,3216.5078125,26982023168,26982023168,0,8,8,"{""type"":""mixed_depth_quantization"",""sequential_mode"":""none"",""joint_mutation_mode"":""standard"",""parent_before_generation_hash"":""7784698e6ec1b5a560e5f5e77581c2781b52eae52cd5610d2803a2763ffbce32"",""parent_after_generation_hash"":""cd56e39eb30668f8288c59b525593d22d1d0cacbeff64dcf50ad336d037eed94"",""generated_offspring_by_type"":{""depth"":58,""quantization"":47,""joint_aware"":0,""interaction_aware"":0,""sequential_quantization"":0,""fixed_quant_depth"":0,""component crossover"":0,""component crossover + repair"":0,""layer bundle crossover"":0,""layer bundle crossover + repair"":0,""local exchange crossover"":23},""depth_mask_entries_changed_by_type"":{""depth"":184,""quantization"":0,""joint_aware"":0,""interaction_aware"":0,""sequential_quantization"":0,""fixed_quant_depth"":0,""component crossover"":0,""component crossover + repair"":0,""layer bundle crossover"":0,""layer bundle crossover + repair"":0,""local exchange crossover"":0},""quant_assignments_changed_by_type"":{""depth"":141,""quantization"":104,""joint_aware"":0,""interaction_aware"":0,""sequential_quantization"":0,""fixed_quant_depth"":0,""component crossover"":0,""component crossover + repair"":0,""layer bundle crossover"":0,""layer bundle crossover + repair"":0,""local exchange crossover"":46},""depth_mask_entries_changed_total"":184,""quant_assignments_changed_total"":291,""interaction_aware_details"":{""budget_repair_quant_changes"":0,""preferred_quant_exchanges_used"":0,""fallback_quant_exchanges_used"":0},""crossover_diagnostics"":{""crossover_type"":""local_exchange"",""crossover_parent_selection"":""uniform"",""crossover_offspring"":23,""crossover_offspring_accepted"":23,""mutation_offspring_accepted"":105,""mutation_offspring"":105,""crossover_offspring_attempted"":120,""crossover_duplicates"":97,""crossover_infeasible_candidates"":0,""crossover_repair_changed_gene_count"":0,""crossover_repaired_proposals"":0,""parent_distance_mean"":5.5,""parent_distance_min"":2,""parent_distance_max"":9,""child_distance_from_parent_a_mean"":2.0,""child_distance_from_parent_b_mean"":3.5,""layers_from_parent_a_mean"":null,""layers_from_parent_b_mean"":null,""crossover_no_legal_exchange"":0,""local_exchange_attention"":0,""local_exchange_mlp"":0,""local_exchange_quantization"":23,""local_exchange_block"":0,""parent_distance_count"":120,""child_distance_from_base_mean"":2.0,""child_distance_from_base_min"":2,""child_distance_from_base_max"":2,""child_distance_from_base_count"":23,""child_distance_from_donor_mean"":6.3478260869565215,""child_distance_from_donor_min"":2,""child_distance_from_donor_max"":7,""child_distance_from_donor_count"":23,""donor_distance_reduction_mean"":2.0,""donor_distance_reduction_min"":2,""donor_distance_reduction_max"":2,""donor_distance_reduction_count"":23,""local_exchange_changed_gene_count_mean"":2.0,""local_exchange_changed_gene_count_min"":2,""local_exchange_changed_gene_count_max"":2,""local_exchange_changed_gene_count_count"":23,""child_distance_statistics_scope"":""accepted_unique_crossover_offspring"",""parent_distance_statistics_scope"":""crossover_attempts"",""persistent_population_size"":4,""unique_population_size"":4,""best_population_fitness"":0.45068359375,""configured_survivors_per_selection"":[16,4,1],""effective_survivors_per_selection"":[16,4,4],""effective_final_survivor_count"":4},""offspring_generation"":{""attempts"":225,""no_op_mutations"":0,""duplicate_candidates"":97,""infeasible_candidates"":0,""fixed_quant_legal_swap_counts"":[]},""maximum_depth_mutations_per_offspring"":3,""quantization_step_size"":1,""quantization_mutations_per_offspring"":1,""joint_aware_probability"":0.0,""adaptive_mutation"":false,""adaptive_mutation_strength"":1,""adaptive_mutation_patience"":3,""adaptive_mutation_max_strength"":3,""coarse_to_fine_mutation"":false,""coarse_to_fine_start_strength"":3,""coarse_to_fine_end_strength"":1,""stagnation_generations_after_selection"":0}",parent,True,225,128,16,8,262144,262144,1048576,16724,173023232,122924.610983424,15276.82177734375
111,0.448486328125,0.45068359375,kl,0.448486328125,9.921875,9.5078125,12.6171875,,917504,"{""wikitext2"":327680,""c4"":589824}",128,16,4,1,"[16,4,1]","[2048,16384,131072]",5503193088,4.083333333333333,3216.5078125,26982023168,26982023168,0,8,8,"{""type"":""mixed_depth_quantization"",""sequential_mode"":""none"",""joint_mutation_mode"":""standard"",""parent_before_generation_hash"":""cd56e39eb30668f8288c59b525593d22d1d0cacbeff64dcf50ad336d037eed94"",""parent_after_generation_hash"":""cd56e39eb30668f8288c59b525593d22d1d0cacbeff64dcf50ad336d037eed94"",""generated_offspring_by_type"":{""depth"":56,""quantization"":54,""joint_aware"":0,""interaction_aware"":0,""sequential_quantization"":0,""fixed_quant_depth"":0,""component crossover"":0,""component crossover + repair"":0,""layer bundle crossover"":0,""layer bundle crossover + repair"":0,""local exchange crossover"":18},""depth_mask_entries_changed_by_type"":{""depth"":168,""quantization"":0,""joint_aware"":0,""interaction_aware"":0,""sequential_quantization"":0,""fixed_quant_depth"":0,""component crossover"":0,""component crossover + repair"":0,""layer bundle crossover"":0,""layer bundle crossover + repair"":0,""local exchange crossover"":0},""quant_assignments_changed_by_type"":{""depth"":120,""quantization"":126,""joint_aware"":0,""interaction_aware"":0,""sequential_quantization"":0,""fixed_quant_depth"":0,""component crossover"":0,""component crossover + repair"":0,""layer bundle crossover"":0,""layer bundle crossover + repair"":0,""local exchange crossover"":36},""depth_mask_entries_changed_total"":168,""quant_assignments_changed_total"":282,""interaction_aware_details"":{""budget_repair_quant_changes"":0,""preferred_quant_exchanges_used"":0,""fallback_quant_exchanges_used"":0},""crossover_diagnostics"":{""crossover_type"":""local_exchange"",""crossover_parent_selection"":""uniform"",""crossover_offspring"":18,""crossover_offspring_accepted"":18,""mutation_offspring_accepted"":110,""mutation_offspring"":110,""crossover_offspring_attempted"":111,""crossover_duplicates"":93,""crossover_infeasible_candidates"":0,""crossover_repair_changed_gene_count"":0,""crossover_repaired_proposals"":0,""parent_distance_mean"":3.945945945945946,""parent_distance_min"":2,""parent_distance_max"":6,""child_distance_from_parent_a_mean"":2.0,""child_distance_from_parent_b_mean"":1.945945945945946,""layers_from_parent_a_mean"":null,""layers_from_parent_b_mean"":null,""crossover_no_legal_exchange"":0,""local_exchange_attention"":0,""local_exchange_mlp"":0,""local_exchange_quantization"":18,""local_exchange_block"":0,""parent_distance_count"":111,""child_distance_from_base_mean"":2.0,""child_distance_from_base_min"":2,""child_distance_from_base_max"":2,""child_distance_from_base_count"":18,""child_distance_from_donor_mean"":2.888888888888889,""child_distance_from_donor_min"":2,""child_distance_from_donor_max"":4,""child_distance_from_donor_count"":18,""donor_distance_reduction_mean"":2.0,""donor_distance_reduction_min"":2,""donor_distance_reduction_max"":2,""donor_distance_reduction_count"":18,""local_exchange_changed_gene_count_mean"":2.0,""local_exchange_changed_gene_count_min"":2,""local_exchange_changed_gene_count_max"":2,""local_exchange_changed_gene_count_count"":18,""child_distance_statistics_scope"":""accepted_unique_crossover_offspring"",""parent_distance_statistics_scope"":""crossover_attempts"",""persistent_population_size"":4,""unique_population_size"":4,""best_population_fitness"":0.448486328125,""configured_survivors_per_selection"":[16,4,1],""effective_survivors_per_selection"":[16,4,4],""effective_final_survivor_count"":4},""offspring_generation"":{""attempts"":221,""no_op_mutations"":0,""duplicate_candidates"":93,""infeasible_candidates"":0,""fixed_quant_legal_swap_counts"":[]},""maximum_depth_mutations_per_offspring"":3,""quantization_step_size"":1,""quantization_mutations_per_offspring"":1,""joint_aware_probability"":0.0,""adaptive_mutation"":false,""adaptive_mutation_strength"":1,""adaptive_mutation_patience"":3,""adaptive_mutation_max_strength"":3,""coarse_to_fine_mutation"":false,""coarse_to_fine_start_strength"":3,""coarse_to_fine_end_strength"":1,""stagnation_generations_after_selection"":1}",parent,False,221,128,16,8,262144,262144,1048576,16876,174596096,124129.80811581301,15276.82177734375
112,0.455810546875,0.448486328125,kl,0.455810546875,,,,,0,{},128,16,4,1,"[16,4,1]","[2048,16384,131072]",5503193088,4.083333333333333,3216.5078125,26982023168,26982023168,0,8,8,"{""type"":""mixed_depth_quantization"",""sequential_mode"":""none"",""joint_mutation_mode"":""standard"",""parent_before_generation_hash"":""cd56e39eb30668f8288c59b525593d22d1d0cacbeff64dcf50ad336d037eed94"",""parent_after_generation_hash"":""81c332d319c0aa4ab1e3fb798f3a6031f36dfae7745b6d8dcc216e526ad4e8bf"",""generated_offspring_by_type"":{""depth"":53,""quantization"":47,""joint_aware"":0,""interaction_aware"":0,""sequential_quantization"":0,""fixed_quant_depth"":0,""component crossover"":0,""component crossover + repair"":0,""layer bundle crossover"":0,""layer bundle crossover + repair"":0,""local exchange crossover"":28},""depth_mask_entries_changed_by_type"":{""depth"":138,""quantization"":0,""joint_aware"":0,""interaction_aware"":0,""sequential_quantization"":0,""fixed_quant_depth"":0,""component crossover"":0,""component crossover + repair"":0,""layer bundle crossover"":0,""layer bundle crossover + repair"":0,""local exchange crossover"":0},""quant_assignments_changed_by_type"":{""depth"":120,""quantization"":109,""joint_aware"":0,""interaction_aware"":0,""sequential_quantization"":0,""fixed_quant_depth"":0,""component crossover"":0,""component crossover + repair"":0,""layer bundle crossover"":0,""layer bundle crossover + repair"":0,""local exchange crossover"":56},""depth_mask_entries_changed_total"":138,""quant_assignments_changed_total"":285,""interaction_aware_details"":{""budget_repair_quant_changes"":0,""preferred_quant_exchanges_used"":0,""fallback_quant_exchanges_used"":0},""crossover_diagnostics"":{""crossover_type"":""local_exchange"",""crossover_parent_selection"":""uniform"",""crossover_offspring"":28,""crossover_offspring_accepted"":28,""mutation_offspring_accepted"":100,""mutation_offspring"":100,""crossover_offspring_attempted"":85,""crossover_duplicates"":57,""crossover_infeasible_candidates"":0,""crossover_repair_changed_gene_count"":0,""crossover_repaired_proposals"":0,""parent_distance_mean"":5.258823529411765,""parent_distance_min"":2,""parent_distance_max"":9,""child_distance_from_parent_a_mean"":2.0,""child_distance_from_parent_b_mean"":3.2588235294117647,""layers_from_parent_a_mean"":null,""layers_from_parent_b_mean"":null,""crossover_no_legal_exchange"":0,""local_exchange_attention"":0,""local_exchange_mlp"":0,""local_exchange_quantization"":28,""local_exchange_block"":0,""parent_distance_count"":85,""child_distance_from_base_mean"":2.0,""child_distance_from_base_min"":2,""child_distance_from_base_max"":2,""child_distance_from_base_count"":28,""child_distance_from_donor_mean"":6.0,""child_distance_from_donor_min"":5,""child_distance_from_donor_max"":7,""child_distance_from_donor_count"":28,""donor_distance_reduction_mean"":2.0,""donor_distance_reduction_min"":2,""donor_distance_reduction_max"":2,""donor_distance_reduction_count"":28,""local_exchange_changed_gene_count_mean"":2.0,""local_exchange_changed_gene_count_min"":2,""local_exchange_changed_gene_count_max"":2,""local_exchange_changed_gene_count_count"":28,""child_distance_statistics_scope"":""accepted_unique_crossover_offspring"",""parent_distance_statistics_scope"":""crossover_attempts"",""persistent_population_size"":4,""unique_population_size"":4,""best_population_fitness"":0.455810546875,""configured_survivors_per_selection"":[16,4,1],""effective_survivors_per_selection"":[16,4,4],""effective_final_survivor_count"":4},""offspring_generation"":{""attempts"":185,""no_op_mutations"":0,""duplicate_candidates"":57,""infeasible_candidates"":0,""fixed_quant_legal_swap_counts"":[]},""maximum_depth_mutations_per_offspring"":3,""quantization_step_size"":1,""quantization_mutations_per_offspring"":1,""joint_aware_probability"":0.0,""adaptive_mutation"":false,""adaptive_mutation_strength"":1,""adaptive_mutation_patience"":3,""adaptive_mutation_max_strength"":3,""coarse_to_fine_mutation"":false,""coarse_to_fine_start_strength"":3,""coarse_to_fine_end_strength"":1,""stagnation_generations_after_selection"":0}",local exchange crossover,True,185,128,16,8,262144,262144,1048576,17028,176168960,125131.275003433,15276.82177734375
113,0.44140625,0.455810546875,kl,0.44140625,,,,,0,{},128,16,4,1,"[16,4,1]","[2048,16384,131072]",5503193088,4.083333333333333,3216.5078125,26982023168,26982023168,0,8,8,"{""type"":""mixed_depth_quantization"",""sequential_mode"":""none"",""joint_mutation_mode"":""standard"",""parent_before_generation_hash"":""81c332d319c0aa4ab1e3fb798f3a6031f36dfae7745b6d8dcc216e526ad4e8bf"",""parent_after_generation_hash"":""b3a4499c909b2a68609a263ab50ca213fe65c724b756b1325bac5a41ea972c85"",""generated_offspring_by_type"":{""depth"":56,""quantization"":60,""joint_aware"":0,""interaction_aware"":0,""sequential_quantization"":0,""fixed_quant_depth"":0,""component crossover"":0,""component crossover + repair"":0,""layer bundle crossover"":0,""layer bundle crossover + repair"":0,""local exchange crossover"":12},""depth_mask_entries_changed_by_type"":{""depth"":166,""quantization"":0,""joint_aware"":0,""interaction_aware"":0,""sequential_quantization"":0,""fixed_quant_depth"":0,""component crossover"":0,""component crossover + repair"":0,""layer bundle crossover"":0,""layer bundle crossover + repair"":0,""local exchange crossover"":0},""quant_assignments_changed_by_type"":{""depth"":124,""quantization"":140,""joint_aware"":0,""interaction_aware"":0,""sequential_quantization"":0,""fixed_quant_depth"":0,""component crossover"":0,""component crossover + repair"":0,""layer bundle crossover"":0,""layer bundle crossover + repair"":0,""local exchange crossover"":24},""depth_mask_entries_changed_total"":166,""quant_assignments_changed_total"":288,""interaction_aware_details"":{""budget_repair_quant_changes"":0,""preferred_quant_exchanges_used"":0,""fallback_quant_exchanges_used"":0},""crossover_diagnostics"":{""crossover_type"":""local_exchange"",""crossover_parent_selection"":""uniform"",""crossover_offspring"":12,""crossover_offspring_accepted"":12,""mutation_offspring_accepted"":116,""mutation_offspring"":116,""crossover_offspring_attempted"":127,""crossover_duplicates"":115,""crossover_infeasible_candidates"":0,""crossover_repair_changed_gene_count"":0,""crossover_repaired_proposals"":0,""parent_distance_mean"":3.456692913385827,""parent_distance_min"":2,""parent_distance_max"":5,""child_distance_from_parent_a_mean"":2.0,""child_distance_from_parent_b_mean"":1.4566929133858268,""layers_from_parent_a_mean"":null,""layers_from_parent_b_mean"":null,""crossover_no_legal_exchange"":0,""local_exchange_attention"":0,""local_exchange_mlp"":0,""local_exchange_quantization"":12,""local_exchange_block"":0,""parent_distance_count"":127,""child_distance_from_base_mean"":2.0,""child_distance_from_base_min"":2,""child_distance_from_base_max"":2,""child_distance_from_base_count"":12,""child_distance_from_donor_mean"":2.4166666666666665,""child_distance_from_donor_min"":1,""child_distance_from_donor_max"":3,""child_distance_from_donor_count"":12,""donor_distance_reduction_mean"":2.0,""donor_distance_reduction_min"":2,""donor_distance_reduction_max"":2,""donor_distance_reduction_count"":12,""local_exchange_changed_gene_count_mean"":2.0,""local_exchange_changed_gene_count_min"":2,""local_exchange_changed_gene_count_max"":2,""local_exchange_changed_gene_count_count"":12,""child_distance_statistics_scope"":""accepted_unique_crossover_offspring"",""parent_distance_statistics_scope"":""crossover_attempts"",""persistent_population_size"":4,""unique_population_size"":4,""best_population_fitness"":0.44140625,""configured_survivors_per_selection"":[16,4,1],""effective_survivors_per_selection"":[16,4,4],""effective_final_survivor_count"":4},""offspring_generation"":{""attempts"":243,""no_op_mutations"":0,""duplicate_candidates"":115,""infeasible_candidates"":0,""fixed_quant_legal_swap_counts"":[]},""maximum_depth_mutations_per_offspring"":3,""quantization_step_size"":1,""quantization_mutations_per_offspring"":1,""joint_aware_probability"":0.0,""adaptive_mutation"":false,""adaptive_mutation_strength"":1,""adaptive_mutation_patience"":3,""adaptive_mutation_max_strength"":3,""coarse_to_fine_mutation"":false,""coarse_to_fine_start_strength"":3,""coarse_to_fine_end_strength"":1,""stagnation_generations_after_selection"":0}",quantization,True,243,128,16,8,262144,262144,1048576,17180,177741824,126136.83792414103,15276.82177734375
114,0.434326171875,0.44140625,kl,0.434326171875,,,,,0,{},128,16,4,1,"[16,4,1]","[2048,16384,131072]",5503193088,4.083333333333333,3216.5078125,26982023168,26982023168,0,8,8,"{""type"":""mixed_depth_quantization"",""sequential_mode"":""none"",""joint_mutation_mode"":""standard"",""parent_before_generation_hash"":""b3a4499c909b2a68609a263ab50ca213fe65c724b756b1325bac5a41ea972c85"",""parent_after_generation_hash"":""f808e7e4e06e9e1fd8fef92e583d11c0c6c9f2d3545a3a0988cd07d48a3456e4"",""generated_offspring_by_type"":{""depth"":49,""quantization"":53,""joint_aware"":0,""interaction_aware"":0,""sequential_quantization"":0,""fixed_quant_depth"":0,""component crossover"":0,""component crossover + repair"":0,""layer bundle crossover"":0,""layer bundle crossover + repair"":0,""local exchange crossover"":26},""depth_mask_entries_changed_by_type"":{""depth"":144,""quantization"":0,""joint_aware"":0,""interaction_aware"":0,""sequential_quantization"":0,""fixed_quant_depth"":0,""component crossover"":0,""component crossover + repair"":0,""layer bundle crossover"":0,""layer bundle crossover + repair"":0,""local exchange crossover"":0},""quant_assignments_changed_by_type"":{""depth"":107,""quantization"":127,""joint_aware"":0,""interaction_aware"":0,""sequential_quantization"":0,""fixed_quant_depth"":0,""component crossover"":0,""component crossover + repair"":0,""layer bundle crossover"":0,""layer bundle crossover + repair"":0,""local exchange crossover"":52},""depth_mask_entries_changed_total"":144,""quant_assignments_changed_total"":286,""interaction_aware_details"":{""budget_repair_quant_changes"":0,""preferred_quant_exchanges_used"":0,""fallback_quant_exchanges_used"":0},""crossover_diagnostics"":{""crossover_type"":""local_exchange"",""crossover_parent_selection"":""uniform"",""crossover_offspring"":26,""crossover_offspring_accepted"":26,""mutation_offspring_accepted"":102,""mutation_offspring"":102,""crossover_offspring_attempted"":101,""crossover_duplicates"":75,""crossover_infeasible_candidates"":0,""crossover_repair_changed_gene_count"":0,""crossover_repaired_proposals"":0,""parent_distance_mean"":5.435643564356436,""parent_distance_min"":2,""parent_distance_max"":9,""child_distance_from_parent_a_mean"":2.0,""child_distance_from_parent_b_mean"":3.4356435643564356,""layers_from_parent_a_mean"":null,""layers_from_parent_b_mean"":null,""crossover_no_legal_exchange"":0,""local_exchange_attention"":0,""local_exchange_mlp"":0,""local_exchange_quantization"":26,""local_exchange_block"":0,""parent_distance_count"":101,""child_distance_from_base_mean"":2.0,""child_distance_from_base_min"":2,""child_distance_from_base_max"":2,""child_distance_from_base_count"":26,""child_distance_from_donor_mean"":5.346153846153846,""child_distance_from_donor_min"":2,""child_distance_from_donor_max"":7,""child_distance_from_donor_count"":26,""donor_distance_reduction_mean"":2.0,""donor_distance_reduction_min"":2,""donor_distance_reduction_max"":2,""donor_distance_reduction_count"":26,""local_exchange_changed_gene_count_mean"":2.0,""local_exchange_changed_gene_count_min"":2,""local_exchange_changed_gene_count_max"":2,""local_exchange_changed_gene_count_count"":26,""child_distance_statistics_scope"":""accepted_unique_crossover_offspring"",""parent_distance_statistics_scope"":""crossover_attempts"",""persistent_population_size"":4,""unique_population_size"":4,""best_population_fitness"":0.434326171875,""configured_survivors_per_selection"":[16,4,1],""effective_survivors_per_selection"":[16,4,4],""effective_final_survivor_count"":4},""offspring_generation"":{""attempts"":203,""no_op_mutations"":0,""duplicate_candidates"":75,""infeasible_candidates"":0,""fixed_quant_legal_swap_counts"":[]},""maximum_depth_mutations_per_offspring"":3,""quantization_step_size"":1,""quantization_mutations_per_offspring"":1,""joint_aware_probability"":0.0,""adaptive_mutation"":false,""adaptive_mutation_strength"":1,""adaptive_mutation_patience"":3,""adaptive_mutation_max_strength"":3,""coarse_to_fine_mutation"":false,""coarse_to_fine_start_strength"":3,""coarse_to_fine_end_strength"":1,""stagnation_generations_after_selection"":0}",local exchange crossover,True,203,128,16,8,262144,262144,1048576,17332,179314688,127131.08178612601,15276.82177734375
115,0.453369140625,0.434326171875,kl,0.453369140625,,,,,0,{},128,16,4,1,"[16,4,1]","[2048,16384,131072]",5503193088,4.083333333333333,3216.5078125,26982023168,26982023168,0,8,8,"{""type"":""mixed_depth_quantization"",""sequential_mode"":""none"",""joint_mutation_mode"":""standard"",""parent_before_generation_hash"":""f808e7e4e06e9e1fd8fef92e583d11c0c6c9f2d3545a3a0988cd07d48a3456e4"",""parent_after_generation_hash"":""a35bdedede792df89341663cabbbaa6616f40a3ac9818d19e754a33da1321e7f"",""generated_offspring_by_type"":{""depth"":58,""quantization"":49,""joint_aware"":0,""interaction_aware"":0,""sequential_quantization"":0,""fixed_quant_depth"":0,""component crossover"":0,""component crossover + repair"":0,""layer bundle crossover"":0,""layer bundle crossover + repair"":0,""local exchange crossover"":21},""depth_mask_entries_changed_by_type"":{""depth"":182,""quantization"":0,""joint_aware"":0,""interaction_aware"":0,""sequential_quantization"":0,""fixed_quant_depth"":0,""component crossover"":0,""component crossover + repair"":0,""layer bundle crossover"":0,""layer bundle crossover + repair"":0,""local exchange crossover"":0},""quant_assignments_changed_by_type"":{""depth"":141,""quantization"":121,""joint_aware"":0,""interaction_aware"":0,""sequential_quantization"":0,""fixed_quant_depth"":0,""component crossover"":0,""component crossover + repair"":0,""layer bundle crossover"":0,""layer bundle crossover + repair"":0,""local exchange crossover"":42},""depth_mask_entries_changed_total"":182,""quant_assignments_changed_total"":304,""interaction_aware_details"":{""budget_repair_quant_changes"":0,""preferred_quant_exchanges_used"":0,""fallback_quant_exchanges_used"":0},""crossover_diagnostics"":{""crossover_type"":""local_exchange"",""crossover_parent_selection"":""uniform"",""crossover_offspring"":21,""crossover_offspring_accepted"":21,""mutation_offspring_accepted"":107,""mutation_offspring"":107,""crossover_offspring_attempted"":118,""crossover_duplicates"":97,""crossover_infeasible_candidates"":0,""crossover_repair_changed_gene_count"":0,""crossover_repaired_proposals"":0,""parent_distance_mean"":5.516949152542373,""parent_distance_min"":2,""parent_distance_max"":7,""child_distance_from_parent_a_mean"":2.0,""child_distance_from_parent_b_mean"":3.516949152542373,""layers_from_parent_a_mean"":null,""layers_from_parent_b_mean"":null,""crossover_no_legal_exchange"":0,""local_exchange_attention"":0,""local_exchange_mlp"":0,""local_exchange_quantization"":21,""local_exchange_block"":0,""parent_distance_count"":118,""child_distance_from_base_mean"":2.0,""child_distance_from_base_min"":2,""child_distance_from_base_max"":2,""child_distance_from_base_count"":21,""child_distance_from_donor_mean"":4.714285714285714,""child_distance_from_donor_min"":2,""child_distance_from_donor_max"":5,""child_distance_from_donor_count"":21,""donor_distance_reduction_mean"":2.0,""donor_distance_reduction_min"":2,""donor_distance_reduction_max"":2,""donor_distance_reduction_count"":21,""local_exchange_changed_gene_count_mean"":2.0,""local_exchange_changed_gene_count_min"":2,""local_exchange_changed_gene_count_max"":2,""local_exchange_changed_gene_count_count"":21,""child_distance_statistics_scope"":""accepted_unique_crossover_offspring"",""parent_distance_statistics_scope"":""crossover_attempts"",""persistent_population_size"":4,""unique_population_size"":4,""best_population_fitness"":0.453369140625,""configured_survivors_per_selection"":[16,4,1],""effective_survivors_per_selection"":[16,4,4],""effective_final_survivor_count"":4},""offspring_generation"":{""attempts"":225,""no_op_mutations"":0,""duplicate_candidates"":97,""infeasible_candidates"":0,""fixed_quant_legal_swap_counts"":[]},""maximum_depth_mutations_per_offspring"":3,""quantization_step_size"":1,""quantization_mutations_per_offspring"":1,""joint_aware_probability"":0.0,""adaptive_mutation"":false,""adaptive_mutation_strength"":1,""adaptive_mutation_patience"":3,""adaptive_mutation_max_strength"":3,""coarse_to_fine_mutation"":false,""coarse_to_fine_start_strength"":3,""coarse_to_fine_end_strength"":1,""stagnation_generations_after_selection"":0}",quantization,True,225,128,16,8,262144,262144,1048576,17484,180887552,128217.57902664103,15276.82177734375
116,0.461181640625,0.453369140625,kl,0.461181640625,9.90625,9.6015625,12.6171875,,917504,"{""wikitext2"":327680,""c4"":589824}",128,16,4,1,"[16,4,1]","[2048,16384,131072]",5503193088,4.083333333333333,3216.5078125,26982023168,26982023168,0,8,8,"{""type"":""mixed_depth_quantization"",""sequential_mode"":""none"",""joint_mutation_mode"":""standard"",""parent_before_generation_hash"":""a35bdedede792df89341663cabbbaa6616f40a3ac9818d19e754a33da1321e7f"",""parent_after_generation_hash"":""4f024d00869cfdd6c25c09f3db5ade58977558c6ed091b3eb03743a945a7a741"",""generated_offspring_by_type"":{""depth"":57,""quantization"":64,""joint_aware"":0,""interaction_aware"":0,""sequential_quantization"":0,""fixed_quant_depth"":0,""component crossover"":0,""component crossover + repair"":0,""layer bundle crossover"":0,""layer bundle crossover + repair"":0,""local exchange crossover"":7},""depth_mask_entries_changed_by_type"":{""depth"":182,""quantization"":0,""joint_aware"":0,""interaction_aware"":0,""sequential_quantization"":0,""fixed_quant_depth"":0,""component crossover"":0,""component crossover + repair"":0,""layer bundle crossover"":0,""layer bundle crossover + repair"":0,""local exchange crossover"":0},""quant_assignments_changed_by_type"":{""depth"":140,""quantization"":154,""joint_aware"":0,""interaction_aware"":0,""sequential_quantization"":0,""fixed_quant_depth"":0,""component crossover"":0,""component crossover + repair"":0,""layer bundle crossover"":0,""layer bundle crossover + repair"":0,""local exchange crossover"":14},""depth_mask_entries_changed_total"":182,""quant_assignments_changed_total"":308,""interaction_aware_details"":{""budget_repair_quant_changes"":0,""preferred_quant_exchanges_used"":0,""fallback_quant_exchanges_used"":0},""crossover_diagnostics"":{""crossover_type"":""local_exchange"",""crossover_parent_selection"":""uniform"",""crossover_offspring"":7,""crossover_offspring_accepted"":7,""mutation_offspring_accepted"":121,""mutation_offspring"":121,""crossover_offspring_attempted"":116,""crossover_duplicates"":109,""crossover_infeasible_candidates"":0,""crossover_repair_changed_gene_count"":0,""crossover_repaired_proposals"":0,""parent_distance_mean"":3.7413793103448274,""parent_distance_min"":2,""parent_distance_max"":7,""child_distance_from_parent_a_mean"":2.0,""child_distance_from_parent_b_mean"":1.7413793103448276,""layers_from_parent_a_mean"":null,""layers_from_parent_b_mean"":null,""crossover_no_legal_exchange"":0,""local_exchange_attention"":0,""local_exchange_mlp"":0,""local_exchange_quantization"":7,""local_exchange_block"":0,""parent_distance_count"":116,""child_distance_from_base_mean"":2.0,""child_distance_from_base_min"":2,""child_distance_from_base_max"":2,""child_distance_from_base_count"":7,""child_distance_from_donor_mean"":3.5714285714285716,""child_distance_from_donor_min"":1,""child_distance_from_donor_max"":5,""child_distance_from_donor_count"":7,""donor_distance_reduction_mean"":2.0,""donor_distance_reduction_min"":2,""donor_distance_reduction_max"":2,""donor_distance_reduction_count"":7,""local_exchange_changed_gene_count_mean"":2.0,""local_exchange_changed_gene_count_min"":2,""local_exchange_changed_gene_count_max"":2,""local_exchange_changed_gene_count_count"":7,""child_distance_statistics_scope"":""accepted_unique_crossover_offspring"",""parent_distance_statistics_scope"":""crossover_attempts"",""persistent_population_size"":4,""unique_population_size"":4,""best_population_fitness"":0.461181640625,""configured_survivors_per_selection"":[16,4,1],""effective_survivors_per_selection"":[16,4,4],""effective_final_survivor_count"":4},""offspring_generation"":{""attempts"":237,""no_op_mutations"":0,""duplicate_candidates"":109,""infeasible_candidates"":0,""fixed_quant_legal_swap_counts"":[]},""maximum_depth_mutations_per_offspring"":3,""quantization_step_size"":1,""quantization_mutations_per_offspring"":1,""joint_aware_probability"":0.0,""adaptive_mutation"":false,""adaptive_mutation_strength"":1,""adaptive_mutation_patience"":3,""adaptive_mutation_max_strength"":3,""coarse_to_fine_mutation"":false,""coarse_to_fine_start_strength"":3,""coarse_to_fine_end_strength"":1,""stagnation_generations_after_selection"":0}",quantization,True,237,128,16,8,262144,262144,1048576,17636,182460416,129399.52091808198,15276.82177734375
117,0.45458984375,0.461181640625,kl,0.45458984375,,,,,0,{},128,16,4,1,"[16,4,1]","[2048,16384,131072]",5503193088,4.083333333333333,3216.5078125,26982023168,26982023168,0,8,8,"{""type"":""mixed_depth_quantization"",""sequential_mode"":""none"",""joint_mutation_mode"":""standard"",""parent_before_generation_hash"":""4f024d00869cfdd6c25c09f3db5ade58977558c6ed091b3eb03743a945a7a741"",""parent_after_generation_hash"":""4f024d00869cfdd6c25c09f3db5ade58977558c6ed091b3eb03743a945a7a741"",""generated_offspring_by_type"":{""depth"":51,""quantization"":57,""joint_aware"":0,""interaction_aware"":0,""sequential_quantization"":0,""fixed_quant_depth"":0,""component crossover"":0,""component crossover + repair"":0,""layer bundle crossover"":0,""layer bundle crossover + repair"":0,""local exchange crossover"":20},""depth_mask_entries_changed_by_type"":{""depth"":148,""quantization"":0,""joint_aware"":0,""interaction_aware"":0,""sequential_quantization"":0,""fixed_quant_depth"":0,""component crossover"":0,""component crossover + repair"":0,""layer bundle crossover"":0,""layer bundle crossover + repair"":0,""local exchange crossover"":0},""quant_assignments_changed_by_type"":{""depth"":121,""quantization"":132,""joint_aware"":0,""interaction_aware"":0,""sequential_quantization"":0,""fixed_quant_depth"":0,""component crossover"":0,""component crossover + repair"":0,""layer bundle crossover"":0,""layer bundle crossover + repair"":0,""local exchange crossover"":40},""depth_mask_entries_changed_total"":148,""quant_assignments_changed_total"":293,""interaction_aware_details"":{""budget_repair_quant_changes"":0,""preferred_quant_exchanges_used"":0,""fallback_quant_exchanges_used"":0},""crossover_diagnostics"":{""crossover_type"":""local_exchange"",""crossover_parent_selection"":""uniform"",""crossover_offspring"":20,""crossover_offspring_accepted"":20,""mutation_offspring_accepted"":108,""mutation_offspring"":108,""crossover_offspring_attempted"":76,""crossover_duplicates"":56,""crossover_infeasible_candidates"":0,""crossover_repair_changed_gene_count"":0,""crossover_repaired_proposals"":0,""parent_distance_mean"":4.5394736842105265,""parent_distance_min"":2,""parent_distance_max"":8,""child_distance_from_parent_a_mean"":2.0,""child_distance_from_parent_b_mean"":2.539473684210526,""layers_from_parent_a_mean"":null,""layers_from_parent_b_mean"":null,""crossover_no_legal_exchange"":0,""local_exchange_attention"":0,""local_exchange_mlp"":0,""local_exchange_quantization"":20,""local_exchange_block"":0,""parent_distance_count"":76,""child_distance_from_base_mean"":2.0,""child_distance_from_base_min"":2,""child_distance_from_base_max"":2,""child_distance_from_base_count"":20,""child_distance_from_donor_mean"":4.05,""child_distance_from_donor_min"":1,""child_distance_from_donor_max"":6,""child_distance_from_donor_count"":20,""donor_distance_reduction_mean"":2.0,""donor_distance_reduction_min"":2,""donor_distance_reduction_max"":2,""donor_distance_reduction_count"":20,""local_exchange_changed_gene_count_mean"":2.0,""local_exchange_changed_gene_count_min"":2,""local_exchange_changed_gene_count_max"":2,""local_exchange_changed_gene_count_count"":20,""child_distance_statistics_scope"":""accepted_unique_crossover_offspring"",""parent_distance_statistics_scope"":""crossover_attempts"",""persistent_population_size"":4,""unique_population_size"":4,""best_population_fitness"":0.45458984375,""configured_survivors_per_selection"":[16,4,1],""effective_survivors_per_selection"":[16,4,4],""effective_final_survivor_count"":4},""offspring_generation"":{""attempts"":185,""no_op_mutations"":1,""duplicate_candidates"":56,""infeasible_candidates"":0,""fixed_quant_legal_swap_counts"":[]},""maximum_depth_mutations_per_offspring"":3,""quantization_step_size"":1,""quantization_mutations_per_offspring"":1,""joint_aware_probability"":0.0,""adaptive_mutation"":false,""adaptive_mutation_strength"":1,""adaptive_mutation_patience"":3,""adaptive_mutation_max_strength"":3,""coarse_to_fine_mutation"":false,""coarse_to_fine_start_strength"":3,""coarse_to_fine_end_strength"":1,""stagnation_generations_after_selection"":1}",parent,False,185,128,16,8,262144,262144,1048576,17788,184033280,130369.54239942401,15276.82177734375
118,0.451416015625,0.45458984375,kl,0.451416015625,,,,,0,{},128,16,4,1,"[16,4,1]","[2048,16384,131072]",5503193088,4.083333333333333,3216.5078125,26982023168,26982023168,0,8,8,"{""type"":""mixed_depth_quantization"",""sequential_mode"":""none"",""joint_mutation_mode"":""standard"",""parent_before_generation_hash"":""4f024d00869cfdd6c25c09f3db5ade58977558c6ed091b3eb03743a945a7a741"",""parent_after_generation_hash"":""00306c2627554963b8f37c9fa6cd63e07fb5413a040e5f17cc7ea1e0c48f944b"",""generated_offspring_by_type"":{""depth"":53,""quantization"":44,""joint_aware"":0,""interaction_aware"":0,""sequential_quantization"":0,""fixed_quant_depth"":0,""component crossover"":0,""component crossover + repair"":0,""layer bundle crossover"":0,""layer bundle crossover + repair"":0,""local exchange crossover"":31},""depth_mask_entries_changed_by_type"":{""depth"":188,""quantization"":0,""joint_aware"":0,""interaction_aware"":0,""sequential_quantization"":0,""fixed_quant_depth"":0,""component crossover"":0,""component crossover + repair"":0,""layer bundle crossover"":0,""layer bundle crossover + repair"":0,""local exchange crossover"":0},""quant_assignments_changed_by_type"":{""depth"":137,""quantization"":102,""joint_aware"":0,""interaction_aware"":0,""sequential_quantization"":0,""fixed_quant_depth"":0,""component crossover"":0,""component crossover + repair"":0,""layer bundle crossover"":0,""layer bundle crossover + repair"":0,""local exchange crossover"":62},""depth_mask_entries_changed_total"":188,""quant_assignments_changed_total"":301,""interaction_aware_details"":{""budget_repair_quant_changes"":0,""preferred_quant_exchanges_used"":0,""fallback_quant_exchanges_used"":0},""crossover_diagnostics"":{""crossover_type"":""local_exchange"",""crossover_parent_selection"":""uniform"",""crossover_offspring"":31,""crossover_offspring_accepted"":31,""mutation_offspring_accepted"":97,""mutation_offspring"":97,""crossover_offspring_attempted"":87,""crossover_duplicates"":56,""crossover_infeasible_candidates"":0,""crossover_repair_changed_gene_count"":0,""crossover_repaired_proposals"":0,""parent_distance_mean"":6.64367816091954,""parent_distance_min"":3,""parent_distance_max"":10,""child_distance_from_parent_a_mean"":2.0,""child_distance_from_parent_b_mean"":4.64367816091954,""layers_from_parent_a_mean"":null,""layers_from_parent_b_mean"":null,""crossover_no_legal_exchange"":0,""local_exchange_attention"":0,""local_exchange_mlp"":0,""local_exchange_quantization"":31,""local_exchange_block"":0,""parent_distance_count"":87,""child_distance_from_base_mean"":2.0,""child_distance_from_base_min"":2,""child_distance_from_base_max"":2,""child_distance_from_base_count"":31,""child_distance_from_donor_mean"":5.516129032258065,""child_distance_from_donor_min"":1,""child_distance_from_donor_max"":8,""child_distance_from_donor_count"":31,""donor_distance_reduction_mean"":2.0,""donor_distance_reduction_min"":2,""donor_distance_reduction_max"":2,""donor_distance_reduction_count"":31,""local_exchange_changed_gene_count_mean"":2.0,""local_exchange_changed_gene_count_min"":2,""local_exchange_changed_gene_count_max"":2,""local_exchange_changed_gene_count_count"":31,""child_distance_statistics_scope"":""accepted_unique_crossover_offspring"",""parent_distance_statistics_scope"":""crossover_attempts"",""persistent_population_size"":4,""unique_population_size"":4,""best_population_fitness"":0.451416015625,""configured_survivors_per_selection"":[16,4,1],""effective_survivors_per_selection"":[16,4,4],""effective_final_survivor_count"":4},""offspring_generation"":{""attempts"":184,""no_op_mutations"":0,""duplicate_candidates"":56,""infeasible_candidates"":0,""fixed_quant_legal_swap_counts"":[]},""maximum_depth_mutations_per_offspring"":3,""quantization_step_size"":1,""quantization_mutations_per_offspring"":1,""joint_aware_probability"":0.0,""adaptive_mutation"":false,""adaptive_mutation_strength"":1,""adaptive_mutation_patience"":3,""adaptive_mutation_max_strength"":3,""coarse_to_fine_mutation"":false,""coarse_to_fine_start_strength"":3,""coarse_to_fine_end_strength"":1,""stagnation_generations_after_selection"":0}",quantization,True,184,128,16,8,262144,262144,1048576,17940,185606144,131438.51906905003,15276.82177734375
119,0.445556640625,0.451416015625,kl,0.445556640625,,,,,0,{},128,16,4,1,"[16,4,1]","[2048,16384,131072]",5503193088,4.083333333333333,3216.5078125,26982023168,26982023168,0,8,8,"{""type"":""mixed_depth_quantization"",""sequential_mode"":""none"",""joint_mutation_mode"":""standard"",""parent_before_generation_hash"":""00306c2627554963b8f37c9fa6cd63e07fb5413a040e5f17cc7ea1e0c48f944b"",""parent_after_generation_hash"":""0b309a33b994016951b0637783177cf5a5cdeb6bc540ce130a3f43228c0731d3"",""generated_offspring_by_type"":{""depth"":63,""quantization"":52,""joint_aware"":0,""interaction_aware"":0,""sequential_quantization"":0,""fixed_quant_depth"":0,""component crossover"":0,""component crossover + repair"":0,""layer bundle crossover"":0,""layer bundle crossover + repair"":0,""local exchange crossover"":13},""depth_mask_entries_changed_by_type"":{""depth"":192,""quantization"":0,""joint_aware"":0,""interaction_aware"":0,""sequential_quantization"":0,""fixed_quant_depth"":0,""component crossover"":0,""component crossover + repair"":0,""layer bundle crossover"":0,""layer bundle crossover + repair"":0,""local exchange crossover"":0},""quant_assignments_changed_by_type"":{""depth"":155,""quantization"":118,""joint_aware"":0,""interaction_aware"":0,""sequential_quantization"":0,""fixed_quant_depth"":0,""component crossover"":0,""component crossover + repair"":0,""layer bundle crossover"":0,""layer bundle crossover + repair"":0,""local exchange crossover"":26},""depth_mask_entries_changed_total"":192,""quant_assignments_changed_total"":299,""interaction_aware_details"":{""budget_repair_quant_changes"":0,""preferred_quant_exchanges_used"":0,""fallback_quant_exchanges_used"":0},""crossover_diagnostics"":{""crossover_type"":""local_exchange"",""crossover_parent_selection"":""uniform"",""crossover_offspring"":13,""crossover_offspring_accepted"":13,""mutation_offspring_accepted"":115,""mutation_offspring"":115,""crossover_offspring_attempted"":139,""crossover_duplicates"":126,""crossover_infeasible_candidates"":0,""crossover_repair_changed_gene_count"":0,""crossover_repaired_proposals"":0,""parent_distance_mean"":4.151079136690647,""parent_distance_min"":2,""parent_distance_max"":5,""child_distance_from_parent_a_mean"":2.0,""child_distance_from_parent_b_mean"":2.1510791366906474,""layers_from_parent_a_mean"":null,""layers_from_parent_b_mean"":null,""crossover_no_legal_exchange"":0,""local_exchange_attention"":0,""local_exchange_mlp"":0,""local_exchange_quantization"":13,""local_exchange_block"":0,""parent_distance_count"":139,""child_distance_from_base_mean"":2.0,""child_distance_from_base_min"":2,""child_distance_from_base_max"":2,""child_distance_from_base_count"":13,""child_distance_from_donor_mean"":2.6153846153846154,""child_distance_from_donor_min"":2,""child_distance_from_donor_max"":3,""child_distance_from_donor_count"":13,""donor_distance_reduction_mean"":2.0,""donor_distance_reduction_min"":2,""donor_distance_reduction_max"":2,""donor_distance_reduction_count"":13,""local_exchange_changed_gene_count_mean"":2.0,""local_exchange_changed_gene_count_min"":2,""local_exchange_changed_gene_count_max"":2,""local_exchange_changed_gene_count_count"":13,""child_distance_statistics_scope"":""accepted_unique_crossover_offspring"",""parent_distance_statistics_scope"":""crossover_attempts"",""persistent_population_size"":4,""unique_population_size"":4,""best_population_fitness"":0.445556640625,""configured_survivors_per_selection"":[16,4,1],""effective_survivors_per_selection"":[16,4,4],""effective_final_survivor_count"":4},""offspring_generation"":{""attempts"":254,""no_op_mutations"":0,""duplicate_candidates"":126,""infeasible_candidates"":0,""fixed_quant_legal_swap_counts"":[]},""maximum_depth_mutations_per_offspring"":3,""quantization_step_size"":1,""quantization_mutations_per_offspring"":1,""joint_aware_probability"":0.0,""adaptive_mutation"":false,""adaptive_mutation_strength"":1,""adaptive_mutation_patience"":3,""adaptive_mutation_max_strength"":3,""coarse_to_fine_mutation"":false,""coarse_to_fine_start_strength"":3,""coarse_to_fine_end_strength"":1,""stagnation_generations_after_selection"":0}",quantization,True,254,128,16,8,262144,262144,1048576,18092,187179008,132464.51168067398,15276.82177734375
120,0.4482421875,0.445556640625,kl,0.4482421875,,,,,0,{},128,16,4,1,"[16,4,1]","[2048,16384,131072]",5503193088,4.083333333333333,3216.5078125,26982023168,26982023168,0,8,8,"{""type"":""mixed_depth_quantization"",""sequential_mode"":""none"",""joint_mutation_mode"":""standard"",""parent_before_generation_hash"":""0b309a33b994016951b0637783177cf5a5cdeb6bc540ce130a3f43228c0731d3"",""parent_after_generation_hash"":""be68615bda2882911f1d99b5b31378c5ad63610b96e443d22cec0132fd4c8c8f"",""generated_offspring_by_type"":{""depth"":47,""quantization"":63,""joint_aware"":0,""interaction_aware"":0,""sequential_quantization"":0,""fixed_quant_depth"":0,""component crossover"":0,""component crossover + repair"":0,""layer bundle crossover"":0,""layer bundle crossover + repair"":0,""local exchange crossover"":18},""depth_mask_entries_changed_by_type"":{""depth"":136,""quantization"":0,""joint_aware"":0,""interaction_aware"":0,""sequential_quantization"":0,""fixed_quant_depth"":0,""component crossover"":0,""component crossover + repair"":0,""layer bundle crossover"":0,""layer bundle crossover + repair"":0,""local exchange crossover"":0},""quant_assignments_changed_by_type"":{""depth"":114,""quantization"":148,""joint_aware"":0,""interaction_aware"":0,""sequential_quantization"":0,""fixed_quant_depth"":0,""component crossover"":0,""component crossover + repair"":0,""layer bundle crossover"":0,""layer bundle crossover + repair"":0,""local exchange crossover"":36},""depth_mask_entries_changed_total"":136,""quant_assignments_changed_total"":298,""interaction_aware_details"":{""budget_repair_quant_changes"":0,""preferred_quant_exchanges_used"":0,""fallback_quant_exchanges_used"":0},""crossover_diagnostics"":{""crossover_type"":""local_exchange"",""crossover_parent_selection"":""uniform"",""crossover_offspring"":18,""crossover_offspring_accepted"":18,""mutation_offspring_accepted"":110,""mutation_offspring"":110,""crossover_offspring_attempted"":118,""crossover_duplicates"":100,""crossover_infeasible_candidates"":0,""crossover_repair_changed_gene_count"":0,""crossover_repaired_proposals"":0,""parent_distance_mean"":4.406779661016949,""parent_distance_min"":2,""parent_distance_max"":6,""child_distance_from_parent_a_mean"":2.0,""child_distance_from_parent_b_mean"":2.406779661016949,""layers_from_parent_a_mean"":null,""layers_from_parent_b_mean"":null,""crossover_no_legal_exchange"":0,""local_exchange_attention"":0,""local_exchange_mlp"":0,""local_exchange_quantization"":18,""local_exchange_block"":0,""parent_distance_count"":118,""child_distance_from_base_mean"":2.0,""child_distance_from_base_min"":2,""child_distance_from_base_max"":2,""child_distance_from_base_count"":18,""child_distance_from_donor_mean"":3.3333333333333335,""child_distance_from_donor_min"":2,""child_distance_from_donor_max"":4,""child_distance_from_donor_count"":18,""donor_distance_reduction_mean"":2.0,""donor_distance_reduction_min"":2,""donor_distance_reduction_max"":2,""donor_distance_reduction_count"":18,""local_exchange_changed_gene_count_mean"":2.0,""local_exchange_changed_gene_count_min"":2,""local_exchange_changed_gene_count_max"":2,""local_exchange_changed_gene_count_count"":18,""child_distance_statistics_scope"":""accepted_unique_crossover_offspring"",""parent_distance_statistics_scope"":""crossover_attempts"",""persistent_population_size"":4,""unique_population_size"":4,""best_population_fitness"":0.4482421875,""configured_survivors_per_selection"":[16,4,1],""effective_survivors_per_selection"":[16,4,4],""effective_final_survivor_count"":4},""offspring_generation"":{""attempts"":228,""no_op_mutations"":0,""duplicate_candidates"":100,""infeasible_candidates"":0,""fixed_quant_legal_swap_counts"":[]},""maximum_depth_mutations_per_offspring"":3,""quantization_step_size"":1,""quantization_mutations_per_offspring"":1,""joint_aware_probability"":0.0,""adaptive_mutation"":false,""adaptive_mutation_strength"":1,""adaptive_mutation_patience"":3,""adaptive_mutation_max_strength"":3,""coarse_to_fine_mutation"":false,""coarse_to_fine_start_strength"":3,""coarse_to_fine_end_strength"":1,""stagnation_generations_after_selection"":0}",local exchange crossover,True,228,128,16,8,262144,262144,1048576,18244,188751872,133484.85207449,15276.82177734375
121,0.443115234375,0.4482421875,kl,0.443115234375,9.8828125,9.6171875,12.59375,,917504,"{""wikitext2"":327680,""c4"":589824}",128,16,4,1,"[16,4,1]","[2048,16384,131072]",5503193088,4.083333333333333,3216.5078125,26982023168,26982023168,0,8,8,"{""type"":""mixed_depth_quantization"",""sequential_mode"":""none"",""joint_mutation_mode"":""standard"",""parent_before_generation_hash"":""be68615bda2882911f1d99b5b31378c5ad63610b96e443d22cec0132fd4c8c8f"",""parent_after_generation_hash"":""d31fa047ae51d883c67d4d9bcabbb76513df1ff6073b69fcd08b52c76ba93bed"",""generated_offspring_by_type"":{""depth"":57,""quantization"":69,""joint_aware"":0,""interaction_aware"":0,""sequential_quantization"":0,""fixed_quant_depth"":0,""component crossover"":0,""component crossover + repair"":0,""layer bundle crossover"":0,""layer bundle crossover + repair"":0,""local exchange crossover"":2},""depth_mask_entries_changed_by_type"":{""depth"":160,""quantization"":0,""joint_aware"":0,""interaction_aware"":0,""sequential_quantization"":0,""fixed_quant_depth"":0,""component crossover"":0,""component crossover + repair"":0,""layer bundle crossover"":0,""layer bundle crossover + repair"":0,""local exchange crossover"":0},""quant_assignments_changed_by_type"":{""depth"":133,""quantization"":167,""joint_aware"":0,""interaction_aware"":0,""sequential_quantization"":0,""fixed_quant_depth"":0,""component crossover"":0,""component crossover + repair"":0,""layer bundle crossover"":0,""layer bundle crossover + repair"":0,""local exchange crossover"":4},""depth_mask_entries_changed_total"":160,""quant_assignments_changed_total"":304,""interaction_aware_details"":{""budget_repair_quant_changes"":0,""preferred_quant_exchanges_used"":0,""fallback_quant_exchanges_used"":0},""crossover_diagnostics"":{""crossover_type"":""local_exchange"",""crossover_parent_selection"":""uniform"",""crossover_offspring"":2,""crossover_offspring_accepted"":2,""mutation_offspring_accepted"":126,""mutation_offspring"":126,""crossover_offspring_attempted"":115,""crossover_duplicates"":113,""crossover_infeasible_candidates"":0,""crossover_repair_changed_gene_count"":0,""crossover_repaired_proposals"":0,""parent_distance_mean"":2.9565217391304346,""parent_distance_min"":2,""parent_distance_max"":4,""child_distance_from_parent_a_mean"":2.0,""child_distance_from_parent_b_mean"":0.9565217391304348,""layers_from_parent_a_mean"":null,""layers_from_parent_b_mean"":null,""crossover_no_legal_exchange"":0,""local_exchange_attention"":0,""local_exchange_mlp"":0,""local_exchange_quantization"":2,""local_exchange_block"":0,""parent_distance_count"":115,""child_distance_from_base_mean"":2.0,""child_distance_from_base_min"":2,""child_distance_from_base_max"":2,""child_distance_from_base_count"":2,""child_distance_from_donor_mean"":2.0,""child_distance_from_donor_min"":2,""child_distance_from_donor_max"":2,""child_distance_from_donor_count"":2,""donor_distance_reduction_mean"":2.0,""donor_distance_reduction_min"":2,""donor_distance_reduction_max"":2,""donor_distance_reduction_count"":2,""local_exchange_changed_gene_count_mean"":2.0,""local_exchange_changed_gene_count_min"":2,""local_exchange_changed_gene_count_max"":2,""local_exchange_changed_gene_count_count"":2,""child_distance_statistics_scope"":""accepted_unique_crossover_offspring"",""parent_distance_statistics_scope"":""crossover_attempts"",""persistent_population_size"":4,""unique_population_size"":4,""best_population_fitness"":0.443115234375,""configured_survivors_per_selection"":[16,4,1],""effective_survivors_per_selection"":[16,4,4],""effective_final_survivor_count"":4},""offspring_generation"":{""attempts"":241,""no_op_mutations"":0,""duplicate_candidates"":113,""infeasible_candidates"":0,""fixed_quant_legal_swap_counts"":[]},""maximum_depth_mutations_per_offspring"":3,""quantization_step_size"":1,""quantization_mutations_per_offspring"":1,""joint_aware_probability"":0.0,""adaptive_mutation"":false,""adaptive_mutation_strength"":1,""adaptive_mutation_patience"":3,""adaptive_mutation_max_strength"":3,""coarse_to_fine_mutation"":false,""coarse_to_fine_start_strength"":3,""coarse_to_fine_end_strength"":1,""stagnation_generations_after_selection"":0}",local exchange crossover,True,241,128,16,8,262144,262144,1048576,18396,190324736,134611.039995701,15276.82177734375
122,0.433837890625,0.443115234375,kl,0.433837890625,,,,,0,{},128,16,4,1,"[16,4,1]","[2048,16384,131072]",5503193088,4.083333333333333,3216.5078125,26982023168,26982023168,0,8,8,"{""type"":""mixed_depth_quantization"",""sequential_mode"":""none"",""joint_mutation_mode"":""standard"",""parent_before_generation_hash"":""d31fa047ae51d883c67d4d9bcabbb76513df1ff6073b69fcd08b52c76ba93bed"",""parent_after_generation_hash"":""8c3162607ae17ef80616b0035b41d2397eaae86b2b3300d1895a0f4c76bb374b"",""generated_offspring_by_type"":{""depth"":54,""quantization"":52,""joint_aware"":0,""interaction_aware"":0,""sequential_quantization"":0,""fixed_quant_depth"":0,""component crossover"":0,""component crossover + repair"":0,""layer bundle crossover"":0,""layer bundle crossover + repair"":0,""local exchange crossover"":22},""depth_mask_entries_changed_by_type"":{""depth"":158,""quantization"":0,""joint_aware"":0,""interaction_aware"":0,""sequential_quantization"":0,""fixed_quant_depth"":0,""component crossover"":0,""component crossover + repair"":0,""layer bundle crossover"":0,""layer bundle crossover + repair"":0,""local exchange crossover"":0},""quant_assignments_changed_by_type"":{""depth"":119,""quantization"":120,""joint_aware"":0,""interaction_aware"":0,""sequential_quantization"":0,""fixed_quant_depth"":0,""component crossover"":0,""component crossover + repair"":0,""layer bundle crossover"":0,""layer bundle crossover + repair"":0,""local exchange crossover"":44},""depth_mask_entries_changed_total"":158,""quant_assignments_changed_total"":283,""interaction_aware_details"":{""budget_repair_quant_changes"":0,""preferred_quant_exchanges_used"":0,""fallback_quant_exchanges_used"":0},""crossover_diagnostics"":{""crossover_type"":""local_exchange"",""crossover_parent_selection"":""uniform"",""crossover_offspring"":22,""crossover_offspring_accepted"":22,""mutation_offspring_accepted"":106,""mutation_offspring"":106,""crossover_offspring_attempted"":111,""crossover_duplicates"":89,""crossover_infeasible_candidates"":0,""crossover_repair_changed_gene_count"":0,""crossover_repaired_proposals"":0,""parent_distance_mean"":4.585585585585585,""parent_distance_min"":2,""parent_distance_max"":9,""child_distance_from_parent_a_mean"":2.0,""child_distance_from_parent_b_mean"":2.5855855855855854,""layers_from_parent_a_mean"":null,""layers_from_parent_b_mean"":null,""crossover_no_legal_exchange"":0,""local_exchange_attention"":0,""local_exchange_mlp"":0,""local_exchange_quantization"":22,""local_exchange_block"":0,""parent_distance_count"":111,""child_distance_from_base_mean"":2.0,""child_distance_from_base_min"":2,""child_distance_from_base_max"":2,""child_distance_from_base_count"":22,""child_distance_from_donor_mean"":4.545454545454546,""child_distance_from_donor_min"":1,""child_distance_from_donor_max"":7,""child_distance_from_donor_count"":22,""donor_distance_reduction_mean"":2.0,""donor_distance_reduction_min"":2,""donor_distance_reduction_max"":2,""donor_distance_reduction_count"":22,""local_exchange_changed_gene_count_mean"":2.0,""local_exchange_changed_gene_count_min"":2,""local_exchange_changed_gene_count_max"":2,""local_exchange_changed_gene_count_count"":22,""child_distance_statistics_scope"":""accepted_unique_crossover_offspring"",""parent_distance_statistics_scope"":""crossover_attempts"",""persistent_population_size"":4,""unique_population_size"":4,""best_population_fitness"":0.433837890625,""configured_survivors_per_selection"":[16,4,1],""effective_survivors_per_selection"":[16,4,4],""effective_final_survivor_count"":4},""offspring_generation"":{""attempts"":217,""no_op_mutations"":0,""duplicate_candidates"":89,""infeasible_candidates"":0,""fixed_quant_legal_swap_counts"":[]},""maximum_depth_mutations_per_offspring"":3,""quantization_step_size"":1,""quantization_mutations_per_offspring"":1,""joint_aware_probability"":0.0,""adaptive_mutation"":false,""adaptive_mutation_strength"":1,""adaptive_mutation_patience"":3,""adaptive_mutation_max_strength"":3,""coarse_to_fine_mutation"":false,""coarse_to_fine_start_strength"":3,""coarse_to_fine_end_strength"":1,""stagnation_generations_after_selection"":0}",parent,True,217,128,16,8,262144,262144,1048576,18548,191897600,135516.85252733,15276.82177734375
123,0.4619140625,0.433837890625,kl,0.4619140625,,,,,0,{},128,16,4,1,"[16,4,1]","[2048,16384,131072]",5503193088,4.083333333333333,3216.5078125,26982023168,26982023168,0,8,8,"{""type"":""mixed_depth_quantization"",""sequential_mode"":""none"",""joint_mutation_mode"":""standard"",""parent_before_generation_hash"":""8c3162607ae17ef80616b0035b41d2397eaae86b2b3300d1895a0f4c76bb374b"",""parent_after_generation_hash"":""7fd39e1deb4a67934f712bdd72ce8e2b36611839d96c54cc599a51a5fc6fb4c5"",""generated_offspring_by_type"":{""depth"":63,""quantization"":41,""joint_aware"":0,""interaction_aware"":0,""sequential_quantization"":0,""fixed_quant_depth"":0,""component crossover"":0,""component crossover + repair"":0,""layer bundle crossover"":0,""layer bundle crossover + repair"":0,""local exchange crossover"":24},""depth_mask_entries_changed_by_type"":{""depth"":204,""quantization"":0,""joint_aware"":0,""interaction_aware"":0,""sequential_quantization"":0,""fixed_quant_depth"":0,""component crossover"":0,""component crossover + repair"":0,""layer bundle crossover"":0,""layer bundle crossover + repair"":0,""local exchange crossover"":0},""quant_assignments_changed_by_type"":{""depth"":143,""quantization"":88,""joint_aware"":0,""interaction_aware"":0,""sequential_quantization"":0,""fixed_quant_depth"":0,""component crossover"":0,""component crossover + repair"":0,""layer bundle crossover"":0,""layer bundle crossover + repair"":0,""local exchange crossover"":48},""depth_mask_entries_changed_total"":204,""quant_assignments_changed_total"":279,""interaction_aware_details"":{""budget_repair_quant_changes"":0,""preferred_quant_exchanges_used"":0,""fallback_quant_exchanges_used"":0},""crossover_diagnostics"":{""crossover_type"":""local_exchange"",""crossover_parent_selection"":""uniform"",""crossover_offspring"":24,""crossover_offspring_accepted"":24,""mutation_offspring_accepted"":104,""mutation_offspring"":104,""crossover_offspring_attempted"":108,""crossover_duplicates"":84,""crossover_infeasible_candidates"":0,""crossover_repair_changed_gene_count"":0,""crossover_repaired_proposals"":0,""parent_distance_mean"":4.685185185185185,""parent_distance_min"":2,""parent_distance_max"":8,""child_distance_from_parent_a_mean"":2.0,""child_distance_from_parent_b_mean"":2.685185185185185,""layers_from_parent_a_mean"":null,""layers_from_parent_b_mean"":null,""crossover_no_legal_exchange"":0,""local_exchange_attention"":0,""local_exchange_mlp"":0,""local_exchange_quantization"":24,""local_exchange_block"":0,""parent_distance_count"":108,""child_distance_from_base_mean"":2.0,""child_distance_from_base_min"":2,""child_distance_from_base_max"":2,""child_distance_from_base_count"":24,""child_distance_from_donor_mean"":4.666666666666667,""child_distance_from_donor_min"":2,""child_distance_from_donor_max"":6,""child_distance_from_donor_count"":24,""donor_distance_reduction_mean"":2.0,""donor_distance_reduction_min"":2,""donor_distance_reduction_max"":2,""donor_distance_reduction_count"":24,""local_exchange_changed_gene_count_mean"":2.0,""local_exchange_changed_gene_count_min"":2,""local_exchange_changed_gene_count_max"":2,""local_exchange_changed_gene_count_count"":24,""child_distance_statistics_scope"":""accepted_unique_crossover_offspring"",""parent_distance_statistics_scope"":""crossover_attempts"",""persistent_population_size"":4,""unique_population_size"":4,""best_population_fitness"":0.4619140625,""configured_survivors_per_selection"":[16,4,1],""effective_survivors_per_selection"":[16,4,4],""effective_final_survivor_count"":4},""offspring_generation"":{""attempts"":212,""no_op_mutations"":0,""duplicate_candidates"":84,""infeasible_candidates"":0,""fixed_quant_legal_swap_counts"":[]},""maximum_depth_mutations_per_offspring"":3,""quantization_step_size"":1,""quantization_mutations_per_offspring"":1,""joint_aware_probability"":0.0,""adaptive_mutation"":false,""adaptive_mutation_strength"":1,""adaptive_mutation_patience"":3,""adaptive_mutation_max_strength"":3,""coarse_to_fine_mutation"":false,""coarse_to_fine_start_strength"":3,""coarse_to_fine_end_strength"":1,""stagnation_generations_after_selection"":0}",local exchange crossover,True,212,128,16,8,262144,262144,1048576,18700,193470464,136451.882505578,15276.82177734375
124,0.461181640625,0.4619140625,kl,0.461181640625,,,,,0,{},128,16,4,1,"[16,4,1]","[2048,16384,131072]",5503193088,4.083333333333333,3216.5078125,26982023168,26982023168,0,8,8,"{""type"":""mixed_depth_quantization"",""sequential_mode"":""none"",""joint_mutation_mode"":""standard"",""parent_before_generation_hash"":""7fd39e1deb4a67934f712bdd72ce8e2b36611839d96c54cc599a51a5fc6fb4c5"",""parent_after_generation_hash"":""8f9bbb7450e1cefd9d19326987bab45a2a121412868d02873f1be89bd3f95c9d"",""generated_offspring_by_type"":{""depth"":57,""quantization"":67,""joint_aware"":0,""interaction_aware"":0,""sequential_quantization"":0,""fixed_quant_depth"":0,""component crossover"":0,""component crossover + repair"":0,""layer bundle crossover"":0,""layer bundle crossover + repair"":0,""local exchange crossover"":4},""depth_mask_entries_changed_by_type"":{""depth"":176,""quantization"":0,""joint_aware"":0,""interaction_aware"":0,""sequential_quantization"":0,""fixed_quant_depth"":0,""component crossover"":0,""component crossover + repair"":0,""layer bundle crossover"":0,""layer bundle crossover + repair"":0,""local exchange crossover"":0},""quant_assignments_changed_by_type"":{""depth"":147,""quantization"":153,""joint_aware"":0,""interaction_aware"":0,""sequential_quantization"":0,""fixed_quant_depth"":0,""component crossover"":0,""component crossover + repair"":0,""layer bundle crossover"":0,""layer bundle crossover + repair"":0,""local exchange crossover"":8},""depth_mask_entries_changed_total"":176,""quant_assignments_changed_total"":308,""interaction_aware_details"":{""budget_repair_quant_changes"":0,""preferred_quant_exchanges_used"":0,""fallback_quant_exchanges_used"":0},""crossover_diagnostics"":{""crossover_type"":""local_exchange"",""crossover_parent_selection"":""uniform"",""crossover_offspring"":4,""crossover_offspring_accepted"":4,""mutation_offspring_accepted"":124,""mutation_offspring"":124,""crossover_offspring_attempted"":109,""crossover_duplicates"":48,""crossover_infeasible_candidates"":0,""crossover_repair_changed_gene_count"":0,""crossover_repaired_proposals"":0,""parent_distance_mean"":4.0,""parent_distance_min"":4,""parent_distance_max"":4,""child_distance_from_parent_a_mean"":2.0,""child_distance_from_parent_b_mean"":2.0,""layers_from_parent_a_mean"":null,""layers_from_parent_b_mean"":null,""crossover_no_legal_exchange"":57,""local_exchange_attention"":0,""local_exchange_mlp"":0,""local_exchange_quantization"":4,""local_exchange_block"":0,""parent_distance_count"":109,""child_distance_from_base_mean"":2.0,""child_distance_from_base_min"":2,""child_distance_from_base_max"":2,""child_distance_from_base_count"":4,""child_distance_from_donor_mean"":2.0,""child_distance_from_donor_min"":2,""child_distance_from_donor_max"":2,""child_distance_from_donor_count"":4,""donor_distance_reduction_mean"":2.0,""donor_distance_reduction_min"":2,""donor_distance_reduction_max"":2,""donor_distance_reduction_count"":4,""local_exchange_changed_gene_count_mean"":2.0,""local_exchange_changed_gene_count_min"":2,""local_exchange_changed_gene_count_max"":2,""local_exchange_changed_gene_count_count"":4,""child_distance_statistics_scope"":""accepted_unique_crossover_offspring"",""parent_distance_statistics_scope"":""crossover_attempts"",""persistent_population_size"":4,""unique_population_size"":4,""best_population_fitness"":0.461181640625,""configured_survivors_per_selection"":[16,4,1],""effective_survivors_per_selection"":[16,4,4],""effective_final_survivor_count"":4},""offspring_generation"":{""attempts"":233,""no_op_mutations"":0,""duplicate_candidates"":48,""infeasible_candidates"":0,""fixed_quant_legal_swap_counts"":[]},""maximum_depth_mutations_per_offspring"":3,""quantization_step_size"":1,""quantization_mutations_per_offspring"":1,""joint_aware_probability"":0.0,""adaptive_mutation"":false,""adaptive_mutation_strength"":1,""adaptive_mutation_patience"":3,""adaptive_mutation_max_strength"":3,""coarse_to_fine_mutation"":false,""coarse_to_fine_start_strength"":3,""coarse_to_fine_end_strength"":1,""stagnation_generations_after_selection"":0}",quantization,True,233,128,16,8,262144,262144,1048576,18852,195043328,137415.471250679,15276.82177734375
125,0.435302734375,0.461181640625,kl,0.435302734375,,,,,0,{},128,16,4,1,"[16,4,1]","[2048,16384,131072]",5503193088,4.083333333333333,3216.5078125,26982023168,26982023168,0,8,8,"{""type"":""mixed_depth_quantization"",""sequential_mode"":""none"",""joint_mutation_mode"":""standard"",""parent_before_generation_hash"":""8f9bbb7450e1cefd9d19326987bab45a2a121412868d02873f1be89bd3f95c9d"",""parent_after_generation_hash"":""1c53e7eb132605d209cde16a0da9b0ae88b5905e97cca79359a6a699f1c8f566"",""generated_offspring_by_type"":{""depth"":56,""quantization"":59,""joint_aware"":0,""interaction_aware"":0,""sequential_quantization"":0,""fixed_quant_depth"":0,""component crossover"":0,""component crossover + repair"":0,""layer bundle crossover"":0,""layer bundle crossover + repair"":0,""local exchange crossover"":13},""depth_mask_entries_changed_by_type"":{""depth"":154,""quantization"":0,""joint_aware"":0,""interaction_aware"":0,""sequential_quantization"":0,""fixed_quant_depth"":0,""component crossover"":0,""component crossover + repair"":0,""layer bundle crossover"":0,""layer bundle crossover + repair"":0,""local exchange crossover"":0},""quant_assignments_changed_by_type"":{""depth"":141,""quantization"":143,""joint_aware"":0,""interaction_aware"":0,""sequential_quantization"":0,""fixed_quant_depth"":0,""component crossover"":0,""component crossover + repair"":0,""layer bundle crossover"":0,""layer bundle crossover + repair"":0,""local exchange crossover"":26},""depth_mask_entries_changed_total"":154,""quant_assignments_changed_total"":310,""interaction_aware_details"":{""budget_repair_quant_changes"":0,""preferred_quant_exchanges_used"":0,""fallback_quant_exchanges_used"":0},""crossover_diagnostics"":{""crossover_type"":""local_exchange"",""crossover_parent_selection"":""uniform"",""crossover_offspring"":13,""crossover_offspring_accepted"":13,""mutation_offspring_accepted"":115,""mutation_offspring"":115,""crossover_offspring_attempted"":100,""crossover_duplicates"":87,""crossover_infeasible_candidates"":0,""crossover_repair_changed_gene_count"":0,""crossover_repaired_proposals"":0,""parent_distance_mean"":5.38,""parent_distance_min"":2,""parent_distance_max"":8,""child_distance_from_parent_a_mean"":2.0,""child_distance_from_parent_b_mean"":3.38,""layers_from_parent_a_mean"":null,""layers_from_parent_b_mean"":null,""crossover_no_legal_exchange"":0,""local_exchange_attention"":0,""local_exchange_mlp"":0,""local_exchange_quantization"":13,""local_exchange_block"":0,""parent_distance_count"":100,""child_distance_from_base_mean"":2.0,""child_distance_from_base_min"":2,""child_distance_from_base_max"":2,""child_distance_from_base_count"":13,""child_distance_from_donor_mean"":4.923076923076923,""child_distance_from_donor_min"":2,""child_distance_from_donor_max"":6,""child_distance_from_donor_count"":13,""donor_distance_reduction_mean"":2.0,""donor_distance_reduction_min"":2,""donor_distance_reduction_max"":2,""donor_distance_reduction_count"":13,""local_exchange_changed_gene_count_mean"":2.0,""local_exchange_changed_gene_count_min"":2,""local_exchange_changed_gene_count_max"":2,""local_exchange_changed_gene_count_count"":13,""child_distance_statistics_scope"":""accepted_unique_crossover_offspring"",""parent_distance_statistics_scope"":""crossover_attempts"",""persistent_population_size"":4,""unique_population_size"":4,""best_population_fitness"":0.435302734375,""configured_survivors_per_selection"":[16,4,1],""effective_survivors_per_selection"":[16,4,4],""effective_final_survivor_count"":4},""offspring_generation"":{""attempts"":215,""no_op_mutations"":0,""duplicate_candidates"":87,""infeasible_candidates"":0,""fixed_quant_legal_swap_counts"":[]},""maximum_depth_mutations_per_offspring"":3,""quantization_step_size"":1,""quantization_mutations_per_offspring"":1,""joint_aware_probability"":0.0,""adaptive_mutation"":false,""adaptive_mutation_strength"":1,""adaptive_mutation_patience"":3,""adaptive_mutation_max_strength"":3,""coarse_to_fine_mutation"":false,""coarse_to_fine_start_strength"":3,""coarse_to_fine_end_strength"":1,""stagnation_generations_after_selection"":0}",quantization,True,215,128,16,8,262144,262144,1048576,19004,196616192,138474.86255859002,15276.82177734375
126,0.452880859375,0.435302734375,kl,0.452880859375,9.828125,9.5625,12.5703125,,917504,"{""wikitext2"":327680,""c4"":589824}",128,16,4,1,"[16,4,1]","[2048,16384,131072]",5503193088,4.083333333333333,3216.5078125,26982023168,26982023168,0,8,8,"{""type"":""mixed_depth_quantization"",""sequential_mode"":""none"",""joint_mutation_mode"":""standard"",""parent_before_generation_hash"":""1c53e7eb132605d209cde16a0da9b0ae88b5905e97cca79359a6a699f1c8f566"",""parent_after_generation_hash"":""1c53e7eb132605d209cde16a0da9b0ae88b5905e97cca79359a6a699f1c8f566"",""generated_offspring_by_type"":{""depth"":46,""quantization"":58,""joint_aware"":0,""interaction_aware"":0,""sequential_quantization"":0,""fixed_quant_depth"":0,""component crossover"":0,""component crossover + repair"":0,""layer bundle crossover"":0,""layer bundle crossover + repair"":0,""local exchange crossover"":24},""depth_mask_entries_changed_by_type"":{""depth"":156,""quantization"":0,""joint_aware"":0,""interaction_aware"":0,""sequential_quantization"":0,""fixed_quant_depth"":0,""component crossover"":0,""component crossover + repair"":0,""layer bundle crossover"":0,""layer bundle crossover + repair"":0,""local exchange crossover"":0},""quant_assignments_changed_by_type"":{""depth"":128,""quantization"":147,""joint_aware"":0,""interaction_aware"":0,""sequential_quantization"":0,""fixed_quant_depth"":0,""component crossover"":0,""component crossover + repair"":0,""layer bundle crossover"":0,""layer bundle crossover + repair"":0,""local exchange crossover"":48},""depth_mask_entries_changed_total"":156,""quant_assignments_changed_total"":323,""interaction_aware_details"":{""budget_repair_quant_changes"":0,""preferred_quant_exchanges_used"":0,""fallback_quant_exchanges_used"":0},""crossover_diagnostics"":{""crossover_type"":""local_exchange"",""crossover_parent_selection"":""uniform"",""crossover_offspring"":24,""crossover_offspring_accepted"":24,""mutation_offspring_accepted"":104,""mutation_offspring"":104,""crossover_offspring_attempted"":114,""crossover_duplicates"":90,""crossover_infeasible_candidates"":0,""crossover_repair_changed_gene_count"":0,""crossover_repaired_proposals"":0,""parent_distance_mean"":8.18421052631579,""parent_distance_min"":2,""parent_distance_max"":11,""child_distance_from_parent_a_mean"":2.0,""child_distance_from_parent_b_mean"":6.184210526315789,""layers_from_parent_a_mean"":null,""layers_from_parent_b_mean"":null,""crossover_no_legal_exchange"":0,""local_exchange_attention"":0,""local_exchange_mlp"":0,""local_exchange_quantization"":24,""local_exchange_block"":0,""parent_distance_count"":114,""child_distance_from_base_mean"":2.0,""child_distance_from_base_min"":2,""child_distance_from_base_max"":2,""child_distance_from_base_count"":24,""child_distance_from_donor_mean"":7.5,""child_distance_from_donor_min"":6,""child_distance_from_donor_max"":9,""child_distance_from_donor_count"":24,""donor_distance_reduction_mean"":2.0,""donor_distance_reduction_min"":2,""donor_distance_reduction_max"":2,""donor_distance_reduction_count"":24,""local_exchange_changed_gene_count_mean"":2.0,""local_exchange_changed_gene_count_min"":2,""local_exchange_changed_gene_count_max"":2,""local_exchange_changed_gene_count_count"":24,""child_distance_statistics_scope"":""accepted_unique_crossover_offspring"",""parent_distance_statistics_scope"":""crossover_attempts"",""persistent_population_size"":4,""unique_population_size"":4,""best_population_fitness"":0.452880859375,""configured_survivors_per_selection"":[16,4,1],""effective_survivors_per_selection"":[16,4,4],""effective_final_survivor_count"":4},""offspring_generation"":{""attempts"":218,""no_op_mutations"":0,""duplicate_candidates"":90,""infeasible_candidates"":0,""fixed_quant_legal_swap_counts"":[]},""maximum_depth_mutations_per_offspring"":3,""quantization_step_size"":1,""quantization_mutations_per_offspring"":1,""joint_aware_probability"":0.0,""adaptive_mutation"":false,""adaptive_mutation_strength"":1,""adaptive_mutation_patience"":3,""adaptive_mutation_max_strength"":3,""coarse_to_fine_mutation"":false,""coarse_to_fine_start_strength"":3,""coarse_to_fine_end_strength"":1,""stagnation_generations_after_selection"":1}",parent,False,218,128,16,8,262144,262144,1048576,19156,198189056,139732.52539668,15276.82177734375
127,0.4345703125,0.452880859375,kl,0.4345703125,,,,,0,{},128,16,4,1,"[16,4,1]","[2048,16384,131072]",5503193088,4.083333333333333,3216.5078125,26982023168,26982023168,0,8,8,"{""type"":""mixed_depth_quantization"",""sequential_mode"":""none"",""joint_mutation_mode"":""standard"",""parent_before_generation_hash"":""1c53e7eb132605d209cde16a0da9b0ae88b5905e97cca79359a6a699f1c8f566"",""parent_after_generation_hash"":""a5082d1615a4e6a1a2d669aef37fa12231cb3da664e54a81b6ebbda985df5ef9"",""generated_offspring_by_type"":{""depth"":52,""quantization"":44,""joint_aware"":0,""interaction_aware"":0,""sequential_quantization"":0,""fixed_quant_depth"":0,""component crossover"":0,""component crossover + repair"":0,""layer bundle crossover"":0,""layer bundle crossover + repair"":0,""local exchange crossover"":32},""depth_mask_entries_changed_by_type"":{""depth"":170,""quantization"":0,""joint_aware"":0,""interaction_aware"":0,""sequential_quantization"":0,""fixed_quant_depth"":0,""component crossover"":0,""component crossover + repair"":0,""layer bundle crossover"":0,""layer bundle crossover + repair"":0,""local exchange crossover"":0},""quant_assignments_changed_by_type"":{""depth"":117,""quantization"":102,""joint_aware"":0,""interaction_aware"":0,""sequential_quantization"":0,""fixed_quant_depth"":0,""component crossover"":0,""component crossover + repair"":0,""layer bundle crossover"":0,""layer bundle crossover + repair"":0,""local exchange crossover"":64},""depth_mask_entries_changed_total"":170,""quant_assignments_changed_total"":283,""interaction_aware_details"":{""budget_repair_quant_changes"":0,""preferred_quant_exchanges_used"":0,""fallback_quant_exchanges_used"":0},""crossover_diagnostics"":{""crossover_type"":""local_exchange"",""crossover_parent_selection"":""uniform"",""crossover_offspring"":32,""crossover_offspring_accepted"":32,""mutation_offspring_accepted"":96,""mutation_offspring"":96,""crossover_offspring_attempted"":98,""crossover_duplicates"":66,""crossover_infeasible_candidates"":0,""crossover_repair_changed_gene_count"":0,""crossover_repaired_proposals"":0,""parent_distance_mean"":9.89795918367347,""parent_distance_min"":7,""parent_distance_max"":12,""child_distance_from_parent_a_mean"":2.0,""child_distance_from_parent_b_mean"":7.8979591836734695,""layers_from_parent_a_mean"":null,""layers_from_parent_b_mean"":null,""crossover_no_legal_exchange"":0,""local_exchange_attention"":0,""local_exchange_mlp"":0,""local_exchange_quantization"":32,""local_exchange_block"":0,""parent_distance_count"":98,""child_distance_from_base_mean"":2.0,""child_distance_from_base_min"":2,""child_distance_from_base_max"":2,""child_distance_from_base_count"":32,""child_distance_from_donor_mean"":8.125,""child_distance_from_donor_min"":5,""child_distance_from_donor_max"":10,""child_distance_from_donor_count"":32,""donor_distance_reduction_mean"":2.0,""donor_distance_reduction_min"":2,""donor_distance_reduction_max"":2,""donor_distance_reduction_count"":32,""local_exchange_changed_gene_count_mean"":2.0,""local_exchange_changed_gene_count_min"":2,""local_exchange_changed_gene_count_max"":2,""local_exchange_changed_gene_count_count"":32,""child_distance_statistics_scope"":""accepted_unique_crossover_offspring"",""parent_distance_statistics_scope"":""crossover_attempts"",""persistent_population_size"":4,""unique_population_size"":4,""best_population_fitness"":0.4345703125,""configured_survivors_per_selection"":[16,4,1],""effective_survivors_per_selection"":[16,4,4],""effective_final_survivor_count"":4},""offspring_generation"":{""attempts"":194,""no_op_mutations"":0,""duplicate_candidates"":66,""infeasible_candidates"":0,""fixed_quant_legal_swap_counts"":[]},""maximum_depth_mutations_per_offspring"":3,""quantization_step_size"":1,""quantization_mutations_per_offspring"":1,""joint_aware_probability"":0.0,""adaptive_mutation"":false,""adaptive_mutation_strength"":1,""adaptive_mutation_patience"":3,""adaptive_mutation_max_strength"":3,""coarse_to_fine_mutation"":false,""coarse_to_fine_start_strength"":3,""coarse_to_fine_end_strength"":1,""stagnation_generations_after_selection"":0}",local exchange crossover,True,194,128,16,8,262144,262144,1048576,19308,199761920,140837.904117785,15276.82177734375
128,0.449951171875,0.4345703125,kl,0.449951171875,,,,,0,{},128,16,4,1,"[16,4,1]","[2048,16384,131072]",5503193088,4.083333333333333,3216.5078125,26982023168,26982023168,0,8,8,"{""type"":""mixed_depth_quantization"",""sequential_mode"":""none"",""joint_mutation_mode"":""standard"",""parent_before_generation_hash"":""a5082d1615a4e6a1a2d669aef37fa12231cb3da664e54a81b6ebbda985df5ef9"",""parent_after_generation_hash"":""e756d277b1a133a3e6c69ad4ccf547559c194b96867723a7b1706201544d5e72"",""generated_offspring_by_type"":{""depth"":59,""quantization"":45,""joint_aware"":0,""interaction_aware"":0,""sequential_quantization"":0,""fixed_quant_depth"":0,""component crossover"":0,""component crossover + repair"":0,""layer bundle crossover"":0,""layer bundle crossover + repair"":0,""local exchange crossover"":24},""depth_mask_entries_changed_by_type"":{""depth"":186,""quantization"":0,""joint_aware"":0,""interaction_aware"":0,""sequential_quantization"":0,""fixed_quant_depth"":0,""component crossover"":0,""component crossover + repair"":0,""layer bundle crossover"":0,""layer bundle crossover + repair"":0,""local exchange crossover"":0},""quant_assignments_changed_by_type"":{""depth"":151,""quantization"":105,""joint_aware"":0,""interaction_aware"":0,""sequential_quantization"":0,""fixed_quant_depth"":0,""component crossover"":0,""component crossover + repair"":0,""layer bundle crossover"":0,""layer bundle crossover + repair"":0,""local exchange crossover"":48},""depth_mask_entries_changed_total"":186,""quant_assignments_changed_total"":304,""interaction_aware_details"":{""budget_repair_quant_changes"":0,""preferred_quant_exchanges_used"":0,""fallback_quant_exchanges_used"":0},""crossover_diagnostics"":{""crossover_type"":""local_exchange"",""crossover_parent_selection"":""uniform"",""crossover_offspring"":24,""crossover_offspring_accepted"":24,""mutation_offspring_accepted"":104,""mutation_offspring"":104,""crossover_offspring_attempted"":120,""crossover_duplicates"":96,""crossover_infeasible_candidates"":0,""crossover_repair_changed_gene_count"":0,""crossover_repaired_proposals"":0,""parent_distance_mean"":7.366666666666666,""parent_distance_min"":2,""parent_distance_max"":13,""child_distance_from_parent_a_mean"":2.0,""child_distance_from_parent_b_mean"":5.366666666666666,""layers_from_parent_a_mean"":null,""layers_from_parent_b_mean"":null,""crossover_no_legal_exchange"":0,""local_exchange_attention"":0,""local_exchange_mlp"":0,""local_exchange_quantization"":24,""local_exchange_block"":0,""parent_distance_count"":120,""child_distance_from_base_mean"":2.0,""child_distance_from_base_min"":2,""child_distance_from_base_max"":2,""child_distance_from_base_count"":24,""child_distance_from_donor_mean"":9.208333333333334,""child_distance_from_donor_min"":2,""child_distance_from_donor_max"":11,""child_distance_from_donor_count"":24,""donor_distance_reduction_mean"":2.0,""donor_distance_reduction_min"":2,""donor_distance_reduction_max"":2,""donor_distance_reduction_count"":24,""local_exchange_changed_gene_count_mean"":2.0,""local_exchange_changed_gene_count_min"":2,""local_exchange_changed_gene_count_max"":2,""local_exchange_changed_gene_count_count"":24,""child_distance_statistics_scope"":""accepted_unique_crossover_offspring"",""parent_distance_statistics_scope"":""crossover_attempts"",""persistent_population_size"":4,""unique_population_size"":4,""best_population_fitness"":0.449951171875,""configured_survivors_per_selection"":[16,4,1],""effective_survivors_per_selection"":[16,4,4],""effective_final_survivor_count"":4},""offspring_generation"":{""attempts"":224,""no_op_mutations"":0,""duplicate_candidates"":96,""infeasible_candidates"":0,""fixed_quant_legal_swap_counts"":[]},""maximum_depth_mutations_per_offspring"":3,""quantization_step_size"":1,""quantization_mutations_per_offspring"":1,""joint_aware_probability"":0.0,""adaptive_mutation"":false,""adaptive_mutation_strength"":1,""adaptive_mutation_patience"":3,""adaptive_mutation_max_strength"":3,""coarse_to_fine_mutation"":false,""coarse_to_fine_start_strength"":3,""coarse_to_fine_end_strength"":1,""stagnation_generations_after_selection"":0}",quantization,True,224,128,16,8,262144,262144,1048576,19460,201334784,141852.758750114,15276.82177734375
129,0.45458984375,0.449951171875,kl,0.45458984375,,,,,0,{},128,16,4,1,"[16,4,1]","[2048,16384,131072]",5503193088,4.083333333333333,3216.5078125,26982023168,26982023168,0,8,8,"{""type"":""mixed_depth_quantization"",""sequential_mode"":""none"",""joint_mutation_mode"":""standard"",""parent_before_generation_hash"":""e756d277b1a133a3e6c69ad4ccf547559c194b96867723a7b1706201544d5e72"",""parent_after_generation_hash"":""9ef93c6b01867be3a2a5537f886096daf5646e706c9cd91431776d028a3ad44b"",""generated_offspring_by_type"":{""depth"":59,""quantization"":56,""joint_aware"":0,""interaction_aware"":0,""sequential_quantization"":0,""fixed_quant_depth"":0,""component crossover"":0,""component crossover + repair"":0,""layer bundle crossover"":0,""layer bundle crossover + repair"":0,""local exchange crossover"":13},""depth_mask_entries_changed_by_type"":{""depth"":168,""quantization"":0,""joint_aware"":0,""interaction_aware"":0,""sequential_quantization"":0,""fixed_quant_depth"":0,""component crossover"":0,""component crossover + repair"":0,""layer bundle crossover"":0,""layer bundle crossover + repair"":0,""local exchange crossover"":0},""quant_assignments_changed_by_type"":{""depth"":132,""quantization"":130,""joint_aware"":0,""interaction_aware"":0,""sequential_quantization"":0,""fixed_quant_depth"":0,""component crossover"":0,""component crossover + repair"":0,""layer bundle crossover"":0,""layer bundle crossover + repair"":0,""local exchange crossover"":26},""depth_mask_entries_changed_total"":168,""quant_assignments_changed_total"":288,""interaction_aware_details"":{""budget_repair_quant_changes"":0,""preferred_quant_exchanges_used"":0,""fallback_quant_exchanges_used"":0},""crossover_diagnostics"":{""crossover_type"":""local_exchange"",""crossover_parent_selection"":""uniform"",""crossover_offspring"":13,""crossover_offspring_accepted"":13,""mutation_offspring_accepted"":115,""mutation_offspring"":115,""crossover_offspring_attempted"":122,""crossover_duplicates"":109,""crossover_infeasible_candidates"":0,""crossover_repair_changed_gene_count"":0,""crossover_repaired_proposals"":0,""parent_distance_mean"":4.762295081967213,""parent_distance_min"":3,""parent_distance_max"":7,""child_distance_from_parent_a_mean"":2.0,""child_distance_from_parent_b_mean"":2.762295081967213,""layers_from_parent_a_mean"":null,""layers_from_parent_b_mean"":null,""crossover_no_legal_exchange"":0,""local_exchange_attention"":0,""local_exchange_mlp"":0,""local_exchange_quantization"":13,""local_exchange_block"":0,""parent_distance_count"":122,""child_distance_from_base_mean"":2.0,""child_distance_from_base_min"":2,""child_distance_from_base_max"":2,""child_distance_from_base_count"":13,""child_distance_from_donor_mean"":3.5384615384615383,""child_distance_from_donor_min"":1,""child_distance_from_donor_max"":5,""child_distance_from_donor_count"":13,""donor_distance_reduction_mean"":2.0,""donor_distance_reduction_min"":2,""donor_distance_reduction_max"":2,""donor_distance_reduction_count"":13,""local_exchange_changed_gene_count_mean"":2.0,""local_exchange_changed_gene_count_min"":2,""local_exchange_changed_gene_count_max"":2,""local_exchange_changed_gene_count_count"":13,""child_distance_statistics_scope"":""accepted_unique_crossover_offspring"",""parent_distance_statistics_scope"":""crossover_attempts"",""persistent_population_size"":4,""unique_population_size"":4,""best_population_fitness"":0.45458984375,""configured_survivors_per_selection"":[16,4,1],""effective_survivors_per_selection"":[16,4,4],""effective_final_survivor_count"":4},""offspring_generation"":{""attempts"":237,""no_op_mutations"":0,""duplicate_candidates"":109,""infeasible_candidates"":0,""fixed_quant_legal_swap_counts"":[]},""maximum_depth_mutations_per_offspring"":3,""quantization_step_size"":1,""quantization_mutations_per_offspring"":1,""joint_aware_probability"":0.0,""adaptive_mutation"":false,""adaptive_mutation_strength"":1,""adaptive_mutation_patience"":3,""adaptive_mutation_max_strength"":3,""coarse_to_fine_mutation"":false,""coarse_to_fine_start_strength"":3,""coarse_to_fine_end_strength"":1,""stagnation_generations_after_selection"":0}",local exchange crossover,True,237,128,16,8,262144,262144,1048576,19612,202907648,142838.563992467,15276.82177734375
130,0.451904296875,0.45458984375,kl,0.451904296875,,,,,0,{},128,16,4,1,"[16,4,1]","[2048,16384,131072]",5503193088,4.083333333333333,3216.5078125,26982023168,26982023168,0,8,8,"{""type"":""mixed_depth_quantization"",""sequential_mode"":""none"",""joint_mutation_mode"":""standard"",""parent_before_generation_hash"":""9ef93c6b01867be3a2a5537f886096daf5646e706c9cd91431776d028a3ad44b"",""parent_after_generation_hash"":""767c0253d624df4bb6a4964ee89e46c608e557f228a6dc2407b845871e05253a"",""generated_offspring_by_type"":{""depth"":75,""quantization"":50,""joint_aware"":0,""interaction_aware"":0,""sequential_quantization"":0,""fixed_quant_depth"":0,""component crossover"":0,""component crossover + repair"":0,""layer bundle crossover"":0,""layer bundle crossover + repair"":0,""local exchange crossover"":3},""depth_mask_entries_changed_by_type"":{""depth"":246,""quantization"":0,""joint_aware"":0,""interaction_aware"":0,""sequential_quantization"":0,""fixed_quant_depth"":0,""component crossover"":0,""component crossover + repair"":0,""layer bundle crossover"":0,""layer bundle crossover + repair"":0,""local exchange crossover"":0},""quant_assignments_changed_by_type"":{""depth"":210,""quantization"":114,""joint_aware"":0,""interaction_aware"":0,""sequential_quantization"":0,""fixed_quant_depth"":0,""component crossover"":0,""component crossover + repair"":0,""layer bundle crossover"":0,""layer bundle crossover + repair"":0,""local exchange crossover"":6},""depth_mask_entries_changed_total"":246,""quant_assignments_changed_total"":330,""interaction_aware_details"":{""budget_repair_quant_changes"":0,""preferred_quant_exchanges_used"":0,""fallback_quant_exchanges_used"":0},""crossover_diagnostics"":{""crossover_type"":""local_exchange"",""crossover_parent_selection"":""uniform"",""crossover_offspring"":3,""crossover_offspring_accepted"":3,""mutation_offspring_accepted"":125,""mutation_offspring"":125,""crossover_offspring_attempted"":105,""crossover_duplicates"":83,""crossover_infeasible_candidates"":0,""crossover_repair_changed_gene_count"":0,""crossover_repaired_proposals"":0,""parent_distance_mean"":2.8,""parent_distance_min"":1,""parent_distance_max"":5,""child_distance_from_parent_a_mean"":2.0,""child_distance_from_parent_b_mean"":1.197674418604651,""layers_from_parent_a_mean"":null,""layers_from_parent_b_mean"":null,""crossover_no_legal_exchange"":19,""local_exchange_attention"":0,""local_exchange_mlp"":0,""local_exchange_quantization"":3,""local_exchange_block"":0,""parent_distance_count"":105,""child_distance_from_base_mean"":2.0,""child_distance_from_base_min"":2,""child_distance_from_base_max"":2,""child_distance_from_base_count"":3,""child_distance_from_donor_mean"":3.0,""child_distance_from_donor_min"":3,""child_distance_from_donor_max"":3,""child_distance_from_donor_count"":3,""donor_distance_reduction_mean"":2.0,""donor_distance_reduction_min"":2,""donor_distance_reduction_max"":2,""donor_distance_reduction_count"":3,""local_exchange_changed_gene_count_mean"":2.0,""local_exchange_changed_gene_count_min"":2,""local_exchange_changed_gene_count_max"":2,""local_exchange_changed_gene_count_count"":3,""child_distance_statistics_scope"":""accepted_unique_crossover_offspring"",""parent_distance_statistics_scope"":""crossover_attempts"",""persistent_population_size"":4,""unique_population_size"":4,""best_population_fitness"":0.451904296875,""configured_survivors_per_selection"":[16,4,1],""effective_survivors_per_selection"":[16,4,4],""effective_final_survivor_count"":4},""offspring_generation"":{""attempts"":230,""no_op_mutations"":0,""duplicate_candidates"":83,""infeasible_candidates"":0,""fixed_quant_legal_swap_counts"":[]},""maximum_depth_mutations_per_offspring"":3,""quantization_step_size"":1,""quantization_mutations_per_offspring"":1,""joint_aware_probability"":0.0,""adaptive_mutation"":false,""adaptive_mutation_strength"":1,""adaptive_mutation_patience"":3,""adaptive_mutation_max_strength"":3,""coarse_to_fine_mutation"":false,""coarse_to_fine_start_strength"":3,""coarse_to_fine_end_strength"":1,""stagnation_generations_after_selection"":0}",quantization,True,230,128,16,8,262144,262144,1048576,19764,204480512,143851.12899344502,15276.82177734375
131,0.45458984375,0.451904296875,kl,0.45458984375,9.7890625,9.6015625,12.5703125,,917504,"{""wikitext2"":327680,""c4"":589824}",128,16,4,1,"[16,4,1]","[2048,16384,131072]",5503193088,4.083333333333333,3216.5078125,26982023168,26982023168,0,8,8,"{""type"":""mixed_depth_quantization"",""sequential_mode"":""none"",""joint_mutation_mode"":""standard"",""parent_before_generation_hash"":""767c0253d624df4bb6a4964ee89e46c608e557f228a6dc2407b845871e05253a"",""parent_after_generation_hash"":""aad52d9b984f0e0dd14fb8fbed8a6fe5adc7c370006ca21f5e3c958598dc3a5b"",""generated_offspring_by_type"":{""depth"":58,""quantization"":62,""joint_aware"":0,""interaction_aware"":0,""sequential_quantization"":0,""fixed_quant_depth"":0,""component crossover"":0,""component crossover + repair"":0,""layer bundle crossover"":0,""layer bundle crossover + repair"":0,""local exchange crossover"":8},""depth_mask_entries_changed_by_type"":{""depth"":166,""quantization"":0,""joint_aware"":0,""interaction_aware"":0,""sequential_quantization"":0,""fixed_quant_depth"":0,""component crossover"":0,""component crossover + repair"":0,""layer bundle crossover"":0,""layer bundle crossover + repair"":0,""local exchange crossover"":0},""quant_assignments_changed_by_type"":{""depth"":150,""quantization"":150,""joint_aware"":0,""interaction_aware"":0,""sequential_quantization"":0,""fixed_quant_depth"":0,""component crossover"":0,""component crossover + repair"":0,""layer bundle crossover"":0,""layer bundle crossover + repair"":0,""local exchange crossover"":16},""depth_mask_entries_changed_total"":166,""quant_assignments_changed_total"":316,""interaction_aware_details"":{""budget_repair_quant_changes"":0,""preferred_quant_exchanges_used"":0,""fallback_quant_exchanges_used"":0},""crossover_diagnostics"":{""crossover_type"":""local_exchange"",""crossover_parent_selection"":""uniform"",""crossover_offspring"":8,""crossover_offspring_accepted"":8,""mutation_offspring_accepted"":120,""mutation_offspring"":120,""crossover_offspring_attempted"":126,""crossover_duplicates"":93,""crossover_infeasible_candidates"":0,""crossover_repair_changed_gene_count"":0,""crossover_repaired_proposals"":0,""parent_distance_mean"":3.2777777777777777,""parent_distance_min"":1,""parent_distance_max"":6,""child_distance_from_parent_a_mean"":2.0,""child_distance_from_parent_b_mean"":1.8415841584158417,""layers_from_parent_a_mean"":null,""layers_from_parent_b_mean"":null,""crossover_no_legal_exchange"":25,""local_exchange_attention"":0,""local_exchange_mlp"":0,""local_exchange_quantization"":8,""local_exchange_block"":0,""parent_distance_count"":126,""child_distance_from_base_mean"":2.0,""child_distance_from_base_min"":2,""child_distance_from_base_max"":2,""child_distance_from_base_count"":8,""child_distance_from_donor_mean"":2.875,""child_distance_from_donor_min"":1,""child_distance_from_donor_max"":4,""child_distance_from_donor_count"":8,""donor_distance_reduction_mean"":2.0,""donor_distance_reduction_min"":2,""donor_distance_reduction_max"":2,""donor_distance_reduction_count"":8,""local_exchange_changed_gene_count_mean"":2.0,""local_exchange_changed_gene_count_min"":2,""local_exchange_changed_gene_count_max"":2,""local_exchange_changed_gene_count_count"":8,""child_distance_statistics_scope"":""accepted_unique_crossover_offspring"",""parent_distance_statistics_scope"":""crossover_attempts"",""persistent_population_size"":4,""unique_population_size"":4,""best_population_fitness"":0.45458984375,""configured_survivors_per_selection"":[16,4,1],""effective_survivors_per_selection"":[16,4,4],""effective_final_survivor_count"":4},""offspring_generation"":{""attempts"":246,""no_op_mutations"":0,""duplicate_candidates"":93,""infeasible_candidates"":0,""fixed_quant_legal_swap_counts"":[]},""maximum_depth_mutations_per_offspring"":3,""quantization_step_size"":1,""quantization_mutations_per_offspring"":1,""joint_aware_probability"":0.0,""adaptive_mutation"":false,""adaptive_mutation_strength"":1,""adaptive_mutation_patience"":3,""adaptive_mutation_max_strength"":3,""coarse_to_fine_mutation"":false,""coarse_to_fine_start_strength"":3,""coarse_to_fine_end_strength"":1,""stagnation_generations_after_selection"":0}",local exchange crossover,True,246,128,16,8,262144,262144,1048576,19916,206053376,145147.370797775,15276.82177734375
132,0.424560546875,0.45458984375,kl,0.424560546875,,,,,0,{},128,16,4,1,"[16,4,1]","[2048,16384,131072]",5503193088,4.083333333333333,3216.5078125,26982023168,26982023168,0,8,8,"{""type"":""mixed_depth_quantization"",""sequential_mode"":""none"",""joint_mutation_mode"":""standard"",""parent_before_generation_hash"":""aad52d9b984f0e0dd14fb8fbed8a6fe5adc7c370006ca21f5e3c958598dc3a5b"",""parent_after_generation_hash"":""825f8ee9b15fe1c46621be87f383a80b195a6bf379e8d39fc3296f5e5b7d4a55"",""generated_offspring_by_type"":{""depth"":56,""quantization"":69,""joint_aware"":0,""interaction_aware"":0,""sequential_quantization"":0,""fixed_quant_depth"":0,""component crossover"":0,""component crossover + repair"":0,""layer bundle crossover"":0,""layer bundle crossover + repair"":0,""local exchange crossover"":3},""depth_mask_entries_changed_by_type"":{""depth"":174,""quantization"":0,""joint_aware"":0,""interaction_aware"":0,""sequential_quantization"":0,""fixed_quant_depth"":0,""component crossover"":0,""component crossover + repair"":0,""layer bundle crossover"":0,""layer bundle crossover + repair"":0,""local exchange crossover"":0},""quant_assignments_changed_by_type"":{""depth"":134,""quantization"":166,""joint_aware"":0,""interaction_aware"":0,""sequential_quantization"":0,""fixed_quant_depth"":0,""component crossover"":0,""component crossover + repair"":0,""layer bundle crossover"":0,""layer bundle crossover + repair"":0,""local exchange crossover"":6},""depth_mask_entries_changed_total"":174,""quant_assignments_changed_total"":306,""interaction_aware_details"":{""budget_repair_quant_changes"":0,""preferred_quant_exchanges_used"":0,""fallback_quant_exchanges_used"":0},""crossover_diagnostics"":{""crossover_type"":""local_exchange"",""crossover_parent_selection"":""uniform"",""crossover_offspring"":3,""crossover_offspring_accepted"":3,""mutation_offspring_accepted"":125,""mutation_offspring"":125,""crossover_offspring_attempted"":131,""crossover_duplicates"":102,""crossover_infeasible_candidates"":0,""crossover_repair_changed_gene_count"":0,""crossover_repaired_proposals"":0,""parent_distance_mean"":2.7251908396946565,""parent_distance_min"":1,""parent_distance_max"":5,""child_distance_from_parent_a_mean"":2.0,""child_distance_from_parent_b_mean"":1.1523809523809523,""layers_from_parent_a_mean"":null,""layers_from_parent_b_mean"":null,""crossover_no_legal_exchange"":26,""local_exchange_attention"":0,""local_exchange_mlp"":0,""local_exchange_quantization"":3,""local_exchange_block"":0,""parent_distance_count"":131,""child_distance_from_base_mean"":2.0,""child_distance_from_base_min"":2,""child_distance_from_base_max"":2,""child_distance_from_base_count"":3,""child_distance_from_donor_mean"":2.6666666666666665,""child_distance_from_donor_min"":2,""child_distance_from_donor_max"":3,""child_distance_from_donor_count"":3,""donor_distance_reduction_mean"":2.0,""donor_distance_reduction_min"":2,""donor_distance_reduction_max"":2,""donor_distance_reduction_count"":3,""local_exchange_changed_gene_count_mean"":2.0,""local_exchange_changed_gene_count_min"":2,""local_exchange_changed_gene_count_max"":2,""local_exchange_changed_gene_count_count"":3,""child_distance_statistics_scope"":""accepted_unique_crossover_offspring"",""parent_distance_statistics_scope"":""crossover_attempts"",""persistent_population_size"":4,""unique_population_size"":4,""best_population_fitness"":0.424560546875,""configured_survivors_per_selection"":[16,4,1],""effective_survivors_per_selection"":[16,4,4],""effective_final_survivor_count"":4},""offspring_generation"":{""attempts"":256,""no_op_mutations"":0,""duplicate_candidates"":102,""infeasible_candidates"":0,""fixed_quant_legal_swap_counts"":[]},""maximum_depth_mutations_per_offspring"":3,""quantization_step_size"":1,""quantization_mutations_per_offspring"":1,""joint_aware_probability"":0.0,""adaptive_mutation"":false,""adaptive_mutation_strength"":1,""adaptive_mutation_patience"":3,""adaptive_mutation_max_strength"":3,""coarse_to_fine_mutation"":false,""coarse_to_fine_start_strength"":3,""coarse_to_fine_end_strength"":1,""stagnation_generations_after_selection"":0}",quantization,True,256,128,16,8,262144,262144,1048576,20068,207626240,146206.40256551502,15276.82177734375
133,0.460205078125,0.424560546875,kl,0.460205078125,,,,,0,{},128,16,4,1,"[16,4,1]","[2048,16384,131072]",5503193088,4.083333333333333,3216.5078125,26982023168,26982023168,0,8,8,"{""type"":""mixed_depth_quantization"",""sequential_mode"":""none"",""joint_mutation_mode"":""standard"",""parent_before_generation_hash"":""825f8ee9b15fe1c46621be87f383a80b195a6bf379e8d39fc3296f5e5b7d4a55"",""parent_after_generation_hash"":""79efef59a13791d8ba4daf7d8e3a6bc033bcf4b278bf5d24f92d28212a011dcb"",""generated_offspring_by_type"":{""depth"":54,""quantization"":59,""joint_aware"":0,""interaction_aware"":0,""sequential_quantization"":0,""fixed_quant_depth"":0,""component crossover"":0,""component crossover + repair"":0,""layer bundle crossover"":0,""layer bundle crossover + repair"":0,""local exchange crossover"":15},""depth_mask_entries_changed_by_type"":{""depth"":156,""quantization"":0,""joint_aware"":0,""interaction_aware"":0,""sequential_quantization"":0,""fixed_quant_depth"":0,""component crossover"":0,""component crossover + repair"":0,""layer bundle crossover"":0,""layer bundle crossover + repair"":0,""local exchange crossover"":0},""quant_assignments_changed_by_type"":{""depth"":124,""quantization"":141,""joint_aware"":0,""interaction_aware"":0,""sequential_quantization"":0,""fixed_quant_depth"":0,""component crossover"":0,""component crossover + repair"":0,""layer bundle crossover"":0,""layer bundle crossover + repair"":0,""local exchange crossover"":30},""depth_mask_entries_changed_total"":156,""quant_assignments_changed_total"":295,""interaction_aware_details"":{""budget_repair_quant_changes"":0,""preferred_quant_exchanges_used"":0,""fallback_quant_exchanges_used"":0},""crossover_diagnostics"":{""crossover_type"":""local_exchange"",""crossover_parent_selection"":""uniform"",""crossover_offspring"":15,""crossover_offspring_accepted"":15,""mutation_offspring_accepted"":113,""mutation_offspring"":113,""crossover_offspring_attempted"":118,""crossover_duplicates"":89,""crossover_infeasible_candidates"":0,""crossover_repair_changed_gene_count"":0,""crossover_repaired_proposals"":0,""parent_distance_mean"":4.830508474576271,""parent_distance_min"":1,""parent_distance_max"":9,""child_distance_from_parent_a_mean"":2.0,""child_distance_from_parent_b_mean"":3.3461538461538463,""layers_from_parent_a_mean"":null,""layers_from_parent_b_mean"":null,""crossover_no_legal_exchange"":14,""local_exchange_attention"":0,""local_exchange_mlp"":0,""local_exchange_quantization"":15,""local_exchange_block"":0,""parent_distance_count"":118,""child_distance_from_base_mean"":2.0,""child_distance_from_base_min"":2,""child_distance_from_base_max"":2,""child_distance_from_base_count"":15,""child_distance_from_donor_mean"":5.933333333333334,""child_distance_from_donor_min"":1,""child_distance_from_donor_max"":7,""child_distance_from_donor_count"":15,""donor_distance_reduction_mean"":2.0,""donor_distance_reduction_min"":2,""donor_distance_reduction_max"":2,""donor_distance_reduction_count"":15,""local_exchange_changed_gene_count_mean"":2.0,""local_exchange_changed_gene_count_min"":2,""local_exchange_changed_gene_count_max"":2,""local_exchange_changed_gene_count_count"":15,""child_distance_statistics_scope"":""accepted_unique_crossover_offspring"",""parent_distance_statistics_scope"":""crossover_attempts"",""persistent_population_size"":4,""unique_population_size"":4,""best_population_fitness"":0.460205078125,""configured_survivors_per_selection"":[16,4,1],""effective_survivors_per_selection"":[16,4,4],""effective_final_survivor_count"":4},""offspring_generation"":{""attempts"":232,""no_op_mutations"":0,""duplicate_candidates"":90,""infeasible_candidates"":0,""fixed_quant_legal_swap_counts"":[]},""maximum_depth_mutations_per_offspring"":3,""quantization_step_size"":1,""quantization_mutations_per_offspring"":1,""joint_aware_probability"":0.0,""adaptive_mutation"":false,""adaptive_mutation_strength"":1,""adaptive_mutation_patience"":3,""adaptive_mutation_max_strength"":3,""coarse_to_fine_mutation"":false,""coarse_to_fine_start_strength"":3,""coarse_to_fine_end_strength"":1,""stagnation_generations_after_selection"":0}",local exchange crossover,True,232,128,16,8,262144,262144,1048576,20220,209199104,147258.536286716,15276.82177734375
134,0.452392578125,0.460205078125,kl,0.452392578125,,,,,0,{},128,16,4,1,"[16,4,1]","[2048,16384,131072]",5503193088,4.083333333333333,3216.5078125,26982023168,26982023168,0,8,8,"{""type"":""mixed_depth_quantization"",""sequential_mode"":""none"",""joint_mutation_mode"":""standard"",""parent_before_generation_hash"":""79efef59a13791d8ba4daf7d8e3a6bc033bcf4b278bf5d24f92d28212a011dcb"",""parent_after_generation_hash"":""34ce8e6fb6785c9b7b77e13beaa26e54fedd072a04c96c7e943ad886755259f6"",""generated_offspring_by_type"":{""depth"":57,""quantization"":53,""joint_aware"":0,""interaction_aware"":0,""sequential_quantization"":0,""fixed_quant_depth"":0,""component crossover"":0,""component crossover + repair"":0,""layer bundle crossover"":0,""layer bundle crossover + repair"":0,""local exchange crossover"":18},""depth_mask_entries_changed_by_type"":{""depth"":178,""quantization"":0,""joint_aware"":0,""interaction_aware"":0,""sequential_quantization"":0,""fixed_quant_depth"":0,""component crossover"":0,""component crossover + repair"":0,""layer bundle crossover"":0,""layer bundle crossover + repair"":0,""local exchange crossover"":0},""quant_assignments_changed_by_type"":{""depth"":125,""quantization"":128,""joint_aware"":0,""interaction_aware"":0,""sequential_quantization"":0,""fixed_quant_depth"":0,""component crossover"":0,""component crossover + repair"":0,""layer bundle crossover"":0,""layer bundle crossover + repair"":0,""local exchange crossover"":36},""depth_mask_entries_changed_total"":178,""quant_assignments_changed_total"":289,""interaction_aware_details"":{""budget_repair_quant_changes"":0,""preferred_quant_exchanges_used"":0,""fallback_quant_exchanges_used"":0},""crossover_diagnostics"":{""crossover_type"":""local_exchange"",""crossover_parent_selection"":""uniform"",""crossover_offspring"":18,""crossover_offspring_accepted"":18,""mutation_offspring_accepted"":110,""mutation_offspring"":110,""crossover_offspring_attempted"":109,""crossover_duplicates"":73,""crossover_infeasible_candidates"":0,""crossover_repair_changed_gene_count"":0,""crossover_repaired_proposals"":0,""parent_distance_mean"":6.275229357798165,""parent_distance_min"":1,""parent_distance_max"":10,""child_distance_from_parent_a_mean"":2.0,""child_distance_from_parent_b_mean"":5.318681318681318,""layers_from_parent_a_mean"":null,""layers_from_parent_b_mean"":null,""crossover_no_legal_exchange"":18,""local_exchange_attention"":0,""local_exchange_mlp"":0,""local_exchange_quantization"":18,""local_exchange_block"":0,""parent_distance_count"":109,""child_distance_from_base_mean"":2.0,""child_distance_from_base_min"":2,""child_distance_from_base_max"":2,""child_distance_from_base_count"":18,""child_distance_from_donor_mean"":6.944444444444445,""child_distance_from_donor_min"":5,""child_distance_from_donor_max"":8,""child_distance_from_donor_count"":18,""donor_distance_reduction_mean"":2.0,""donor_distance_reduction_min"":2,""donor_distance_reduction_max"":2,""donor_distance_reduction_count"":18,""local_exchange_changed_gene_count_mean"":2.0,""local_exchange_changed_gene_count_min"":2,""local_exchange_changed_gene_count_max"":2,""local_exchange_changed_gene_count_count"":18,""child_distance_statistics_scope"":""accepted_unique_crossover_offspring"",""parent_distance_statistics_scope"":""crossover_attempts"",""persistent_population_size"":4,""unique_population_size"":4,""best_population_fitness"":0.452392578125,""configured_survivors_per_selection"":[16,4,1],""effective_survivors_per_selection"":[16,4,4],""effective_final_survivor_count"":4},""offspring_generation"":{""attempts"":219,""no_op_mutations"":0,""duplicate_candidates"":73,""infeasible_candidates"":0,""fixed_quant_legal_swap_counts"":[]},""maximum_depth_mutations_per_offspring"":3,""quantization_step_size"":1,""quantization_mutations_per_offspring"":1,""joint_aware_probability"":0.0,""adaptive_mutation"":false,""adaptive_mutation_strength"":1,""adaptive_mutation_patience"":3,""adaptive_mutation_max_strength"":3,""coarse_to_fine_mutation"":false,""coarse_to_fine_start_strength"":3,""coarse_to_fine_end_strength"":1,""stagnation_generations_after_selection"":0}",parent,True,219,128,16,8,262144,262144,1048576,20372,210771968,148222.008915686,15276.82177734375
135,0.44580078125,0.452392578125,kl,0.44580078125,,,,,0,{},128,16,4,1,"[16,4,1]","[2048,16384,131072]",5503193088,4.083333333333333,3216.5078125,26982023168,26982023168,0,8,8,"{""type"":""mixed_depth_quantization"",""sequential_mode"":""none"",""joint_mutation_mode"":""standard"",""parent_before_generation_hash"":""34ce8e6fb6785c9b7b77e13beaa26e54fedd072a04c96c7e943ad886755259f6"",""parent_after_generation_hash"":""887225442f8cac73a9d7069ae2332065a11d52dc6b5c2cc971c1d5701ea7180b"",""generated_offspring_by_type"":{""depth"":67,""quantization"":55,""joint_aware"":0,""interaction_aware"":0,""sequential_quantization"":0,""fixed_quant_depth"":0,""component crossover"":0,""component crossover + repair"":0,""layer bundle crossover"":0,""layer bundle crossover + repair"":0,""local exchange crossover"":6},""depth_mask_entries_changed_by_type"":{""depth"":200,""quantization"":0,""joint_aware"":0,""interaction_aware"":0,""sequential_quantization"":0,""fixed_quant_depth"":0,""component crossover"":0,""component crossover + repair"":0,""layer bundle crossover"":0,""layer bundle crossover + repair"":0,""local exchange crossover"":0},""quant_assignments_changed_by_type"":{""depth"":164,""quantization"":131,""joint_aware"":0,""interaction_aware"":0,""sequential_quantization"":0,""fixed_quant_depth"":0,""component crossover"":0,""component crossover + repair"":0,""layer bundle crossover"":0,""layer bundle crossover + repair"":0,""local exchange crossover"":12},""depth_mask_entries_changed_total"":200,""quant_assignments_changed_total"":307,""interaction_aware_details"":{""budget_repair_quant_changes"":0,""preferred_quant_exchanges_used"":0,""fallback_quant_exchanges_used"":0},""crossover_diagnostics"":{""crossover_type"":""local_exchange"",""crossover_parent_selection"":""uniform"",""crossover_offspring"":6,""crossover_offspring_accepted"":6,""mutation_offspring_accepted"":122,""mutation_offspring"":122,""crossover_offspring_attempted"":119,""crossover_duplicates"":92,""crossover_infeasible_candidates"":0,""crossover_repair_changed_gene_count"":0,""crossover_repaired_proposals"":0,""parent_distance_mean"":3.546218487394958,""parent_distance_min"":1,""parent_distance_max"":6,""child_distance_from_parent_a_mean"":2.0,""child_distance_from_parent_b_mean"":2.0918367346938775,""layers_from_parent_a_mean"":null,""layers_from_parent_b_mean"":null,""crossover_no_legal_exchange"":21,""local_exchange_attention"":0,""local_exchange_mlp"":0,""local_exchange_quantization"":6,""local_exchange_block"":0,""parent_distance_count"":119,""child_distance_from_base_mean"":2.0,""child_distance_from_base_min"":2,""child_distance_from_base_max"":2,""child_distance_from_base_count"":6,""child_distance_from_donor_mean"":2.8333333333333335,""child_distance_from_donor_min"":1,""child_distance_from_donor_max"":4,""child_distance_from_donor_count"":6,""donor_distance_reduction_mean"":2.0,""donor_distance_reduction_min"":2,""donor_distance_reduction_max"":2,""donor_distance_reduction_count"":6,""local_exchange_changed_gene_count_mean"":2.0,""local_exchange_changed_gene_count_min"":2,""local_exchange_changed_gene_count_max"":2,""local_exchange_changed_gene_count_count"":6,""child_distance_statistics_scope"":""accepted_unique_crossover_offspring"",""parent_distance_statistics_scope"":""crossover_attempts"",""persistent_population_size"":4,""unique_population_size"":4,""best_population_fitness"":0.44580078125,""configured_survivors_per_selection"":[16,4,1],""effective_survivors_per_selection"":[16,4,4],""effective_final_survivor_count"":4},""offspring_generation"":{""attempts"":241,""no_op_mutations"":0,""duplicate_candidates"":92,""infeasible_candidates"":0,""fixed_quant_legal_swap_counts"":[]},""maximum_depth_mutations_per_offspring"":3,""quantization_step_size"":1,""quantization_mutations_per_offspring"":1,""joint_aware_probability"":0.0,""adaptive_mutation"":false,""adaptive_mutation_strength"":1,""adaptive_mutation_patience"":3,""adaptive_mutation_max_strength"":3,""coarse_to_fine_mutation"":false,""coarse_to_fine_start_strength"":3,""coarse_to_fine_end_strength"":1,""stagnation_generations_after_selection"":0}",quantization,True,241,128,16,8,262144,262144,1048576,20524,212344832,149305.845837705,15276.82177734375
136,0.433349609375,0.44580078125,kl,0.433349609375,9.7890625,9.5234375,12.5703125,,917504,"{""wikitext2"":327680,""c4"":589824}",128,16,4,1,"[16,4,1]","[2048,16384,131072]",5503193088,4.083333333333333,3216.5078125,26982023168,26982023168,0,8,8,"{""type"":""mixed_depth_quantization"",""sequential_mode"":""none"",""joint_mutation_mode"":""standard"",""parent_before_generation_hash"":""887225442f8cac73a9d7069ae2332065a11d52dc6b5c2cc971c1d5701ea7180b"",""parent_after_generation_hash"":""e6eec8ed3a3d4d32af02d41e7009cfb9584422d49ef522d1207a15bf66a0b4f8"",""generated_offspring_by_type"":{""depth"":46,""quantization"":73,""joint_aware"":0,""interaction_aware"":0,""sequential_quantization"":0,""fixed_quant_depth"":0,""component crossover"":0,""component crossover + repair"":0,""layer bundle crossover"":0,""layer bundle crossover + repair"":0,""local exchange crossover"":9},""depth_mask_entries_changed_by_type"":{""depth"":138,""quantization"":0,""joint_aware"":0,""interaction_aware"":0,""sequential_quantization"":0,""fixed_quant_depth"":0,""component crossover"":0,""component crossover + repair"":0,""layer bundle crossover"":0,""layer bundle crossover + repair"":0,""local exchange crossover"":0},""quant_assignments_changed_by_type"":{""depth"":103,""quantization"":168,""joint_aware"":0,""interaction_aware"":0,""sequential_quantization"":0,""fixed_quant_depth"":0,""component crossover"":0,""component crossover + repair"":0,""layer bundle crossover"":0,""layer bundle crossover + repair"":0,""local exchange crossover"":18},""depth_mask_entries_changed_total"":138,""quant_assignments_changed_total"":289,""interaction_aware_details"":{""budget_repair_quant_changes"":0,""preferred_quant_exchanges_used"":0,""fallback_quant_exchanges_used"":0},""crossover_diagnostics"":{""crossover_type"":""local_exchange"",""crossover_parent_selection"":""uniform"",""crossover_offspring"":9,""crossover_offspring_accepted"":9,""mutation_offspring_accepted"":119,""mutation_offspring"":119,""crossover_offspring_attempted"":106,""crossover_duplicates"":81,""crossover_infeasible_candidates"":0,""crossover_repair_changed_gene_count"":0,""crossover_repaired_proposals"":0,""parent_distance_mean"":4.169811320754717,""parent_distance_min"":1,""parent_distance_max"":7,""child_distance_from_parent_a_mean"":2.0,""child_distance_from_parent_b_mean"":2.7333333333333334,""layers_from_parent_a_mean"":null,""layers_from_parent_b_mean"":null,""crossover_no_legal_exchange"":16,""local_exchange_attention"":0,""local_exchange_mlp"":0,""local_exchange_quantization"":9,""local_exchange_block"":0,""parent_distance_count"":106,""child_distance_from_base_mean"":2.0,""child_distance_from_base_min"":2,""child_distance_from_base_max"":2,""child_distance_from_base_count"":9,""child_distance_from_donor_mean"":3.7777777777777777,""child_distance_from_donor_min"":1,""child_distance_from_donor_max"":5,""child_distance_from_donor_count"":9,""donor_distance_reduction_mean"":2.0,""donor_distance_reduction_min"":2,""donor_distance_reduction_max"":2,""donor_distance_reduction_count"":9,""local_exchange_changed_gene_count_mean"":2.0,""local_exchange_changed_gene_count_min"":2,""local_exchange_changed_gene_count_max"":2,""local_exchange_changed_gene_count_count"":9,""child_distance_statistics_scope"":""accepted_unique_crossover_offspring"",""parent_distance_statistics_scope"":""crossover_attempts"",""persistent_population_size"":4,""unique_population_size"":4,""best_population_fitness"":0.433349609375,""configured_survivors_per_selection"":[16,4,1],""effective_survivors_per_selection"":[16,4,4],""effective_final_survivor_count"":4},""offspring_generation"":{""attempts"":225,""no_op_mutations"":0,""duplicate_candidates"":81,""infeasible_candidates"":0,""fixed_quant_legal_swap_counts"":[]},""maximum_depth_mutations_per_offspring"":3,""quantization_step_size"":1,""quantization_mutations_per_offspring"":1,""joint_aware_probability"":0.0,""adaptive_mutation"":false,""adaptive_mutation_strength"":1,""adaptive_mutation_patience"":3,""adaptive_mutation_max_strength"":3,""coarse_to_fine_mutation"":false,""coarse_to_fine_start_strength"":3,""coarse_to_fine_end_strength"":1,""stagnation_generations_after_selection"":0}",quantization,True,225,128,16,8,262144,262144,1048576,20676,213917696,150521.76004442002,15276.82177734375
137,0.462890625,0.433349609375,kl,0.462890625,,,,,0,{},128,16,4,1,"[16,4,1]","[2048,16384,131072]",5503193088,4.083333333333333,3216.5078125,26982023168,26982023168,0,8,8,"{""type"":""mixed_depth_quantization"",""sequential_mode"":""none"",""joint_mutation_mode"":""standard"",""parent_before_generation_hash"":""e6eec8ed3a3d4d32af02d41e7009cfb9584422d49ef522d1207a15bf66a0b4f8"",""parent_after_generation_hash"":""c2c30e9890ea307c7f4da1a2c08e37c186d371861c245711b5cccae82efaa97f"",""generated_offspring_by_type"":{""depth"":57,""quantization"":45,""joint_aware"":0,""interaction_aware"":0,""sequential_quantization"":0,""fixed_quant_depth"":0,""component crossover"":0,""component crossover + repair"":0,""layer bundle crossover"":0,""layer bundle crossover + repair"":0,""local exchange crossover"":26},""depth_mask_entries_changed_by_type"":{""depth"":152,""quantization"":0,""joint_aware"":0,""interaction_aware"":0,""sequential_quantization"":0,""fixed_quant_depth"":0,""component crossover"":0,""component crossover + repair"":0,""layer bundle crossover"":0,""layer bundle crossover + repair"":0,""local exchange crossover"":0},""quant_assignments_changed_by_type"":{""depth"":142,""quantization"":106,""joint_aware"":0,""interaction_aware"":0,""sequential_quantization"":0,""fixed_quant_depth"":0,""component crossover"":0,""component crossover + repair"":0,""layer bundle crossover"":0,""layer bundle crossover + repair"":0,""local exchange crossover"":52},""depth_mask_entries_changed_total"":152,""quant_assignments_changed_total"":300,""interaction_aware_details"":{""budget_repair_quant_changes"":0,""preferred_quant_exchanges_used"":0,""fallback_quant_exchanges_used"":0},""crossover_diagnostics"":{""crossover_type"":""local_exchange"",""crossover_parent_selection"":""uniform"",""crossover_offspring"":26,""crossover_offspring_accepted"":26,""mutation_offspring_accepted"":102,""mutation_offspring"":102,""crossover_offspring_attempted"":95,""crossover_duplicates"":69,""crossover_infeasible_candidates"":0,""crossover_repair_changed_gene_count"":0,""crossover_repaired_proposals"":0,""parent_distance_mean"":7.589473684210526,""parent_distance_min"":6,""parent_distance_max"":9,""child_distance_from_parent_a_mean"":2.0,""child_distance_from_parent_b_mean"":5.589473684210526,""layers_from_parent_a_mean"":null,""layers_from_parent_b_mean"":null,""crossover_no_legal_exchange"":0,""local_exchange_attention"":0,""local_exchange_mlp"":0,""local_exchange_quantization"":26,""local_exchange_block"":0,""parent_distance_count"":95,""child_distance_from_base_mean"":2.0,""child_distance_from_base_min"":2,""child_distance_from_base_max"":2,""child_distance_from_base_count"":26,""child_distance_from_donor_mean"":5.769230769230769,""child_distance_from_donor_min"":4,""child_distance_from_donor_max"":7,""child_distance_from_donor_count"":26,""donor_distance_reduction_mean"":2.0,""donor_distance_reduction_min"":2,""donor_distance_reduction_max"":2,""donor_distance_reduction_count"":26,""local_exchange_changed_gene_count_mean"":2.0,""local_exchange_changed_gene_count_min"":2,""local_exchange_changed_gene_count_max"":2,""local_exchange_changed_gene_count_count"":26,""child_distance_statistics_scope"":""accepted_unique_crossover_offspring"",""parent_distance_statistics_scope"":""crossover_attempts"",""persistent_population_size"":4,""unique_population_size"":4,""best_population_fitness"":0.462890625,""configured_survivors_per_selection"":[16,4,1],""effective_survivors_per_selection"":[16,4,4],""effective_final_survivor_count"":4},""offspring_generation"":{""attempts"":197,""no_op_mutations"":0,""duplicate_candidates"":69,""infeasible_candidates"":0,""fixed_quant_legal_swap_counts"":[]},""maximum_depth_mutations_per_offspring"":3,""quantization_step_size"":1,""quantization_mutations_per_offspring"":1,""joint_aware_probability"":0.0,""adaptive_mutation"":false,""adaptive_mutation_strength"":1,""adaptive_mutation_patience"":3,""adaptive_mutation_max_strength"":3,""coarse_to_fine_mutation"":false,""coarse_to_fine_start_strength"":3,""coarse_to_fine_end_strength"":1,""stagnation_generations_after_selection"":0}",local exchange crossover,True,197,128,16,8,262144,262144,1048576,20828,215490560,151501.526080643,15276.82177734375
138,0.445068359375,0.462890625,kl,0.445068359375,,,,,0,{},128,16,4,1,"[16,4,1]","[2048,16384,131072]",5503193088,4.083333333333333,3216.5078125,26982023168,26982023168,0,8,8,"{""type"":""mixed_depth_quantization"",""sequential_mode"":""none"",""joint_mutation_mode"":""standard"",""parent_before_generation_hash"":""c2c30e9890ea307c7f4da1a2c08e37c186d371861c245711b5cccae82efaa97f"",""parent_after_generation_hash"":""96e98da0db2b692e695a1e385ee1fe1ae062db082477858441a87f6503dfe002"",""generated_offspring_by_type"":{""depth"":61,""quantization"":57,""joint_aware"":0,""interaction_aware"":0,""sequential_quantization"":0,""fixed_quant_depth"":0,""component crossover"":0,""component crossover + repair"":0,""layer bundle crossover"":0,""layer bundle crossover + repair"":0,""local exchange crossover"":10},""depth_mask_entries_changed_by_type"":{""depth"":164,""quantization"":0,""joint_aware"":0,""interaction_aware"":0,""sequential_quantization"":0,""fixed_quant_depth"":0,""component crossover"":0,""component crossover + repair"":0,""layer bundle crossover"":0,""layer bundle crossover + repair"":0,""local exchange crossover"":0},""quant_assignments_changed_by_type"":{""depth"":154,""quantization"":140,""joint_aware"":0,""interaction_aware"":0,""sequential_quantization"":0,""fixed_quant_depth"":0,""component crossover"":0,""component crossover + repair"":0,""layer bundle crossover"":0,""layer bundle crossover + repair"":0,""local exchange crossover"":20},""depth_mask_entries_changed_total"":164,""quant_assignments_changed_total"":314,""interaction_aware_details"":{""budget_repair_quant_changes"":0,""preferred_quant_exchanges_used"":0,""fallback_quant_exchanges_used"":0},""crossover_diagnostics"":{""crossover_type"":""local_exchange"",""crossover_parent_selection"":""uniform"",""crossover_offspring"":10,""crossover_offspring_accepted"":10,""mutation_offspring_accepted"":118,""mutation_offspring"":118,""crossover_offspring_attempted"":106,""crossover_duplicates"":96,""crossover_infeasible_candidates"":0,""crossover_repair_changed_gene_count"":0,""crossover_repaired_proposals"":0,""parent_distance_mean"":6.113207547169812,""parent_distance_min"":2,""parent_distance_max"":10,""child_distance_from_parent_a_mean"":2.0,""child_distance_from_parent_b_mean"":4.113207547169812,""layers_from_parent_a_mean"":null,""layers_from_parent_b_mean"":null,""crossover_no_legal_exchange"":0,""local_exchange_attention"":0,""local_exchange_mlp"":0,""local_exchange_quantization"":10,""local_exchange_block"":0,""parent_distance_count"":106,""child_distance_from_base_mean"":2.0,""child_distance_from_base_min"":2,""child_distance_from_base_max"":2,""child_distance_from_base_count"":10,""child_distance_from_donor_mean"":7.6,""child_distance_from_donor_min"":6,""child_distance_from_donor_max"":8,""child_distance_from_donor_count"":10,""donor_distance_reduction_mean"":2.0,""donor_distance_reduction_min"":2,""donor_distance_reduction_max"":2,""donor_distance_reduction_count"":10,""local_exchange_changed_gene_count_mean"":2.0,""local_exchange_changed_gene_count_min"":2,""local_exchange_changed_gene_count_max"":2,""local_exchange_changed_gene_count_count"":10,""child_distance_statistics_scope"":""accepted_unique_crossover_offspring"",""parent_distance_statistics_scope"":""crossover_attempts"",""persistent_population_size"":4,""unique_population_size"":4,""best_population_fitness"":0.445068359375,""configured_survivors_per_selection"":[16,4,1],""effective_survivors_per_selection"":[16,4,4],""effective_final_survivor_count"":4},""offspring_generation"":{""attempts"":224,""no_op_mutations"":0,""duplicate_candidates"":96,""infeasible_candidates"":0,""fixed_quant_legal_swap_counts"":[]},""maximum_depth_mutations_per_offspring"":3,""quantization_step_size"":1,""quantization_mutations_per_offspring"":1,""joint_aware_probability"":0.0,""adaptive_mutation"":false,""adaptive_mutation_strength"":1,""adaptive_mutation_patience"":3,""adaptive_mutation_max_strength"":3,""coarse_to_fine_mutation"":false,""coarse_to_fine_start_strength"":3,""coarse_to_fine_end_strength"":1,""stagnation_generations_after_selection"":0}",quantization,True,224,128,16,8,262144,262144,1048576,20980,217063424,152555.93203128403,15276.82177734375
139,0.474365234375,0.445068359375,kl,0.474365234375,,,,,0,{},128,16,4,1,"[16,4,1]","[2048,16384,131072]",5503193088,4.083333333333333,3216.5078125,26982023168,26982023168,0,8,8,"{""type"":""mixed_depth_quantization"",""sequential_mode"":""none"",""joint_mutation_mode"":""standard"",""parent_before_generation_hash"":""96e98da0db2b692e695a1e385ee1fe1ae062db082477858441a87f6503dfe002"",""parent_after_generation_hash"":""e79abe93620f01393afcd3890b82e0480acc89071538fb1efc328c3f89e864d7"",""generated_offspring_by_type"":{""depth"":49,""quantization"":51,""joint_aware"":0,""interaction_aware"":0,""sequential_quantization"":0,""fixed_quant_depth"":0,""component crossover"":0,""component crossover + repair"":0,""layer bundle crossover"":0,""layer bundle crossover + repair"":0,""local exchange crossover"":28},""depth_mask_entries_changed_by_type"":{""depth"":136,""quantization"":0,""joint_aware"":0,""interaction_aware"":0,""sequential_quantization"":0,""fixed_quant_depth"":0,""component crossover"":0,""component crossover + repair"":0,""layer bundle crossover"":0,""layer bundle crossover + repair"":0,""local exchange crossover"":0},""quant_assignments_changed_by_type"":{""depth"":94,""quantization"":119,""joint_aware"":0,""interaction_aware"":0,""sequential_quantization"":0,""fixed_quant_depth"":0,""component crossover"":0,""component crossover + repair"":0,""layer bundle crossover"":0,""layer bundle crossover + repair"":0,""local exchange crossover"":56},""depth_mask_entries_changed_total"":136,""quant_assignments_changed_total"":269,""interaction_aware_details"":{""budget_repair_quant_changes"":0,""preferred_quant_exchanges_used"":0,""fallback_quant_exchanges_used"":0},""crossover_diagnostics"":{""crossover_type"":""local_exchange"",""crossover_parent_selection"":""uniform"",""crossover_offspring"":28,""crossover_offspring_accepted"":28,""mutation_offspring_accepted"":100,""mutation_offspring"":100,""crossover_offspring_attempted"":91,""crossover_duplicates"":63,""crossover_infeasible_candidates"":0,""crossover_repair_changed_gene_count"":0,""crossover_repaired_proposals"":0,""parent_distance_mean"":9.054945054945055,""parent_distance_min"":3,""parent_distance_max"":15,""child_distance_from_parent_a_mean"":2.0,""child_distance_from_parent_b_mean"":7.054945054945055,""layers_from_parent_a_mean"":null,""layers_from_parent_b_mean"":null,""crossover_no_legal_exchange"":0,""local_exchange_attention"":0,""local_exchange_mlp"":0,""local_exchange_quantization"":28,""local_exchange_block"":0,""parent_distance_count"":91,""child_distance_from_base_mean"":2.0,""child_distance_from_base_min"":2,""child_distance_from_base_max"":2,""child_distance_from_base_count"":28,""child_distance_from_donor_mean"":9.714285714285714,""child_distance_from_donor_min"":1,""child_distance_from_donor_max"":13,""child_distance_from_donor_count"":28,""donor_distance_reduction_mean"":2.0,""donor_distance_reduction_min"":2,""donor_distance_reduction_max"":2,""donor_distance_reduction_count"":28,""local_exchange_changed_gene_count_mean"":2.0,""local_exchange_changed_gene_count_min"":2,""local_exchange_changed_gene_count_max"":2,""local_exchange_changed_gene_count_count"":28,""child_distance_statistics_scope"":""accepted_unique_crossover_offspring"",""parent_distance_statistics_scope"":""crossover_attempts"",""persistent_population_size"":4,""unique_population_size"":4,""best_population_fitness"":0.474365234375,""configured_survivors_per_selection"":[16,4,1],""effective_survivors_per_selection"":[16,4,4],""effective_final_survivor_count"":4},""offspring_generation"":{""attempts"":191,""no_op_mutations"":0,""duplicate_candidates"":63,""infeasible_candidates"":0,""fixed_quant_legal_swap_counts"":[]},""maximum_depth_mutations_per_offspring"":3,""quantization_step_size"":1,""quantization_mutations_per_offspring"":1,""joint_aware_probability"":0.0,""adaptive_mutation"":false,""adaptive_mutation_strength"":1,""adaptive_mutation_patience"":3,""adaptive_mutation_max_strength"":3,""coarse_to_fine_mutation"":false,""coarse_to_fine_start_strength"":3,""coarse_to_fine_end_strength"":1,""stagnation_generations_after_selection"":0}",local exchange crossover,True,191,128,16,8,262144,262144,1048576,21132,218636288,153590.27003175602,15276.82177734375
140,0.455322265625,0.474365234375,kl,0.455322265625,,,,,0,{},128,16,4,1,"[16,4,1]","[2048,16384,131072]",5503193088,4.083333333333333,3216.5078125,26982023168,26982023168,0,8,8,"{""type"":""mixed_depth_quantization"",""sequential_mode"":""none"",""joint_mutation_mode"":""standard"",""parent_before_generation_hash"":""e79abe93620f01393afcd3890b82e0480acc89071538fb1efc328c3f89e864d7"",""parent_after_generation_hash"":""ff972f1e955cb0a25ccf4155384eed07e808ab8609930e673825f8d31ecc13a2"",""generated_offspring_by_type"":{""depth"":50,""quantization"":46,""joint_aware"":0,""interaction_aware"":0,""sequential_quantization"":0,""fixed_quant_depth"":0,""component crossover"":0,""component crossover + repair"":0,""layer bundle crossover"":0,""layer bundle crossover + repair"":0,""local exchange crossover"":32},""depth_mask_entries_changed_by_type"":{""depth"":148,""quantization"":0,""joint_aware"":0,""interaction_aware"":0,""sequential_quantization"":0,""fixed_quant_depth"":0,""component crossover"":0,""component crossover + repair"":0,""layer bundle crossover"":0,""layer bundle crossover + repair"":0,""local exchange crossover"":0},""quant_assignments_changed_by_type"":{""depth"":130,""quantization"":108,""joint_aware"":0,""interaction_aware"":0,""sequential_quantization"":0,""fixed_quant_depth"":0,""component crossover"":0,""component crossover + repair"":0,""layer bundle crossover"":0,""layer bundle crossover + repair"":0,""local exchange crossover"":64},""depth_mask_entries_changed_total"":148,""quant_assignments_changed_total"":302,""interaction_aware_details"":{""budget_repair_quant_changes"":0,""preferred_quant_exchanges_used"":0,""fallback_quant_exchanges_used"":0},""crossover_diagnostics"":{""crossover_type"":""local_exchange"",""crossover_parent_selection"":""uniform"",""crossover_offspring"":32,""crossover_offspring_accepted"":32,""mutation_offspring_accepted"":96,""mutation_offspring"":96,""crossover_offspring_attempted"":114,""crossover_duplicates"":63,""crossover_infeasible_candidates"":0,""crossover_repair_changed_gene_count"":0,""crossover_repaired_proposals"":0,""parent_distance_mean"":8.368421052631579,""parent_distance_min"":1,""parent_distance_max"":15,""child_distance_from_parent_a_mean"":2.0,""child_distance_from_parent_b_mean"":7.842105263157895,""layers_from_parent_a_mean"":null,""layers_from_parent_b_mean"":null,""crossover_no_legal_exchange"":19,""local_exchange_attention"":0,""local_exchange_mlp"":0,""local_exchange_quantization"":32,""local_exchange_block"":0,""parent_distance_count"":114,""child_distance_from_base_mean"":2.0,""child_distance_from_base_min"":2,""child_distance_from_base_max"":2,""child_distance_from_base_count"":32,""child_distance_from_donor_mean"":12.1875,""child_distance_from_donor_min"":1,""child_distance_from_donor_max"":13,""child_distance_from_donor_count"":32,""donor_distance_reduction_mean"":2.0,""donor_distance_reduction_min"":2,""donor_distance_reduction_max"":2,""donor_distance_reduction_count"":32,""local_exchange_changed_gene_count_mean"":2.0,""local_exchange_changed_gene_count_min"":2,""local_exchange_changed_gene_count_max"":2,""local_exchange_changed_gene_count_count"":32,""child_distance_statistics_scope"":""accepted_unique_crossover_offspring"",""parent_distance_statistics_scope"":""crossover_attempts"",""persistent_population_size"":4,""unique_population_size"":4,""best_population_fitness"":0.455322265625,""configured_survivors_per_selection"":[16,4,1],""effective_survivors_per_selection"":[16,4,4],""effective_final_survivor_count"":4},""offspring_generation"":{""attempts"":210,""no_op_mutations"":0,""duplicate_candidates"":63,""infeasible_candidates"":0,""fixed_quant_legal_swap_counts"":[]},""maximum_depth_mutations_per_offspring"":3,""quantization_step_size"":1,""quantization_mutations_per_offspring"":1,""joint_aware_probability"":0.0,""adaptive_mutation"":false,""adaptive_mutation_strength"":1,""adaptive_mutation_patience"":3,""adaptive_mutation_max_strength"":3,""coarse_to_fine_mutation"":false,""coarse_to_fine_start_strength"":3,""coarse_to_fine_end_strength"":1,""stagnation_generations_after_selection"":0}",local exchange crossover,True,210,128,16,8,262144,262144,1048576,21284,220209152,154736.91503871698,15276.82177734375
141,0.45458984375,0.455322265625,kl,0.45458984375,9.84375,9.6171875,12.5703125,,917504,"{""wikitext2"":327680,""c4"":589824}",128,16,4,1,"[16,4,1]","[2048,16384,131072]",5503193088,4.083333333333333,3216.5078125,26982023168,26982023168,0,8,8,"{""type"":""mixed_depth_quantization"",""sequential_mode"":""none"",""joint_mutation_mode"":""standard"",""parent_before_generation_hash"":""ff972f1e955cb0a25ccf4155384eed07e808ab8609930e673825f8d31ecc13a2"",""parent_after_generation_hash"":""7a72fd76bd0f2171654ba721a56f76c80caa0ba128c7335fc62010a84289367e"",""generated_offspring_by_type"":{""depth"":54,""quantization"":47,""joint_aware"":0,""interaction_aware"":0,""sequential_quantization"":0,""fixed_quant_depth"":0,""component crossover"":0,""component crossover + repair"":0,""layer bundle crossover"":0,""layer bundle crossover + repair"":0,""local exchange crossover"":27},""depth_mask_entries_changed_by_type"":{""depth"":152,""quantization"":0,""joint_aware"":0,""interaction_aware"":0,""sequential_quantization"":0,""fixed_quant_depth"":0,""component crossover"":0,""component crossover + repair"":0,""layer bundle crossover"":0,""layer bundle crossover + repair"":0,""local exchange crossover"":0},""quant_assignments_changed_by_type"":{""depth"":126,""quantization"":110,""joint_aware"":0,""interaction_aware"":0,""sequential_quantization"":0,""fixed_quant_depth"":0,""component crossover"":0,""component crossover + repair"":0,""layer bundle crossover"":0,""layer bundle crossover + repair"":0,""local exchange crossover"":54},""depth_mask_entries_changed_total"":152,""quant_assignments_changed_total"":290,""interaction_aware_details"":{""budget_repair_quant_changes"":0,""preferred_quant_exchanges_used"":0,""fallback_quant_exchanges_used"":0},""crossover_diagnostics"":{""crossover_type"":""local_exchange"",""crossover_parent_selection"":""uniform"",""crossover_offspring"":27,""crossover_offspring_accepted"":27,""mutation_offspring_accepted"":101,""mutation_offspring"":101,""crossover_offspring_attempted"":122,""crossover_duplicates"":95,""crossover_infeasible_candidates"":0,""crossover_repair_changed_gene_count"":0,""crossover_repaired_proposals"":0,""parent_distance_mean"":7.565573770491803,""parent_distance_min"":2,""parent_distance_max"":13,""child_distance_from_parent_a_mean"":2.0,""child_distance_from_parent_b_mean"":5.565573770491803,""layers_from_parent_a_mean"":null,""layers_from_parent_b_mean"":null,""crossover_no_legal_exchange"":0,""local_exchange_attention"":0,""local_exchange_mlp"":0,""local_exchange_quantization"":27,""local_exchange_block"":0,""parent_distance_count"":122,""child_distance_from_base_mean"":2.0,""child_distance_from_base_min"":2,""child_distance_from_base_max"":2,""child_distance_from_base_count"":27,""child_distance_from_donor_mean"":7.962962962962963,""child_distance_from_donor_min"":1,""child_distance_from_donor_max"":11,""child_distance_from_donor_count"":27,""donor_distance_reduction_mean"":2.0,""donor_distance_reduction_min"":2,""donor_distance_reduction_max"":2,""donor_distance_reduction_count"":27,""local_exchange_changed_gene_count_mean"":2.0,""local_exchange_changed_gene_count_min"":2,""local_exchange_changed_gene_count_max"":2,""local_exchange_changed_gene_count_count"":27,""child_distance_statistics_scope"":""accepted_unique_crossover_offspring"",""parent_distance_statistics_scope"":""crossover_attempts"",""persistent_population_size"":4,""unique_population_size"":4,""best_population_fitness"":0.45458984375,""configured_survivors_per_selection"":[16,4,1],""effective_survivors_per_selection"":[16,4,4],""effective_final_survivor_count"":4},""offspring_generation"":{""attempts"":224,""no_op_mutations"":0,""duplicate_candidates"":96,""infeasible_candidates"":0,""fixed_quant_legal_swap_counts"":[]},""maximum_depth_mutations_per_offspring"":3,""quantization_step_size"":1,""quantization_mutations_per_offspring"":1,""joint_aware_probability"":0.0,""adaptive_mutation"":false,""adaptive_mutation_strength"":1,""adaptive_mutation_patience"":3,""adaptive_mutation_max_strength"":3,""coarse_to_fine_mutation"":false,""coarse_to_fine_start_strength"":3,""coarse_to_fine_end_strength"":1,""stagnation_generations_after_selection"":0}",parent,True,224,128,16,8,262144,262144,1048576,21436,221782016,155898.038445308,15276.82177734375
142,0.4541015625,0.45458984375,kl,0.4541015625,,,,,0,{},128,16,4,1,"[16,4,1]","[2048,16384,131072]",5503193088,4.083333333333333,3216.5078125,26982023168,26982023168,0,8,8,"{""type"":""mixed_depth_quantization"",""sequential_mode"":""none"",""joint_mutation_mode"":""standard"",""parent_before_generation_hash"":""7a72fd76bd0f2171654ba721a56f76c80caa0ba128c7335fc62010a84289367e"",""parent_after_generation_hash"":""e0e5ea4ee94a40dd4df64212f7f83923d69cc269d6ce57563e4fae36c2f7d71c"",""generated_offspring_by_type"":{""depth"":50,""quantization"":45,""joint_aware"":0,""interaction_aware"":0,""sequential_quantization"":0,""fixed_quant_depth"":0,""component crossover"":0,""component crossover + repair"":0,""layer bundle crossover"":0,""layer bundle crossover + repair"":0,""local exchange crossover"":33},""depth_mask_entries_changed_by_type"":{""depth"":142,""quantization"":0,""joint_aware"":0,""interaction_aware"":0,""sequential_quantization"":0,""fixed_quant_depth"":0,""component crossover"":0,""component crossover + repair"":0,""layer bundle crossover"":0,""layer bundle crossover + repair"":0,""local exchange crossover"":0},""quant_assignments_changed_by_type"":{""depth"":115,""quantization"":106,""joint_aware"":0,""interaction_aware"":0,""sequential_quantization"":0,""fixed_quant_depth"":0,""component crossover"":0,""component crossover + repair"":0,""layer bundle crossover"":0,""layer bundle crossover + repair"":0,""local exchange crossover"":66},""depth_mask_entries_changed_total"":142,""quant_assignments_changed_total"":287,""interaction_aware_details"":{""budget_repair_quant_changes"":0,""preferred_quant_exchanges_used"":0,""fallback_quant_exchanges_used"":0},""crossover_diagnostics"":{""crossover_type"":""local_exchange"",""crossover_parent_selection"":""uniform"",""crossover_offspring"":33,""crossover_offspring_accepted"":33,""mutation_offspring_accepted"":95,""mutation_offspring"":95,""crossover_offspring_attempted"":65,""crossover_duplicates"":32,""crossover_infeasible_candidates"":0,""crossover_repair_changed_gene_count"":0,""crossover_repaired_proposals"":0,""parent_distance_mean"":10.430769230769231,""parent_distance_min"":2,""parent_distance_max"":16,""child_distance_from_parent_a_mean"":2.0,""child_distance_from_parent_b_mean"":8.430769230769231,""layers_from_parent_a_mean"":null,""layers_from_parent_b_mean"":null,""crossover_no_legal_exchange"":0,""local_exchange_attention"":0,""local_exchange_mlp"":0,""local_exchange_quantization"":33,""local_exchange_block"":0,""parent_distance_count"":65,""child_distance_from_base_mean"":2.0,""child_distance_from_base_min"":2,""child_distance_from_base_max"":2,""child_distance_from_base_count"":33,""child_distance_from_donor_mean"":10.515151515151516,""child_distance_from_donor_min"":4,""child_distance_from_donor_max"":14,""child_distance_from_donor_count"":33,""donor_distance_reduction_mean"":2.0,""donor_distance_reduction_min"":2,""donor_distance_reduction_max"":2,""donor_distance_reduction_count"":33,""local_exchange_changed_gene_count_mean"":2.0,""local_exchange_changed_gene_count_min"":2,""local_exchange_changed_gene_count_max"":2,""local_exchange_changed_gene_count_count"":33,""child_distance_statistics_scope"":""accepted_unique_crossover_offspring"",""parent_distance_statistics_scope"":""crossover_attempts"",""persistent_population_size"":4,""unique_population_size"":4,""best_population_fitness"":0.4541015625,""configured_survivors_per_selection"":[16,4,1],""effective_survivors_per_selection"":[16,4,4],""effective_final_survivor_count"":4},""offspring_generation"":{""attempts"":160,""no_op_mutations"":0,""duplicate_candidates"":32,""infeasible_candidates"":0,""fixed_quant_legal_swap_counts"":[]},""maximum_depth_mutations_per_offspring"":3,""quantization_step_size"":1,""quantization_mutations_per_offspring"":1,""joint_aware_probability"":0.0,""adaptive_mutation"":false,""adaptive_mutation_strength"":1,""adaptive_mutation_patience"":3,""adaptive_mutation_max_strength"":3,""coarse_to_fine_mutation"":false,""coarse_to_fine_start_strength"":3,""coarse_to_fine_end_strength"":1,""stagnation_generations_after_selection"":0}",parent,True,160,128,16,8,262144,262144,1048576,21588,223354880,157021.08272675198,15276.82177734375
143,0.430419921875,0.4541015625,kl,0.430419921875,,,,,0,{},128,16,4,1,"[16,4,1]","[2048,16384,131072]",5503193088,4.083333333333333,3216.5078125,26982023168,26982023168,0,8,8,"{""type"":""mixed_depth_quantization"",""sequential_mode"":""none"",""joint_mutation_mode"":""standard"",""parent_before_generation_hash"":""e0e5ea4ee94a40dd4df64212f7f83923d69cc269d6ce57563e4fae36c2f7d71c"",""parent_after_generation_hash"":""eaf3fd6c66b09e06ea07a795d9ea228ece078a2260e0a7e8e00dbc149af32f75"",""generated_offspring_by_type"":{""depth"":42,""quantization"":44,""joint_aware"":0,""interaction_aware"":0,""sequential_quantization"":0,""fixed_quant_depth"":0,""component crossover"":0,""component crossover + repair"":0,""layer bundle crossover"":0,""layer bundle crossover + repair"":0,""local exchange crossover"":42},""depth_mask_entries_changed_by_type"":{""depth"":144,""quantization"":0,""joint_aware"":0,""interaction_aware"":0,""sequential_quantization"":0,""fixed_quant_depth"":0,""component crossover"":0,""component crossover + repair"":0,""layer bundle crossover"":0,""layer bundle crossover + repair"":0,""local exchange crossover"":0},""quant_assignments_changed_by_type"":{""depth"":107,""quantization"":100,""joint_aware"":0,""interaction_aware"":0,""sequential_quantization"":0,""fixed_quant_depth"":0,""component crossover"":0,""component crossover + repair"":0,""layer bundle crossover"":0,""layer bundle crossover + repair"":0,""local exchange crossover"":84},""depth_mask_entries_changed_total"":144,""quant_assignments_changed_total"":291,""interaction_aware_details"":{""budget_repair_quant_changes"":0,""preferred_quant_exchanges_used"":0,""fallback_quant_exchanges_used"":0},""crossover_diagnostics"":{""crossover_type"":""local_exchange"",""crossover_parent_selection"":""uniform"",""crossover_offspring"":42,""crossover_offspring_accepted"":42,""mutation_offspring_accepted"":86,""mutation_offspring"":86,""crossover_offspring_attempted"":110,""crossover_duplicates"":68,""crossover_infeasible_candidates"":0,""crossover_repair_changed_gene_count"":0,""crossover_repaired_proposals"":0,""parent_distance_mean"":7.109090909090909,""parent_distance_min"":4,""parent_distance_max"":10,""child_distance_from_parent_a_mean"":2.0,""child_distance_from_parent_b_mean"":5.109090909090909,""layers_from_parent_a_mean"":null,""layers_from_parent_b_mean"":null,""crossover_no_legal_exchange"":0,""local_exchange_attention"":0,""local_exchange_mlp"":0,""local_exchange_quantization"":42,""local_exchange_block"":0,""parent_distance_count"":110,""child_distance_from_base_mean"":2.0,""child_distance_from_base_min"":2,""child_distance_from_base_max"":2,""child_distance_from_base_count"":42,""child_distance_from_donor_mean"":6.571428571428571,""child_distance_from_donor_min"":2,""child_distance_from_donor_max"":8,""child_distance_from_donor_count"":42,""donor_distance_reduction_mean"":2.0,""donor_distance_reduction_min"":2,""donor_distance_reduction_max"":2,""donor_distance_reduction_count"":42,""local_exchange_changed_gene_count_mean"":2.0,""local_exchange_changed_gene_count_min"":2,""local_exchange_changed_gene_count_max"":2,""local_exchange_changed_gene_count_count"":42,""child_distance_statistics_scope"":""accepted_unique_crossover_offspring"",""parent_distance_statistics_scope"":""crossover_attempts"",""persistent_population_size"":4,""unique_population_size"":4,""best_population_fitness"":0.430419921875,""configured_survivors_per_selection"":[16,4,1],""effective_survivors_per_selection"":[16,4,4],""effective_final_survivor_count"":4},""offspring_generation"":{""attempts"":196,""no_op_mutations"":0,""duplicate_candidates"":68,""infeasible_candidates"":0,""fixed_quant_legal_swap_counts"":[]},""maximum_depth_mutations_per_offspring"":3,""quantization_step_size"":1,""quantization_mutations_per_offspring"":1,""joint_aware_probability"":0.0,""adaptive_mutation"":false,""adaptive_mutation_strength"":1,""adaptive_mutation_patience"":3,""adaptive_mutation_max_strength"":3,""coarse_to_fine_mutation"":false,""coarse_to_fine_start_strength"":3,""coarse_to_fine_end_strength"":1,""stagnation_generations_after_selection"":0}",local exchange crossover,True,196,128,16,8,262144,262144,1048576,21740,224927744,158136.919206921,15276.82177734375
144,0.46240234375,0.430419921875,kl,0.46240234375,,,,,0,{},128,16,4,1,"[16,4,1]","[2048,16384,131072]",5503193088,4.083333333333333,3216.5078125,26982023168,26982023168,0,8,8,"{""type"":""mixed_depth_quantization"",""sequential_mode"":""none"",""joint_mutation_mode"":""standard"",""parent_before_generation_hash"":""eaf3fd6c66b09e06ea07a795d9ea228ece078a2260e0a7e8e00dbc149af32f75"",""parent_after_generation_hash"":""5ccd22bf86ae2e11082d3f45d5b981ba757a1b92de903cce0980fbaa9db3d870"",""generated_offspring_by_type"":{""depth"":51,""quantization"":55,""joint_aware"":0,""interaction_aware"":0,""sequential_quantization"":0,""fixed_quant_depth"":0,""component crossover"":0,""component crossover + repair"":0,""layer bundle crossover"":0,""layer bundle crossover + repair"":0,""local exchange crossover"":22},""depth_mask_entries_changed_by_type"":{""depth"":158,""quantization"":0,""joint_aware"":0,""interaction_aware"":0,""sequential_quantization"":0,""fixed_quant_depth"":0,""component crossover"":0,""component crossover + repair"":0,""layer bundle crossover"":0,""layer bundle crossover + repair"":0,""local exchange crossover"":0},""quant_assignments_changed_by_type"":{""depth"":116,""quantization"":127,""joint_aware"":0,""interaction_aware"":0,""sequential_quantization"":0,""fixed_quant_depth"":0,""component crossover"":0,""component crossover + repair"":0,""layer bundle crossover"":0,""layer bundle crossover + repair"":0,""local exchange crossover"":44},""depth_mask_entries_changed_total"":158,""quant_assignments_changed_total"":287,""interaction_aware_details"":{""budget_repair_quant_changes"":0,""preferred_quant_exchanges_used"":0,""fallback_quant_exchanges_used"":0},""crossover_diagnostics"":{""crossover_type"":""local_exchange"",""crossover_parent_selection"":""uniform"",""crossover_offspring"":22,""crossover_offspring_accepted"":22,""mutation_offspring_accepted"":106,""mutation_offspring"":106,""crossover_offspring_attempted"":92,""crossover_duplicates"":70,""crossover_infeasible_candidates"":0,""crossover_repair_changed_gene_count"":0,""crossover_repaired_proposals"":0,""parent_distance_mean"":5.369565217391305,""parent_distance_min"":2,""parent_distance_max"":8,""child_distance_from_parent_a_mean"":2.0,""child_distance_from_parent_b_mean"":3.369565217391304,""layers_from_parent_a_mean"":null,""layers_from_parent_b_mean"":null,""crossover_no_legal_exchange"":0,""local_exchange_attention"":0,""local_exchange_mlp"":0,""local_exchange_quantization"":22,""local_exchange_block"":0,""parent_distance_count"":92,""child_distance_from_base_mean"":2.0,""child_distance_from_base_min"":2,""child_distance_from_base_max"":2,""child_distance_from_base_count"":22,""child_distance_from_donor_mean"":4.2727272727272725,""child_distance_from_donor_min"":2,""child_distance_from_donor_max"":6,""child_distance_from_donor_count"":22,""donor_distance_reduction_mean"":2.0,""donor_distance_reduction_min"":2,""donor_distance_reduction_max"":2,""donor_distance_reduction_count"":22,""local_exchange_changed_gene_count_mean"":2.0,""local_exchange_changed_gene_count_min"":2,""local_exchange_changed_gene_count_max"":2,""local_exchange_changed_gene_count_count"":22,""child_distance_statistics_scope"":""accepted_unique_crossover_offspring"",""parent_distance_statistics_scope"":""crossover_attempts"",""persistent_population_size"":4,""unique_population_size"":4,""best_population_fitness"":0.46240234375,""configured_survivors_per_selection"":[16,4,1],""effective_survivors_per_selection"":[16,4,4],""effective_final_survivor_count"":4},""offspring_generation"":{""attempts"":198,""no_op_mutations"":0,""duplicate_candidates"":70,""infeasible_candidates"":0,""fixed_quant_legal_swap_counts"":[]},""maximum_depth_mutations_per_offspring"":3,""quantization_step_size"":1,""quantization_mutations_per_offspring"":1,""joint_aware_probability"":0.0,""adaptive_mutation"":false,""adaptive_mutation_strength"":1,""adaptive_mutation_patience"":3,""adaptive_mutation_max_strength"":3,""coarse_to_fine_mutation"":false,""coarse_to_fine_start_strength"":3,""coarse_to_fine_end_strength"":1,""stagnation_generations_after_selection"":0}",quantization,True,198,128,16,8,262144,262144,1048576,21892,226500608,159193.676193912,15276.82177734375
145,0.444580078125,0.46240234375,kl,0.444580078125,,,,,0,{},128,16,4,1,"[16,4,1]","[2048,16384,131072]",5503193088,4.083333333333333,3216.5078125,26982023168,26982023168,0,8,8,"{""type"":""mixed_depth_quantization"",""sequential_mode"":""none"",""joint_mutation_mode"":""standard"",""parent_before_generation_hash"":""5ccd22bf86ae2e11082d3f45d5b981ba757a1b92de903cce0980fbaa9db3d870"",""parent_after_generation_hash"":""1d5ce5d357ba0c7ae7a57b9588727a16e101fbbe63067612ed035b0982a824ad"",""generated_offspring_by_type"":{""depth"":58,""quantization"":61,""joint_aware"":0,""interaction_aware"":0,""sequential_quantization"":0,""fixed_quant_depth"":0,""component crossover"":0,""component crossover + repair"":0,""layer bundle crossover"":0,""layer bundle crossover + repair"":0,""local exchange crossover"":9},""depth_mask_entries_changed_by_type"":{""depth"":198,""quantization"":0,""joint_aware"":0,""interaction_aware"":0,""sequential_quantization"":0,""fixed_quant_depth"":0,""component crossover"":0,""component crossover + repair"":0,""layer bundle crossover"":0,""layer bundle crossover + repair"":0,""local exchange crossover"":0},""quant_assignments_changed_by_type"":{""depth"":152,""quantization"":146,""joint_aware"":0,""interaction_aware"":0,""sequential_quantization"":0,""fixed_quant_depth"":0,""component crossover"":0,""component crossover + repair"":0,""layer bundle crossover"":0,""layer bundle crossover + repair"":0,""local exchange crossover"":18},""depth_mask_entries_changed_total"":198,""quant_assignments_changed_total"":316,""interaction_aware_details"":{""budget_repair_quant_changes"":0,""preferred_quant_exchanges_used"":0,""fallback_quant_exchanges_used"":0},""crossover_diagnostics"":{""crossover_type"":""local_exchange"",""crossover_parent_selection"":""uniform"",""crossover_offspring"":9,""crossover_offspring_accepted"":9,""mutation_offspring_accepted"":119,""mutation_offspring"":119,""crossover_offspring_attempted"":101,""crossover_duplicates"":92,""crossover_infeasible_candidates"":0,""crossover_repair_changed_gene_count"":0,""crossover_repaired_proposals"":0,""parent_distance_mean"":3.5247524752475248,""parent_distance_min"":2,""parent_distance_max"":5,""child_distance_from_parent_a_mean"":2.0,""child_distance_from_parent_b_mean"":1.5247524752475248,""layers_from_parent_a_mean"":null,""layers_from_parent_b_mean"":null,""crossover_no_legal_exchange"":0,""local_exchange_attention"":0,""local_exchange_mlp"":0,""local_exchange_quantization"":9,""local_exchange_block"":0,""parent_distance_count"":101,""child_distance_from_base_mean"":2.0,""child_distance_from_base_min"":2,""child_distance_from_base_max"":2,""child_distance_from_base_count"":9,""child_distance_from_donor_mean"":2.2222222222222223,""child_distance_from_donor_min"":1,""child_distance_from_donor_max"":3,""child_distance_from_donor_count"":9,""donor_distance_reduction_mean"":2.0,""donor_distance_reduction_min"":2,""donor_distance_reduction_max"":2,""donor_distance_reduction_count"":9,""local_exchange_changed_gene_count_mean"":2.0,""local_exchange_changed_gene_count_min"":2,""local_exchange_changed_gene_count_max"":2,""local_exchange_changed_gene_count_count"":9,""child_distance_statistics_scope"":""accepted_unique_crossover_offspring"",""parent_distance_statistics_scope"":""crossover_attempts"",""persistent_population_size"":4,""unique_population_size"":4,""best_population_fitness"":0.444580078125,""configured_survivors_per_selection"":[16,4,1],""effective_survivors_per_selection"":[16,4,4],""effective_final_survivor_count"":4},""offspring_generation"":{""attempts"":220,""no_op_mutations"":0,""duplicate_candidates"":92,""infeasible_candidates"":0,""fixed_quant_legal_swap_counts"":[]},""maximum_depth_mutations_per_offspring"":3,""quantization_step_size"":1,""quantization_mutations_per_offspring"":1,""joint_aware_probability"":0.0,""adaptive_mutation"":false,""adaptive_mutation_strength"":1,""adaptive_mutation_patience"":3,""adaptive_mutation_max_strength"":3,""coarse_to_fine_mutation"":false,""coarse_to_fine_start_strength"":3,""coarse_to_fine_end_strength"":1,""stagnation_generations_after_selection"":0}",quantization,True,220,128,16,8,262144,262144,1048576,22044,228073472,160145.92638479802,15276.82177734375
146,0.462890625,0.444580078125,kl,0.462890625,9.8046875,9.5625,12.5703125,,917504,"{""wikitext2"":327680,""c4"":589824}",128,16,4,1,"[16,4,1]","[2048,16384,131072]",5503193088,4.083333333333333,3216.5078125,26982023168,26982023168,0,8,8,"{""type"":""mixed_depth_quantization"",""sequential_mode"":""none"",""joint_mutation_mode"":""standard"",""parent_before_generation_hash"":""1d5ce5d357ba0c7ae7a57b9588727a16e101fbbe63067612ed035b0982a824ad"",""parent_after_generation_hash"":""b26ec4393119b62c15d65448071c166eabfdbe30b4e3be01b41953b971df2e66"",""generated_offspring_by_type"":{""depth"":70,""quantization"":50,""joint_aware"":0,""interaction_aware"":0,""sequential_quantization"":0,""fixed_quant_depth"":0,""component crossover"":0,""component crossover + repair"":0,""layer bundle crossover"":0,""layer bundle crossover + repair"":0,""local exchange crossover"":8},""depth_mask_entries_changed_by_type"":{""depth"":216,""quantization"":0,""joint_aware"":0,""interaction_aware"":0,""sequential_quantization"":0,""fixed_quant_depth"":0,""component crossover"":0,""component crossover + repair"":0,""layer bundle crossover"":0,""layer bundle crossover + repair"":0,""local exchange crossover"":0},""quant_assignments_changed_by_type"":{""depth"":168,""quantization"":117,""joint_aware"":0,""interaction_aware"":0,""sequential_quantization"":0,""fixed_quant_depth"":0,""component crossover"":0,""component crossover + repair"":0,""layer bundle crossover"":0,""layer bundle crossover + repair"":0,""local exchange crossover"":16},""depth_mask_entries_changed_total"":216,""quant_assignments_changed_total"":301,""interaction_aware_details"":{""budget_repair_quant_changes"":0,""preferred_quant_exchanges_used"":0,""fallback_quant_exchanges_used"":0},""crossover_diagnostics"":{""crossover_type"":""local_exchange"",""crossover_parent_selection"":""uniform"",""crossover_offspring"":8,""crossover_offspring_accepted"":8,""mutation_offspring_accepted"":120,""mutation_offspring"":120,""crossover_offspring_attempted"":123,""crossover_duplicates"":100,""crossover_infeasible_candidates"":0,""crossover_repair_changed_gene_count"":0,""crossover_repaired_proposals"":0,""parent_distance_mean"":3.2601626016260163,""parent_distance_min"":1,""parent_distance_max"":4,""child_distance_from_parent_a_mean"":2.0,""child_distance_from_parent_b_mean"":1.5740740740740742,""layers_from_parent_a_mean"":null,""layers_from_parent_b_mean"":null,""crossover_no_legal_exchange"":15,""local_exchange_attention"":0,""local_exchange_mlp"":0,""local_exchange_quantization"":8,""local_exchange_block"":0,""parent_distance_count"":123,""child_distance_from_base_mean"":2.0,""child_distance_from_base_min"":2,""child_distance_from_base_max"":2,""child_distance_from_base_count"":8,""child_distance_from_donor_mean"":1.5,""child_distance_from_donor_min"":1,""child_distance_from_donor_max"":2,""child_distance_from_donor_count"":8,""donor_distance_reduction_mean"":2.0,""donor_distance_reduction_min"":2,""donor_distance_reduction_max"":2,""donor_distance_reduction_count"":8,""local_exchange_changed_gene_count_mean"":2.0,""local_exchange_changed_gene_count_min"":2,""local_exchange_changed_gene_count_max"":2,""local_exchange_changed_gene_count_count"":8,""child_distance_statistics_scope"":""accepted_unique_crossover_offspring"",""parent_distance_statistics_scope"":""crossover_attempts"",""persistent_population_size"":4,""unique_population_size"":4,""best_population_fitness"":0.462890625,""configured_survivors_per_selection"":[16,4,1],""effective_survivors_per_selection"":[16,4,4],""effective_final_survivor_count"":4},""offspring_generation"":{""attempts"":243,""no_op_mutations"":0,""duplicate_candidates"":100,""infeasible_candidates"":0,""fixed_quant_legal_swap_counts"":[]},""maximum_depth_mutations_per_offspring"":3,""quantization_step_size"":1,""quantization_mutations_per_offspring"":1,""joint_aware_probability"":0.0,""adaptive_mutation"":false,""adaptive_mutation_strength"":1,""adaptive_mutation_patience"":3,""adaptive_mutation_max_strength"":3,""coarse_to_fine_mutation"":false,""coarse_to_fine_start_strength"":3,""coarse_to_fine_end_strength"":1,""stagnation_generations_after_selection"":0}",quantization,True,243,128,16,8,262144,262144,1048576,22196,229646336,161314.81112442503,15276.82177734375
147,0.44482421875,0.462890625,kl,0.44482421875,,,,,0,{},128,16,4,1,"[16,4,1]","[2048,16384,131072]",5503193088,4.083333333333333,3216.5078125,26982023168,26982023168,0,8,8,"{""type"":""mixed_depth_quantization"",""sequential_mode"":""none"",""joint_mutation_mode"":""standard"",""parent_before_generation_hash"":""b26ec4393119b62c15d65448071c166eabfdbe30b4e3be01b41953b971df2e66"",""parent_after_generation_hash"":""4a1ea8fd7826293cabdbb75000e5876e6331acbc10bfc455a74f5565ebac861c"",""generated_offspring_by_type"":{""depth"":56,""quantization"":53,""joint_aware"":0,""interaction_aware"":0,""sequential_quantization"":0,""fixed_quant_depth"":0,""component crossover"":0,""component crossover + repair"":0,""layer bundle crossover"":0,""layer bundle crossover + repair"":0,""local exchange crossover"":19},""depth_mask_entries_changed_by_type"":{""depth"":160,""quantization"":0,""joint_aware"":0,""interaction_aware"":0,""sequential_quantization"":0,""fixed_quant_depth"":0,""component crossover"":0,""component crossover + repair"":0,""layer bundle crossover"":0,""layer bundle crossover + repair"":0,""local exchange crossover"":0},""quant_assignments_changed_by_type"":{""depth"":127,""quantization"":121,""joint_aware"":0,""interaction_aware"":0,""sequential_quantization"":0,""fixed_quant_depth"":0,""component crossover"":0,""component crossover + repair"":0,""layer bundle crossover"":0,""layer bundle crossover + repair"":0,""local exchange crossover"":38},""depth_mask_entries_changed_total"":160,""quant_assignments_changed_total"":286,""interaction_aware_details"":{""budget_repair_quant_changes"":0,""preferred_quant_exchanges_used"":0,""fallback_quant_exchanges_used"":0},""crossover_diagnostics"":{""crossover_type"":""local_exchange"",""crossover_parent_selection"":""uniform"",""crossover_offspring"":19,""crossover_offspring_accepted"":19,""mutation_offspring_accepted"":109,""mutation_offspring"":109,""crossover_offspring_attempted"":84,""crossover_duplicates"":65,""crossover_infeasible_candidates"":0,""crossover_repair_changed_gene_count"":0,""crossover_repaired_proposals"":0,""parent_distance_mean"":4.75,""parent_distance_min"":3,""parent_distance_max"":8,""child_distance_from_parent_a_mean"":2.0,""child_distance_from_parent_b_mean"":2.75,""layers_from_parent_a_mean"":null,""layers_from_parent_b_mean"":null,""crossover_no_legal_exchange"":0,""local_exchange_attention"":0,""local_exchange_mlp"":0,""local_exchange_quantization"":19,""local_exchange_block"":0,""parent_distance_count"":84,""child_distance_from_base_mean"":2.0,""child_distance_from_base_min"":2,""child_distance_from_base_max"":2,""child_distance_from_base_count"":19,""child_distance_from_donor_mean"":3.789473684210526,""child_distance_from_donor_min"":1,""child_distance_from_donor_max"":6,""child_distance_from_donor_count"":19,""donor_distance_reduction_mean"":2.0,""donor_distance_reduction_min"":2,""donor_distance_reduction_max"":2,""donor_distance_reduction_count"":19,""local_exchange_changed_gene_count_mean"":2.0,""local_exchange_changed_gene_count_min"":2,""local_exchange_changed_gene_count_max"":2,""local_exchange_changed_gene_count_count"":19,""child_distance_statistics_scope"":""accepted_unique_crossover_offspring"",""parent_distance_statistics_scope"":""crossover_attempts"",""persistent_population_size"":4,""unique_population_size"":4,""best_population_fitness"":0.44482421875,""configured_survivors_per_selection"":[16,4,1],""effective_survivors_per_selection"":[16,4,4],""effective_final_survivor_count"":4},""offspring_generation"":{""attempts"":193,""no_op_mutations"":0,""duplicate_candidates"":65,""infeasible_candidates"":0,""fixed_quant_legal_swap_counts"":[]},""maximum_depth_mutations_per_offspring"":3,""quantization_step_size"":1,""quantization_mutations_per_offspring"":1,""joint_aware_probability"":0.0,""adaptive_mutation"":false,""adaptive_mutation_strength"":1,""adaptive_mutation_patience"":3,""adaptive_mutation_max_strength"":3,""coarse_to_fine_mutation"":false,""coarse_to_fine_start_strength"":3,""coarse_to_fine_end_strength"":1,""stagnation_generations_after_selection"":0}",local exchange crossover,True,193,128,16,8,262144,262144,1048576,22348,231219200,162224.421253454,15276.82177734375
148,0.452392578125,0.44482421875,kl,0.452392578125,,,,,0,{},128,16,4,1,"[16,4,1]","[2048,16384,131072]",5503193088,4.083333333333333,3216.5078125,26982023168,26982023168,0,8,8,"{""type"":""mixed_depth_quantization"",""sequential_mode"":""none"",""joint_mutation_mode"":""standard"",""parent_before_generation_hash"":""4a1ea8fd7826293cabdbb75000e5876e6331acbc10bfc455a74f5565ebac861c"",""parent_after_generation_hash"":""e88a04c1862d9c7afcc24e19a170c5c882433728a03b3d8b7777f575db12d188"",""generated_offspring_by_type"":{""depth"":52,""quantization"":67,""joint_aware"":0,""interaction_aware"":0,""sequential_quantization"":0,""fixed_quant_depth"":0,""component crossover"":0,""component crossover + repair"":0,""layer bundle crossover"":0,""layer bundle crossover + repair"":0,""local exchange crossover"":9},""depth_mask_entries_changed_by_type"":{""depth"":156,""quantization"":0,""joint_aware"":0,""interaction_aware"":0,""sequential_quantization"":0,""fixed_quant_depth"":0,""component crossover"":0,""component crossover + repair"":0,""layer bundle crossover"":0,""layer bundle crossover + repair"":0,""local exchange crossover"":0},""quant_assignments_changed_by_type"":{""depth"":131,""quantization"":158,""joint_aware"":0,""interaction_aware"":0,""sequential_quantization"":0,""fixed_quant_depth"":0,""component crossover"":0,""component crossover + repair"":0,""layer bundle crossover"":0,""layer bundle crossover + repair"":0,""local exchange crossover"":18},""depth_mask_entries_changed_total"":156,""quant_assignments_changed_total"":307,""interaction_aware_details"":{""budget_repair_quant_changes"":0,""preferred_quant_exchanges_used"":0,""fallback_quant_exchanges_used"":0},""crossover_diagnostics"":{""crossover_type"":""local_exchange"",""crossover_parent_selection"":""uniform"",""crossover_offspring"":9,""crossover_offspring_accepted"":9,""mutation_offspring_accepted"":119,""mutation_offspring"":119,""crossover_offspring_attempted"":109,""crossover_duplicates"":78,""crossover_infeasible_candidates"":0,""crossover_repair_changed_gene_count"":0,""crossover_repaired_proposals"":0,""parent_distance_mean"":4.091743119266055,""parent_distance_min"":2,""parent_distance_max"":7,""child_distance_from_parent_a_mean"":2.0,""child_distance_from_parent_b_mean"":2.6206896551724137,""layers_from_parent_a_mean"":null,""layers_from_parent_b_mean"":null,""crossover_no_legal_exchange"":22,""local_exchange_attention"":0,""local_exchange_mlp"":0,""local_exchange_quantization"":9,""local_exchange_block"":0,""parent_distance_count"":109,""child_distance_from_base_mean"":2.0,""child_distance_from_base_min"":2,""child_distance_from_base_max"":2,""child_distance_from_base_count"":9,""child_distance_from_donor_mean"":3.5555555555555554,""child_distance_from_donor_min"":2,""child_distance_from_donor_max"":5,""child_distance_from_donor_count"":9,""donor_distance_reduction_mean"":2.0,""donor_distance_reduction_min"":2,""donor_distance_reduction_max"":2,""donor_distance_reduction_count"":9,""local_exchange_changed_gene_count_mean"":2.0,""local_exchange_changed_gene_count_min"":2,""local_exchange_changed_gene_count_max"":2,""local_exchange_changed_gene_count_count"":9,""child_distance_statistics_scope"":""accepted_unique_crossover_offspring"",""parent_distance_statistics_scope"":""crossover_attempts"",""persistent_population_size"":4,""unique_population_size"":4,""best_population_fitness"":0.452392578125,""configured_survivors_per_selection"":[16,4,1],""effective_survivors_per_selection"":[16,4,4],""effective_final_survivor_count"":4},""offspring_generation"":{""attempts"":228,""no_op_mutations"":0,""duplicate_candidates"":78,""infeasible_candidates"":0,""fixed_quant_legal_swap_counts"":[]},""maximum_depth_mutations_per_offspring"":3,""quantization_step_size"":1,""quantization_mutations_per_offspring"":1,""joint_aware_probability"":0.0,""adaptive_mutation"":false,""adaptive_mutation_strength"":1,""adaptive_mutation_patience"":3,""adaptive_mutation_max_strength"":3,""coarse_to_fine_mutation"":false,""coarse_to_fine_start_strength"":3,""coarse_to_fine_end_strength"":1,""stagnation_generations_after_selection"":0}",quantization,True,228,128,16,8,262144,262144,1048576,22500,232792064,163258.61949837703,15276.82177734375
149,0.45361328125,0.452392578125,kl,0.45361328125,,,,,0,{},128,16,4,1,"[16,4,1]","[2048,16384,131072]",5503193088,4.083333333333333,3216.5078125,26982023168,26982023168,0,8,8,"{""type"":""mixed_depth_quantization"",""sequential_mode"":""none"",""joint_mutation_mode"":""standard"",""parent_before_generation_hash"":""e88a04c1862d9c7afcc24e19a170c5c882433728a03b3d8b7777f575db12d188"",""parent_after_generation_hash"":""e44b30653a2e156719f0456796729409919a18dc8a580cb8a0c76f91ffa22fd8"",""generated_offspring_by_type"":{""depth"":55,""quantization"":70,""joint_aware"":0,""interaction_aware"":0,""sequential_quantization"":0,""fixed_quant_depth"":0,""component crossover"":0,""component crossover + repair"":0,""layer bundle crossover"":0,""layer bundle crossover + repair"":0,""local exchange crossover"":3},""depth_mask_entries_changed_by_type"":{""depth"":158,""quantization"":0,""joint_aware"":0,""interaction_aware"":0,""sequential_quantization"":0,""fixed_quant_depth"":0,""component crossover"":0,""component crossover + repair"":0,""layer bundle crossover"":0,""layer bundle crossover + repair"":0,""local exchange crossover"":0},""quant_assignments_changed_by_type"":{""depth"":128,""quantization"":170,""joint_aware"":0,""interaction_aware"":0,""sequential_quantization"":0,""fixed_quant_depth"":0,""component crossover"":0,""component crossover + repair"":0,""layer bundle crossover"":0,""layer bundle crossover + repair"":0,""local exchange crossover"":6},""depth_mask_entries_changed_total"":158,""quant_assignments_changed_total"":304,""interaction_aware_details"":{""budget_repair_quant_changes"":0,""preferred_quant_exchanges_used"":0,""fallback_quant_exchanges_used"":0},""crossover_diagnostics"":{""crossover_type"":""local_exchange"",""crossover_parent_selection"":""uniform"",""crossover_offspring"":3,""crossover_offspring_accepted"":3,""mutation_offspring_accepted"":125,""mutation_offspring"":125,""crossover_offspring_attempted"":124,""crossover_duplicates"":101,""crossover_infeasible_candidates"":0,""crossover_repair_changed_gene_count"":0,""crossover_repaired_proposals"":0,""parent_distance_mean"":3.2903225806451615,""parent_distance_min"":2,""parent_distance_max"":6,""child_distance_from_parent_a_mean"":2.0,""child_distance_from_parent_b_mean"":1.5384615384615385,""layers_from_parent_a_mean"":null,""layers_from_parent_b_mean"":null,""crossover_no_legal_exchange"":20,""local_exchange_attention"":0,""local_exchange_mlp"":0,""local_exchange_quantization"":3,""local_exchange_block"":0,""parent_distance_count"":124,""child_distance_from_base_mean"":2.0,""child_distance_from_base_min"":2,""child_distance_from_base_max"":2,""child_distance_from_base_count"":3,""child_distance_from_donor_mean"":3.3333333333333335,""child_distance_from_donor_min"":2,""child_distance_from_donor_max"":4,""child_distance_from_donor_count"":3,""donor_distance_reduction_mean"":2.0,""donor_distance_reduction_min"":2,""donor_distance_reduction_max"":2,""donor_distance_reduction_count"":3,""local_exchange_changed_gene_count_mean"":2.0,""local_exchange_changed_gene_count_min"":2,""local_exchange_changed_gene_count_max"":2,""local_exchange_changed_gene_count_count"":3,""child_distance_statistics_scope"":""accepted_unique_crossover_offspring"",""parent_distance_statistics_scope"":""crossover_attempts"",""persistent_population_size"":4,""unique_population_size"":4,""best_population_fitness"":0.45361328125,""configured_survivors_per_selection"":[16,4,1],""effective_survivors_per_selection"":[16,4,4],""effective_final_survivor_count"":4},""offspring_generation"":{""attempts"":249,""no_op_mutations"":0,""duplicate_candidates"":101,""infeasible_candidates"":0,""fixed_quant_legal_swap_counts"":[]},""maximum_depth_mutations_per_offspring"":3,""quantization_step_size"":1,""quantization_mutations_per_offspring"":1,""joint_aware_probability"":0.0,""adaptive_mutation"":false,""adaptive_mutation_strength"":1,""adaptive_mutation_patience"":3,""adaptive_mutation_max_strength"":3,""coarse_to_fine_mutation"":false,""coarse_to_fine_start_strength"":3,""coarse_to_fine_end_strength"":1,""stagnation_generations_after_selection"":0}",quantization,True,249,128,16,8,262144,262144,1048576,22652,234364928,164244.837770225,15276.82177734375
150,0.450439453125,0.45361328125,kl,0.450439453125,,,,,0,{},128,16,4,1,"[16,4,1]","[2048,16384,131072]",5503193088,4.083333333333333,3216.5078125,26982023168,26982023168,0,8,8,"{""type"":""mixed_depth_quantization"",""sequential_mode"":""none"",""joint_mutation_mode"":""standard"",""parent_before_generation_hash"":""e44b30653a2e156719f0456796729409919a18dc8a580cb8a0c76f91ffa22fd8"",""parent_after_generation_hash"":""e44b30653a2e156719f0456796729409919a18dc8a580cb8a0c76f91ffa22fd8"",""generated_offspring_by_type"":{""depth"":51,""quantization"":67,""joint_aware"":0,""interaction_aware"":0,""sequential_quantization"":0,""fixed_quant_depth"":0,""component crossover"":0,""component crossover + repair"":0,""layer bundle crossover"":0,""layer bundle crossover + repair"":0,""local exchange crossover"":10},""depth_mask_entries_changed_by_type"":{""depth"":156,""quantization"":0,""joint_aware"":0,""interaction_aware"":0,""sequential_quantization"":0,""fixed_quant_depth"":0,""component crossover"":0,""component crossover + repair"":0,""layer bundle crossover"":0,""layer bundle crossover + repair"":0,""local exchange crossover"":0},""quant_assignments_changed_by_type"":{""depth"":111,""quantization"":163,""joint_aware"":0,""interaction_aware"":0,""sequential_quantization"":0,""fixed_quant_depth"":0,""component crossover"":0,""component crossover + repair"":0,""layer bundle crossover"":0,""layer bundle crossover + repair"":0,""local exchange crossover"":20},""depth_mask_entries_changed_total"":156,""quant_assignments_changed_total"":294,""interaction_aware_details"":{""budget_repair_quant_changes"":0,""preferred_quant_exchanges_used"":0,""fallback_quant_exchanges_used"":0},""crossover_diagnostics"":{""crossover_type"":""local_exchange"",""crossover_parent_selection"":""uniform"",""crossover_offspring"":10,""crossover_offspring_accepted"":10,""mutation_offspring_accepted"":118,""mutation_offspring"":118,""crossover_offspring_attempted"":109,""crossover_duplicates"":99,""crossover_infeasible_candidates"":0,""crossover_repair_changed_gene_count"":0,""crossover_repaired_proposals"":0,""parent_distance_mean"":5.10091743119266,""parent_distance_min"":4,""parent_distance_max"":9,""child_distance_from_parent_a_mean"":2.0,""child_distance_from_parent_b_mean"":3.1009174311926606,""layers_from_parent_a_mean"":null,""layers_from_parent_b_mean"":null,""crossover_no_legal_exchange"":0,""local_exchange_attention"":0,""local_exchange_mlp"":0,""local_exchange_quantization"":10,""local_exchange_block"":0,""parent_distance_count"":109,""child_distance_from_base_mean"":2.0,""child_distance_from_base_min"":2,""child_distance_from_base_max"":2,""child_distance_from_base_count"":10,""child_distance_from_donor_mean"":3.5,""child_distance_from_donor_min"":2,""child_distance_from_donor_max"":7,""child_distance_from_donor_count"":10,""donor_distance_reduction_mean"":2.0,""donor_distance_reduction_min"":2,""donor_distance_reduction_max"":2,""donor_distance_reduction_count"":10,""local_exchange_changed_gene_count_mean"":2.0,""local_exchange_changed_gene_count_min"":2,""local_exchange_changed_gene_count_max"":2,""local_exchange_changed_gene_count_count"":10,""child_distance_statistics_scope"":""accepted_unique_crossover_offspring"",""parent_distance_statistics_scope"":""crossover_attempts"",""persistent_population_size"":4,""unique_population_size"":4,""best_population_fitness"":0.450439453125,""configured_survivors_per_selection"":[16,4,1],""effective_survivors_per_selection"":[16,4,4],""effective_final_survivor_count"":4},""offspring_generation"":{""attempts"":228,""no_op_mutations"":1,""duplicate_candidates"":99,""infeasible_candidates"":0,""fixed_quant_legal_swap_counts"":[]},""maximum_depth_mutations_per_offspring"":3,""quantization_step_size"":1,""quantization_mutations_per_offspring"":1,""joint_aware_probability"":0.0,""adaptive_mutation"":false,""adaptive_mutation_strength"":1,""adaptive_mutation_patience"":3,""adaptive_mutation_max_strength"":3,""coarse_to_fine_mutation"":false,""coarse_to_fine_start_strength"":3,""coarse_to_fine_end_strength"":1,""stagnation_generations_after_selection"":1}",parent,False,228,128,16,8,262144,262144,1048576,22804,235937792,165184.52544518,15276.82177734375
