generation,best_search_fitness,parent_search_fitness_before_generation,fitness_fn,best_calibration_kl,best_train_ppl,wikitext2_ppl,c4_ppl,fineweb_edu_ppl,eval_tokens_used,eval_tokens_by_dataset,num_offspring,num_survivors_stage_1,num_survivors_stage_2,num_survivors_stage_3,survivors_per_selection,tokens_per_selection,active_parameters,average_bitwidth_active,estimated_weight_memory_mb,compression_cost_bits,compression_target_bits,compression_difference_bits,dropped_attention_count,dropped_mlp_count,mutation_summary,selected_parent_mutation_type,accepted_parent_replacement,offspring_attempts,candidate_evaluations_stage_1,candidate_evaluations_stage_2,candidate_evaluations_stage_3,evaluation_tokens_stage_1,evaluation_tokens_stage_2,evaluation_tokens_stage_3,candidate_evaluations_search_cumulative,evaluation_tokens_search_cumulative,runtime_seconds_cumulative,peak_gpu_memory_mb
1,0.44970703125,inf,kl,0.44970703125,22.140625,26.921875,30.921875,,917504,"{""wikitext2"":327680,""c4"":589824}",128,16,4,1,"[16,4,1]","[2048,16384,131072]",6375608320,3.4642857142857144,3216.5078125,26982023168,26982023168,0,4,4,"{""type"":""mixed_depth_quantization"",""sequential_mode"":""none"",""joint_mutation_mode"":""standard"",""parent_before_generation_hash"":""329b443c529640509efe5160be3922755d4e131f11330bdbe0c5ea568ba5d32f"",""parent_after_generation_hash"":""a2e94d6e1aaaecefd2c297600e900e437294e79090b472cfa8155825b7171361"",""generated_offspring_by_type"":{""depth"":58,""quantization"":70,""joint_aware"":0,""interaction_aware"":0,""sequential_quantization"":0,""fixed_quant_depth"":0,""component crossover"":0,""component crossover + repair"":0,""layer bundle crossover"":0,""layer bundle crossover + repair"":0},""depth_mask_entries_changed_by_type"":{""depth"":178,""quantization"":0,""joint_aware"":0,""interaction_aware"":0,""sequential_quantization"":0,""fixed_quant_depth"":0,""component crossover"":0,""component crossover + repair"":0,""layer bundle crossover"":0,""layer bundle crossover + repair"":0},""quant_assignments_changed_by_type"":{""depth"":44,""quantization"":154,""joint_aware"":0,""interaction_aware"":0,""sequential_quantization"":0,""fixed_quant_depth"":0,""component crossover"":0,""component crossover + repair"":0,""layer bundle crossover"":0,""layer bundle crossover + repair"":0},""depth_mask_entries_changed_total"":178,""quant_assignments_changed_total"":198,""interaction_aware_details"":{""budget_repair_quant_changes"":0,""preferred_quant_exchanges_used"":0,""fallback_quant_exchanges_used"":0},""crossover_diagnostics"":{""crossover_type"":""component"",""crossover_parent_selection"":""uniform"",""crossover_offspring"":0,""crossover_offspring_accepted"":0,""mutation_offspring_accepted"":128,""mutation_offspring"":128,""crossover_offspring_attempted"":0,""crossover_duplicates"":0,""crossover_infeasible_candidates"":0,""crossover_repair_changed_gene_count"":0,""crossover_repaired_proposals"":0,""parent_distance_mean"":null,""parent_distance_min"":null,""parent_distance_max"":null,""child_distance_from_parent_a_mean"":null,""child_distance_from_parent_b_mean"":null,""layers_from_parent_a_mean"":null,""layers_from_parent_b_mean"":null,""crossover_no_legal_exchange"":0,""local_exchange_attention"":0,""local_exchange_mlp"":0,""local_exchange_quantization"":0,""local_exchange_block"":0,""child_distance_from_base_mean"":null,""child_distance_from_base_min"":null,""child_distance_from_base_max"":null,""child_distance_from_base_count"":0,""child_distance_from_donor_mean"":null,""child_distance_from_donor_min"":null,""child_distance_from_donor_max"":null,""child_distance_from_donor_count"":0,""donor_distance_reduction_mean"":null,""donor_distance_reduction_min"":null,""donor_distance_reduction_max"":null,""donor_distance_reduction_count"":0,""local_exchange_changed_gene_count_mean"":null,""local_exchange_changed_gene_count_min"":null,""local_exchange_changed_gene_count_max"":null,""local_exchange_changed_gene_count_count"":0,""child_distance_statistics_scope"":""accepted_unique_crossover_offspring"",""persistent_population_size"":1,""unique_population_size"":1,""best_population_fitness"":0.44970703125,""configured_survivors_per_selection"":[16,4,1],""effective_survivors_per_selection"":[16,4,1],""effective_final_survivor_count"":1},""offspring_generation"":{""attempts"":130,""no_op_mutations"":0,""duplicate_candidates"":2,""infeasible_candidates"":0,""fixed_quant_legal_swap_counts"":[]},""maximum_depth_mutations_per_offspring"":3,""quantization_step_size"":1,""quantization_mutations_per_offspring"":1,""joint_aware_probability"":0.0,""adaptive_mutation"":false,""adaptive_mutation_strength"":1,""adaptive_mutation_patience"":3,""adaptive_mutation_max_strength"":3,""coarse_to_fine_mutation"":false,""coarse_to_fine_start_strength"":3,""coarse_to_fine_end_strength"":1,""stagnation_generations_after_selection"":0}",depth,True,130,128,16,5,262144,262144,655360,149,1179648,1385.4925599240232,15276.82177734375
2,0.382080078125,0.44970703125,kl,0.382080078125,,,,,0,{},128,16,4,1,"[16,4,1]","[2048,16384,131072]",6375608320,3.4642857142857144,3216.5078125,26982023168,26982023168,0,4,4,"{""type"":""mixed_depth_quantization"",""sequential_mode"":""none"",""joint_mutation_mode"":""standard"",""parent_before_generation_hash"":""a2e94d6e1aaaecefd2c297600e900e437294e79090b472cfa8155825b7171361"",""parent_after_generation_hash"":""4c59eab6319de025923f89d73fd9a91da4f03c1d7cafccca1edc7822277297a6"",""generated_offspring_by_type"":{""depth"":68,""quantization"":60,""joint_aware"":0,""interaction_aware"":0,""sequential_quantization"":0,""fixed_quant_depth"":0,""component crossover"":0,""component crossover + repair"":0,""layer bundle crossover"":0,""layer bundle crossover + repair"":0},""depth_mask_entries_changed_by_type"":{""depth"":194,""quantization"":0,""joint_aware"":0,""interaction_aware"":0,""sequential_quantization"":0,""fixed_quant_depth"":0,""component crossover"":0,""component crossover + repair"":0,""layer bundle crossover"":0,""layer bundle crossover + repair"":0},""quant_assignments_changed_by_type"":{""depth"":64,""quantization"":135,""joint_aware"":0,""interaction_aware"":0,""sequential_quantization"":0,""fixed_quant_depth"":0,""component crossover"":0,""component crossover + repair"":0,""layer bundle crossover"":0,""layer bundle crossover + repair"":0},""depth_mask_entries_changed_total"":194,""quant_assignments_changed_total"":199,""interaction_aware_details"":{""budget_repair_quant_changes"":0,""preferred_quant_exchanges_used"":0,""fallback_quant_exchanges_used"":0},""crossover_diagnostics"":{""crossover_type"":""component"",""crossover_parent_selection"":""uniform"",""crossover_offspring"":0,""crossover_offspring_accepted"":0,""mutation_offspring_accepted"":128,""mutation_offspring"":128,""crossover_offspring_attempted"":0,""crossover_duplicates"":0,""crossover_infeasible_candidates"":0,""crossover_repair_changed_gene_count"":0,""crossover_repaired_proposals"":0,""parent_distance_mean"":null,""parent_distance_min"":null,""parent_distance_max"":null,""child_distance_from_parent_a_mean"":null,""child_distance_from_parent_b_mean"":null,""layers_from_parent_a_mean"":null,""layers_from_parent_b_mean"":null,""crossover_no_legal_exchange"":0,""local_exchange_attention"":0,""local_exchange_mlp"":0,""local_exchange_quantization"":0,""local_exchange_block"":0,""child_distance_from_base_mean"":null,""child_distance_from_base_min"":null,""child_distance_from_base_max"":null,""child_distance_from_base_count"":0,""child_distance_from_donor_mean"":null,""child_distance_from_donor_min"":null,""child_distance_from_donor_max"":null,""child_distance_from_donor_count"":0,""donor_distance_reduction_mean"":null,""donor_distance_reduction_min"":null,""donor_distance_reduction_max"":null,""donor_distance_reduction_count"":0,""local_exchange_changed_gene_count_mean"":null,""local_exchange_changed_gene_count_min"":null,""local_exchange_changed_gene_count_max"":null,""local_exchange_changed_gene_count_count"":0,""child_distance_statistics_scope"":""accepted_unique_crossover_offspring"",""persistent_population_size"":1,""unique_population_size"":1,""best_population_fitness"":0.382080078125,""configured_survivors_per_selection"":[16,4,1],""effective_survivors_per_selection"":[16,4,1],""effective_final_survivor_count"":1},""offspring_generation"":{""attempts"":133,""no_op_mutations"":1,""duplicate_candidates"":4,""infeasible_candidates"":0,""fixed_quant_legal_swap_counts"":[]},""maximum_depth_mutations_per_offspring"":3,""quantization_step_size"":1,""quantization_mutations_per_offspring"":1,""joint_aware_probability"":0.0,""adaptive_mutation"":false,""adaptive_mutation_strength"":1,""adaptive_mutation_patience"":3,""adaptive_mutation_max_strength"":3,""coarse_to_fine_mutation"":false,""coarse_to_fine_start_strength"":3,""coarse_to_fine_end_strength"":1,""stagnation_generations_after_selection"":0}",depth,True,133,128,16,5,262144,262144,655360,298,2359296,2137.7293219630374,15276.82177734375
3,0.319580078125,0.382080078125,kl,0.319580078125,,,,,0,{},128,16,4,1,"[16,4,1]","[2048,16384,131072]",6375608320,3.4642857142857144,3216.5078125,26982023168,26982023168,0,4,4,"{""type"":""mixed_depth_quantization"",""sequential_mode"":""none"",""joint_mutation_mode"":""standard"",""parent_before_generation_hash"":""4c59eab6319de025923f89d73fd9a91da4f03c1d7cafccca1edc7822277297a6"",""parent_after_generation_hash"":""31009a85fa2fba5791526dfd89ee79f07b81deb53899a8a712d6af184f50845d"",""generated_offspring_by_type"":{""depth"":54,""quantization"":74,""joint_aware"":0,""interaction_aware"":0,""sequential_quantization"":0,""fixed_quant_depth"":0,""component crossover"":0,""component crossover + repair"":0,""layer bundle crossover"":0,""layer bundle crossover + repair"":0},""depth_mask_entries_changed_by_type"":{""depth"":150,""quantization"":0,""joint_aware"":0,""interaction_aware"":0,""sequential_quantization"":0,""fixed_quant_depth"":0,""component crossover"":0,""component crossover + repair"":0,""layer bundle crossover"":0,""layer bundle crossover + repair"":0},""quant_assignments_changed_by_type"":{""depth"":63,""quantization"":166,""joint_aware"":0,""interaction_aware"":0,""sequential_quantization"":0,""fixed_quant_depth"":0,""component crossover"":0,""component crossover + repair"":0,""layer bundle crossover"":0,""layer bundle crossover + repair"":0},""depth_mask_entries_changed_total"":150,""quant_assignments_changed_total"":229,""interaction_aware_details"":{""budget_repair_quant_changes"":0,""preferred_quant_exchanges_used"":0,""fallback_quant_exchanges_used"":0},""crossover_diagnostics"":{""crossover_type"":""component"",""crossover_parent_selection"":""uniform"",""crossover_offspring"":0,""crossover_offspring_accepted"":0,""mutation_offspring_accepted"":128,""mutation_offspring"":128,""crossover_offspring_attempted"":0,""crossover_duplicates"":0,""crossover_infeasible_candidates"":0,""crossover_repair_changed_gene_count"":0,""crossover_repaired_proposals"":0,""parent_distance_mean"":null,""parent_distance_min"":null,""parent_distance_max"":null,""child_distance_from_parent_a_mean"":null,""child_distance_from_parent_b_mean"":null,""layers_from_parent_a_mean"":null,""layers_from_parent_b_mean"":null,""crossover_no_legal_exchange"":0,""local_exchange_attention"":0,""local_exchange_mlp"":0,""local_exchange_quantization"":0,""local_exchange_block"":0,""child_distance_from_base_mean"":null,""child_distance_from_base_min"":null,""child_distance_from_base_max"":null,""child_distance_from_base_count"":0,""child_distance_from_donor_mean"":null,""child_distance_from_donor_min"":null,""child_distance_from_donor_max"":null,""child_distance_from_donor_count"":0,""donor_distance_reduction_mean"":null,""donor_distance_reduction_min"":null,""donor_distance_reduction_max"":null,""donor_distance_reduction_count"":0,""local_exchange_changed_gene_count_mean"":null,""local_exchange_changed_gene_count_min"":null,""local_exchange_changed_gene_count_max"":null,""local_exchange_changed_gene_count_count"":0,""child_distance_statistics_scope"":""accepted_unique_crossover_offspring"",""persistent_population_size"":1,""unique_population_size"":1,""best_population_fitness"":0.319580078125,""configured_survivors_per_selection"":[16,4,1],""effective_survivors_per_selection"":[16,4,1],""effective_final_survivor_count"":1},""offspring_generation"":{""attempts"":128,""no_op_mutations"":0,""duplicate_candidates"":0,""infeasible_candidates"":0,""fixed_quant_legal_swap_counts"":[]},""maximum_depth_mutations_per_offspring"":3,""quantization_step_size"":1,""quantization_mutations_per_offspring"":1,""joint_aware_probability"":0.0,""adaptive_mutation"":false,""adaptive_mutation_strength"":1,""adaptive_mutation_patience"":3,""adaptive_mutation_max_strength"":3,""coarse_to_fine_mutation"":false,""coarse_to_fine_start_strength"":3,""coarse_to_fine_end_strength"":1,""stagnation_generations_after_selection"":0}",depth,True,128,128,16,5,262144,262144,655360,447,3538944,2899.874786420027,15276.82177734375
4,0.290283203125,0.319580078125,kl,0.290283203125,,,,,0,{},128,16,4,1,"[16,4,1]","[2048,16384,131072]",6375608320,3.4642857142857144,3216.5078125,26982023168,26982023168,0,4,4,"{""type"":""mixed_depth_quantization"",""sequential_mode"":""none"",""joint_mutation_mode"":""standard"",""parent_before_generation_hash"":""31009a85fa2fba5791526dfd89ee79f07b81deb53899a8a712d6af184f50845d"",""parent_after_generation_hash"":""eb1f05e750279d355ecd3dfd48e62554a5d2228cc82ea4fbfe95abd5c36ec030"",""generated_offspring_by_type"":{""depth"":70,""quantization"":58,""joint_aware"":0,""interaction_aware"":0,""sequential_quantization"":0,""fixed_quant_depth"":0,""component crossover"":0,""component crossover + repair"":0,""layer bundle crossover"":0,""layer bundle crossover + repair"":0},""depth_mask_entries_changed_by_type"":{""depth"":216,""quantization"":0,""joint_aware"":0,""interaction_aware"":0,""sequential_quantization"":0,""fixed_quant_depth"":0,""component crossover"":0,""component crossover + repair"":0,""layer bundle crossover"":0,""layer bundle crossover + repair"":0},""quant_assignments_changed_by_type"":{""depth"":90,""quantization"":127,""joint_aware"":0,""interaction_aware"":0,""sequential_quantization"":0,""fixed_quant_depth"":0,""component crossover"":0,""component crossover + repair"":0,""layer bundle crossover"":0,""layer bundle crossover + repair"":0},""depth_mask_entries_changed_total"":216,""quant_assignments_changed_total"":217,""interaction_aware_details"":{""budget_repair_quant_changes"":0,""preferred_quant_exchanges_used"":0,""fallback_quant_exchanges_used"":0},""crossover_diagnostics"":{""crossover_type"":""component"",""crossover_parent_selection"":""uniform"",""crossover_offspring"":0,""crossover_offspring_accepted"":0,""mutation_offspring_accepted"":128,""mutation_offspring"":128,""crossover_offspring_attempted"":0,""crossover_duplicates"":0,""crossover_infeasible_candidates"":0,""crossover_repair_changed_gene_count"":0,""crossover_repaired_proposals"":0,""parent_distance_mean"":null,""parent_distance_min"":null,""parent_distance_max"":null,""child_distance_from_parent_a_mean"":null,""child_distance_from_parent_b_mean"":null,""layers_from_parent_a_mean"":null,""layers_from_parent_b_mean"":null,""crossover_no_legal_exchange"":0,""local_exchange_attention"":0,""local_exchange_mlp"":0,""local_exchange_quantization"":0,""local_exchange_block"":0,""child_distance_from_base_mean"":null,""child_distance_from_base_min"":null,""child_distance_from_base_max"":null,""child_distance_from_base_count"":0,""child_distance_from_donor_mean"":null,""child_distance_from_donor_min"":null,""child_distance_from_donor_max"":null,""child_distance_from_donor_count"":0,""donor_distance_reduction_mean"":null,""donor_distance_reduction_min"":null,""donor_distance_reduction_max"":null,""donor_distance_reduction_count"":0,""local_exchange_changed_gene_count_mean"":null,""local_exchange_changed_gene_count_min"":null,""local_exchange_changed_gene_count_max"":null,""local_exchange_changed_gene_count_count"":0,""child_distance_statistics_scope"":""accepted_unique_crossover_offspring"",""persistent_population_size"":1,""unique_population_size"":1,""best_population_fitness"":0.290283203125,""configured_survivors_per_selection"":[16,4,1],""effective_survivors_per_selection"":[16,4,1],""effective_final_survivor_count"":1},""offspring_generation"":{""attempts"":131,""no_op_mutations"":0,""duplicate_candidates"":3,""infeasible_candidates"":0,""fixed_quant_legal_swap_counts"":[]},""maximum_depth_mutations_per_offspring"":3,""quantization_step_size"":1,""quantization_mutations_per_offspring"":1,""joint_aware_probability"":0.0,""adaptive_mutation"":false,""adaptive_mutation_strength"":1,""adaptive_mutation_patience"":3,""adaptive_mutation_max_strength"":3,""coarse_to_fine_mutation"":false,""coarse_to_fine_start_strength"":3,""coarse_to_fine_end_strength"":1,""stagnation_generations_after_selection"":0}",depth,True,131,128,16,5,262144,262144,655360,596,4718592,3708.563763714046,15276.82177734375
5,0.2978515625,0.290283203125,kl,0.2978515625,,,,,0,{},128,16,4,1,"[16,4,1]","[2048,16384,131072]",6375608320,3.4642857142857144,3216.5078125,26982023168,26982023168,0,4,4,"{""type"":""mixed_depth_quantization"",""sequential_mode"":""none"",""joint_mutation_mode"":""standard"",""parent_before_generation_hash"":""eb1f05e750279d355ecd3dfd48e62554a5d2228cc82ea4fbfe95abd5c36ec030"",""parent_after_generation_hash"":""9de3891a8b35ffbb1e0b3f56d01167f6c29d94ae2f7ea653a0be56973e41f653"",""generated_offspring_by_type"":{""depth"":56,""quantization"":72,""joint_aware"":0,""interaction_aware"":0,""sequential_quantization"":0,""fixed_quant_depth"":0,""component crossover"":0,""component crossover + repair"":0,""layer bundle crossover"":0,""layer bundle crossover + repair"":0},""depth_mask_entries_changed_by_type"":{""depth"":166,""quantization"":0,""joint_aware"":0,""interaction_aware"":0,""sequential_quantization"":0,""fixed_quant_depth"":0,""component crossover"":0,""component crossover + repair"":0,""layer bundle crossover"":0,""layer bundle crossover + repair"":0},""quant_assignments_changed_by_type"":{""depth"":82,""quantization"":161,""joint_aware"":0,""interaction_aware"":0,""sequential_quantization"":0,""fixed_quant_depth"":0,""component crossover"":0,""component crossover + repair"":0,""layer bundle crossover"":0,""layer bundle crossover + repair"":0},""depth_mask_entries_changed_total"":166,""quant_assignments_changed_total"":243,""interaction_aware_details"":{""budget_repair_quant_changes"":0,""preferred_quant_exchanges_used"":0,""fallback_quant_exchanges_used"":0},""crossover_diagnostics"":{""crossover_type"":""component"",""crossover_parent_selection"":""uniform"",""crossover_offspring"":0,""crossover_offspring_accepted"":0,""mutation_offspring_accepted"":128,""mutation_offspring"":128,""crossover_offspring_attempted"":0,""crossover_duplicates"":0,""crossover_infeasible_candidates"":0,""crossover_repair_changed_gene_count"":0,""crossover_repaired_proposals"":0,""parent_distance_mean"":null,""parent_distance_min"":null,""parent_distance_max"":null,""child_distance_from_parent_a_mean"":null,""child_distance_from_parent_b_mean"":null,""layers_from_parent_a_mean"":null,""layers_from_parent_b_mean"":null,""crossover_no_legal_exchange"":0,""local_exchange_attention"":0,""local_exchange_mlp"":0,""local_exchange_quantization"":0,""local_exchange_block"":0,""child_distance_from_base_mean"":null,""child_distance_from_base_min"":null,""child_distance_from_base_max"":null,""child_distance_from_base_count"":0,""child_distance_from_donor_mean"":null,""child_distance_from_donor_min"":null,""child_distance_from_donor_max"":null,""child_distance_from_donor_count"":0,""donor_distance_reduction_mean"":null,""donor_distance_reduction_min"":null,""donor_distance_reduction_max"":null,""donor_distance_reduction_count"":0,""local_exchange_changed_gene_count_mean"":null,""local_exchange_changed_gene_count_min"":null,""local_exchange_changed_gene_count_max"":null,""local_exchange_changed_gene_count_count"":0,""child_distance_statistics_scope"":""accepted_unique_crossover_offspring"",""persistent_population_size"":1,""unique_population_size"":1,""best_population_fitness"":0.2978515625,""configured_survivors_per_selection"":[16,4,1],""effective_survivors_per_selection"":[16,4,1],""effective_final_survivor_count"":1},""offspring_generation"":{""attempts"":129,""no_op_mutations"":0,""duplicate_candidates"":1,""infeasible_candidates"":0,""fixed_quant_legal_swap_counts"":[]},""maximum_depth_mutations_per_offspring"":3,""quantization_step_size"":1,""quantization_mutations_per_offspring"":1,""joint_aware_probability"":0.0,""adaptive_mutation"":false,""adaptive_mutation_strength"":1,""adaptive_mutation_patience"":3,""adaptive_mutation_max_strength"":3,""coarse_to_fine_mutation"":false,""coarse_to_fine_start_strength"":3,""coarse_to_fine_end_strength"":1,""stagnation_generations_after_selection"":0}",quantization,True,129,128,16,5,262144,262144,655360,745,5898240,4415.669429510017,15276.82177734375
6,0.2978515625,0.2978515625,kl,0.2978515625,8.390625,6.90234375,10.796875,,917504,"{""wikitext2"":327680,""c4"":589824}",128,16,4,1,"[16,4,1]","[2048,16384,131072]",6375608320,3.4642857142857144,3216.5078125,26982023168,26982023168,0,4,4,"{""type"":""mixed_depth_quantization"",""sequential_mode"":""none"",""joint_mutation_mode"":""standard"",""parent_before_generation_hash"":""9de3891a8b35ffbb1e0b3f56d01167f6c29d94ae2f7ea653a0be56973e41f653"",""parent_after_generation_hash"":""b1ec65e3037719a525f025d542b72104c19a9b60a4fbfa8fb0989c91af058a4a"",""generated_offspring_by_type"":{""depth"":72,""quantization"":56,""joint_aware"":0,""interaction_aware"":0,""sequential_quantization"":0,""fixed_quant_depth"":0,""component crossover"":0,""component crossover + repair"":0,""layer bundle crossover"":0,""layer bundle crossover + repair"":0},""depth_mask_entries_changed_by_type"":{""depth"":200,""quantization"":0,""joint_aware"":0,""interaction_aware"":0,""sequential_quantization"":0,""fixed_quant_depth"":0,""component crossover"":0,""component crossover + repair"":0,""layer bundle crossover"":0,""layer bundle crossover + repair"":0},""quant_assignments_changed_by_type"":{""depth"":92,""quantization"":119,""joint_aware"":0,""interaction_aware"":0,""sequential_quantization"":0,""fixed_quant_depth"":0,""component crossover"":0,""component crossover + repair"":0,""layer bundle crossover"":0,""layer bundle crossover + repair"":0},""depth_mask_entries_changed_total"":200,""quant_assignments_changed_total"":211,""interaction_aware_details"":{""budget_repair_quant_changes"":0,""preferred_quant_exchanges_used"":0,""fallback_quant_exchanges_used"":0},""crossover_diagnostics"":{""crossover_type"":""component"",""crossover_parent_selection"":""uniform"",""crossover_offspring"":0,""crossover_offspring_accepted"":0,""mutation_offspring_accepted"":128,""mutation_offspring"":128,""crossover_offspring_attempted"":0,""crossover_duplicates"":0,""crossover_infeasible_candidates"":0,""crossover_repair_changed_gene_count"":0,""crossover_repaired_proposals"":0,""parent_distance_mean"":null,""parent_distance_min"":null,""parent_distance_max"":null,""child_distance_from_parent_a_mean"":null,""child_distance_from_parent_b_mean"":null,""layers_from_parent_a_mean"":null,""layers_from_parent_b_mean"":null,""crossover_no_legal_exchange"":0,""local_exchange_attention"":0,""local_exchange_mlp"":0,""local_exchange_quantization"":0,""local_exchange_block"":0,""child_distance_from_base_mean"":null,""child_distance_from_base_min"":null,""child_distance_from_base_max"":null,""child_distance_from_base_count"":0,""child_distance_from_donor_mean"":null,""child_distance_from_donor_min"":null,""child_distance_from_donor_max"":null,""child_distance_from_donor_count"":0,""donor_distance_reduction_mean"":null,""donor_distance_reduction_min"":null,""donor_distance_reduction_max"":null,""donor_distance_reduction_count"":0,""local_exchange_changed_gene_count_mean"":null,""local_exchange_changed_gene_count_min"":null,""local_exchange_changed_gene_count_max"":null,""local_exchange_changed_gene_count_count"":0,""child_distance_statistics_scope"":""accepted_unique_crossover_offspring"",""persistent_population_size"":1,""unique_population_size"":1,""best_population_fitness"":0.2978515625,""configured_survivors_per_selection"":[16,4,1],""effective_survivors_per_selection"":[16,4,1],""effective_final_survivor_count"":1},""offspring_generation"":{""attempts"":133,""no_op_mutations"":0,""duplicate_candidates"":5,""infeasible_candidates"":0,""fixed_quant_legal_swap_counts"":[]},""maximum_depth_mutations_per_offspring"":3,""quantization_step_size"":1,""quantization_mutations_per_offspring"":1,""joint_aware_probability"":0.0,""adaptive_mutation"":false,""adaptive_mutation_strength"":1,""adaptive_mutation_patience"":3,""adaptive_mutation_max_strength"":3,""coarse_to_fine_mutation"":false,""coarse_to_fine_start_strength"":3,""coarse_to_fine_end_strength"":1,""stagnation_generations_after_selection"":0}",depth,True,133,128,16,5,262144,262144,655360,894,7077888,5440.991824686062,15276.82177734375
7,0.2783203125,0.2978515625,kl,0.2783203125,,,,,0,{},128,16,4,1,"[16,4,1]","[2048,16384,131072]",6375608320,3.4642857142857144,3216.5078125,26982023168,26982023168,0,4,4,"{""type"":""mixed_depth_quantization"",""sequential_mode"":""none"",""joint_mutation_mode"":""standard"",""parent_before_generation_hash"":""b1ec65e3037719a525f025d542b72104c19a9b60a4fbfa8fb0989c91af058a4a"",""parent_after_generation_hash"":""c703c9bc47eb8fcae61754fd0392e5b59caa5d7ec8f2317814dc3a58a81cfe67"",""generated_offspring_by_type"":{""depth"":64,""quantization"":64,""joint_aware"":0,""interaction_aware"":0,""sequential_quantization"":0,""fixed_quant_depth"":0,""component crossover"":0,""component crossover + repair"":0,""layer bundle crossover"":0,""layer bundle crossover + repair"":0},""depth_mask_entries_changed_by_type"":{""depth"":194,""quantization"":0,""joint_aware"":0,""interaction_aware"":0,""sequential_quantization"":0,""fixed_quant_depth"":0,""component crossover"":0,""component crossover + repair"":0,""layer bundle crossover"":0,""layer bundle crossover + repair"":0},""quant_assignments_changed_by_type"":{""depth"":83,""quantization"":137,""joint_aware"":0,""interaction_aware"":0,""sequential_quantization"":0,""fixed_quant_depth"":0,""component crossover"":0,""component crossover + repair"":0,""layer bundle crossover"":0,""layer bundle crossover + repair"":0},""depth_mask_entries_changed_total"":194,""quant_assignments_changed_total"":220,""interaction_aware_details"":{""budget_repair_quant_changes"":0,""preferred_quant_exchanges_used"":0,""fallback_quant_exchanges_used"":0},""crossover_diagnostics"":{""crossover_type"":""component"",""crossover_parent_selection"":""uniform"",""crossover_offspring"":0,""crossover_offspring_accepted"":0,""mutation_offspring_accepted"":128,""mutation_offspring"":128,""crossover_offspring_attempted"":0,""crossover_duplicates"":0,""crossover_infeasible_candidates"":0,""crossover_repair_changed_gene_count"":0,""crossover_repaired_proposals"":0,""parent_distance_mean"":null,""parent_distance_min"":null,""parent_distance_max"":null,""child_distance_from_parent_a_mean"":null,""child_distance_from_parent_b_mean"":null,""layers_from_parent_a_mean"":null,""layers_from_parent_b_mean"":null,""crossover_no_legal_exchange"":0,""local_exchange_attention"":0,""local_exchange_mlp"":0,""local_exchange_quantization"":0,""local_exchange_block"":0,""child_distance_from_base_mean"":null,""child_distance_from_base_min"":null,""child_distance_from_base_max"":null,""child_distance_from_base_count"":0,""child_distance_from_donor_mean"":null,""child_distance_from_donor_min"":null,""child_distance_from_donor_max"":null,""child_distance_from_donor_count"":0,""donor_distance_reduction_mean"":null,""donor_distance_reduction_min"":null,""donor_distance_reduction_max"":null,""donor_distance_reduction_count"":0,""local_exchange_changed_gene_count_mean"":null,""local_exchange_changed_gene_count_min"":null,""local_exchange_changed_gene_count_max"":null,""local_exchange_changed_gene_count_count"":0,""child_distance_statistics_scope"":""accepted_unique_crossover_offspring"",""persistent_population_size"":1,""unique_population_size"":1,""best_population_fitness"":0.2783203125,""configured_survivors_per_selection"":[16,4,1],""effective_survivors_per_selection"":[16,4,1],""effective_final_survivor_count"":1},""offspring_generation"":{""attempts"":130,""no_op_mutations"":0,""duplicate_candidates"":2,""infeasible_candidates"":0,""fixed_quant_legal_swap_counts"":[]},""maximum_depth_mutations_per_offspring"":3,""quantization_step_size"":1,""quantization_mutations_per_offspring"":1,""joint_aware_probability"":0.0,""adaptive_mutation"":false,""adaptive_mutation_strength"":1,""adaptive_mutation_patience"":3,""adaptive_mutation_max_strength"":3,""coarse_to_fine_mutation"":false,""coarse_to_fine_start_strength"":3,""coarse_to_fine_end_strength"":1,""stagnation_generations_after_selection"":0}",depth,True,130,128,16,5,262144,262144,655360,1043,8257536,6152.149045950035,15276.82177734375
8,0.25830078125,0.2783203125,kl,0.25830078125,,,,,0,{},128,16,4,1,"[16,4,1]","[2048,16384,131072]",6375608320,3.4642857142857144,3216.5078125,26982023168,26982023168,0,4,4,"{""type"":""mixed_depth_quantization"",""sequential_mode"":""none"",""joint_mutation_mode"":""standard"",""parent_before_generation_hash"":""c703c9bc47eb8fcae61754fd0392e5b59caa5d7ec8f2317814dc3a58a81cfe67"",""parent_after_generation_hash"":""89f722ed20660ebd11a0e9823623297967b4b5d4c71b7de4ba06cd31206f5af5"",""generated_offspring_by_type"":{""depth"":57,""quantization"":71,""joint_aware"":0,""interaction_aware"":0,""sequential_quantization"":0,""fixed_quant_depth"":0,""component crossover"":0,""component crossover + repair"":0,""layer bundle crossover"":0,""layer bundle crossover + repair"":0},""depth_mask_entries_changed_by_type"":{""depth"":172,""quantization"":0,""joint_aware"":0,""interaction_aware"":0,""sequential_quantization"":0,""fixed_quant_depth"":0,""component crossover"":0,""component crossover + repair"":0,""layer bundle crossover"":0,""layer bundle crossover + repair"":0},""quant_assignments_changed_by_type"":{""depth"":108,""quantization"":153,""joint_aware"":0,""interaction_aware"":0,""sequential_quantization"":0,""fixed_quant_depth"":0,""component crossover"":0,""component crossover + repair"":0,""layer bundle crossover"":0,""layer bundle crossover + repair"":0},""depth_mask_entries_changed_total"":172,""quant_assignments_changed_total"":261,""interaction_aware_details"":{""budget_repair_quant_changes"":0,""preferred_quant_exchanges_used"":0,""fallback_quant_exchanges_used"":0},""crossover_diagnostics"":{""crossover_type"":""component"",""crossover_parent_selection"":""uniform"",""crossover_offspring"":0,""crossover_offspring_accepted"":0,""mutation_offspring_accepted"":128,""mutation_offspring"":128,""crossover_offspring_attempted"":0,""crossover_duplicates"":0,""crossover_infeasible_candidates"":0,""crossover_repair_changed_gene_count"":0,""crossover_repaired_proposals"":0,""parent_distance_mean"":null,""parent_distance_min"":null,""parent_distance_max"":null,""child_distance_from_parent_a_mean"":null,""child_distance_from_parent_b_mean"":null,""layers_from_parent_a_mean"":null,""layers_from_parent_b_mean"":null,""crossover_no_legal_exchange"":0,""local_exchange_attention"":0,""local_exchange_mlp"":0,""local_exchange_quantization"":0,""local_exchange_block"":0,""child_distance_from_base_mean"":null,""child_distance_from_base_min"":null,""child_distance_from_base_max"":null,""child_distance_from_base_count"":0,""child_distance_from_donor_mean"":null,""child_distance_from_donor_min"":null,""child_distance_from_donor_max"":null,""child_distance_from_donor_count"":0,""donor_distance_reduction_mean"":null,""donor_distance_reduction_min"":null,""donor_distance_reduction_max"":null,""donor_distance_reduction_count"":0,""local_exchange_changed_gene_count_mean"":null,""local_exchange_changed_gene_count_min"":null,""local_exchange_changed_gene_count_max"":null,""local_exchange_changed_gene_count_count"":0,""child_distance_statistics_scope"":""accepted_unique_crossover_offspring"",""persistent_population_size"":1,""unique_population_size"":1,""best_population_fitness"":0.25830078125,""configured_survivors_per_selection"":[16,4,1],""effective_survivors_per_selection"":[16,4,1],""effective_final_survivor_count"":1},""offspring_generation"":{""attempts"":128,""no_op_mutations"":0,""duplicate_candidates"":0,""infeasible_candidates"":0,""fixed_quant_legal_swap_counts"":[]},""maximum_depth_mutations_per_offspring"":3,""quantization_step_size"":1,""quantization_mutations_per_offspring"":1,""joint_aware_probability"":0.0,""adaptive_mutation"":false,""adaptive_mutation_strength"":1,""adaptive_mutation_patience"":3,""adaptive_mutation_max_strength"":3,""coarse_to_fine_mutation"":false,""coarse_to_fine_start_strength"":3,""coarse_to_fine_end_strength"":1,""stagnation_generations_after_selection"":0}",depth,True,128,128,16,5,262144,262144,655360,1192,9437184,6921.139172657044,15276.82177734375
9,0.265380859375,0.25830078125,kl,0.265380859375,,,,,0,{},128,16,4,1,"[16,4,1]","[2048,16384,131072]",6375608320,3.4642857142857144,3216.5078125,26982023168,26982023168,0,4,4,"{""type"":""mixed_depth_quantization"",""sequential_mode"":""none"",""joint_mutation_mode"":""standard"",""parent_before_generation_hash"":""89f722ed20660ebd11a0e9823623297967b4b5d4c71b7de4ba06cd31206f5af5"",""parent_after_generation_hash"":""fd5340a39cd4d4cea3be0d85a833c08dfe5c9a916349227c443599cbbf93a0b8"",""generated_offspring_by_type"":{""depth"":55,""quantization"":73,""joint_aware"":0,""interaction_aware"":0,""sequential_quantization"":0,""fixed_quant_depth"":0,""component crossover"":0,""component crossover + repair"":0,""layer bundle crossover"":0,""layer bundle crossover + repair"":0},""depth_mask_entries_changed_by_type"":{""depth"":166,""quantization"":0,""joint_aware"":0,""interaction_aware"":0,""sequential_quantization"":0,""fixed_quant_depth"":0,""component crossover"":0,""component crossover + repair"":0,""layer bundle crossover"":0,""layer bundle crossover + repair"":0},""quant_assignments_changed_by_type"":{""depth"":77,""quantization"":163,""joint_aware"":0,""interaction_aware"":0,""sequential_quantization"":0,""fixed_quant_depth"":0,""component crossover"":0,""component crossover + repair"":0,""layer bundle crossover"":0,""layer bundle crossover + repair"":0},""depth_mask_entries_changed_total"":166,""quant_assignments_changed_total"":240,""interaction_aware_details"":{""budget_repair_quant_changes"":0,""preferred_quant_exchanges_used"":0,""fallback_quant_exchanges_used"":0},""crossover_diagnostics"":{""crossover_type"":""component"",""crossover_parent_selection"":""uniform"",""crossover_offspring"":0,""crossover_offspring_accepted"":0,""mutation_offspring_accepted"":128,""mutation_offspring"":128,""crossover_offspring_attempted"":0,""crossover_duplicates"":0,""crossover_infeasible_candidates"":0,""crossover_repair_changed_gene_count"":0,""crossover_repaired_proposals"":0,""parent_distance_mean"":null,""parent_distance_min"":null,""parent_distance_max"":null,""child_distance_from_parent_a_mean"":null,""child_distance_from_parent_b_mean"":null,""layers_from_parent_a_mean"":null,""layers_from_parent_b_mean"":null,""crossover_no_legal_exchange"":0,""local_exchange_attention"":0,""local_exchange_mlp"":0,""local_exchange_quantization"":0,""local_exchange_block"":0,""child_distance_from_base_mean"":null,""child_distance_from_base_min"":null,""child_distance_from_base_max"":null,""child_distance_from_base_count"":0,""child_distance_from_donor_mean"":null,""child_distance_from_donor_min"":null,""child_distance_from_donor_max"":null,""child_distance_from_donor_count"":0,""donor_distance_reduction_mean"":null,""donor_distance_reduction_min"":null,""donor_distance_reduction_max"":null,""donor_distance_reduction_count"":0,""local_exchange_changed_gene_count_mean"":null,""local_exchange_changed_gene_count_min"":null,""local_exchange_changed_gene_count_max"":null,""local_exchange_changed_gene_count_count"":0,""child_distance_statistics_scope"":""accepted_unique_crossover_offspring"",""persistent_population_size"":1,""unique_population_size"":1,""best_population_fitness"":0.265380859375,""configured_survivors_per_selection"":[16,4,1],""effective_survivors_per_selection"":[16,4,1],""effective_final_survivor_count"":1},""offspring_generation"":{""attempts"":130,""no_op_mutations"":1,""duplicate_candidates"":1,""infeasible_candidates"":0,""fixed_quant_legal_swap_counts"":[]},""maximum_depth_mutations_per_offspring"":3,""quantization_step_size"":1,""quantization_mutations_per_offspring"":1,""joint_aware_probability"":0.0,""adaptive_mutation"":false,""adaptive_mutation_strength"":1,""adaptive_mutation_patience"":3,""adaptive_mutation_max_strength"":3,""coarse_to_fine_mutation"":false,""coarse_to_fine_start_strength"":3,""coarse_to_fine_end_strength"":1,""stagnation_generations_after_selection"":0}",quantization,True,130,128,16,5,262144,262144,655360,1341,10616832,7699.9945860180305,15276.82177734375
10,0.26611328125,0.265380859375,kl,0.26611328125,,,,,0,{},128,16,4,1,"[16,4,1]","[2048,16384,131072]",6375608320,3.4642857142857144,3216.5078125,26982023168,26982023168,0,4,4,"{""type"":""mixed_depth_quantization"",""sequential_mode"":""none"",""joint_mutation_mode"":""standard"",""parent_before_generation_hash"":""fd5340a39cd4d4cea3be0d85a833c08dfe5c9a916349227c443599cbbf93a0b8"",""parent_after_generation_hash"":""bdef670e470bc5352ecea63e0ceb0164bcbb9cd360f7db4a06168eb86b759eb3"",""generated_offspring_by_type"":{""depth"":60,""quantization"":68,""joint_aware"":0,""interaction_aware"":0,""sequential_quantization"":0,""fixed_quant_depth"":0,""component crossover"":0,""component crossover + repair"":0,""layer bundle crossover"":0,""layer bundle crossover + repair"":0},""depth_mask_entries_changed_by_type"":{""depth"":184,""quantization"":0,""joint_aware"":0,""interaction_aware"":0,""sequential_quantization"":0,""fixed_quant_depth"":0,""component crossover"":0,""component crossover + repair"":0,""layer bundle crossover"":0,""layer bundle crossover + repair"":0},""quant_assignments_changed_by_type"":{""depth"":110,""quantization"":154,""joint_aware"":0,""interaction_aware"":0,""sequential_quantization"":0,""fixed_quant_depth"":0,""component crossover"":0,""component crossover + repair"":0,""layer bundle crossover"":0,""layer bundle crossover + repair"":0},""depth_mask_entries_changed_total"":184,""quant_assignments_changed_total"":264,""interaction_aware_details"":{""budget_repair_quant_changes"":0,""preferred_quant_exchanges_used"":0,""fallback_quant_exchanges_used"":0},""crossover_diagnostics"":{""crossover_type"":""component"",""crossover_parent_selection"":""uniform"",""crossover_offspring"":0,""crossover_offspring_accepted"":0,""mutation_offspring_accepted"":128,""mutation_offspring"":128,""crossover_offspring_attempted"":0,""crossover_duplicates"":0,""crossover_infeasible_candidates"":0,""crossover_repair_changed_gene_count"":0,""crossover_repaired_proposals"":0,""parent_distance_mean"":null,""parent_distance_min"":null,""parent_distance_max"":null,""child_distance_from_parent_a_mean"":null,""child_distance_from_parent_b_mean"":null,""layers_from_parent_a_mean"":null,""layers_from_parent_b_mean"":null,""crossover_no_legal_exchange"":0,""local_exchange_attention"":0,""local_exchange_mlp"":0,""local_exchange_quantization"":0,""local_exchange_block"":0,""child_distance_from_base_mean"":null,""child_distance_from_base_min"":null,""child_distance_from_base_max"":null,""child_distance_from_base_count"":0,""child_distance_from_donor_mean"":null,""child_distance_from_donor_min"":null,""child_distance_from_donor_max"":null,""child_distance_from_donor_count"":0,""donor_distance_reduction_mean"":null,""donor_distance_reduction_min"":null,""donor_distance_reduction_max"":null,""donor_distance_reduction_count"":0,""local_exchange_changed_gene_count_mean"":null,""local_exchange_changed_gene_count_min"":null,""local_exchange_changed_gene_count_max"":null,""local_exchange_changed_gene_count_count"":0,""child_distance_statistics_scope"":""accepted_unique_crossover_offspring"",""persistent_population_size"":1,""unique_population_size"":1,""best_population_fitness"":0.26611328125,""configured_survivors_per_selection"":[16,4,1],""effective_survivors_per_selection"":[16,4,1],""effective_final_survivor_count"":1},""offspring_generation"":{""attempts"":130,""no_op_mutations"":1,""duplicate_candidates"":1,""infeasible_candidates"":0,""fixed_quant_legal_swap_counts"":[]},""maximum_depth_mutations_per_offspring"":3,""quantization_step_size"":1,""quantization_mutations_per_offspring"":1,""joint_aware_probability"":0.0,""adaptive_mutation"":false,""adaptive_mutation_strength"":1,""adaptive_mutation_patience"":3,""adaptive_mutation_max_strength"":3,""coarse_to_fine_mutation"":false,""coarse_to_fine_start_strength"":3,""coarse_to_fine_end_strength"":1,""stagnation_generations_after_selection"":0}",quantization,True,130,128,16,5,262144,262144,655360,1490,11796480,8513.53608960996,15276.82177734375
11,0.26025390625,0.26611328125,kl,0.26025390625,8.2421875,6.80859375,10.2421875,,917504,"{""wikitext2"":327680,""c4"":589824}",128,16,4,1,"[16,4,1]","[2048,16384,131072]",6375608320,3.4642857142857144,3216.5078125,26982023168,26982023168,0,4,4,"{""type"":""mixed_depth_quantization"",""sequential_mode"":""none"",""joint_mutation_mode"":""standard"",""parent_before_generation_hash"":""bdef670e470bc5352ecea63e0ceb0164bcbb9cd360f7db4a06168eb86b759eb3"",""parent_after_generation_hash"":""19e659afdb9226ff15b33f49408fda4607fbb62a9f0e721ca779ba94dd888663"",""generated_offspring_by_type"":{""depth"":68,""quantization"":60,""joint_aware"":0,""interaction_aware"":0,""sequential_quantization"":0,""fixed_quant_depth"":0,""component crossover"":0,""component crossover + repair"":0,""layer bundle crossover"":0,""layer bundle crossover + repair"":0},""depth_mask_entries_changed_by_type"":{""depth"":200,""quantization"":0,""joint_aware"":0,""interaction_aware"":0,""sequential_quantization"":0,""fixed_quant_depth"":0,""component crossover"":0,""component crossover + repair"":0,""layer bundle crossover"":0,""layer bundle crossover + repair"":0},""quant_assignments_changed_by_type"":{""depth"":80,""quantization"":133,""joint_aware"":0,""interaction_aware"":0,""sequential_quantization"":0,""fixed_quant_depth"":0,""component crossover"":0,""component crossover + repair"":0,""layer bundle crossover"":0,""layer bundle crossover + repair"":0},""depth_mask_entries_changed_total"":200,""quant_assignments_changed_total"":213,""interaction_aware_details"":{""budget_repair_quant_changes"":0,""preferred_quant_exchanges_used"":0,""fallback_quant_exchanges_used"":0},""crossover_diagnostics"":{""crossover_type"":""component"",""crossover_parent_selection"":""uniform"",""crossover_offspring"":0,""crossover_offspring_accepted"":0,""mutation_offspring_accepted"":128,""mutation_offspring"":128,""crossover_offspring_attempted"":0,""crossover_duplicates"":0,""crossover_infeasible_candidates"":0,""crossover_repair_changed_gene_count"":0,""crossover_repaired_proposals"":0,""parent_distance_mean"":null,""parent_distance_min"":null,""parent_distance_max"":null,""child_distance_from_parent_a_mean"":null,""child_distance_from_parent_b_mean"":null,""layers_from_parent_a_mean"":null,""layers_from_parent_b_mean"":null,""crossover_no_legal_exchange"":0,""local_exchange_attention"":0,""local_exchange_mlp"":0,""local_exchange_quantization"":0,""local_exchange_block"":0,""child_distance_from_base_mean"":null,""child_distance_from_base_min"":null,""child_distance_from_base_max"":null,""child_distance_from_base_count"":0,""child_distance_from_donor_mean"":null,""child_distance_from_donor_min"":null,""child_distance_from_donor_max"":null,""child_distance_from_donor_count"":0,""donor_distance_reduction_mean"":null,""donor_distance_reduction_min"":null,""donor_distance_reduction_max"":null,""donor_distance_reduction_count"":0,""local_exchange_changed_gene_count_mean"":null,""local_exchange_changed_gene_count_min"":null,""local_exchange_changed_gene_count_max"":null,""local_exchange_changed_gene_count_count"":0,""child_distance_statistics_scope"":""accepted_unique_crossover_offspring"",""persistent_population_size"":1,""unique_population_size"":1,""best_population_fitness"":0.26025390625,""configured_survivors_per_selection"":[16,4,1],""effective_survivors_per_selection"":[16,4,1],""effective_final_survivor_count"":1},""offspring_generation"":{""attempts"":129,""no_op_mutations"":0,""duplicate_candidates"":1,""infeasible_candidates"":0,""fixed_quant_legal_swap_counts"":[]},""maximum_depth_mutations_per_offspring"":3,""quantization_step_size"":1,""quantization_mutations_per_offspring"":1,""joint_aware_probability"":0.0,""adaptive_mutation"":false,""adaptive_mutation_strength"":1,""adaptive_mutation_patience"":3,""adaptive_mutation_max_strength"":3,""coarse_to_fine_mutation"":false,""coarse_to_fine_start_strength"":3,""coarse_to_fine_end_strength"":1,""stagnation_generations_after_selection"":0}",quantization,True,129,128,16,5,262144,262144,655360,1639,12976128,9452.342551033013,15276.82177734375
12,0.2548828125,0.26025390625,kl,0.2548828125,,,,,0,{},128,16,4,1,"[16,4,1]","[2048,16384,131072]",6375608320,3.4642857142857144,3216.5078125,26982023168,26982023168,0,4,4,"{""type"":""mixed_depth_quantization"",""sequential_mode"":""none"",""joint_mutation_mode"":""standard"",""parent_before_generation_hash"":""19e659afdb9226ff15b33f49408fda4607fbb62a9f0e721ca779ba94dd888663"",""parent_after_generation_hash"":""cd7923dd55b269a89637d121d02a4b946972db07106ca2dfcf2a04e65a76aa71"",""generated_offspring_by_type"":{""depth"":70,""quantization"":58,""joint_aware"":0,""interaction_aware"":0,""sequential_quantization"":0,""fixed_quant_depth"":0,""component crossover"":0,""component crossover + repair"":0,""layer bundle crossover"":0,""layer bundle crossover + repair"":0},""depth_mask_entries_changed_by_type"":{""depth"":212,""quantization"":0,""joint_aware"":0,""interaction_aware"":0,""sequential_quantization"":0,""fixed_quant_depth"":0,""component crossover"":0,""component crossover + repair"":0,""layer bundle crossover"":0,""layer bundle crossover + repair"":0},""quant_assignments_changed_by_type"":{""depth"":98,""quantization"":125,""joint_aware"":0,""interaction_aware"":0,""sequential_quantization"":0,""fixed_quant_depth"":0,""component crossover"":0,""component crossover + repair"":0,""layer bundle crossover"":0,""layer bundle crossover + repair"":0},""depth_mask_entries_changed_total"":212,""quant_assignments_changed_total"":223,""interaction_aware_details"":{""budget_repair_quant_changes"":0,""preferred_quant_exchanges_used"":0,""fallback_quant_exchanges_used"":0},""crossover_diagnostics"":{""crossover_type"":""component"",""crossover_parent_selection"":""uniform"",""crossover_offspring"":0,""crossover_offspring_accepted"":0,""mutation_offspring_accepted"":128,""mutation_offspring"":128,""crossover_offspring_attempted"":0,""crossover_duplicates"":0,""crossover_infeasible_candidates"":0,""crossover_repair_changed_gene_count"":0,""crossover_repaired_proposals"":0,""parent_distance_mean"":null,""parent_distance_min"":null,""parent_distance_max"":null,""child_distance_from_parent_a_mean"":null,""child_distance_from_parent_b_mean"":null,""layers_from_parent_a_mean"":null,""layers_from_parent_b_mean"":null,""crossover_no_legal_exchange"":0,""local_exchange_attention"":0,""local_exchange_mlp"":0,""local_exchange_quantization"":0,""local_exchange_block"":0,""child_distance_from_base_mean"":null,""child_distance_from_base_min"":null,""child_distance_from_base_max"":null,""child_distance_from_base_count"":0,""child_distance_from_donor_mean"":null,""child_distance_from_donor_min"":null,""child_distance_from_donor_max"":null,""child_distance_from_donor_count"":0,""donor_distance_reduction_mean"":null,""donor_distance_reduction_min"":null,""donor_distance_reduction_max"":null,""donor_distance_reduction_count"":0,""local_exchange_changed_gene_count_mean"":null,""local_exchange_changed_gene_count_min"":null,""local_exchange_changed_gene_count_max"":null,""local_exchange_changed_gene_count_count"":0,""child_distance_statistics_scope"":""accepted_unique_crossover_offspring"",""persistent_population_size"":1,""unique_population_size"":1,""best_population_fitness"":0.2548828125,""configured_survivors_per_selection"":[16,4,1],""effective_survivors_per_selection"":[16,4,1],""effective_final_survivor_count"":1},""offspring_generation"":{""attempts"":130,""no_op_mutations"":0,""duplicate_candidates"":2,""infeasible_candidates"":0,""fixed_quant_legal_swap_counts"":[]},""maximum_depth_mutations_per_offspring"":3,""quantization_step_size"":1,""quantization_mutations_per_offspring"":1,""joint_aware_probability"":0.0,""adaptive_mutation"":false,""adaptive_mutation_strength"":1,""adaptive_mutation_patience"":3,""adaptive_mutation_max_strength"":3,""coarse_to_fine_mutation"":false,""coarse_to_fine_start_strength"":3,""coarse_to_fine_end_strength"":1,""stagnation_generations_after_selection"":0}",quantization,True,130,128,16,5,262144,262144,655360,1788,14155776,10276.751938153058,15276.82177734375
13,0.260986328125,0.2548828125,kl,0.260986328125,,,,,0,{},128,16,4,1,"[16,4,1]","[2048,16384,131072]",6375608320,3.4642857142857144,3216.5078125,26982023168,26982023168,0,4,4,"{""type"":""mixed_depth_quantization"",""sequential_mode"":""none"",""joint_mutation_mode"":""standard"",""parent_before_generation_hash"":""cd7923dd55b269a89637d121d02a4b946972db07106ca2dfcf2a04e65a76aa71"",""parent_after_generation_hash"":""edcad63d39a0009cc482b86f7d1caede149388bb79a4a9fbe43058b98656fc46"",""generated_offspring_by_type"":{""depth"":73,""quantization"":55,""joint_aware"":0,""interaction_aware"":0,""sequential_quantization"":0,""fixed_quant_depth"":0,""component crossover"":0,""component crossover + repair"":0,""layer bundle crossover"":0,""layer bundle crossover + repair"":0},""depth_mask_entries_changed_by_type"":{""depth"":212,""quantization"":0,""joint_aware"":0,""interaction_aware"":0,""sequential_quantization"":0,""fixed_quant_depth"":0,""component crossover"":0,""component crossover + repair"":0,""layer bundle crossover"":0,""layer bundle crossover + repair"":0},""quant_assignments_changed_by_type"":{""depth"":96,""quantization"":120,""joint_aware"":0,""interaction_aware"":0,""sequential_quantization"":0,""fixed_quant_depth"":0,""component crossover"":0,""component crossover + repair"":0,""layer bundle crossover"":0,""layer bundle crossover + repair"":0},""depth_mask_entries_changed_total"":212,""quant_assignments_changed_total"":216,""interaction_aware_details"":{""budget_repair_quant_changes"":0,""preferred_quant_exchanges_used"":0,""fallback_quant_exchanges_used"":0},""crossover_diagnostics"":{""crossover_type"":""component"",""crossover_parent_selection"":""uniform"",""crossover_offspring"":0,""crossover_offspring_accepted"":0,""mutation_offspring_accepted"":128,""mutation_offspring"":128,""crossover_offspring_attempted"":0,""crossover_duplicates"":0,""crossover_infeasible_candidates"":0,""crossover_repair_changed_gene_count"":0,""crossover_repaired_proposals"":0,""parent_distance_mean"":null,""parent_distance_min"":null,""parent_distance_max"":null,""child_distance_from_parent_a_mean"":null,""child_distance_from_parent_b_mean"":null,""layers_from_parent_a_mean"":null,""layers_from_parent_b_mean"":null,""crossover_no_legal_exchange"":0,""local_exchange_attention"":0,""local_exchange_mlp"":0,""local_exchange_quantization"":0,""local_exchange_block"":0,""child_distance_from_base_mean"":null,""child_distance_from_base_min"":null,""child_distance_from_base_max"":null,""child_distance_from_base_count"":0,""child_distance_from_donor_mean"":null,""child_distance_from_donor_min"":null,""child_distance_from_donor_max"":null,""child_distance_from_donor_count"":0,""donor_distance_reduction_mean"":null,""donor_distance_reduction_min"":null,""donor_distance_reduction_max"":null,""donor_distance_reduction_count"":0,""local_exchange_changed_gene_count_mean"":null,""local_exchange_changed_gene_count_min"":null,""local_exchange_changed_gene_count_max"":null,""local_exchange_changed_gene_count_count"":0,""child_distance_statistics_scope"":""accepted_unique_crossover_offspring"",""persistent_population_size"":1,""unique_population_size"":1,""best_population_fitness"":0.260986328125,""configured_survivors_per_selection"":[16,4,1],""effective_survivors_per_selection"":[16,4,1],""effective_final_survivor_count"":1},""offspring_generation"":{""attempts"":129,""no_op_mutations"":0,""duplicate_candidates"":1,""infeasible_candidates"":0,""fixed_quant_legal_swap_counts"":[]},""maximum_depth_mutations_per_offspring"":3,""quantization_step_size"":1,""quantization_mutations_per_offspring"":1,""joint_aware_probability"":0.0,""adaptive_mutation"":false,""adaptive_mutation_strength"":1,""adaptive_mutation_patience"":3,""adaptive_mutation_max_strength"":3,""coarse_to_fine_mutation"":false,""coarse_to_fine_start_strength"":3,""coarse_to_fine_end_strength"":1,""stagnation_generations_after_selection"":0}",quantization,True,129,128,16,5,262144,262144,655360,1937,15335424,11032.09159518301,15276.82177734375
14,0.26025390625,0.260986328125,kl,0.26025390625,,,,,0,{},128,16,4,1,"[16,4,1]","[2048,16384,131072]",6375608320,3.4642857142857144,3216.5078125,26982023168,26982023168,0,4,4,"{""type"":""mixed_depth_quantization"",""sequential_mode"":""none"",""joint_mutation_mode"":""standard"",""parent_before_generation_hash"":""edcad63d39a0009cc482b86f7d1caede149388bb79a4a9fbe43058b98656fc46"",""parent_after_generation_hash"":""0be423fef80e931ded9d813bdf637c9833c9721e717de07087efc9b8d7fd28c6"",""generated_offspring_by_type"":{""depth"":57,""quantization"":71,""joint_aware"":0,""interaction_aware"":0,""sequential_quantization"":0,""fixed_quant_depth"":0,""component crossover"":0,""component crossover + repair"":0,""layer bundle crossover"":0,""layer bundle crossover + repair"":0},""depth_mask_entries_changed_by_type"":{""depth"":170,""quantization"":0,""joint_aware"":0,""interaction_aware"":0,""sequential_quantization"":0,""fixed_quant_depth"":0,""component crossover"":0,""component crossover + repair"":0,""layer bundle crossover"":0,""layer bundle crossover + repair"":0},""quant_assignments_changed_by_type"":{""depth"":76,""quantization"":160,""joint_aware"":0,""interaction_aware"":0,""sequential_quantization"":0,""fixed_quant_depth"":0,""component crossover"":0,""component crossover + repair"":0,""layer bundle crossover"":0,""layer bundle crossover + repair"":0},""depth_mask_entries_changed_total"":170,""quant_assignments_changed_total"":236,""interaction_aware_details"":{""budget_repair_quant_changes"":0,""preferred_quant_exchanges_used"":0,""fallback_quant_exchanges_used"":0},""crossover_diagnostics"":{""crossover_type"":""component"",""crossover_parent_selection"":""uniform"",""crossover_offspring"":0,""crossover_offspring_accepted"":0,""mutation_offspring_accepted"":128,""mutation_offspring"":128,""crossover_offspring_attempted"":0,""crossover_duplicates"":0,""crossover_infeasible_candidates"":0,""crossover_repair_changed_gene_count"":0,""crossover_repaired_proposals"":0,""parent_distance_mean"":null,""parent_distance_min"":null,""parent_distance_max"":null,""child_distance_from_parent_a_mean"":null,""child_distance_from_parent_b_mean"":null,""layers_from_parent_a_mean"":null,""layers_from_parent_b_mean"":null,""crossover_no_legal_exchange"":0,""local_exchange_attention"":0,""local_exchange_mlp"":0,""local_exchange_quantization"":0,""local_exchange_block"":0,""child_distance_from_base_mean"":null,""child_distance_from_base_min"":null,""child_distance_from_base_max"":null,""child_distance_from_base_count"":0,""child_distance_from_donor_mean"":null,""child_distance_from_donor_min"":null,""child_distance_from_donor_max"":null,""child_distance_from_donor_count"":0,""donor_distance_reduction_mean"":null,""donor_distance_reduction_min"":null,""donor_distance_reduction_max"":null,""donor_distance_reduction_count"":0,""local_exchange_changed_gene_count_mean"":null,""local_exchange_changed_gene_count_min"":null,""local_exchange_changed_gene_count_max"":null,""local_exchange_changed_gene_count_count"":0,""child_distance_statistics_scope"":""accepted_unique_crossover_offspring"",""persistent_population_size"":1,""unique_population_size"":1,""best_population_fitness"":0.26025390625,""configured_survivors_per_selection"":[16,4,1],""effective_survivors_per_selection"":[16,4,1],""effective_final_survivor_count"":1},""offspring_generation"":{""attempts"":131,""no_op_mutations"":1,""duplicate_candidates"":2,""infeasible_candidates"":0,""fixed_quant_legal_swap_counts"":[]},""maximum_depth_mutations_per_offspring"":3,""quantization_step_size"":1,""quantization_mutations_per_offspring"":1,""joint_aware_probability"":0.0,""adaptive_mutation"":false,""adaptive_mutation_strength"":1,""adaptive_mutation_patience"":3,""adaptive_mutation_max_strength"":3,""coarse_to_fine_mutation"":false,""coarse_to_fine_start_strength"":3,""coarse_to_fine_end_strength"":1,""stagnation_generations_after_selection"":0}",quantization,True,131,128,16,5,262144,262144,655360,2086,16515072,11807.009829776012,15276.82177734375
15,0.248779296875,0.26025390625,kl,0.248779296875,,,,,0,{},128,16,4,1,"[16,4,1]","[2048,16384,131072]",6375608320,3.4642857142857144,3216.5078125,26982023168,26982023168,0,4,4,"{""type"":""mixed_depth_quantization"",""sequential_mode"":""none"",""joint_mutation_mode"":""standard"",""parent_before_generation_hash"":""0be423fef80e931ded9d813bdf637c9833c9721e717de07087efc9b8d7fd28c6"",""parent_after_generation_hash"":""7202d9f60ba61f067ba7e2471773a9ded4eb1083c72521ee4b96510ee189acd1"",""generated_offspring_by_type"":{""depth"":69,""quantization"":59,""joint_aware"":0,""interaction_aware"":0,""sequential_quantization"":0,""fixed_quant_depth"":0,""component crossover"":0,""component crossover + repair"":0,""layer bundle crossover"":0,""layer bundle crossover + repair"":0},""depth_mask_entries_changed_by_type"":{""depth"":208,""quantization"":0,""joint_aware"":0,""interaction_aware"":0,""sequential_quantization"":0,""fixed_quant_depth"":0,""component crossover"":0,""component crossover + repair"":0,""layer bundle crossover"":0,""layer bundle crossover + repair"":0},""quant_assignments_changed_by_type"":{""depth"":118,""quantization"":129,""joint_aware"":0,""interaction_aware"":0,""sequential_quantization"":0,""fixed_quant_depth"":0,""component crossover"":0,""component crossover + repair"":0,""layer bundle crossover"":0,""layer bundle crossover + repair"":0},""depth_mask_entries_changed_total"":208,""quant_assignments_changed_total"":247,""interaction_aware_details"":{""budget_repair_quant_changes"":0,""preferred_quant_exchanges_used"":0,""fallback_quant_exchanges_used"":0},""crossover_diagnostics"":{""crossover_type"":""component"",""crossover_parent_selection"":""uniform"",""crossover_offspring"":0,""crossover_offspring_accepted"":0,""mutation_offspring_accepted"":128,""mutation_offspring"":128,""crossover_offspring_attempted"":0,""crossover_duplicates"":0,""crossover_infeasible_candidates"":0,""crossover_repair_changed_gene_count"":0,""crossover_repaired_proposals"":0,""parent_distance_mean"":null,""parent_distance_min"":null,""parent_distance_max"":null,""child_distance_from_parent_a_mean"":null,""child_distance_from_parent_b_mean"":null,""layers_from_parent_a_mean"":null,""layers_from_parent_b_mean"":null,""crossover_no_legal_exchange"":0,""local_exchange_attention"":0,""local_exchange_mlp"":0,""local_exchange_quantization"":0,""local_exchange_block"":0,""child_distance_from_base_mean"":null,""child_distance_from_base_min"":null,""child_distance_from_base_max"":null,""child_distance_from_base_count"":0,""child_distance_from_donor_mean"":null,""child_distance_from_donor_min"":null,""child_distance_from_donor_max"":null,""child_distance_from_donor_count"":0,""donor_distance_reduction_mean"":null,""donor_distance_reduction_min"":null,""donor_distance_reduction_max"":null,""donor_distance_reduction_count"":0,""local_exchange_changed_gene_count_mean"":null,""local_exchange_changed_gene_count_min"":null,""local_exchange_changed_gene_count_max"":null,""local_exchange_changed_gene_count_count"":0,""child_distance_statistics_scope"":""accepted_unique_crossover_offspring"",""persistent_population_size"":1,""unique_population_size"":1,""best_population_fitness"":0.248779296875,""configured_survivors_per_selection"":[16,4,1],""effective_survivors_per_selection"":[16,4,1],""effective_final_survivor_count"":1},""offspring_generation"":{""attempts"":130,""no_op_mutations"":1,""duplicate_candidates"":1,""infeasible_candidates"":0,""fixed_quant_legal_swap_counts"":[]},""maximum_depth_mutations_per_offspring"":3,""quantization_step_size"":1,""quantization_mutations_per_offspring"":1,""joint_aware_probability"":0.0,""adaptive_mutation"":false,""adaptive_mutation_strength"":1,""adaptive_mutation_patience"":3,""adaptive_mutation_max_strength"":3,""coarse_to_fine_mutation"":false,""coarse_to_fine_start_strength"":3,""coarse_to_fine_end_strength"":1,""stagnation_generations_after_selection"":0}",depth,True,130,128,16,5,262144,262144,655360,2235,17694720,12584.173867186997,15276.82177734375
16,0.24853515625,0.248779296875,kl,0.24853515625,8.1796875,6.85546875,10.1953125,,917504,"{""wikitext2"":327680,""c4"":589824}",128,16,4,1,"[16,4,1]","[2048,16384,131072]",6375608320,3.4642857142857144,3216.5078125,26982023168,26982023168,0,4,4,"{""type"":""mixed_depth_quantization"",""sequential_mode"":""none"",""joint_mutation_mode"":""standard"",""parent_before_generation_hash"":""7202d9f60ba61f067ba7e2471773a9ded4eb1083c72521ee4b96510ee189acd1"",""parent_after_generation_hash"":""8b0b04c6813c3a5853b079acc1e50376b681ebf666af8b2d52c222831638132a"",""generated_offspring_by_type"":{""depth"":65,""quantization"":63,""joint_aware"":0,""interaction_aware"":0,""sequential_quantization"":0,""fixed_quant_depth"":0,""component crossover"":0,""component crossover + repair"":0,""layer bundle crossover"":0,""layer bundle crossover + repair"":0},""depth_mask_entries_changed_by_type"":{""depth"":190,""quantization"":0,""joint_aware"":0,""interaction_aware"":0,""sequential_quantization"":0,""fixed_quant_depth"":0,""component crossover"":0,""component crossover + repair"":0,""layer bundle crossover"":0,""layer bundle crossover + repair"":0},""quant_assignments_changed_by_type"":{""depth"":92,""quantization"":137,""joint_aware"":0,""interaction_aware"":0,""sequential_quantization"":0,""fixed_quant_depth"":0,""component crossover"":0,""component crossover + repair"":0,""layer bundle crossover"":0,""layer bundle crossover + repair"":0},""depth_mask_entries_changed_total"":190,""quant_assignments_changed_total"":229,""interaction_aware_details"":{""budget_repair_quant_changes"":0,""preferred_quant_exchanges_used"":0,""fallback_quant_exchanges_used"":0},""crossover_diagnostics"":{""crossover_type"":""component"",""crossover_parent_selection"":""uniform"",""crossover_offspring"":0,""crossover_offspring_accepted"":0,""mutation_offspring_accepted"":128,""mutation_offspring"":128,""crossover_offspring_attempted"":0,""crossover_duplicates"":0,""crossover_infeasible_candidates"":0,""crossover_repair_changed_gene_count"":0,""crossover_repaired_proposals"":0,""parent_distance_mean"":null,""parent_distance_min"":null,""parent_distance_max"":null,""child_distance_from_parent_a_mean"":null,""child_distance_from_parent_b_mean"":null,""layers_from_parent_a_mean"":null,""layers_from_parent_b_mean"":null,""crossover_no_legal_exchange"":0,""local_exchange_attention"":0,""local_exchange_mlp"":0,""local_exchange_quantization"":0,""local_exchange_block"":0,""child_distance_from_base_mean"":null,""child_distance_from_base_min"":null,""child_distance_from_base_max"":null,""child_distance_from_base_count"":0,""child_distance_from_donor_mean"":null,""child_distance_from_donor_min"":null,""child_distance_from_donor_max"":null,""child_distance_from_donor_count"":0,""donor_distance_reduction_mean"":null,""donor_distance_reduction_min"":null,""donor_distance_reduction_max"":null,""donor_distance_reduction_count"":0,""local_exchange_changed_gene_count_mean"":null,""local_exchange_changed_gene_count_min"":null,""local_exchange_changed_gene_count_max"":null,""local_exchange_changed_gene_count_count"":0,""child_distance_statistics_scope"":""accepted_unique_crossover_offspring"",""persistent_population_size"":1,""unique_population_size"":1,""best_population_fitness"":0.24853515625,""configured_survivors_per_selection"":[16,4,1],""effective_survivors_per_selection"":[16,4,1],""effective_final_survivor_count"":1},""offspring_generation"":{""attempts"":129,""no_op_mutations"":0,""duplicate_candidates"":1,""infeasible_candidates"":0,""fixed_quant_legal_swap_counts"":[]},""maximum_depth_mutations_per_offspring"":3,""quantization_step_size"":1,""quantization_mutations_per_offspring"":1,""joint_aware_probability"":0.0,""adaptive_mutation"":false,""adaptive_mutation_strength"":1,""adaptive_mutation_patience"":3,""adaptive_mutation_max_strength"":3,""coarse_to_fine_mutation"":false,""coarse_to_fine_start_strength"":3,""coarse_to_fine_end_strength"":1,""stagnation_generations_after_selection"":0}",quantization,True,129,128,16,5,262144,262144,655360,2384,18874368,13553.958840882056,15276.82177734375
17,0.256103515625,0.24853515625,kl,0.256103515625,,,,,0,{},128,16,4,1,"[16,4,1]","[2048,16384,131072]",6375608320,3.4642857142857144,3216.5078125,26982023168,26982023168,0,4,4,"{""type"":""mixed_depth_quantization"",""sequential_mode"":""none"",""joint_mutation_mode"":""standard"",""parent_before_generation_hash"":""8b0b04c6813c3a5853b079acc1e50376b681ebf666af8b2d52c222831638132a"",""parent_after_generation_hash"":""45626b76277a8af216ecb7bad5e660e4d15b67720bb7bda435424449df171431"",""generated_offspring_by_type"":{""depth"":65,""quantization"":63,""joint_aware"":0,""interaction_aware"":0,""sequential_quantization"":0,""fixed_quant_depth"":0,""component crossover"":0,""component crossover + repair"":0,""layer bundle crossover"":0,""layer bundle crossover + repair"":0},""depth_mask_entries_changed_by_type"":{""depth"":206,""quantization"":0,""joint_aware"":0,""interaction_aware"":0,""sequential_quantization"":0,""fixed_quant_depth"":0,""component crossover"":0,""component crossover + repair"":0,""layer bundle crossover"":0,""layer bundle crossover + repair"":0},""quant_assignments_changed_by_type"":{""depth"":89,""quantization"":142,""joint_aware"":0,""interaction_aware"":0,""sequential_quantization"":0,""fixed_quant_depth"":0,""component crossover"":0,""component crossover + repair"":0,""layer bundle crossover"":0,""layer bundle crossover + repair"":0},""depth_mask_entries_changed_total"":206,""quant_assignments_changed_total"":231,""interaction_aware_details"":{""budget_repair_quant_changes"":0,""preferred_quant_exchanges_used"":0,""fallback_quant_exchanges_used"":0},""crossover_diagnostics"":{""crossover_type"":""component"",""crossover_parent_selection"":""uniform"",""crossover_offspring"":0,""crossover_offspring_accepted"":0,""mutation_offspring_accepted"":128,""mutation_offspring"":128,""crossover_offspring_attempted"":0,""crossover_duplicates"":0,""crossover_infeasible_candidates"":0,""crossover_repair_changed_gene_count"":0,""crossover_repaired_proposals"":0,""parent_distance_mean"":null,""parent_distance_min"":null,""parent_distance_max"":null,""child_distance_from_parent_a_mean"":null,""child_distance_from_parent_b_mean"":null,""layers_from_parent_a_mean"":null,""layers_from_parent_b_mean"":null,""crossover_no_legal_exchange"":0,""local_exchange_attention"":0,""local_exchange_mlp"":0,""local_exchange_quantization"":0,""local_exchange_block"":0,""child_distance_from_base_mean"":null,""child_distance_from_base_min"":null,""child_distance_from_base_max"":null,""child_distance_from_base_count"":0,""child_distance_from_donor_mean"":null,""child_distance_from_donor_min"":null,""child_distance_from_donor_max"":null,""child_distance_from_donor_count"":0,""donor_distance_reduction_mean"":null,""donor_distance_reduction_min"":null,""donor_distance_reduction_max"":null,""donor_distance_reduction_count"":0,""local_exchange_changed_gene_count_mean"":null,""local_exchange_changed_gene_count_min"":null,""local_exchange_changed_gene_count_max"":null,""local_exchange_changed_gene_count_count"":0,""child_distance_statistics_scope"":""accepted_unique_crossover_offspring"",""persistent_population_size"":1,""unique_population_size"":1,""best_population_fitness"":0.256103515625,""configured_survivors_per_selection"":[16,4,1],""effective_survivors_per_selection"":[16,4,1],""effective_final_survivor_count"":1},""offspring_generation"":{""attempts"":129,""no_op_mutations"":0,""duplicate_candidates"":1,""infeasible_candidates"":0,""fixed_quant_legal_swap_counts"":[]},""maximum_depth_mutations_per_offspring"":3,""quantization_step_size"":1,""quantization_mutations_per_offspring"":1,""joint_aware_probability"":0.0,""adaptive_mutation"":false,""adaptive_mutation_strength"":1,""adaptive_mutation_patience"":3,""adaptive_mutation_max_strength"":3,""coarse_to_fine_mutation"":false,""coarse_to_fine_start_strength"":3,""coarse_to_fine_end_strength"":1,""stagnation_generations_after_selection"":0}",quantization,True,129,128,16,5,262144,262144,655360,2533,20054016,14377.005309839966,15276.82177734375
18,0.243408203125,0.256103515625,kl,0.243408203125,,,,,0,{},128,16,4,1,"[16,4,1]","[2048,16384,131072]",6375608320,3.4642857142857144,3216.5078125,26982023168,26982023168,0,4,4,"{""type"":""mixed_depth_quantization"",""sequential_mode"":""none"",""joint_mutation_mode"":""standard"",""parent_before_generation_hash"":""45626b76277a8af216ecb7bad5e660e4d15b67720bb7bda435424449df171431"",""parent_after_generation_hash"":""4c37e2b58e98ead290bb22f60577629e2d1c6ff6404a6d5ac49f8a67ce337f39"",""generated_offspring_by_type"":{""depth"":60,""quantization"":68,""joint_aware"":0,""interaction_aware"":0,""sequential_quantization"":0,""fixed_quant_depth"":0,""component crossover"":0,""component crossover + repair"":0,""layer bundle crossover"":0,""layer bundle crossover + repair"":0},""depth_mask_entries_changed_by_type"":{""depth"":178,""quantization"":0,""joint_aware"":0,""interaction_aware"":0,""sequential_quantization"":0,""fixed_quant_depth"":0,""component crossover"":0,""component crossover + repair"":0,""layer bundle crossover"":0,""layer bundle crossover + repair"":0},""quant_assignments_changed_by_type"":{""depth"":77,""quantization"":147,""joint_aware"":0,""interaction_aware"":0,""sequential_quantization"":0,""fixed_quant_depth"":0,""component crossover"":0,""component crossover + repair"":0,""layer bundle crossover"":0,""layer bundle crossover + repair"":0},""depth_mask_entries_changed_total"":178,""quant_assignments_changed_total"":224,""interaction_aware_details"":{""budget_repair_quant_changes"":0,""preferred_quant_exchanges_used"":0,""fallback_quant_exchanges_used"":0},""crossover_diagnostics"":{""crossover_type"":""component"",""crossover_parent_selection"":""uniform"",""crossover_offspring"":0,""crossover_offspring_accepted"":0,""mutation_offspring_accepted"":128,""mutation_offspring"":128,""crossover_offspring_attempted"":0,""crossover_duplicates"":0,""crossover_infeasible_candidates"":0,""crossover_repair_changed_gene_count"":0,""crossover_repaired_proposals"":0,""parent_distance_mean"":null,""parent_distance_min"":null,""parent_distance_max"":null,""child_distance_from_parent_a_mean"":null,""child_distance_from_parent_b_mean"":null,""layers_from_parent_a_mean"":null,""layers_from_parent_b_mean"":null,""crossover_no_legal_exchange"":0,""local_exchange_attention"":0,""local_exchange_mlp"":0,""local_exchange_quantization"":0,""local_exchange_block"":0,""child_distance_from_base_mean"":null,""child_distance_from_base_min"":null,""child_distance_from_base_max"":null,""child_distance_from_base_count"":0,""child_distance_from_donor_mean"":null,""child_distance_from_donor_min"":null,""child_distance_from_donor_max"":null,""child_distance_from_donor_count"":0,""donor_distance_reduction_mean"":null,""donor_distance_reduction_min"":null,""donor_distance_reduction_max"":null,""donor_distance_reduction_count"":0,""local_exchange_changed_gene_count_mean"":null,""local_exchange_changed_gene_count_min"":null,""local_exchange_changed_gene_count_max"":null,""local_exchange_changed_gene_count_count"":0,""child_distance_statistics_scope"":""accepted_unique_crossover_offspring"",""persistent_population_size"":1,""unique_population_size"":1,""best_population_fitness"":0.243408203125,""configured_survivors_per_selection"":[16,4,1],""effective_survivors_per_selection"":[16,4,1],""effective_final_survivor_count"":1},""offspring_generation"":{""attempts"":129,""no_op_mutations"":0,""duplicate_candidates"":1,""infeasible_candidates"":0,""fixed_quant_legal_swap_counts"":[]},""maximum_depth_mutations_per_offspring"":3,""quantization_step_size"":1,""quantization_mutations_per_offspring"":1,""joint_aware_probability"":0.0,""adaptive_mutation"":false,""adaptive_mutation_strength"":1,""adaptive_mutation_patience"":3,""adaptive_mutation_max_strength"":3,""coarse_to_fine_mutation"":false,""coarse_to_fine_start_strength"":3,""coarse_to_fine_end_strength"":1,""stagnation_generations_after_selection"":0}",quantization,True,129,128,16,5,262144,262144,655360,2682,21233664,15172.744809836033,15276.82177734375
19,0.25,0.243408203125,kl,0.25,,,,,0,{},128,16,4,1,"[16,4,1]","[2048,16384,131072]",6375608320,3.4642857142857144,3216.5078125,26982023168,26982023168,0,4,4,"{""type"":""mixed_depth_quantization"",""sequential_mode"":""none"",""joint_mutation_mode"":""standard"",""parent_before_generation_hash"":""4c37e2b58e98ead290bb22f60577629e2d1c6ff6404a6d5ac49f8a67ce337f39"",""parent_after_generation_hash"":""5bb61563904f7bfd4d2cba3a4d931fe46395acfa5c3785e820f04412063a59a1"",""generated_offspring_by_type"":{""depth"":71,""quantization"":57,""joint_aware"":0,""interaction_aware"":0,""sequential_quantization"":0,""fixed_quant_depth"":0,""component crossover"":0,""component crossover + repair"":0,""layer bundle crossover"":0,""layer bundle crossover + repair"":0},""depth_mask_entries_changed_by_type"":{""depth"":218,""quantization"":0,""joint_aware"":0,""interaction_aware"":0,""sequential_quantization"":0,""fixed_quant_depth"":0,""component crossover"":0,""component crossover + repair"":0,""layer bundle crossover"":0,""layer bundle crossover + repair"":0},""quant_assignments_changed_by_type"":{""depth"":111,""quantization"":125,""joint_aware"":0,""interaction_aware"":0,""sequential_quantization"":0,""fixed_quant_depth"":0,""component crossover"":0,""component crossover + repair"":0,""layer bundle crossover"":0,""layer bundle crossover + repair"":0},""depth_mask_entries_changed_total"":218,""quant_assignments_changed_total"":236,""interaction_aware_details"":{""budget_repair_quant_changes"":0,""preferred_quant_exchanges_used"":0,""fallback_quant_exchanges_used"":0},""crossover_diagnostics"":{""crossover_type"":""component"",""crossover_parent_selection"":""uniform"",""crossover_offspring"":0,""crossover_offspring_accepted"":0,""mutation_offspring_accepted"":128,""mutation_offspring"":128,""crossover_offspring_attempted"":0,""crossover_duplicates"":0,""crossover_infeasible_candidates"":0,""crossover_repair_changed_gene_count"":0,""crossover_repaired_proposals"":0,""parent_distance_mean"":null,""parent_distance_min"":null,""parent_distance_max"":null,""child_distance_from_parent_a_mean"":null,""child_distance_from_parent_b_mean"":null,""layers_from_parent_a_mean"":null,""layers_from_parent_b_mean"":null,""crossover_no_legal_exchange"":0,""local_exchange_attention"":0,""local_exchange_mlp"":0,""local_exchange_quantization"":0,""local_exchange_block"":0,""child_distance_from_base_mean"":null,""child_distance_from_base_min"":null,""child_distance_from_base_max"":null,""child_distance_from_base_count"":0,""child_distance_from_donor_mean"":null,""child_distance_from_donor_min"":null,""child_distance_from_donor_max"":null,""child_distance_from_donor_count"":0,""donor_distance_reduction_mean"":null,""donor_distance_reduction_min"":null,""donor_distance_reduction_max"":null,""donor_distance_reduction_count"":0,""local_exchange_changed_gene_count_mean"":null,""local_exchange_changed_gene_count_min"":null,""local_exchange_changed_gene_count_max"":null,""local_exchange_changed_gene_count_count"":0,""child_distance_statistics_scope"":""accepted_unique_crossover_offspring"",""persistent_population_size"":1,""unique_population_size"":1,""best_population_fitness"":0.25,""configured_survivors_per_selection"":[16,4,1],""effective_survivors_per_selection"":[16,4,1],""effective_final_survivor_count"":1},""offspring_generation"":{""attempts"":129,""no_op_mutations"":0,""duplicate_candidates"":1,""infeasible_candidates"":0,""fixed_quant_legal_swap_counts"":[]},""maximum_depth_mutations_per_offspring"":3,""quantization_step_size"":1,""quantization_mutations_per_offspring"":1,""joint_aware_probability"":0.0,""adaptive_mutation"":false,""adaptive_mutation_strength"":1,""adaptive_mutation_patience"":3,""adaptive_mutation_max_strength"":3,""coarse_to_fine_mutation"":false,""coarse_to_fine_start_strength"":3,""coarse_to_fine_end_strength"":1,""stagnation_generations_after_selection"":0}",quantization,True,129,128,16,5,262144,262144,655360,2831,22413312,15949.610571700032,15276.82177734375
20,0.249755859375,0.25,kl,0.249755859375,,,,,0,{},128,16,4,1,"[16,4,1]","[2048,16384,131072]",6375608320,3.4642857142857144,3216.5078125,26982023168,26982023168,0,4,4,"{""type"":""mixed_depth_quantization"",""sequential_mode"":""none"",""joint_mutation_mode"":""standard"",""parent_before_generation_hash"":""5bb61563904f7bfd4d2cba3a4d931fe46395acfa5c3785e820f04412063a59a1"",""parent_after_generation_hash"":""69fbb56ea5bd48197d55de636290883b4049bfca05c4ba606d967ded460bdc33"",""generated_offspring_by_type"":{""depth"":68,""quantization"":60,""joint_aware"":0,""interaction_aware"":0,""sequential_quantization"":0,""fixed_quant_depth"":0,""component crossover"":0,""component crossover + repair"":0,""layer bundle crossover"":0,""layer bundle crossover + repair"":0},""depth_mask_entries_changed_by_type"":{""depth"":220,""quantization"":0,""joint_aware"":0,""interaction_aware"":0,""sequential_quantization"":0,""fixed_quant_depth"":0,""component crossover"":0,""component crossover + repair"":0,""layer bundle crossover"":0,""layer bundle crossover + repair"":0},""quant_assignments_changed_by_type"":{""depth"":93,""quantization"":131,""joint_aware"":0,""interaction_aware"":0,""sequential_quantization"":0,""fixed_quant_depth"":0,""component crossover"":0,""component crossover + repair"":0,""layer bundle crossover"":0,""layer bundle crossover + repair"":0},""depth_mask_entries_changed_total"":220,""quant_assignments_changed_total"":224,""interaction_aware_details"":{""budget_repair_quant_changes"":0,""preferred_quant_exchanges_used"":0,""fallback_quant_exchanges_used"":0},""crossover_diagnostics"":{""crossover_type"":""component"",""crossover_parent_selection"":""uniform"",""crossover_offspring"":0,""crossover_offspring_accepted"":0,""mutation_offspring_accepted"":128,""mutation_offspring"":128,""crossover_offspring_attempted"":0,""crossover_duplicates"":0,""crossover_infeasible_candidates"":0,""crossover_repair_changed_gene_count"":0,""crossover_repaired_proposals"":0,""parent_distance_mean"":null,""parent_distance_min"":null,""parent_distance_max"":null,""child_distance_from_parent_a_mean"":null,""child_distance_from_parent_b_mean"":null,""layers_from_parent_a_mean"":null,""layers_from_parent_b_mean"":null,""crossover_no_legal_exchange"":0,""local_exchange_attention"":0,""local_exchange_mlp"":0,""local_exchange_quantization"":0,""local_exchange_block"":0,""child_distance_from_base_mean"":null,""child_distance_from_base_min"":null,""child_distance_from_base_max"":null,""child_distance_from_base_count"":0,""child_distance_from_donor_mean"":null,""child_distance_from_donor_min"":null,""child_distance_from_donor_max"":null,""child_distance_from_donor_count"":0,""donor_distance_reduction_mean"":null,""donor_distance_reduction_min"":null,""donor_distance_reduction_max"":null,""donor_distance_reduction_count"":0,""local_exchange_changed_gene_count_mean"":null,""local_exchange_changed_gene_count_min"":null,""local_exchange_changed_gene_count_max"":null,""local_exchange_changed_gene_count_count"":0,""child_distance_statistics_scope"":""accepted_unique_crossover_offspring"",""persistent_population_size"":1,""unique_population_size"":1,""best_population_fitness"":0.249755859375,""configured_survivors_per_selection"":[16,4,1],""effective_survivors_per_selection"":[16,4,1],""effective_final_survivor_count"":1},""offspring_generation"":{""attempts"":129,""no_op_mutations"":0,""duplicate_candidates"":1,""infeasible_candidates"":0,""fixed_quant_legal_swap_counts"":[]},""maximum_depth_mutations_per_offspring"":3,""quantization_step_size"":1,""quantization_mutations_per_offspring"":1,""joint_aware_probability"":0.0,""adaptive_mutation"":false,""adaptive_mutation_strength"":1,""adaptive_mutation_patience"":3,""adaptive_mutation_max_strength"":3,""coarse_to_fine_mutation"":false,""coarse_to_fine_start_strength"":3,""coarse_to_fine_end_strength"":1,""stagnation_generations_after_selection"":0}",quantization,True,129,128,16,5,262144,262144,655360,2980,23592960,16700.361979129026,15276.82177734375
21,0.24560546875,0.249755859375,kl,0.24560546875,8.1484375,6.859375,10.1953125,,917504,"{""wikitext2"":327680,""c4"":589824}",128,16,4,1,"[16,4,1]","[2048,16384,131072]",6375608320,3.4642857142857144,3216.5078125,26982023168,26982023168,0,4,4,"{""type"":""mixed_depth_quantization"",""sequential_mode"":""none"",""joint_mutation_mode"":""standard"",""parent_before_generation_hash"":""69fbb56ea5bd48197d55de636290883b4049bfca05c4ba606d967ded460bdc33"",""parent_after_generation_hash"":""9cdab562a3965305704e96064c586de7496a6d28074ccfad9e51cedfa646d002"",""generated_offspring_by_type"":{""depth"":66,""quantization"":62,""joint_aware"":0,""interaction_aware"":0,""sequential_quantization"":0,""fixed_quant_depth"":0,""component crossover"":0,""component crossover + repair"":0,""layer bundle crossover"":0,""layer bundle crossover + repair"":0},""depth_mask_entries_changed_by_type"":{""depth"":200,""quantization"":0,""joint_aware"":0,""interaction_aware"":0,""sequential_quantization"":0,""fixed_quant_depth"":0,""component crossover"":0,""component crossover + repair"":0,""layer bundle crossover"":0,""layer bundle crossover + repair"":0},""quant_assignments_changed_by_type"":{""depth"":103,""quantization"":137,""joint_aware"":0,""interaction_aware"":0,""sequential_quantization"":0,""fixed_quant_depth"":0,""component crossover"":0,""component crossover + repair"":0,""layer bundle crossover"":0,""layer bundle crossover + repair"":0},""depth_mask_entries_changed_total"":200,""quant_assignments_changed_total"":240,""interaction_aware_details"":{""budget_repair_quant_changes"":0,""preferred_quant_exchanges_used"":0,""fallback_quant_exchanges_used"":0},""crossover_diagnostics"":{""crossover_type"":""component"",""crossover_parent_selection"":""uniform"",""crossover_offspring"":0,""crossover_offspring_accepted"":0,""mutation_offspring_accepted"":128,""mutation_offspring"":128,""crossover_offspring_attempted"":0,""crossover_duplicates"":0,""crossover_infeasible_candidates"":0,""crossover_repair_changed_gene_count"":0,""crossover_repaired_proposals"":0,""parent_distance_mean"":null,""parent_distance_min"":null,""parent_distance_max"":null,""child_distance_from_parent_a_mean"":null,""child_distance_from_parent_b_mean"":null,""layers_from_parent_a_mean"":null,""layers_from_parent_b_mean"":null,""crossover_no_legal_exchange"":0,""local_exchange_attention"":0,""local_exchange_mlp"":0,""local_exchange_quantization"":0,""local_exchange_block"":0,""child_distance_from_base_mean"":null,""child_distance_from_base_min"":null,""child_distance_from_base_max"":null,""child_distance_from_base_count"":0,""child_distance_from_donor_mean"":null,""child_distance_from_donor_min"":null,""child_distance_from_donor_max"":null,""child_distance_from_donor_count"":0,""donor_distance_reduction_mean"":null,""donor_distance_reduction_min"":null,""donor_distance_reduction_max"":null,""donor_distance_reduction_count"":0,""local_exchange_changed_gene_count_mean"":null,""local_exchange_changed_gene_count_min"":null,""local_exchange_changed_gene_count_max"":null,""local_exchange_changed_gene_count_count"":0,""child_distance_statistics_scope"":""accepted_unique_crossover_offspring"",""persistent_population_size"":1,""unique_population_size"":1,""best_population_fitness"":0.24560546875,""configured_survivors_per_selection"":[16,4,1],""effective_survivors_per_selection"":[16,4,1],""effective_final_survivor_count"":1},""offspring_generation"":{""attempts"":128,""no_op_mutations"":0,""duplicate_candidates"":0,""infeasible_candidates"":0,""fixed_quant_legal_swap_counts"":[]},""maximum_depth_mutations_per_offspring"":3,""quantization_step_size"":1,""quantization_mutations_per_offspring"":1,""joint_aware_probability"":0.0,""adaptive_mutation"":false,""adaptive_mutation_strength"":1,""adaptive_mutation_patience"":3,""adaptive_mutation_max_strength"":3,""coarse_to_fine_mutation"":false,""coarse_to_fine_start_strength"":3,""coarse_to_fine_end_strength"":1,""stagnation_generations_after_selection"":0}",quantization,True,128,128,16,5,262144,262144,655360,3129,24772608,17679.503362967982,15276.82177734375
22,0.252685546875,0.24560546875,kl,0.252685546875,,,,,0,{},128,16,4,1,"[16,4,1]","[2048,16384,131072]",6375608320,3.4642857142857144,3216.5078125,26982023168,26982023168,0,4,4,"{""type"":""mixed_depth_quantization"",""sequential_mode"":""none"",""joint_mutation_mode"":""standard"",""parent_before_generation_hash"":""9cdab562a3965305704e96064c586de7496a6d28074ccfad9e51cedfa646d002"",""parent_after_generation_hash"":""b96dbfe23f4a42d46361bb66c08c42cb5d476b1e36e048edd41db387fb6791fa"",""generated_offspring_by_type"":{""depth"":66,""quantization"":62,""joint_aware"":0,""interaction_aware"":0,""sequential_quantization"":0,""fixed_quant_depth"":0,""component crossover"":0,""component crossover + repair"":0,""layer bundle crossover"":0,""layer bundle crossover + repair"":0},""depth_mask_entries_changed_by_type"":{""depth"":194,""quantization"":0,""joint_aware"":0,""interaction_aware"":0,""sequential_quantization"":0,""fixed_quant_depth"":0,""component crossover"":0,""component crossover + repair"":0,""layer bundle crossover"":0,""layer bundle crossover + repair"":0},""quant_assignments_changed_by_type"":{""depth"":81,""quantization"":135,""joint_aware"":0,""interaction_aware"":0,""sequential_quantization"":0,""fixed_quant_depth"":0,""component crossover"":0,""component crossover + repair"":0,""layer bundle crossover"":0,""layer bundle crossover + repair"":0},""depth_mask_entries_changed_total"":194,""quant_assignments_changed_total"":216,""interaction_aware_details"":{""budget_repair_quant_changes"":0,""preferred_quant_exchanges_used"":0,""fallback_quant_exchanges_used"":0},""crossover_diagnostics"":{""crossover_type"":""component"",""crossover_parent_selection"":""uniform"",""crossover_offspring"":0,""crossover_offspring_accepted"":0,""mutation_offspring_accepted"":128,""mutation_offspring"":128,""crossover_offspring_attempted"":0,""crossover_duplicates"":0,""crossover_infeasible_candidates"":0,""crossover_repair_changed_gene_count"":0,""crossover_repaired_proposals"":0,""parent_distance_mean"":null,""parent_distance_min"":null,""parent_distance_max"":null,""child_distance_from_parent_a_mean"":null,""child_distance_from_parent_b_mean"":null,""layers_from_parent_a_mean"":null,""layers_from_parent_b_mean"":null,""crossover_no_legal_exchange"":0,""local_exchange_attention"":0,""local_exchange_mlp"":0,""local_exchange_quantization"":0,""local_exchange_block"":0,""child_distance_from_base_mean"":null,""child_distance_from_base_min"":null,""child_distance_from_base_max"":null,""child_distance_from_base_count"":0,""child_distance_from_donor_mean"":null,""child_distance_from_donor_min"":null,""child_distance_from_donor_max"":null,""child_distance_from_donor_count"":0,""donor_distance_reduction_mean"":null,""donor_distance_reduction_min"":null,""donor_distance_reduction_max"":null,""donor_distance_reduction_count"":0,""local_exchange_changed_gene_count_mean"":null,""local_exchange_changed_gene_count_min"":null,""local_exchange_changed_gene_count_max"":null,""local_exchange_changed_gene_count_count"":0,""child_distance_statistics_scope"":""accepted_unique_crossover_offspring"",""persistent_population_size"":1,""unique_population_size"":1,""best_population_fitness"":0.252685546875,""configured_survivors_per_selection"":[16,4,1],""effective_survivors_per_selection"":[16,4,1],""effective_final_survivor_count"":1},""offspring_generation"":{""attempts"":128,""no_op_mutations"":0,""duplicate_candidates"":0,""infeasible_candidates"":0,""fixed_quant_legal_swap_counts"":[]},""maximum_depth_mutations_per_offspring"":3,""quantization_step_size"":1,""quantization_mutations_per_offspring"":1,""joint_aware_probability"":0.0,""adaptive_mutation"":false,""adaptive_mutation_strength"":1,""adaptive_mutation_patience"":3,""adaptive_mutation_max_strength"":3,""coarse_to_fine_mutation"":false,""coarse_to_fine_start_strength"":3,""coarse_to_fine_end_strength"":1,""stagnation_generations_after_selection"":0}",quantization,True,128,128,16,5,262144,262144,655360,3278,25952256,18448.369679340045,15276.82177734375
23,0.2481689453125,0.252685546875,kl,0.2481689453125,,,,,0,{},128,16,4,1,"[16,4,1]","[2048,16384,131072]",6375608320,3.4642857142857144,3216.5078125,26982023168,26982023168,0,4,4,"{""type"":""mixed_depth_quantization"",""sequential_mode"":""none"",""joint_mutation_mode"":""standard"",""parent_before_generation_hash"":""b96dbfe23f4a42d46361bb66c08c42cb5d476b1e36e048edd41db387fb6791fa"",""parent_after_generation_hash"":""d050ae0cbbe9d77a4caf95b9a2658abeb976896db494df8f371b6c6f2caae973"",""generated_offspring_by_type"":{""depth"":67,""quantization"":61,""joint_aware"":0,""interaction_aware"":0,""sequential_quantization"":0,""fixed_quant_depth"":0,""component crossover"":0,""component crossover + repair"":0,""layer bundle crossover"":0,""layer bundle crossover + repair"":0},""depth_mask_entries_changed_by_type"":{""depth"":210,""quantization"":0,""joint_aware"":0,""interaction_aware"":0,""sequential_quantization"":0,""fixed_quant_depth"":0,""component crossover"":0,""component crossover + repair"":0,""layer bundle crossover"":0,""layer bundle crossover + repair"":0},""quant_assignments_changed_by_type"":{""depth"":94,""quantization"":131,""joint_aware"":0,""interaction_aware"":0,""sequential_quantization"":0,""fixed_quant_depth"":0,""component crossover"":0,""component crossover + repair"":0,""layer bundle crossover"":0,""layer bundle crossover + repair"":0},""depth_mask_entries_changed_total"":210,""quant_assignments_changed_total"":225,""interaction_aware_details"":{""budget_repair_quant_changes"":0,""preferred_quant_exchanges_used"":0,""fallback_quant_exchanges_used"":0},""crossover_diagnostics"":{""crossover_type"":""component"",""crossover_parent_selection"":""uniform"",""crossover_offspring"":0,""crossover_offspring_accepted"":0,""mutation_offspring_accepted"":128,""mutation_offspring"":128,""crossover_offspring_attempted"":0,""crossover_duplicates"":0,""crossover_infeasible_candidates"":0,""crossover_repair_changed_gene_count"":0,""crossover_repaired_proposals"":0,""parent_distance_mean"":null,""parent_distance_min"":null,""parent_distance_max"":null,""child_distance_from_parent_a_mean"":null,""child_distance_from_parent_b_mean"":null,""layers_from_parent_a_mean"":null,""layers_from_parent_b_mean"":null,""crossover_no_legal_exchange"":0,""local_exchange_attention"":0,""local_exchange_mlp"":0,""local_exchange_quantization"":0,""local_exchange_block"":0,""child_distance_from_base_mean"":null,""child_distance_from_base_min"":null,""child_distance_from_base_max"":null,""child_distance_from_base_count"":0,""child_distance_from_donor_mean"":null,""child_distance_from_donor_min"":null,""child_distance_from_donor_max"":null,""child_distance_from_donor_count"":0,""donor_distance_reduction_mean"":null,""donor_distance_reduction_min"":null,""donor_distance_reduction_max"":null,""donor_distance_reduction_count"":0,""local_exchange_changed_gene_count_mean"":null,""local_exchange_changed_gene_count_min"":null,""local_exchange_changed_gene_count_max"":null,""local_exchange_changed_gene_count_count"":0,""child_distance_statistics_scope"":""accepted_unique_crossover_offspring"",""persistent_population_size"":1,""unique_population_size"":1,""best_population_fitness"":0.2481689453125,""configured_survivors_per_selection"":[16,4,1],""effective_survivors_per_selection"":[16,4,1],""effective_final_survivor_count"":1},""offspring_generation"":{""attempts"":131,""no_op_mutations"":0,""duplicate_candidates"":3,""infeasible_candidates"":0,""fixed_quant_legal_swap_counts"":[]},""maximum_depth_mutations_per_offspring"":3,""quantization_step_size"":1,""quantization_mutations_per_offspring"":1,""joint_aware_probability"":0.0,""adaptive_mutation"":false,""adaptive_mutation_strength"":1,""adaptive_mutation_patience"":3,""adaptive_mutation_max_strength"":3,""coarse_to_fine_mutation"":false,""coarse_to_fine_start_strength"":3,""coarse_to_fine_end_strength"":1,""stagnation_generations_after_selection"":0}",quantization,True,131,128,16,5,262144,262144,655360,3427,27131904,19174.17220902897,15276.82177734375
24,0.2529296875,0.2481689453125,kl,0.2529296875,,,,,0,{},128,16,4,1,"[16,4,1]","[2048,16384,131072]",6375608320,3.4642857142857144,3216.5078125,26982023168,26982023168,0,4,4,"{""type"":""mixed_depth_quantization"",""sequential_mode"":""none"",""joint_mutation_mode"":""standard"",""parent_before_generation_hash"":""d050ae0cbbe9d77a4caf95b9a2658abeb976896db494df8f371b6c6f2caae973"",""parent_after_generation_hash"":""433683864c9deb7badf745370814f55da5b9b1fd4ff4ecabbfa2f51185df7d51"",""generated_offspring_by_type"":{""depth"":61,""quantization"":67,""joint_aware"":0,""interaction_aware"":0,""sequential_quantization"":0,""fixed_quant_depth"":0,""component crossover"":0,""component crossover + repair"":0,""layer bundle crossover"":0,""layer bundle crossover + repair"":0},""depth_mask_entries_changed_by_type"":{""depth"":170,""quantization"":0,""joint_aware"":0,""interaction_aware"":0,""sequential_quantization"":0,""fixed_quant_depth"":0,""component crossover"":0,""component crossover + repair"":0,""layer bundle crossover"":0,""layer bundle crossover + repair"":0},""quant_assignments_changed_by_type"":{""depth"":85,""quantization"":152,""joint_aware"":0,""interaction_aware"":0,""sequential_quantization"":0,""fixed_quant_depth"":0,""component crossover"":0,""component crossover + repair"":0,""layer bundle crossover"":0,""layer bundle crossover + repair"":0},""depth_mask_entries_changed_total"":170,""quant_assignments_changed_total"":237,""interaction_aware_details"":{""budget_repair_quant_changes"":0,""preferred_quant_exchanges_used"":0,""fallback_quant_exchanges_used"":0},""crossover_diagnostics"":{""crossover_type"":""component"",""crossover_parent_selection"":""uniform"",""crossover_offspring"":0,""crossover_offspring_accepted"":0,""mutation_offspring_accepted"":128,""mutation_offspring"":128,""crossover_offspring_attempted"":0,""crossover_duplicates"":0,""crossover_infeasible_candidates"":0,""crossover_repair_changed_gene_count"":0,""crossover_repaired_proposals"":0,""parent_distance_mean"":null,""parent_distance_min"":null,""parent_distance_max"":null,""child_distance_from_parent_a_mean"":null,""child_distance_from_parent_b_mean"":null,""layers_from_parent_a_mean"":null,""layers_from_parent_b_mean"":null,""crossover_no_legal_exchange"":0,""local_exchange_attention"":0,""local_exchange_mlp"":0,""local_exchange_quantization"":0,""local_exchange_block"":0,""child_distance_from_base_mean"":null,""child_distance_from_base_min"":null,""child_distance_from_base_max"":null,""child_distance_from_base_count"":0,""child_distance_from_donor_mean"":null,""child_distance_from_donor_min"":null,""child_distance_from_donor_max"":null,""child_distance_from_donor_count"":0,""donor_distance_reduction_mean"":null,""donor_distance_reduction_min"":null,""donor_distance_reduction_max"":null,""donor_distance_reduction_count"":0,""local_exchange_changed_gene_count_mean"":null,""local_exchange_changed_gene_count_min"":null,""local_exchange_changed_gene_count_max"":null,""local_exchange_changed_gene_count_count"":0,""child_distance_statistics_scope"":""accepted_unique_crossover_offspring"",""persistent_population_size"":1,""unique_population_size"":1,""best_population_fitness"":0.2529296875,""configured_survivors_per_selection"":[16,4,1],""effective_survivors_per_selection"":[16,4,1],""effective_final_survivor_count"":1},""offspring_generation"":{""attempts"":129,""no_op_mutations"":0,""duplicate_candidates"":1,""infeasible_candidates"":0,""fixed_quant_legal_swap_counts"":[]},""maximum_depth_mutations_per_offspring"":3,""quantization_step_size"":1,""quantization_mutations_per_offspring"":1,""joint_aware_probability"":0.0,""adaptive_mutation"":false,""adaptive_mutation_strength"":1,""adaptive_mutation_patience"":3,""adaptive_mutation_max_strength"":3,""coarse_to_fine_mutation"":false,""coarse_to_fine_start_strength"":3,""coarse_to_fine_end_strength"":1,""stagnation_generations_after_selection"":0}",quantization,True,129,128,16,5,262144,262144,655360,3576,28311552,19877.433148793993,15276.82177734375
25,0.2447509765625,0.2529296875,kl,0.2447509765625,,,,,0,{},128,16,4,1,"[16,4,1]","[2048,16384,131072]",6375608320,3.4642857142857144,3216.5078125,26982023168,26982023168,0,4,4,"{""type"":""mixed_depth_quantization"",""sequential_mode"":""none"",""joint_mutation_mode"":""standard"",""parent_before_generation_hash"":""433683864c9deb7badf745370814f55da5b9b1fd4ff4ecabbfa2f51185df7d51"",""parent_after_generation_hash"":""7a95a0b634e4fc3dfa49d0b09dd64daafda41bb42230f707b90e2d8111b742e9"",""generated_offspring_by_type"":{""depth"":65,""quantization"":63,""joint_aware"":0,""interaction_aware"":0,""sequential_quantization"":0,""fixed_quant_depth"":0,""component crossover"":0,""component crossover + repair"":0,""layer bundle crossover"":0,""layer bundle crossover + repair"":0},""depth_mask_entries_changed_by_type"":{""depth"":186,""quantization"":0,""joint_aware"":0,""interaction_aware"":0,""sequential_quantization"":0,""fixed_quant_depth"":0,""component crossover"":0,""component crossover + repair"":0,""layer bundle crossover"":0,""layer bundle crossover + repair"":0},""quant_assignments_changed_by_type"":{""depth"":95,""quantization"":138,""joint_aware"":0,""interaction_aware"":0,""sequential_quantization"":0,""fixed_quant_depth"":0,""component crossover"":0,""component crossover + repair"":0,""layer bundle crossover"":0,""layer bundle crossover + repair"":0},""depth_mask_entries_changed_total"":186,""quant_assignments_changed_total"":233,""interaction_aware_details"":{""budget_repair_quant_changes"":0,""preferred_quant_exchanges_used"":0,""fallback_quant_exchanges_used"":0},""crossover_diagnostics"":{""crossover_type"":""component"",""crossover_parent_selection"":""uniform"",""crossover_offspring"":0,""crossover_offspring_accepted"":0,""mutation_offspring_accepted"":128,""mutation_offspring"":128,""crossover_offspring_attempted"":0,""crossover_duplicates"":0,""crossover_infeasible_candidates"":0,""crossover_repair_changed_gene_count"":0,""crossover_repaired_proposals"":0,""parent_distance_mean"":null,""parent_distance_min"":null,""parent_distance_max"":null,""child_distance_from_parent_a_mean"":null,""child_distance_from_parent_b_mean"":null,""layers_from_parent_a_mean"":null,""layers_from_parent_b_mean"":null,""crossover_no_legal_exchange"":0,""local_exchange_attention"":0,""local_exchange_mlp"":0,""local_exchange_quantization"":0,""local_exchange_block"":0,""child_distance_from_base_mean"":null,""child_distance_from_base_min"":null,""child_distance_from_base_max"":null,""child_distance_from_base_count"":0,""child_distance_from_donor_mean"":null,""child_distance_from_donor_min"":null,""child_distance_from_donor_max"":null,""child_distance_from_donor_count"":0,""donor_distance_reduction_mean"":null,""donor_distance_reduction_min"":null,""donor_distance_reduction_max"":null,""donor_distance_reduction_count"":0,""local_exchange_changed_gene_count_mean"":null,""local_exchange_changed_gene_count_min"":null,""local_exchange_changed_gene_count_max"":null,""local_exchange_changed_gene_count_count"":0,""child_distance_statistics_scope"":""accepted_unique_crossover_offspring"",""persistent_population_size"":1,""unique_population_size"":1,""best_population_fitness"":0.2447509765625,""configured_survivors_per_selection"":[16,4,1],""effective_survivors_per_selection"":[16,4,1],""effective_final_survivor_count"":1},""offspring_generation"":{""attempts"":132,""no_op_mutations"":0,""duplicate_candidates"":4,""infeasible_candidates"":0,""fixed_quant_legal_swap_counts"":[]},""maximum_depth_mutations_per_offspring"":3,""quantization_step_size"":1,""quantization_mutations_per_offspring"":1,""joint_aware_probability"":0.0,""adaptive_mutation"":false,""adaptive_mutation_strength"":1,""adaptive_mutation_patience"":3,""adaptive_mutation_max_strength"":3,""coarse_to_fine_mutation"":false,""coarse_to_fine_start_strength"":3,""coarse_to_fine_end_strength"":1,""stagnation_generations_after_selection"":0}",quantization,True,132,128,16,5,262144,262144,655360,3725,29491200,20742.787597471965,15276.82177734375
26,0.2486572265625,0.2447509765625,kl,0.2486572265625,8.1484375,6.96875,10.1796875,,917504,"{""wikitext2"":327680,""c4"":589824}",128,16,4,1,"[16,4,1]","[2048,16384,131072]",6375608320,3.4642857142857144,3216.5078125,26982023168,26982023168,0,4,4,"{""type"":""mixed_depth_quantization"",""sequential_mode"":""none"",""joint_mutation_mode"":""standard"",""parent_before_generation_hash"":""7a95a0b634e4fc3dfa49d0b09dd64daafda41bb42230f707b90e2d8111b742e9"",""parent_after_generation_hash"":""f336844a0d8fbb9d259e11101ae5089b1024d34be8b98d07885819c0c235da47"",""generated_offspring_by_type"":{""depth"":60,""quantization"":68,""joint_aware"":0,""interaction_aware"":0,""sequential_quantization"":0,""fixed_quant_depth"":0,""component crossover"":0,""component crossover + repair"":0,""layer bundle crossover"":0,""layer bundle crossover + repair"":0},""depth_mask_entries_changed_by_type"":{""depth"":166,""quantization"":0,""joint_aware"":0,""interaction_aware"":0,""sequential_quantization"":0,""fixed_quant_depth"":0,""component crossover"":0,""component crossover + repair"":0,""layer bundle crossover"":0,""layer bundle crossover + repair"":0},""quant_assignments_changed_by_type"":{""depth"":92,""quantization"":148,""joint_aware"":0,""interaction_aware"":0,""sequential_quantization"":0,""fixed_quant_depth"":0,""component crossover"":0,""component crossover + repair"":0,""layer bundle crossover"":0,""layer bundle crossover + repair"":0},""depth_mask_entries_changed_total"":166,""quant_assignments_changed_total"":240,""interaction_aware_details"":{""budget_repair_quant_changes"":0,""preferred_quant_exchanges_used"":0,""fallback_quant_exchanges_used"":0},""crossover_diagnostics"":{""crossover_type"":""component"",""crossover_parent_selection"":""uniform"",""crossover_offspring"":0,""crossover_offspring_accepted"":0,""mutation_offspring_accepted"":128,""mutation_offspring"":128,""crossover_offspring_attempted"":0,""crossover_duplicates"":0,""crossover_infeasible_candidates"":0,""crossover_repair_changed_gene_count"":0,""crossover_repaired_proposals"":0,""parent_distance_mean"":null,""parent_distance_min"":null,""parent_distance_max"":null,""child_distance_from_parent_a_mean"":null,""child_distance_from_parent_b_mean"":null,""layers_from_parent_a_mean"":null,""layers_from_parent_b_mean"":null,""crossover_no_legal_exchange"":0,""local_exchange_attention"":0,""local_exchange_mlp"":0,""local_exchange_quantization"":0,""local_exchange_block"":0,""child_distance_from_base_mean"":null,""child_distance_from_base_min"":null,""child_distance_from_base_max"":null,""child_distance_from_base_count"":0,""child_distance_from_donor_mean"":null,""child_distance_from_donor_min"":null,""child_distance_from_donor_max"":null,""child_distance_from_donor_count"":0,""donor_distance_reduction_mean"":null,""donor_distance_reduction_min"":null,""donor_distance_reduction_max"":null,""donor_distance_reduction_count"":0,""local_exchange_changed_gene_count_mean"":null,""local_exchange_changed_gene_count_min"":null,""local_exchange_changed_gene_count_max"":null,""local_exchange_changed_gene_count_count"":0,""child_distance_statistics_scope"":""accepted_unique_crossover_offspring"",""persistent_population_size"":1,""unique_population_size"":1,""best_population_fitness"":0.2486572265625,""configured_survivors_per_selection"":[16,4,1],""effective_survivors_per_selection"":[16,4,1],""effective_final_survivor_count"":1},""offspring_generation"":{""attempts"":128,""no_op_mutations"":0,""duplicate_candidates"":0,""infeasible_candidates"":0,""fixed_quant_legal_swap_counts"":[]},""maximum_depth_mutations_per_offspring"":3,""quantization_step_size"":1,""quantization_mutations_per_offspring"":1,""joint_aware_probability"":0.0,""adaptive_mutation"":false,""adaptive_mutation_strength"":1,""adaptive_mutation_patience"":3,""adaptive_mutation_max_strength"":3,""coarse_to_fine_mutation"":false,""coarse_to_fine_start_strength"":3,""coarse_to_fine_end_strength"":1,""stagnation_generations_after_selection"":0}",quantization,True,128,128,16,5,262144,262144,655360,3874,30670848,21771.837247467018,15276.82177734375
27,0.2476806640625,0.2486572265625,kl,0.2476806640625,,,,,0,{},128,16,4,1,"[16,4,1]","[2048,16384,131072]",6375608320,3.4642857142857144,3216.5078125,26982023168,26982023168,0,4,4,"{""type"":""mixed_depth_quantization"",""sequential_mode"":""none"",""joint_mutation_mode"":""standard"",""parent_before_generation_hash"":""f336844a0d8fbb9d259e11101ae5089b1024d34be8b98d07885819c0c235da47"",""parent_after_generation_hash"":""d7565b5c73b5a5e5959d107ce4a9f8ede7e60262ea006d4d6f1349e2bf76c81a"",""generated_offspring_by_type"":{""depth"":66,""quantization"":62,""joint_aware"":0,""interaction_aware"":0,""sequential_quantization"":0,""fixed_quant_depth"":0,""component crossover"":0,""component crossover + repair"":0,""layer bundle crossover"":0,""layer bundle crossover + repair"":0},""depth_mask_entries_changed_by_type"":{""depth"":202,""quantization"":0,""joint_aware"":0,""interaction_aware"":0,""sequential_quantization"":0,""fixed_quant_depth"":0,""component crossover"":0,""component crossover + repair"":0,""layer bundle crossover"":0,""layer bundle crossover + repair"":0},""quant_assignments_changed_by_type"":{""depth"":103,""quantization"":132,""joint_aware"":0,""interaction_aware"":0,""sequential_quantization"":0,""fixed_quant_depth"":0,""component crossover"":0,""component crossover + repair"":0,""layer bundle crossover"":0,""layer bundle crossover + repair"":0},""depth_mask_entries_changed_total"":202,""quant_assignments_changed_total"":235,""interaction_aware_details"":{""budget_repair_quant_changes"":0,""preferred_quant_exchanges_used"":0,""fallback_quant_exchanges_used"":0},""crossover_diagnostics"":{""crossover_type"":""component"",""crossover_parent_selection"":""uniform"",""crossover_offspring"":0,""crossover_offspring_accepted"":0,""mutation_offspring_accepted"":128,""mutation_offspring"":128,""crossover_offspring_attempted"":0,""crossover_duplicates"":0,""crossover_infeasible_candidates"":0,""crossover_repair_changed_gene_count"":0,""crossover_repaired_proposals"":0,""parent_distance_mean"":null,""parent_distance_min"":null,""parent_distance_max"":null,""child_distance_from_parent_a_mean"":null,""child_distance_from_parent_b_mean"":null,""layers_from_parent_a_mean"":null,""layers_from_parent_b_mean"":null,""crossover_no_legal_exchange"":0,""local_exchange_attention"":0,""local_exchange_mlp"":0,""local_exchange_quantization"":0,""local_exchange_block"":0,""child_distance_from_base_mean"":null,""child_distance_from_base_min"":null,""child_distance_from_base_max"":null,""child_distance_from_base_count"":0,""child_distance_from_donor_mean"":null,""child_distance_from_donor_min"":null,""child_distance_from_donor_max"":null,""child_distance_from_donor_count"":0,""donor_distance_reduction_mean"":null,""donor_distance_reduction_min"":null,""donor_distance_reduction_max"":null,""donor_distance_reduction_count"":0,""local_exchange_changed_gene_count_mean"":null,""local_exchange_changed_gene_count_min"":null,""local_exchange_changed_gene_count_max"":null,""local_exchange_changed_gene_count_count"":0,""child_distance_statistics_scope"":""accepted_unique_crossover_offspring"",""persistent_population_size"":1,""unique_population_size"":1,""best_population_fitness"":0.2476806640625,""configured_survivors_per_selection"":[16,4,1],""effective_survivors_per_selection"":[16,4,1],""effective_final_survivor_count"":1},""offspring_generation"":{""attempts"":128,""no_op_mutations"":0,""duplicate_candidates"":0,""infeasible_candidates"":0,""fixed_quant_legal_swap_counts"":[]},""maximum_depth_mutations_per_offspring"":3,""quantization_step_size"":1,""quantization_mutations_per_offspring"":1,""joint_aware_probability"":0.0,""adaptive_mutation"":false,""adaptive_mutation_strength"":1,""adaptive_mutation_patience"":3,""adaptive_mutation_max_strength"":3,""coarse_to_fine_mutation"":false,""coarse_to_fine_start_strength"":3,""coarse_to_fine_end_strength"":1,""stagnation_generations_after_selection"":0}",quantization,True,128,128,16,5,262144,262144,655360,4023,31850496,22506.197417813004,15276.82177734375
28,0.244873046875,0.2476806640625,kl,0.244873046875,,,,,0,{},128,16,4,1,"[16,4,1]","[2048,16384,131072]",6375608320,3.4642857142857144,3216.5078125,26982023168,26982023168,0,4,4,"{""type"":""mixed_depth_quantization"",""sequential_mode"":""none"",""joint_mutation_mode"":""standard"",""parent_before_generation_hash"":""d7565b5c73b5a5e5959d107ce4a9f8ede7e60262ea006d4d6f1349e2bf76c81a"",""parent_after_generation_hash"":""69a3005c35e1bc8db30cf2b9112c7c6338fbb33ebea0ea30680cbbb71dbab635"",""generated_offspring_by_type"":{""depth"":56,""quantization"":72,""joint_aware"":0,""interaction_aware"":0,""sequential_quantization"":0,""fixed_quant_depth"":0,""component crossover"":0,""component crossover + repair"":0,""layer bundle crossover"":0,""layer bundle crossover + repair"":0},""depth_mask_entries_changed_by_type"":{""depth"":160,""quantization"":0,""joint_aware"":0,""interaction_aware"":0,""sequential_quantization"":0,""fixed_quant_depth"":0,""component crossover"":0,""component crossover + repair"":0,""layer bundle crossover"":0,""layer bundle crossover + repair"":0},""quant_assignments_changed_by_type"":{""depth"":84,""quantization"":159,""joint_aware"":0,""interaction_aware"":0,""sequential_quantization"":0,""fixed_quant_depth"":0,""component crossover"":0,""component crossover + repair"":0,""layer bundle crossover"":0,""layer bundle crossover + repair"":0},""depth_mask_entries_changed_total"":160,""quant_assignments_changed_total"":243,""interaction_aware_details"":{""budget_repair_quant_changes"":0,""preferred_quant_exchanges_used"":0,""fallback_quant_exchanges_used"":0},""crossover_diagnostics"":{""crossover_type"":""component"",""crossover_parent_selection"":""uniform"",""crossover_offspring"":0,""crossover_offspring_accepted"":0,""mutation_offspring_accepted"":128,""mutation_offspring"":128,""crossover_offspring_attempted"":0,""crossover_duplicates"":0,""crossover_infeasible_candidates"":0,""crossover_repair_changed_gene_count"":0,""crossover_repaired_proposals"":0,""parent_distance_mean"":null,""parent_distance_min"":null,""parent_distance_max"":null,""child_distance_from_parent_a_mean"":null,""child_distance_from_parent_b_mean"":null,""layers_from_parent_a_mean"":null,""layers_from_parent_b_mean"":null,""crossover_no_legal_exchange"":0,""local_exchange_attention"":0,""local_exchange_mlp"":0,""local_exchange_quantization"":0,""local_exchange_block"":0,""child_distance_from_base_mean"":null,""child_distance_from_base_min"":null,""child_distance_from_base_max"":null,""child_distance_from_base_count"":0,""child_distance_from_donor_mean"":null,""child_distance_from_donor_min"":null,""child_distance_from_donor_max"":null,""child_distance_from_donor_count"":0,""donor_distance_reduction_mean"":null,""donor_distance_reduction_min"":null,""donor_distance_reduction_max"":null,""donor_distance_reduction_count"":0,""local_exchange_changed_gene_count_mean"":null,""local_exchange_changed_gene_count_min"":null,""local_exchange_changed_gene_count_max"":null,""local_exchange_changed_gene_count_count"":0,""child_distance_statistics_scope"":""accepted_unique_crossover_offspring"",""persistent_population_size"":1,""unique_population_size"":1,""best_population_fitness"":0.244873046875,""configured_survivors_per_selection"":[16,4,1],""effective_survivors_per_selection"":[16,4,1],""effective_final_survivor_count"":1},""offspring_generation"":{""attempts"":131,""no_op_mutations"":0,""duplicate_candidates"":3,""infeasible_candidates"":0,""fixed_quant_legal_swap_counts"":[]},""maximum_depth_mutations_per_offspring"":3,""quantization_step_size"":1,""quantization_mutations_per_offspring"":1,""joint_aware_probability"":0.0,""adaptive_mutation"":false,""adaptive_mutation_strength"":1,""adaptive_mutation_patience"":3,""adaptive_mutation_max_strength"":3,""coarse_to_fine_mutation"":false,""coarse_to_fine_start_strength"":3,""coarse_to_fine_end_strength"":1,""stagnation_generations_after_selection"":0}",quantization,True,131,128,16,5,262144,262144,655360,4172,33030144,23296.817825020058,15276.82177734375
29,0.2415771484375,0.244873046875,kl,0.2415771484375,,,,,0,{},128,16,4,1,"[16,4,1]","[2048,16384,131072]",6375608320,3.4642857142857144,3216.5078125,26982023168,26982023168,0,4,4,"{""type"":""mixed_depth_quantization"",""sequential_mode"":""none"",""joint_mutation_mode"":""standard"",""parent_before_generation_hash"":""69a3005c35e1bc8db30cf2b9112c7c6338fbb33ebea0ea30680cbbb71dbab635"",""parent_after_generation_hash"":""9f28e3865ac466d4c18e00ab6d66ec39d65583364b706e861fb22877aa3df96c"",""generated_offspring_by_type"":{""depth"":61,""quantization"":67,""joint_aware"":0,""interaction_aware"":0,""sequential_quantization"":0,""fixed_quant_depth"":0,""component crossover"":0,""component crossover + repair"":0,""layer bundle crossover"":0,""layer bundle crossover + repair"":0},""depth_mask_entries_changed_by_type"":{""depth"":196,""quantization"":0,""joint_aware"":0,""interaction_aware"":0,""sequential_quantization"":0,""fixed_quant_depth"":0,""component crossover"":0,""component crossover + repair"":0,""layer bundle crossover"":0,""layer bundle crossover + repair"":0},""quant_assignments_changed_by_type"":{""depth"":95,""quantization"":150,""joint_aware"":0,""interaction_aware"":0,""sequential_quantization"":0,""fixed_quant_depth"":0,""component crossover"":0,""component crossover + repair"":0,""layer bundle crossover"":0,""layer bundle crossover + repair"":0},""depth_mask_entries_changed_total"":196,""quant_assignments_changed_total"":245,""interaction_aware_details"":{""budget_repair_quant_changes"":0,""preferred_quant_exchanges_used"":0,""fallback_quant_exchanges_used"":0},""crossover_diagnostics"":{""crossover_type"":""component"",""crossover_parent_selection"":""uniform"",""crossover_offspring"":0,""crossover_offspring_accepted"":0,""mutation_offspring_accepted"":128,""mutation_offspring"":128,""crossover_offspring_attempted"":0,""crossover_duplicates"":0,""crossover_infeasible_candidates"":0,""crossover_repair_changed_gene_count"":0,""crossover_repaired_proposals"":0,""parent_distance_mean"":null,""parent_distance_min"":null,""parent_distance_max"":null,""child_distance_from_parent_a_mean"":null,""child_distance_from_parent_b_mean"":null,""layers_from_parent_a_mean"":null,""layers_from_parent_b_mean"":null,""crossover_no_legal_exchange"":0,""local_exchange_attention"":0,""local_exchange_mlp"":0,""local_exchange_quantization"":0,""local_exchange_block"":0,""child_distance_from_base_mean"":null,""child_distance_from_base_min"":null,""child_distance_from_base_max"":null,""child_distance_from_base_count"":0,""child_distance_from_donor_mean"":null,""child_distance_from_donor_min"":null,""child_distance_from_donor_max"":null,""child_distance_from_donor_count"":0,""donor_distance_reduction_mean"":null,""donor_distance_reduction_min"":null,""donor_distance_reduction_max"":null,""donor_distance_reduction_count"":0,""local_exchange_changed_gene_count_mean"":null,""local_exchange_changed_gene_count_min"":null,""local_exchange_changed_gene_count_max"":null,""local_exchange_changed_gene_count_count"":0,""child_distance_statistics_scope"":""accepted_unique_crossover_offspring"",""persistent_population_size"":1,""unique_population_size"":1,""best_population_fitness"":0.2415771484375,""configured_survivors_per_selection"":[16,4,1],""effective_survivors_per_selection"":[16,4,1],""effective_final_survivor_count"":1},""offspring_generation"":{""attempts"":132,""no_op_mutations"":0,""duplicate_candidates"":4,""infeasible_candidates"":0,""fixed_quant_legal_swap_counts"":[]},""maximum_depth_mutations_per_offspring"":3,""quantization_step_size"":1,""quantization_mutations_per_offspring"":1,""joint_aware_probability"":0.0,""adaptive_mutation"":false,""adaptive_mutation_strength"":1,""adaptive_mutation_patience"":3,""adaptive_mutation_max_strength"":3,""coarse_to_fine_mutation"":false,""coarse_to_fine_start_strength"":3,""coarse_to_fine_end_strength"":1,""stagnation_generations_after_selection"":0}",quantization,True,132,128,16,5,262144,262144,655360,4321,34209792,24088.863677288988,15276.82177734375
30,0.227294921875,0.2415771484375,kl,0.227294921875,,,,,0,{},128,16,4,1,"[16,4,1]","[2048,16384,131072]",6375608320,3.4642857142857144,3216.5078125,26982023168,26982023168,0,4,4,"{""type"":""mixed_depth_quantization"",""sequential_mode"":""none"",""joint_mutation_mode"":""standard"",""parent_before_generation_hash"":""9f28e3865ac466d4c18e00ab6d66ec39d65583364b706e861fb22877aa3df96c"",""parent_after_generation_hash"":""b8d193c3414f128be09efa754f4fdf43b2007ba7655cd39261e6dea47660a81e"",""generated_offspring_by_type"":{""depth"":62,""quantization"":66,""joint_aware"":0,""interaction_aware"":0,""sequential_quantization"":0,""fixed_quant_depth"":0,""component crossover"":0,""component crossover + repair"":0,""layer bundle crossover"":0,""layer bundle crossover + repair"":0},""depth_mask_entries_changed_by_type"":{""depth"":182,""quantization"":0,""joint_aware"":0,""interaction_aware"":0,""sequential_quantization"":0,""fixed_quant_depth"":0,""component crossover"":0,""component crossover + repair"":0,""layer bundle crossover"":0,""layer bundle crossover + repair"":0},""quant_assignments_changed_by_type"":{""depth"":85,""quantization"":144,""joint_aware"":0,""interaction_aware"":0,""sequential_quantization"":0,""fixed_quant_depth"":0,""component crossover"":0,""component crossover + repair"":0,""layer bundle crossover"":0,""layer bundle crossover + repair"":0},""depth_mask_entries_changed_total"":182,""quant_assignments_changed_total"":229,""interaction_aware_details"":{""budget_repair_quant_changes"":0,""preferred_quant_exchanges_used"":0,""fallback_quant_exchanges_used"":0},""crossover_diagnostics"":{""crossover_type"":""component"",""crossover_parent_selection"":""uniform"",""crossover_offspring"":0,""crossover_offspring_accepted"":0,""mutation_offspring_accepted"":128,""mutation_offspring"":128,""crossover_offspring_attempted"":0,""crossover_duplicates"":0,""crossover_infeasible_candidates"":0,""crossover_repair_changed_gene_count"":0,""crossover_repaired_proposals"":0,""parent_distance_mean"":null,""parent_distance_min"":null,""parent_distance_max"":null,""child_distance_from_parent_a_mean"":null,""child_distance_from_parent_b_mean"":null,""layers_from_parent_a_mean"":null,""layers_from_parent_b_mean"":null,""crossover_no_legal_exchange"":0,""local_exchange_attention"":0,""local_exchange_mlp"":0,""local_exchange_quantization"":0,""local_exchange_block"":0,""child_distance_from_base_mean"":null,""child_distance_from_base_min"":null,""child_distance_from_base_max"":null,""child_distance_from_base_count"":0,""child_distance_from_donor_mean"":null,""child_distance_from_donor_min"":null,""child_distance_from_donor_max"":null,""child_distance_from_donor_count"":0,""donor_distance_reduction_mean"":null,""donor_distance_reduction_min"":null,""donor_distance_reduction_max"":null,""donor_distance_reduction_count"":0,""local_exchange_changed_gene_count_mean"":null,""local_exchange_changed_gene_count_min"":null,""local_exchange_changed_gene_count_max"":null,""local_exchange_changed_gene_count_count"":0,""child_distance_statistics_scope"":""accepted_unique_crossover_offspring"",""persistent_population_size"":1,""unique_population_size"":1,""best_population_fitness"":0.227294921875,""configured_survivors_per_selection"":[16,4,1],""effective_survivors_per_selection"":[16,4,1],""effective_final_survivor_count"":1},""offspring_generation"":{""attempts"":128,""no_op_mutations"":0,""duplicate_candidates"":0,""infeasible_candidates"":0,""fixed_quant_legal_swap_counts"":[]},""maximum_depth_mutations_per_offspring"":3,""quantization_step_size"":1,""quantization_mutations_per_offspring"":1,""joint_aware_probability"":0.0,""adaptive_mutation"":false,""adaptive_mutation_strength"":1,""adaptive_mutation_patience"":3,""adaptive_mutation_max_strength"":3,""coarse_to_fine_mutation"":false,""coarse_to_fine_start_strength"":3,""coarse_to_fine_end_strength"":1,""stagnation_generations_after_selection"":0}",quantization,True,128,128,16,5,262144,262144,655360,4470,35389440,24854.97869272798,15276.82177734375
31,0.2376708984375,0.227294921875,kl,0.2376708984375,8.1171875,6.7734375,10.0625,,917504,"{""wikitext2"":327680,""c4"":589824}",128,16,4,1,"[16,4,1]","[2048,16384,131072]",6375608320,3.4642857142857144,3216.5078125,26982023168,26982023168,0,4,4,"{""type"":""mixed_depth_quantization"",""sequential_mode"":""none"",""joint_mutation_mode"":""standard"",""parent_before_generation_hash"":""b8d193c3414f128be09efa754f4fdf43b2007ba7655cd39261e6dea47660a81e"",""parent_after_generation_hash"":""8d0da494aa3d7b89c0f4d115aa8e406e47c4133a5c2c7005c0ec461c1a31ac07"",""generated_offspring_by_type"":{""depth"":61,""quantization"":67,""joint_aware"":0,""interaction_aware"":0,""sequential_quantization"":0,""fixed_quant_depth"":0,""component crossover"":0,""component crossover + repair"":0,""layer bundle crossover"":0,""layer bundle crossover + repair"":0},""depth_mask_entries_changed_by_type"":{""depth"":176,""quantization"":0,""joint_aware"":0,""interaction_aware"":0,""sequential_quantization"":0,""fixed_quant_depth"":0,""component crossover"":0,""component crossover + repair"":0,""layer bundle crossover"":0,""layer bundle crossover + repair"":0},""quant_assignments_changed_by_type"":{""depth"":87,""quantization"":151,""joint_aware"":0,""interaction_aware"":0,""sequential_quantization"":0,""fixed_quant_depth"":0,""component crossover"":0,""component crossover + repair"":0,""layer bundle crossover"":0,""layer bundle crossover + repair"":0},""depth_mask_entries_changed_total"":176,""quant_assignments_changed_total"":238,""interaction_aware_details"":{""budget_repair_quant_changes"":0,""preferred_quant_exchanges_used"":0,""fallback_quant_exchanges_used"":0},""crossover_diagnostics"":{""crossover_type"":""component"",""crossover_parent_selection"":""uniform"",""crossover_offspring"":0,""crossover_offspring_accepted"":0,""mutation_offspring_accepted"":128,""mutation_offspring"":128,""crossover_offspring_attempted"":0,""crossover_duplicates"":0,""crossover_infeasible_candidates"":0,""crossover_repair_changed_gene_count"":0,""crossover_repaired_proposals"":0,""parent_distance_mean"":null,""parent_distance_min"":null,""parent_distance_max"":null,""child_distance_from_parent_a_mean"":null,""child_distance_from_parent_b_mean"":null,""layers_from_parent_a_mean"":null,""layers_from_parent_b_mean"":null,""crossover_no_legal_exchange"":0,""local_exchange_attention"":0,""local_exchange_mlp"":0,""local_exchange_quantization"":0,""local_exchange_block"":0,""child_distance_from_base_mean"":null,""child_distance_from_base_min"":null,""child_distance_from_base_max"":null,""child_distance_from_base_count"":0,""child_distance_from_donor_mean"":null,""child_distance_from_donor_min"":null,""child_distance_from_donor_max"":null,""child_distance_from_donor_count"":0,""donor_distance_reduction_mean"":null,""donor_distance_reduction_min"":null,""donor_distance_reduction_max"":null,""donor_distance_reduction_count"":0,""local_exchange_changed_gene_count_mean"":null,""local_exchange_changed_gene_count_min"":null,""local_exchange_changed_gene_count_max"":null,""local_exchange_changed_gene_count_count"":0,""child_distance_statistics_scope"":""accepted_unique_crossover_offspring"",""persistent_population_size"":1,""unique_population_size"":1,""best_population_fitness"":0.2376708984375,""configured_survivors_per_selection"":[16,4,1],""effective_survivors_per_selection"":[16,4,1],""effective_final_survivor_count"":1},""offspring_generation"":{""attempts"":129,""no_op_mutations"":0,""duplicate_candidates"":1,""infeasible_candidates"":0,""fixed_quant_legal_swap_counts"":[]},""maximum_depth_mutations_per_offspring"":3,""quantization_step_size"":1,""quantization_mutations_per_offspring"":1,""joint_aware_probability"":0.0,""adaptive_mutation"":false,""adaptive_mutation_strength"":1,""adaptive_mutation_patience"":3,""adaptive_mutation_max_strength"":3,""coarse_to_fine_mutation"":false,""coarse_to_fine_start_strength"":3,""coarse_to_fine_end_strength"":1,""stagnation_generations_after_selection"":0}",quantization,True,129,128,16,5,262144,262144,655360,4619,36569088,25790.669651706005,15276.82177734375
32,0.2415771484375,0.2376708984375,kl,0.2415771484375,,,,,0,{},128,16,4,1,"[16,4,1]","[2048,16384,131072]",6375608320,3.4642857142857144,3216.5078125,26982023168,26982023168,0,4,4,"{""type"":""mixed_depth_quantization"",""sequential_mode"":""none"",""joint_mutation_mode"":""standard"",""parent_before_generation_hash"":""8d0da494aa3d7b89c0f4d115aa8e406e47c4133a5c2c7005c0ec461c1a31ac07"",""parent_after_generation_hash"":""2235663021279b961601aedb06be7f04c55067f711a7c06d4fc93e7078d26993"",""generated_offspring_by_type"":{""depth"":70,""quantization"":58,""joint_aware"":0,""interaction_aware"":0,""sequential_quantization"":0,""fixed_quant_depth"":0,""component crossover"":0,""component crossover + repair"":0,""layer bundle crossover"":0,""layer bundle crossover + repair"":0},""depth_mask_entries_changed_by_type"":{""depth"":208,""quantization"":0,""joint_aware"":0,""interaction_aware"":0,""sequential_quantization"":0,""fixed_quant_depth"":0,""component crossover"":0,""component crossover + repair"":0,""layer bundle crossover"":0,""layer bundle crossover + repair"":0},""quant_assignments_changed_by_type"":{""depth"":84,""quantization"":131,""joint_aware"":0,""interaction_aware"":0,""sequential_quantization"":0,""fixed_quant_depth"":0,""component crossover"":0,""component crossover + repair"":0,""layer bundle crossover"":0,""layer bundle crossover + repair"":0},""depth_mask_entries_changed_total"":208,""quant_assignments_changed_total"":215,""interaction_aware_details"":{""budget_repair_quant_changes"":0,""preferred_quant_exchanges_used"":0,""fallback_quant_exchanges_used"":0},""crossover_diagnostics"":{""crossover_type"":""component"",""crossover_parent_selection"":""uniform"",""crossover_offspring"":0,""crossover_offspring_accepted"":0,""mutation_offspring_accepted"":128,""mutation_offspring"":128,""crossover_offspring_attempted"":0,""crossover_duplicates"":0,""crossover_infeasible_candidates"":0,""crossover_repair_changed_gene_count"":0,""crossover_repaired_proposals"":0,""parent_distance_mean"":null,""parent_distance_min"":null,""parent_distance_max"":null,""child_distance_from_parent_a_mean"":null,""child_distance_from_parent_b_mean"":null,""layers_from_parent_a_mean"":null,""layers_from_parent_b_mean"":null,""crossover_no_legal_exchange"":0,""local_exchange_attention"":0,""local_exchange_mlp"":0,""local_exchange_quantization"":0,""local_exchange_block"":0,""child_distance_from_base_mean"":null,""child_distance_from_base_min"":null,""child_distance_from_base_max"":null,""child_distance_from_base_count"":0,""child_distance_from_donor_mean"":null,""child_distance_from_donor_min"":null,""child_distance_from_donor_max"":null,""child_distance_from_donor_count"":0,""donor_distance_reduction_mean"":null,""donor_distance_reduction_min"":null,""donor_distance_reduction_max"":null,""donor_distance_reduction_count"":0,""local_exchange_changed_gene_count_mean"":null,""local_exchange_changed_gene_count_min"":null,""local_exchange_changed_gene_count_max"":null,""local_exchange_changed_gene_count_count"":0,""child_distance_statistics_scope"":""accepted_unique_crossover_offspring"",""persistent_population_size"":1,""unique_population_size"":1,""best_population_fitness"":0.2415771484375,""configured_survivors_per_selection"":[16,4,1],""effective_survivors_per_selection"":[16,4,1],""effective_final_survivor_count"":1},""offspring_generation"":{""attempts"":130,""no_op_mutations"":0,""duplicate_candidates"":2,""infeasible_candidates"":0,""fixed_quant_legal_swap_counts"":[]},""maximum_depth_mutations_per_offspring"":3,""quantization_step_size"":1,""quantization_mutations_per_offspring"":1,""joint_aware_probability"":0.0,""adaptive_mutation"":false,""adaptive_mutation_strength"":1,""adaptive_mutation_patience"":3,""adaptive_mutation_max_strength"":3,""coarse_to_fine_mutation"":false,""coarse_to_fine_start_strength"":3,""coarse_to_fine_end_strength"":1,""stagnation_generations_after_selection"":0}",quantization,True,130,128,16,5,262144,262144,655360,4768,37748736,26492.95835611096,15276.82177734375
33,0.2353515625,0.2415771484375,kl,0.2353515625,,,,,0,{},128,16,4,1,"[16,4,1]","[2048,16384,131072]",6375608320,3.4642857142857144,3216.5078125,26982023168,26982023168,0,4,4,"{""type"":""mixed_depth_quantization"",""sequential_mode"":""none"",""joint_mutation_mode"":""standard"",""parent_before_generation_hash"":""2235663021279b961601aedb06be7f04c55067f711a7c06d4fc93e7078d26993"",""parent_after_generation_hash"":""6ec101c8c6041a01f35d20d9098ffc666f59362b49eeaac8e4020e2426c40e76"",""generated_offspring_by_type"":{""depth"":66,""quantization"":62,""joint_aware"":0,""interaction_aware"":0,""sequential_quantization"":0,""fixed_quant_depth"":0,""component crossover"":0,""component crossover + repair"":0,""layer bundle crossover"":0,""layer bundle crossover + repair"":0},""depth_mask_entries_changed_by_type"":{""depth"":208,""quantization"":0,""joint_aware"":0,""interaction_aware"":0,""sequential_quantization"":0,""fixed_quant_depth"":0,""component crossover"":0,""component crossover + repair"":0,""layer bundle crossover"":0,""layer bundle crossover + repair"":0},""quant_assignments_changed_by_type"":{""depth"":102,""quantization"":137,""joint_aware"":0,""interaction_aware"":0,""sequential_quantization"":0,""fixed_quant_depth"":0,""component crossover"":0,""component crossover + repair"":0,""layer bundle crossover"":0,""layer bundle crossover + repair"":0},""depth_mask_entries_changed_total"":208,""quant_assignments_changed_total"":239,""interaction_aware_details"":{""budget_repair_quant_changes"":0,""preferred_quant_exchanges_used"":0,""fallback_quant_exchanges_used"":0},""crossover_diagnostics"":{""crossover_type"":""component"",""crossover_parent_selection"":""uniform"",""crossover_offspring"":0,""crossover_offspring_accepted"":0,""mutation_offspring_accepted"":128,""mutation_offspring"":128,""crossover_offspring_attempted"":0,""crossover_duplicates"":0,""crossover_infeasible_candidates"":0,""crossover_repair_changed_gene_count"":0,""crossover_repaired_proposals"":0,""parent_distance_mean"":null,""parent_distance_min"":null,""parent_distance_max"":null,""child_distance_from_parent_a_mean"":null,""child_distance_from_parent_b_mean"":null,""layers_from_parent_a_mean"":null,""layers_from_parent_b_mean"":null,""crossover_no_legal_exchange"":0,""local_exchange_attention"":0,""local_exchange_mlp"":0,""local_exchange_quantization"":0,""local_exchange_block"":0,""child_distance_from_base_mean"":null,""child_distance_from_base_min"":null,""child_distance_from_base_max"":null,""child_distance_from_base_count"":0,""child_distance_from_donor_mean"":null,""child_distance_from_donor_min"":null,""child_distance_from_donor_max"":null,""child_distance_from_donor_count"":0,""donor_distance_reduction_mean"":null,""donor_distance_reduction_min"":null,""donor_distance_reduction_max"":null,""donor_distance_reduction_count"":0,""local_exchange_changed_gene_count_mean"":null,""local_exchange_changed_gene_count_min"":null,""local_exchange_changed_gene_count_max"":null,""local_exchange_changed_gene_count_count"":0,""child_distance_statistics_scope"":""accepted_unique_crossover_offspring"",""persistent_population_size"":1,""unique_population_size"":1,""best_population_fitness"":0.2353515625,""configured_survivors_per_selection"":[16,4,1],""effective_survivors_per_selection"":[16,4,1],""effective_final_survivor_count"":1},""offspring_generation"":{""attempts"":129,""no_op_mutations"":0,""duplicate_candidates"":1,""infeasible_candidates"":0,""fixed_quant_legal_swap_counts"":[]},""maximum_depth_mutations_per_offspring"":3,""quantization_step_size"":1,""quantization_mutations_per_offspring"":1,""joint_aware_probability"":0.0,""adaptive_mutation"":false,""adaptive_mutation_strength"":1,""adaptive_mutation_patience"":3,""adaptive_mutation_max_strength"":3,""coarse_to_fine_mutation"":false,""coarse_to_fine_start_strength"":3,""coarse_to_fine_end_strength"":1,""stagnation_generations_after_selection"":0}",quantization,True,129,128,16,5,262144,262144,655360,4917,38928384,27268.531993741984,15276.82177734375
34,0.2342529296875,0.2353515625,kl,0.2342529296875,,,,,0,{},128,16,4,1,"[16,4,1]","[2048,16384,131072]",6375608320,3.4642857142857144,3216.5078125,26982023168,26982023168,0,4,4,"{""type"":""mixed_depth_quantization"",""sequential_mode"":""none"",""joint_mutation_mode"":""standard"",""parent_before_generation_hash"":""6ec101c8c6041a01f35d20d9098ffc666f59362b49eeaac8e4020e2426c40e76"",""parent_after_generation_hash"":""8ad78208255429720e2bf9abd9828a3141ce153f77d7ca31f33ce05f885a1e74"",""generated_offspring_by_type"":{""depth"":59,""quantization"":69,""joint_aware"":0,""interaction_aware"":0,""sequential_quantization"":0,""fixed_quant_depth"":0,""component crossover"":0,""component crossover + repair"":0,""layer bundle crossover"":0,""layer bundle crossover + repair"":0},""depth_mask_entries_changed_by_type"":{""depth"":164,""quantization"":0,""joint_aware"":0,""interaction_aware"":0,""sequential_quantization"":0,""fixed_quant_depth"":0,""component crossover"":0,""component crossover + repair"":0,""layer bundle crossover"":0,""layer bundle crossover + repair"":0},""quant_assignments_changed_by_type"":{""depth"":77,""quantization"":152,""joint_aware"":0,""interaction_aware"":0,""sequential_quantization"":0,""fixed_quant_depth"":0,""component crossover"":0,""component crossover + repair"":0,""layer bundle crossover"":0,""layer bundle crossover + repair"":0},""depth_mask_entries_changed_total"":164,""quant_assignments_changed_total"":229,""interaction_aware_details"":{""budget_repair_quant_changes"":0,""preferred_quant_exchanges_used"":0,""fallback_quant_exchanges_used"":0},""crossover_diagnostics"":{""crossover_type"":""component"",""crossover_parent_selection"":""uniform"",""crossover_offspring"":0,""crossover_offspring_accepted"":0,""mutation_offspring_accepted"":128,""mutation_offspring"":128,""crossover_offspring_attempted"":0,""crossover_duplicates"":0,""crossover_infeasible_candidates"":0,""crossover_repair_changed_gene_count"":0,""crossover_repaired_proposals"":0,""parent_distance_mean"":null,""parent_distance_min"":null,""parent_distance_max"":null,""child_distance_from_parent_a_mean"":null,""child_distance_from_parent_b_mean"":null,""layers_from_parent_a_mean"":null,""layers_from_parent_b_mean"":null,""crossover_no_legal_exchange"":0,""local_exchange_attention"":0,""local_exchange_mlp"":0,""local_exchange_quantization"":0,""local_exchange_block"":0,""child_distance_from_base_mean"":null,""child_distance_from_base_min"":null,""child_distance_from_base_max"":null,""child_distance_from_base_count"":0,""child_distance_from_donor_mean"":null,""child_distance_from_donor_min"":null,""child_distance_from_donor_max"":null,""child_distance_from_donor_count"":0,""donor_distance_reduction_mean"":null,""donor_distance_reduction_min"":null,""donor_distance_reduction_max"":null,""donor_distance_reduction_count"":0,""local_exchange_changed_gene_count_mean"":null,""local_exchange_changed_gene_count_min"":null,""local_exchange_changed_gene_count_max"":null,""local_exchange_changed_gene_count_count"":0,""child_distance_statistics_scope"":""accepted_unique_crossover_offspring"",""persistent_population_size"":1,""unique_population_size"":1,""best_population_fitness"":0.2342529296875,""configured_survivors_per_selection"":[16,4,1],""effective_survivors_per_selection"":[16,4,1],""effective_final_survivor_count"":1},""offspring_generation"":{""attempts"":128,""no_op_mutations"":0,""duplicate_candidates"":0,""infeasible_candidates"":0,""fixed_quant_legal_swap_counts"":[]},""maximum_depth_mutations_per_offspring"":3,""quantization_step_size"":1,""quantization_mutations_per_offspring"":1,""joint_aware_probability"":0.0,""adaptive_mutation"":false,""adaptive_mutation_strength"":1,""adaptive_mutation_patience"":3,""adaptive_mutation_max_strength"":3,""coarse_to_fine_mutation"":false,""coarse_to_fine_start_strength"":3,""coarse_to_fine_end_strength"":1,""stagnation_generations_after_selection"":0}",quantization,True,128,128,16,5,262144,262144,655360,5066,40108032,27995.70932409796,15276.82177734375
35,0.231201171875,0.2342529296875,kl,0.231201171875,,,,,0,{},128,16,4,1,"[16,4,1]","[2048,16384,131072]",6375608320,3.4642857142857144,3216.5078125,26982023168,26982023168,0,4,4,"{""type"":""mixed_depth_quantization"",""sequential_mode"":""none"",""joint_mutation_mode"":""standard"",""parent_before_generation_hash"":""8ad78208255429720e2bf9abd9828a3141ce153f77d7ca31f33ce05f885a1e74"",""parent_after_generation_hash"":""e90282622a9ffc17bd55dec05524a7f160fe1619e72c3a6d34c33ea54313e519"",""generated_offspring_by_type"":{""depth"":67,""quantization"":61,""joint_aware"":0,""interaction_aware"":0,""sequential_quantization"":0,""fixed_quant_depth"":0,""component crossover"":0,""component crossover + repair"":0,""layer bundle crossover"":0,""layer bundle crossover + repair"":0},""depth_mask_entries_changed_by_type"":{""depth"":190,""quantization"":0,""joint_aware"":0,""interaction_aware"":0,""sequential_quantization"":0,""fixed_quant_depth"":0,""component crossover"":0,""component crossover + repair"":0,""layer bundle crossover"":0,""layer bundle crossover + repair"":0},""quant_assignments_changed_by_type"":{""depth"":95,""quantization"":137,""joint_aware"":0,""interaction_aware"":0,""sequential_quantization"":0,""fixed_quant_depth"":0,""component crossover"":0,""component crossover + repair"":0,""layer bundle crossover"":0,""layer bundle crossover + repair"":0},""depth_mask_entries_changed_total"":190,""quant_assignments_changed_total"":232,""interaction_aware_details"":{""budget_repair_quant_changes"":0,""preferred_quant_exchanges_used"":0,""fallback_quant_exchanges_used"":0},""crossover_diagnostics"":{""crossover_type"":""component"",""crossover_parent_selection"":""uniform"",""crossover_offspring"":0,""crossover_offspring_accepted"":0,""mutation_offspring_accepted"":128,""mutation_offspring"":128,""crossover_offspring_attempted"":0,""crossover_duplicates"":0,""crossover_infeasible_candidates"":0,""crossover_repair_changed_gene_count"":0,""crossover_repaired_proposals"":0,""parent_distance_mean"":null,""parent_distance_min"":null,""parent_distance_max"":null,""child_distance_from_parent_a_mean"":null,""child_distance_from_parent_b_mean"":null,""layers_from_parent_a_mean"":null,""layers_from_parent_b_mean"":null,""crossover_no_legal_exchange"":0,""local_exchange_attention"":0,""local_exchange_mlp"":0,""local_exchange_quantization"":0,""local_exchange_block"":0,""child_distance_from_base_mean"":null,""child_distance_from_base_min"":null,""child_distance_from_base_max"":null,""child_distance_from_base_count"":0,""child_distance_from_donor_mean"":null,""child_distance_from_donor_min"":null,""child_distance_from_donor_max"":null,""child_distance_from_donor_count"":0,""donor_distance_reduction_mean"":null,""donor_distance_reduction_min"":null,""donor_distance_reduction_max"":null,""donor_distance_reduction_count"":0,""local_exchange_changed_gene_count_mean"":null,""local_exchange_changed_gene_count_min"":null,""local_exchange_changed_gene_count_max"":null,""local_exchange_changed_gene_count_count"":0,""child_distance_statistics_scope"":""accepted_unique_crossover_offspring"",""persistent_population_size"":1,""unique_population_size"":1,""best_population_fitness"":0.231201171875,""configured_survivors_per_selection"":[16,4,1],""effective_survivors_per_selection"":[16,4,1],""effective_final_survivor_count"":1},""offspring_generation"":{""attempts"":128,""no_op_mutations"":0,""duplicate_candidates"":0,""infeasible_candidates"":0,""fixed_quant_legal_swap_counts"":[]},""maximum_depth_mutations_per_offspring"":3,""quantization_step_size"":1,""quantization_mutations_per_offspring"":1,""joint_aware_probability"":0.0,""adaptive_mutation"":false,""adaptive_mutation_strength"":1,""adaptive_mutation_patience"":3,""adaptive_mutation_max_strength"":3,""coarse_to_fine_mutation"":false,""coarse_to_fine_start_strength"":3,""coarse_to_fine_end_strength"":1,""stagnation_generations_after_selection"":0}",quantization,True,128,128,16,5,262144,262144,655360,5215,41287680,28778.44839658006,15276.82177734375
36,0.2330322265625,0.231201171875,kl,0.2330322265625,8.0859375,6.7265625,10.0390625,,917504,"{""wikitext2"":327680,""c4"":589824}",128,16,4,1,"[16,4,1]","[2048,16384,131072]",6375608320,3.4642857142857144,3216.5078125,26982023168,26982023168,0,4,4,"{""type"":""mixed_depth_quantization"",""sequential_mode"":""none"",""joint_mutation_mode"":""standard"",""parent_before_generation_hash"":""e90282622a9ffc17bd55dec05524a7f160fe1619e72c3a6d34c33ea54313e519"",""parent_after_generation_hash"":""f6cd8b9407ee2e396e456aefda6867570866997bbb19e113903a284d9c657d5b"",""generated_offspring_by_type"":{""depth"":62,""quantization"":66,""joint_aware"":0,""interaction_aware"":0,""sequential_quantization"":0,""fixed_quant_depth"":0,""component crossover"":0,""component crossover + repair"":0,""layer bundle crossover"":0,""layer bundle crossover + repair"":0},""depth_mask_entries_changed_by_type"":{""depth"":194,""quantization"":0,""joint_aware"":0,""interaction_aware"":0,""sequential_quantization"":0,""fixed_quant_depth"":0,""component crossover"":0,""component crossover + repair"":0,""layer bundle crossover"":0,""layer bundle crossover + repair"":0},""quant_assignments_changed_by_type"":{""depth"":95,""quantization"":147,""joint_aware"":0,""interaction_aware"":0,""sequential_quantization"":0,""fixed_quant_depth"":0,""component crossover"":0,""component crossover + repair"":0,""layer bundle crossover"":0,""layer bundle crossover + repair"":0},""depth_mask_entries_changed_total"":194,""quant_assignments_changed_total"":242,""interaction_aware_details"":{""budget_repair_quant_changes"":0,""preferred_quant_exchanges_used"":0,""fallback_quant_exchanges_used"":0},""crossover_diagnostics"":{""crossover_type"":""component"",""crossover_parent_selection"":""uniform"",""crossover_offspring"":0,""crossover_offspring_accepted"":0,""mutation_offspring_accepted"":128,""mutation_offspring"":128,""crossover_offspring_attempted"":0,""crossover_duplicates"":0,""crossover_infeasible_candidates"":0,""crossover_repair_changed_gene_count"":0,""crossover_repaired_proposals"":0,""parent_distance_mean"":null,""parent_distance_min"":null,""parent_distance_max"":null,""child_distance_from_parent_a_mean"":null,""child_distance_from_parent_b_mean"":null,""layers_from_parent_a_mean"":null,""layers_from_parent_b_mean"":null,""crossover_no_legal_exchange"":0,""local_exchange_attention"":0,""local_exchange_mlp"":0,""local_exchange_quantization"":0,""local_exchange_block"":0,""child_distance_from_base_mean"":null,""child_distance_from_base_min"":null,""child_distance_from_base_max"":null,""child_distance_from_base_count"":0,""child_distance_from_donor_mean"":null,""child_distance_from_donor_min"":null,""child_distance_from_donor_max"":null,""child_distance_from_donor_count"":0,""donor_distance_reduction_mean"":null,""donor_distance_reduction_min"":null,""donor_distance_reduction_max"":null,""donor_distance_reduction_count"":0,""local_exchange_changed_gene_count_mean"":null,""local_exchange_changed_gene_count_min"":null,""local_exchange_changed_gene_count_max"":null,""local_exchange_changed_gene_count_count"":0,""child_distance_statistics_scope"":""accepted_unique_crossover_offspring"",""persistent_population_size"":1,""unique_population_size"":1,""best_population_fitness"":0.2330322265625,""configured_survivors_per_selection"":[16,4,1],""effective_survivors_per_selection"":[16,4,1],""effective_final_survivor_count"":1},""offspring_generation"":{""attempts"":128,""no_op_mutations"":0,""duplicate_candidates"":0,""infeasible_candidates"":0,""fixed_quant_legal_swap_counts"":[]},""maximum_depth_mutations_per_offspring"":3,""quantization_step_size"":1,""quantization_mutations_per_offspring"":1,""joint_aware_probability"":0.0,""adaptive_mutation"":false,""adaptive_mutation_strength"":1,""adaptive_mutation_patience"":3,""adaptive_mutation_max_strength"":3,""coarse_to_fine_mutation"":false,""coarse_to_fine_start_strength"":3,""coarse_to_fine_end_strength"":1,""stagnation_generations_after_selection"":0}",quantization,True,128,128,16,5,262144,262144,655360,5364,42467328,29772.544030969962,15276.82177734375
37,0.239501953125,0.2330322265625,kl,0.239501953125,,,,,0,{},128,16,4,1,"[16,4,1]","[2048,16384,131072]",6375608320,3.4642857142857144,3216.5078125,26982023168,26982023168,0,4,4,"{""type"":""mixed_depth_quantization"",""sequential_mode"":""none"",""joint_mutation_mode"":""standard"",""parent_before_generation_hash"":""f6cd8b9407ee2e396e456aefda6867570866997bbb19e113903a284d9c657d5b"",""parent_after_generation_hash"":""8d6a29c8fcc24725eed4c04c23d92720602eb6031727280d326d8b4ecc52a76f"",""generated_offspring_by_type"":{""depth"":60,""quantization"":68,""joint_aware"":0,""interaction_aware"":0,""sequential_quantization"":0,""fixed_quant_depth"":0,""component crossover"":0,""component crossover + repair"":0,""layer bundle crossover"":0,""layer bundle crossover + repair"":0},""depth_mask_entries_changed_by_type"":{""depth"":178,""quantization"":0,""joint_aware"":0,""interaction_aware"":0,""sequential_quantization"":0,""fixed_quant_depth"":0,""component crossover"":0,""component crossover + repair"":0,""layer bundle crossover"":0,""layer bundle crossover + repair"":0},""quant_assignments_changed_by_type"":{""depth"":87,""quantization"":148,""joint_aware"":0,""interaction_aware"":0,""sequential_quantization"":0,""fixed_quant_depth"":0,""component crossover"":0,""component crossover + repair"":0,""layer bundle crossover"":0,""layer bundle crossover + repair"":0},""depth_mask_entries_changed_total"":178,""quant_assignments_changed_total"":235,""interaction_aware_details"":{""budget_repair_quant_changes"":0,""preferred_quant_exchanges_used"":0,""fallback_quant_exchanges_used"":0},""crossover_diagnostics"":{""crossover_type"":""component"",""crossover_parent_selection"":""uniform"",""crossover_offspring"":0,""crossover_offspring_accepted"":0,""mutation_offspring_accepted"":128,""mutation_offspring"":128,""crossover_offspring_attempted"":0,""crossover_duplicates"":0,""crossover_infeasible_candidates"":0,""crossover_repair_changed_gene_count"":0,""crossover_repaired_proposals"":0,""parent_distance_mean"":null,""parent_distance_min"":null,""parent_distance_max"":null,""child_distance_from_parent_a_mean"":null,""child_distance_from_parent_b_mean"":null,""layers_from_parent_a_mean"":null,""layers_from_parent_b_mean"":null,""crossover_no_legal_exchange"":0,""local_exchange_attention"":0,""local_exchange_mlp"":0,""local_exchange_quantization"":0,""local_exchange_block"":0,""child_distance_from_base_mean"":null,""child_distance_from_base_min"":null,""child_distance_from_base_max"":null,""child_distance_from_base_count"":0,""child_distance_from_donor_mean"":null,""child_distance_from_donor_min"":null,""child_distance_from_donor_max"":null,""child_distance_from_donor_count"":0,""donor_distance_reduction_mean"":null,""donor_distance_reduction_min"":null,""donor_distance_reduction_max"":null,""donor_distance_reduction_count"":0,""local_exchange_changed_gene_count_mean"":null,""local_exchange_changed_gene_count_min"":null,""local_exchange_changed_gene_count_max"":null,""local_exchange_changed_gene_count_count"":0,""child_distance_statistics_scope"":""accepted_unique_crossover_offspring"",""persistent_population_size"":1,""unique_population_size"":1,""best_population_fitness"":0.239501953125,""configured_survivors_per_selection"":[16,4,1],""effective_survivors_per_selection"":[16,4,1],""effective_final_survivor_count"":1},""offspring_generation"":{""attempts"":129,""no_op_mutations"":1,""duplicate_candidates"":0,""infeasible_candidates"":0,""fixed_quant_legal_swap_counts"":[]},""maximum_depth_mutations_per_offspring"":3,""quantization_step_size"":1,""quantization_mutations_per_offspring"":1,""joint_aware_probability"":0.0,""adaptive_mutation"":false,""adaptive_mutation_strength"":1,""adaptive_mutation_patience"":3,""adaptive_mutation_max_strength"":3,""coarse_to_fine_mutation"":false,""coarse_to_fine_start_strength"":3,""coarse_to_fine_end_strength"":1,""stagnation_generations_after_selection"":0}",quantization,True,129,128,16,5,262144,262144,655360,5513,43646976,30601.281519107986,15276.82177734375
38,0.2413330078125,0.239501953125,kl,0.2413330078125,,,,,0,{},128,16,4,1,"[16,4,1]","[2048,16384,131072]",6375608320,3.4642857142857144,3216.5078125,26982023168,26982023168,0,4,4,"{""type"":""mixed_depth_quantization"",""sequential_mode"":""none"",""joint_mutation_mode"":""standard"",""parent_before_generation_hash"":""8d6a29c8fcc24725eed4c04c23d92720602eb6031727280d326d8b4ecc52a76f"",""parent_after_generation_hash"":""e3ec0e5107d88bfcf5b6bafe971866689c033d3f10f559c76211dac860c5e8da"",""generated_offspring_by_type"":{""depth"":63,""quantization"":65,""joint_aware"":0,""interaction_aware"":0,""sequential_quantization"":0,""fixed_quant_depth"":0,""component crossover"":0,""component crossover + repair"":0,""layer bundle crossover"":0,""layer bundle crossover + repair"":0},""depth_mask_entries_changed_by_type"":{""depth"":172,""quantization"":0,""joint_aware"":0,""interaction_aware"":0,""sequential_quantization"":0,""fixed_quant_depth"":0,""component crossover"":0,""component crossover + repair"":0,""layer bundle crossover"":0,""layer bundle crossover + repair"":0},""quant_assignments_changed_by_type"":{""depth"":81,""quantization"":143,""joint_aware"":0,""interaction_aware"":0,""sequential_quantization"":0,""fixed_quant_depth"":0,""component crossover"":0,""component crossover + repair"":0,""layer bundle crossover"":0,""layer bundle crossover + repair"":0},""depth_mask_entries_changed_total"":172,""quant_assignments_changed_total"":224,""interaction_aware_details"":{""budget_repair_quant_changes"":0,""preferred_quant_exchanges_used"":0,""fallback_quant_exchanges_used"":0},""crossover_diagnostics"":{""crossover_type"":""component"",""crossover_parent_selection"":""uniform"",""crossover_offspring"":0,""crossover_offspring_accepted"":0,""mutation_offspring_accepted"":128,""mutation_offspring"":128,""crossover_offspring_attempted"":0,""crossover_duplicates"":0,""crossover_infeasible_candidates"":0,""crossover_repair_changed_gene_count"":0,""crossover_repaired_proposals"":0,""parent_distance_mean"":null,""parent_distance_min"":null,""parent_distance_max"":null,""child_distance_from_parent_a_mean"":null,""child_distance_from_parent_b_mean"":null,""layers_from_parent_a_mean"":null,""layers_from_parent_b_mean"":null,""crossover_no_legal_exchange"":0,""local_exchange_attention"":0,""local_exchange_mlp"":0,""local_exchange_quantization"":0,""local_exchange_block"":0,""child_distance_from_base_mean"":null,""child_distance_from_base_min"":null,""child_distance_from_base_max"":null,""child_distance_from_base_count"":0,""child_distance_from_donor_mean"":null,""child_distance_from_donor_min"":null,""child_distance_from_donor_max"":null,""child_distance_from_donor_count"":0,""donor_distance_reduction_mean"":null,""donor_distance_reduction_min"":null,""donor_distance_reduction_max"":null,""donor_distance_reduction_count"":0,""local_exchange_changed_gene_count_mean"":null,""local_exchange_changed_gene_count_min"":null,""local_exchange_changed_gene_count_max"":null,""local_exchange_changed_gene_count_count"":0,""child_distance_statistics_scope"":""accepted_unique_crossover_offspring"",""persistent_population_size"":1,""unique_population_size"":1,""best_population_fitness"":0.2413330078125,""configured_survivors_per_selection"":[16,4,1],""effective_survivors_per_selection"":[16,4,1],""effective_final_survivor_count"":1},""offspring_generation"":{""attempts"":130,""no_op_mutations"":0,""duplicate_candidates"":2,""infeasible_candidates"":0,""fixed_quant_legal_swap_counts"":[]},""maximum_depth_mutations_per_offspring"":3,""quantization_step_size"":1,""quantization_mutations_per_offspring"":1,""joint_aware_probability"":0.0,""adaptive_mutation"":false,""adaptive_mutation_strength"":1,""adaptive_mutation_patience"":3,""adaptive_mutation_max_strength"":3,""coarse_to_fine_mutation"":false,""coarse_to_fine_start_strength"":3,""coarse_to_fine_end_strength"":1,""stagnation_generations_after_selection"":0}",quantization,True,130,128,16,5,262144,262144,655360,5662,44826624,31332.891944992007,15276.82177734375
39,0.2332763671875,0.2413330078125,kl,0.2332763671875,,,,,0,{},128,16,4,1,"[16,4,1]","[2048,16384,131072]",6375608320,3.4642857142857144,3216.5078125,26982023168,26982023168,0,4,4,"{""type"":""mixed_depth_quantization"",""sequential_mode"":""none"",""joint_mutation_mode"":""standard"",""parent_before_generation_hash"":""e3ec0e5107d88bfcf5b6bafe971866689c033d3f10f559c76211dac860c5e8da"",""parent_after_generation_hash"":""d859bc8655bc30db670ca7c4dd00a9e22e75a3a8bfedd5ecf427df1604269eb2"",""generated_offspring_by_type"":{""depth"":65,""quantization"":63,""joint_aware"":0,""interaction_aware"":0,""sequential_quantization"":0,""fixed_quant_depth"":0,""component crossover"":0,""component crossover + repair"":0,""layer bundle crossover"":0,""layer bundle crossover + repair"":0},""depth_mask_entries_changed_by_type"":{""depth"":200,""quantization"":0,""joint_aware"":0,""interaction_aware"":0,""sequential_quantization"":0,""fixed_quant_depth"":0,""component crossover"":0,""component crossover + repair"":0,""layer bundle crossover"":0,""layer bundle crossover + repair"":0},""quant_assignments_changed_by_type"":{""depth"":102,""quantization"":139,""joint_aware"":0,""interaction_aware"":0,""sequential_quantization"":0,""fixed_quant_depth"":0,""component crossover"":0,""component crossover + repair"":0,""layer bundle crossover"":0,""layer bundle crossover + repair"":0},""depth_mask_entries_changed_total"":200,""quant_assignments_changed_total"":241,""interaction_aware_details"":{""budget_repair_quant_changes"":0,""preferred_quant_exchanges_used"":0,""fallback_quant_exchanges_used"":0},""crossover_diagnostics"":{""crossover_type"":""component"",""crossover_parent_selection"":""uniform"",""crossover_offspring"":0,""crossover_offspring_accepted"":0,""mutation_offspring_accepted"":128,""mutation_offspring"":128,""crossover_offspring_attempted"":0,""crossover_duplicates"":0,""crossover_infeasible_candidates"":0,""crossover_repair_changed_gene_count"":0,""crossover_repaired_proposals"":0,""parent_distance_mean"":null,""parent_distance_min"":null,""parent_distance_max"":null,""child_distance_from_parent_a_mean"":null,""child_distance_from_parent_b_mean"":null,""layers_from_parent_a_mean"":null,""layers_from_parent_b_mean"":null,""crossover_no_legal_exchange"":0,""local_exchange_attention"":0,""local_exchange_mlp"":0,""local_exchange_quantization"":0,""local_exchange_block"":0,""child_distance_from_base_mean"":null,""child_distance_from_base_min"":null,""child_distance_from_base_max"":null,""child_distance_from_base_count"":0,""child_distance_from_donor_mean"":null,""child_distance_from_donor_min"":null,""child_distance_from_donor_max"":null,""child_distance_from_donor_count"":0,""donor_distance_reduction_mean"":null,""donor_distance_reduction_min"":null,""donor_distance_reduction_max"":null,""donor_distance_reduction_count"":0,""local_exchange_changed_gene_count_mean"":null,""local_exchange_changed_gene_count_min"":null,""local_exchange_changed_gene_count_max"":null,""local_exchange_changed_gene_count_count"":0,""child_distance_statistics_scope"":""accepted_unique_crossover_offspring"",""persistent_population_size"":1,""unique_population_size"":1,""best_population_fitness"":0.2332763671875,""configured_survivors_per_selection"":[16,4,1],""effective_survivors_per_selection"":[16,4,1],""effective_final_survivor_count"":1},""offspring_generation"":{""attempts"":129,""no_op_mutations"":0,""duplicate_candidates"":1,""infeasible_candidates"":0,""fixed_quant_legal_swap_counts"":[]},""maximum_depth_mutations_per_offspring"":3,""quantization_step_size"":1,""quantization_mutations_per_offspring"":1,""joint_aware_probability"":0.0,""adaptive_mutation"":false,""adaptive_mutation_strength"":1,""adaptive_mutation_patience"":3,""adaptive_mutation_max_strength"":3,""coarse_to_fine_mutation"":false,""coarse_to_fine_start_strength"":3,""coarse_to_fine_end_strength"":1,""stagnation_generations_after_selection"":0}",quantization,True,129,128,16,5,262144,262144,655360,5811,46006272,32153.936807413003,15276.82177734375
40,0.238037109375,0.2332763671875,kl,0.238037109375,,,,,0,{},128,16,4,1,"[16,4,1]","[2048,16384,131072]",6375608320,3.4642857142857144,3216.5078125,26982023168,26982023168,0,4,4,"{""type"":""mixed_depth_quantization"",""sequential_mode"":""none"",""joint_mutation_mode"":""standard"",""parent_before_generation_hash"":""d859bc8655bc30db670ca7c4dd00a9e22e75a3a8bfedd5ecf427df1604269eb2"",""parent_after_generation_hash"":""d55db283f3c837392504daaf53dca47037d1714443a1ba483af189416b6de999"",""generated_offspring_by_type"":{""depth"":67,""quantization"":61,""joint_aware"":0,""interaction_aware"":0,""sequential_quantization"":0,""fixed_quant_depth"":0,""component crossover"":0,""component crossover + repair"":0,""layer bundle crossover"":0,""layer bundle crossover + repair"":0},""depth_mask_entries_changed_by_type"":{""depth"":208,""quantization"":0,""joint_aware"":0,""interaction_aware"":0,""sequential_quantization"":0,""fixed_quant_depth"":0,""component crossover"":0,""component crossover + repair"":0,""layer bundle crossover"":0,""layer bundle crossover + repair"":0},""quant_assignments_changed_by_type"":{""depth"":102,""quantization"":138,""joint_aware"":0,""interaction_aware"":0,""sequential_quantization"":0,""fixed_quant_depth"":0,""component crossover"":0,""component crossover + repair"":0,""layer bundle crossover"":0,""layer bundle crossover + repair"":0},""depth_mask_entries_changed_total"":208,""quant_assignments_changed_total"":240,""interaction_aware_details"":{""budget_repair_quant_changes"":0,""preferred_quant_exchanges_used"":0,""fallback_quant_exchanges_used"":0},""crossover_diagnostics"":{""crossover_type"":""component"",""crossover_parent_selection"":""uniform"",""crossover_offspring"":0,""crossover_offspring_accepted"":0,""mutation_offspring_accepted"":128,""mutation_offspring"":128,""crossover_offspring_attempted"":0,""crossover_duplicates"":0,""crossover_infeasible_candidates"":0,""crossover_repair_changed_gene_count"":0,""crossover_repaired_proposals"":0,""parent_distance_mean"":null,""parent_distance_min"":null,""parent_distance_max"":null,""child_distance_from_parent_a_mean"":null,""child_distance_from_parent_b_mean"":null,""layers_from_parent_a_mean"":null,""layers_from_parent_b_mean"":null,""crossover_no_legal_exchange"":0,""local_exchange_attention"":0,""local_exchange_mlp"":0,""local_exchange_quantization"":0,""local_exchange_block"":0,""child_distance_from_base_mean"":null,""child_distance_from_base_min"":null,""child_distance_from_base_max"":null,""child_distance_from_base_count"":0,""child_distance_from_donor_mean"":null,""child_distance_from_donor_min"":null,""child_distance_from_donor_max"":null,""child_distance_from_donor_count"":0,""donor_distance_reduction_mean"":null,""donor_distance_reduction_min"":null,""donor_distance_reduction_max"":null,""donor_distance_reduction_count"":0,""local_exchange_changed_gene_count_mean"":null,""local_exchange_changed_gene_count_min"":null,""local_exchange_changed_gene_count_max"":null,""local_exchange_changed_gene_count_count"":0,""child_distance_statistics_scope"":""accepted_unique_crossover_offspring"",""persistent_population_size"":1,""unique_population_size"":1,""best_population_fitness"":0.238037109375,""configured_survivors_per_selection"":[16,4,1],""effective_survivors_per_selection"":[16,4,1],""effective_final_survivor_count"":1},""offspring_generation"":{""attempts"":129,""no_op_mutations"":0,""duplicate_candidates"":1,""infeasible_candidates"":0,""fixed_quant_legal_swap_counts"":[]},""maximum_depth_mutations_per_offspring"":3,""quantization_step_size"":1,""quantization_mutations_per_offspring"":1,""joint_aware_probability"":0.0,""adaptive_mutation"":false,""adaptive_mutation_strength"":1,""adaptive_mutation_patience"":3,""adaptive_mutation_max_strength"":3,""coarse_to_fine_mutation"":false,""coarse_to_fine_start_strength"":3,""coarse_to_fine_end_strength"":1,""stagnation_generations_after_selection"":0}",quantization,True,129,128,16,5,262144,262144,655360,5960,47185920,32960.94278684596,15276.82177734375
41,0.23388671875,0.238037109375,kl,0.23388671875,8.1015625,6.703125,10.0,,917504,"{""wikitext2"":327680,""c4"":589824}",128,16,4,1,"[16,4,1]","[2048,16384,131072]",6375608320,3.4642857142857144,3216.5078125,26982023168,26982023168,0,4,4,"{""type"":""mixed_depth_quantization"",""sequential_mode"":""none"",""joint_mutation_mode"":""standard"",""parent_before_generation_hash"":""d55db283f3c837392504daaf53dca47037d1714443a1ba483af189416b6de999"",""parent_after_generation_hash"":""ae5f2def62d815cf22b0af7ffe8126f89078cd195546c8e9429966131def386f"",""generated_offspring_by_type"":{""depth"":55,""quantization"":73,""joint_aware"":0,""interaction_aware"":0,""sequential_quantization"":0,""fixed_quant_depth"":0,""component crossover"":0,""component crossover + repair"":0,""layer bundle crossover"":0,""layer bundle crossover + repair"":0},""depth_mask_entries_changed_by_type"":{""depth"":162,""quantization"":0,""joint_aware"":0,""interaction_aware"":0,""sequential_quantization"":0,""fixed_quant_depth"":0,""component crossover"":0,""component crossover + repair"":0,""layer bundle crossover"":0,""layer bundle crossover + repair"":0},""quant_assignments_changed_by_type"":{""depth"":88,""quantization"":160,""joint_aware"":0,""interaction_aware"":0,""sequential_quantization"":0,""fixed_quant_depth"":0,""component crossover"":0,""component crossover + repair"":0,""layer bundle crossover"":0,""layer bundle crossover + repair"":0},""depth_mask_entries_changed_total"":162,""quant_assignments_changed_total"":248,""interaction_aware_details"":{""budget_repair_quant_changes"":0,""preferred_quant_exchanges_used"":0,""fallback_quant_exchanges_used"":0},""crossover_diagnostics"":{""crossover_type"":""component"",""crossover_parent_selection"":""uniform"",""crossover_offspring"":0,""crossover_offspring_accepted"":0,""mutation_offspring_accepted"":128,""mutation_offspring"":128,""crossover_offspring_attempted"":0,""crossover_duplicates"":0,""crossover_infeasible_candidates"":0,""crossover_repair_changed_gene_count"":0,""crossover_repaired_proposals"":0,""parent_distance_mean"":null,""parent_distance_min"":null,""parent_distance_max"":null,""child_distance_from_parent_a_mean"":null,""child_distance_from_parent_b_mean"":null,""layers_from_parent_a_mean"":null,""layers_from_parent_b_mean"":null,""crossover_no_legal_exchange"":0,""local_exchange_attention"":0,""local_exchange_mlp"":0,""local_exchange_quantization"":0,""local_exchange_block"":0,""child_distance_from_base_mean"":null,""child_distance_from_base_min"":null,""child_distance_from_base_max"":null,""child_distance_from_base_count"":0,""child_distance_from_donor_mean"":null,""child_distance_from_donor_min"":null,""child_distance_from_donor_max"":null,""child_distance_from_donor_count"":0,""donor_distance_reduction_mean"":null,""donor_distance_reduction_min"":null,""donor_distance_reduction_max"":null,""donor_distance_reduction_count"":0,""local_exchange_changed_gene_count_mean"":null,""local_exchange_changed_gene_count_min"":null,""local_exchange_changed_gene_count_max"":null,""local_exchange_changed_gene_count_count"":0,""child_distance_statistics_scope"":""accepted_unique_crossover_offspring"",""persistent_population_size"":1,""unique_population_size"":1,""best_population_fitness"":0.23388671875,""configured_survivors_per_selection"":[16,4,1],""effective_survivors_per_selection"":[16,4,1],""effective_final_survivor_count"":1},""offspring_generation"":{""attempts"":129,""no_op_mutations"":0,""duplicate_candidates"":1,""infeasible_candidates"":0,""fixed_quant_legal_swap_counts"":[]},""maximum_depth_mutations_per_offspring"":3,""quantization_step_size"":1,""quantization_mutations_per_offspring"":1,""joint_aware_probability"":0.0,""adaptive_mutation"":false,""adaptive_mutation_strength"":1,""adaptive_mutation_patience"":3,""adaptive_mutation_max_strength"":3,""coarse_to_fine_mutation"":false,""coarse_to_fine_start_strength"":3,""coarse_to_fine_end_strength"":1,""stagnation_generations_after_selection"":0}",quantization,True,129,128,16,5,262144,262144,655360,6109,48365568,33956.46544522699,15276.82177734375
42,0.2349853515625,0.23388671875,kl,0.2349853515625,,,,,0,{},128,16,4,1,"[16,4,1]","[2048,16384,131072]",6375608320,3.4642857142857144,3216.5078125,26982023168,26982023168,0,4,4,"{""type"":""mixed_depth_quantization"",""sequential_mode"":""none"",""joint_mutation_mode"":""standard"",""parent_before_generation_hash"":""ae5f2def62d815cf22b0af7ffe8126f89078cd195546c8e9429966131def386f"",""parent_after_generation_hash"":""924d59d13ddd0bfee2c76af9eac7e666d1d2ab6dbc8bcfbfc4e7a5c4951a5df1"",""generated_offspring_by_type"":{""depth"":66,""quantization"":62,""joint_aware"":0,""interaction_aware"":0,""sequential_quantization"":0,""fixed_quant_depth"":0,""component crossover"":0,""component crossover + repair"":0,""layer bundle crossover"":0,""layer bundle crossover + repair"":0},""depth_mask_entries_changed_by_type"":{""depth"":188,""quantization"":0,""joint_aware"":0,""interaction_aware"":0,""sequential_quantization"":0,""fixed_quant_depth"":0,""component crossover"":0,""component crossover + repair"":0,""layer bundle crossover"":0,""layer bundle crossover + repair"":0},""quant_assignments_changed_by_type"":{""depth"":93,""quantization"":135,""joint_aware"":0,""interaction_aware"":0,""sequential_quantization"":0,""fixed_quant_depth"":0,""component crossover"":0,""component crossover + repair"":0,""layer bundle crossover"":0,""layer bundle crossover + repair"":0},""depth_mask_entries_changed_total"":188,""quant_assignments_changed_total"":228,""interaction_aware_details"":{""budget_repair_quant_changes"":0,""preferred_quant_exchanges_used"":0,""fallback_quant_exchanges_used"":0},""crossover_diagnostics"":{""crossover_type"":""component"",""crossover_parent_selection"":""uniform"",""crossover_offspring"":0,""crossover_offspring_accepted"":0,""mutation_offspring_accepted"":128,""mutation_offspring"":128,""crossover_offspring_attempted"":0,""crossover_duplicates"":0,""crossover_infeasible_candidates"":0,""crossover_repair_changed_gene_count"":0,""crossover_repaired_proposals"":0,""parent_distance_mean"":null,""parent_distance_min"":null,""parent_distance_max"":null,""child_distance_from_parent_a_mean"":null,""child_distance_from_parent_b_mean"":null,""layers_from_parent_a_mean"":null,""layers_from_parent_b_mean"":null,""crossover_no_legal_exchange"":0,""local_exchange_attention"":0,""local_exchange_mlp"":0,""local_exchange_quantization"":0,""local_exchange_block"":0,""child_distance_from_base_mean"":null,""child_distance_from_base_min"":null,""child_distance_from_base_max"":null,""child_distance_from_base_count"":0,""child_distance_from_donor_mean"":null,""child_distance_from_donor_min"":null,""child_distance_from_donor_max"":null,""child_distance_from_donor_count"":0,""donor_distance_reduction_mean"":null,""donor_distance_reduction_min"":null,""donor_distance_reduction_max"":null,""donor_distance_reduction_count"":0,""local_exchange_changed_gene_count_mean"":null,""local_exchange_changed_gene_count_min"":null,""local_exchange_changed_gene_count_max"":null,""local_exchange_changed_gene_count_count"":0,""child_distance_statistics_scope"":""accepted_unique_crossover_offspring"",""persistent_population_size"":1,""unique_population_size"":1,""best_population_fitness"":0.2349853515625,""configured_survivors_per_selection"":[16,4,1],""effective_survivors_per_selection"":[16,4,1],""effective_final_survivor_count"":1},""offspring_generation"":{""attempts"":129,""no_op_mutations"":0,""duplicate_candidates"":1,""infeasible_candidates"":0,""fixed_quant_legal_swap_counts"":[]},""maximum_depth_mutations_per_offspring"":3,""quantization_step_size"":1,""quantization_mutations_per_offspring"":1,""joint_aware_probability"":0.0,""adaptive_mutation"":false,""adaptive_mutation_strength"":1,""adaptive_mutation_patience"":3,""adaptive_mutation_max_strength"":3,""coarse_to_fine_mutation"":false,""coarse_to_fine_start_strength"":3,""coarse_to_fine_end_strength"":1,""stagnation_generations_after_selection"":0}",quantization,True,129,128,16,5,262144,262144,655360,6258,49545216,34793.68505999399,15276.82177734375
43,0.23779296875,0.2349853515625,kl,0.23779296875,,,,,0,{},128,16,4,1,"[16,4,1]","[2048,16384,131072]",6375608320,3.4642857142857144,3216.5078125,26982023168,26982023168,0,4,4,"{""type"":""mixed_depth_quantization"",""sequential_mode"":""none"",""joint_mutation_mode"":""standard"",""parent_before_generation_hash"":""924d59d13ddd0bfee2c76af9eac7e666d1d2ab6dbc8bcfbfc4e7a5c4951a5df1"",""parent_after_generation_hash"":""6cf39aa5ec6cc2fc602a2b0287ed7bd80b70f78ddcfdedbaed774ebbfcf4b593"",""generated_offspring_by_type"":{""depth"":69,""quantization"":59,""joint_aware"":0,""interaction_aware"":0,""sequential_quantization"":0,""fixed_quant_depth"":0,""component crossover"":0,""component crossover + repair"":0,""layer bundle crossover"":0,""layer bundle crossover + repair"":0},""depth_mask_entries_changed_by_type"":{""depth"":198,""quantization"":0,""joint_aware"":0,""interaction_aware"":0,""sequential_quantization"":0,""fixed_quant_depth"":0,""component crossover"":0,""component crossover + repair"":0,""layer bundle crossover"":0,""layer bundle crossover + repair"":0},""quant_assignments_changed_by_type"":{""depth"":99,""quantization"":128,""joint_aware"":0,""interaction_aware"":0,""sequential_quantization"":0,""fixed_quant_depth"":0,""component crossover"":0,""component crossover + repair"":0,""layer bundle crossover"":0,""layer bundle crossover + repair"":0},""depth_mask_entries_changed_total"":198,""quant_assignments_changed_total"":227,""interaction_aware_details"":{""budget_repair_quant_changes"":0,""preferred_quant_exchanges_used"":0,""fallback_quant_exchanges_used"":0},""crossover_diagnostics"":{""crossover_type"":""component"",""crossover_parent_selection"":""uniform"",""crossover_offspring"":0,""crossover_offspring_accepted"":0,""mutation_offspring_accepted"":128,""mutation_offspring"":128,""crossover_offspring_attempted"":0,""crossover_duplicates"":0,""crossover_infeasible_candidates"":0,""crossover_repair_changed_gene_count"":0,""crossover_repaired_proposals"":0,""parent_distance_mean"":null,""parent_distance_min"":null,""parent_distance_max"":null,""child_distance_from_parent_a_mean"":null,""child_distance_from_parent_b_mean"":null,""layers_from_parent_a_mean"":null,""layers_from_parent_b_mean"":null,""crossover_no_legal_exchange"":0,""local_exchange_attention"":0,""local_exchange_mlp"":0,""local_exchange_quantization"":0,""local_exchange_block"":0,""child_distance_from_base_mean"":null,""child_distance_from_base_min"":null,""child_distance_from_base_max"":null,""child_distance_from_base_count"":0,""child_distance_from_donor_mean"":null,""child_distance_from_donor_min"":null,""child_distance_from_donor_max"":null,""child_distance_from_donor_count"":0,""donor_distance_reduction_mean"":null,""donor_distance_reduction_min"":null,""donor_distance_reduction_max"":null,""donor_distance_reduction_count"":0,""local_exchange_changed_gene_count_mean"":null,""local_exchange_changed_gene_count_min"":null,""local_exchange_changed_gene_count_max"":null,""local_exchange_changed_gene_count_count"":0,""child_distance_statistics_scope"":""accepted_unique_crossover_offspring"",""persistent_population_size"":1,""unique_population_size"":1,""best_population_fitness"":0.23779296875,""configured_survivors_per_selection"":[16,4,1],""effective_survivors_per_selection"":[16,4,1],""effective_final_survivor_count"":1},""offspring_generation"":{""attempts"":128,""no_op_mutations"":0,""duplicate_candidates"":0,""infeasible_candidates"":0,""fixed_quant_legal_swap_counts"":[]},""maximum_depth_mutations_per_offspring"":3,""quantization_step_size"":1,""quantization_mutations_per_offspring"":1,""joint_aware_probability"":0.0,""adaptive_mutation"":false,""adaptive_mutation_strength"":1,""adaptive_mutation_patience"":3,""adaptive_mutation_max_strength"":3,""coarse_to_fine_mutation"":false,""coarse_to_fine_start_strength"":3,""coarse_to_fine_end_strength"":1,""stagnation_generations_after_selection"":0}",quantization,True,128,128,16,5,262144,262144,655360,6407,50724864,35538.18130510696,15276.82177734375
44,0.227783203125,0.23779296875,kl,0.227783203125,,,,,0,{},128,16,4,1,"[16,4,1]","[2048,16384,131072]",6375608320,3.4642857142857144,3216.5078125,26982023168,26982023168,0,4,4,"{""type"":""mixed_depth_quantization"",""sequential_mode"":""none"",""joint_mutation_mode"":""standard"",""parent_before_generation_hash"":""6cf39aa5ec6cc2fc602a2b0287ed7bd80b70f78ddcfdedbaed774ebbfcf4b593"",""parent_after_generation_hash"":""5dde18b958cf120f75e74c0c1672834029125200073ad7e324df50e20bc47d21"",""generated_offspring_by_type"":{""depth"":58,""quantization"":70,""joint_aware"":0,""interaction_aware"":0,""sequential_quantization"":0,""fixed_quant_depth"":0,""component crossover"":0,""component crossover + repair"":0,""layer bundle crossover"":0,""layer bundle crossover + repair"":0},""depth_mask_entries_changed_by_type"":{""depth"":170,""quantization"":0,""joint_aware"":0,""interaction_aware"":0,""sequential_quantization"":0,""fixed_quant_depth"":0,""component crossover"":0,""component crossover + repair"":0,""layer bundle crossover"":0,""layer bundle crossover + repair"":0},""quant_assignments_changed_by_type"":{""depth"":87,""quantization"":155,""joint_aware"":0,""interaction_aware"":0,""sequential_quantization"":0,""fixed_quant_depth"":0,""component crossover"":0,""component crossover + repair"":0,""layer bundle crossover"":0,""layer bundle crossover + repair"":0},""depth_mask_entries_changed_total"":170,""quant_assignments_changed_total"":242,""interaction_aware_details"":{""budget_repair_quant_changes"":0,""preferred_quant_exchanges_used"":0,""fallback_quant_exchanges_used"":0},""crossover_diagnostics"":{""crossover_type"":""component"",""crossover_parent_selection"":""uniform"",""crossover_offspring"":0,""crossover_offspring_accepted"":0,""mutation_offspring_accepted"":128,""mutation_offspring"":128,""crossover_offspring_attempted"":0,""crossover_duplicates"":0,""crossover_infeasible_candidates"":0,""crossover_repair_changed_gene_count"":0,""crossover_repaired_proposals"":0,""parent_distance_mean"":null,""parent_distance_min"":null,""parent_distance_max"":null,""child_distance_from_parent_a_mean"":null,""child_distance_from_parent_b_mean"":null,""layers_from_parent_a_mean"":null,""layers_from_parent_b_mean"":null,""crossover_no_legal_exchange"":0,""local_exchange_attention"":0,""local_exchange_mlp"":0,""local_exchange_quantization"":0,""local_exchange_block"":0,""child_distance_from_base_mean"":null,""child_distance_from_base_min"":null,""child_distance_from_base_max"":null,""child_distance_from_base_count"":0,""child_distance_from_donor_mean"":null,""child_distance_from_donor_min"":null,""child_distance_from_donor_max"":null,""child_distance_from_donor_count"":0,""donor_distance_reduction_mean"":null,""donor_distance_reduction_min"":null,""donor_distance_reduction_max"":null,""donor_distance_reduction_count"":0,""local_exchange_changed_gene_count_mean"":null,""local_exchange_changed_gene_count_min"":null,""local_exchange_changed_gene_count_max"":null,""local_exchange_changed_gene_count_count"":0,""child_distance_statistics_scope"":""accepted_unique_crossover_offspring"",""persistent_population_size"":1,""unique_population_size"":1,""best_population_fitness"":0.227783203125,""configured_survivors_per_selection"":[16,4,1],""effective_survivors_per_selection"":[16,4,1],""effective_final_survivor_count"":1},""offspring_generation"":{""attempts"":129,""no_op_mutations"":0,""duplicate_candidates"":1,""infeasible_candidates"":0,""fixed_quant_legal_swap_counts"":[]},""maximum_depth_mutations_per_offspring"":3,""quantization_step_size"":1,""quantization_mutations_per_offspring"":1,""joint_aware_probability"":0.0,""adaptive_mutation"":false,""adaptive_mutation_strength"":1,""adaptive_mutation_patience"":3,""adaptive_mutation_max_strength"":3,""coarse_to_fine_mutation"":false,""coarse_to_fine_start_strength"":3,""coarse_to_fine_end_strength"":1,""stagnation_generations_after_selection"":0}",quantization,True,129,128,16,5,262144,262144,655360,6556,51904512,36308.744258853956,15276.82177734375
45,0.23388671875,0.227783203125,kl,0.23388671875,,,,,0,{},128,16,4,1,"[16,4,1]","[2048,16384,131072]",6375608320,3.4642857142857144,3216.5078125,26982023168,26982023168,0,4,4,"{""type"":""mixed_depth_quantization"",""sequential_mode"":""none"",""joint_mutation_mode"":""standard"",""parent_before_generation_hash"":""5dde18b958cf120f75e74c0c1672834029125200073ad7e324df50e20bc47d21"",""parent_after_generation_hash"":""5dde18b958cf120f75e74c0c1672834029125200073ad7e324df50e20bc47d21"",""generated_offspring_by_type"":{""depth"":71,""quantization"":57,""joint_aware"":0,""interaction_aware"":0,""sequential_quantization"":0,""fixed_quant_depth"":0,""component crossover"":0,""component crossover + repair"":0,""layer bundle crossover"":0,""layer bundle crossover + repair"":0},""depth_mask_entries_changed_by_type"":{""depth"":216,""quantization"":0,""joint_aware"":0,""interaction_aware"":0,""sequential_quantization"":0,""fixed_quant_depth"":0,""component crossover"":0,""component crossover + repair"":0,""layer bundle crossover"":0,""layer bundle crossover + repair"":0},""quant_assignments_changed_by_type"":{""depth"":118,""quantization"":126,""joint_aware"":0,""interaction_aware"":0,""sequential_quantization"":0,""fixed_quant_depth"":0,""component crossover"":0,""component crossover + repair"":0,""layer bundle crossover"":0,""layer bundle crossover + repair"":0},""depth_mask_entries_changed_total"":216,""quant_assignments_changed_total"":244,""interaction_aware_details"":{""budget_repair_quant_changes"":0,""preferred_quant_exchanges_used"":0,""fallback_quant_exchanges_used"":0},""crossover_diagnostics"":{""crossover_type"":""component"",""crossover_parent_selection"":""uniform"",""crossover_offspring"":0,""crossover_offspring_accepted"":0,""mutation_offspring_accepted"":128,""mutation_offspring"":128,""crossover_offspring_attempted"":0,""crossover_duplicates"":0,""crossover_infeasible_candidates"":0,""crossover_repair_changed_gene_count"":0,""crossover_repaired_proposals"":0,""parent_distance_mean"":null,""parent_distance_min"":null,""parent_distance_max"":null,""child_distance_from_parent_a_mean"":null,""child_distance_from_parent_b_mean"":null,""layers_from_parent_a_mean"":null,""layers_from_parent_b_mean"":null,""crossover_no_legal_exchange"":0,""local_exchange_attention"":0,""local_exchange_mlp"":0,""local_exchange_quantization"":0,""local_exchange_block"":0,""child_distance_from_base_mean"":null,""child_distance_from_base_min"":null,""child_distance_from_base_max"":null,""child_distance_from_base_count"":0,""child_distance_from_donor_mean"":null,""child_distance_from_donor_min"":null,""child_distance_from_donor_max"":null,""child_distance_from_donor_count"":0,""donor_distance_reduction_mean"":null,""donor_distance_reduction_min"":null,""donor_distance_reduction_max"":null,""donor_distance_reduction_count"":0,""local_exchange_changed_gene_count_mean"":null,""local_exchange_changed_gene_count_min"":null,""local_exchange_changed_gene_count_max"":null,""local_exchange_changed_gene_count_count"":0,""child_distance_statistics_scope"":""accepted_unique_crossover_offspring"",""persistent_population_size"":1,""unique_population_size"":1,""best_population_fitness"":0.23388671875,""configured_survivors_per_selection"":[16,4,1],""effective_survivors_per_selection"":[16,4,1],""effective_final_survivor_count"":1},""offspring_generation"":{""attempts"":128,""no_op_mutations"":0,""duplicate_candidates"":0,""infeasible_candidates"":0,""fixed_quant_legal_swap_counts"":[]},""maximum_depth_mutations_per_offspring"":3,""quantization_step_size"":1,""quantization_mutations_per_offspring"":1,""joint_aware_probability"":0.0,""adaptive_mutation"":false,""adaptive_mutation_strength"":1,""adaptive_mutation_patience"":3,""adaptive_mutation_max_strength"":3,""coarse_to_fine_mutation"":false,""coarse_to_fine_start_strength"":3,""coarse_to_fine_end_strength"":1,""stagnation_generations_after_selection"":1}",parent,False,128,128,16,5,262144,262144,655360,6705,53084160,37085.28814509895,15276.82177734375
46,0.234375,0.23388671875,kl,0.234375,8.0859375,6.71484375,10.078125,,917504,"{""wikitext2"":327680,""c4"":589824}",128,16,4,1,"[16,4,1]","[2048,16384,131072]",6375608320,3.4642857142857144,3216.5078125,26982023168,26982023168,0,4,4,"{""type"":""mixed_depth_quantization"",""sequential_mode"":""none"",""joint_mutation_mode"":""standard"",""parent_before_generation_hash"":""5dde18b958cf120f75e74c0c1672834029125200073ad7e324df50e20bc47d21"",""parent_after_generation_hash"":""0f03da77aaad6d8d2dadefbe6d7eac05073eabb04dd3bc2623cc830e532f9fbd"",""generated_offspring_by_type"":{""depth"":63,""quantization"":65,""joint_aware"":0,""interaction_aware"":0,""sequential_quantization"":0,""fixed_quant_depth"":0,""component crossover"":0,""component crossover + repair"":0,""layer bundle crossover"":0,""layer bundle crossover + repair"":0},""depth_mask_entries_changed_by_type"":{""depth"":178,""quantization"":0,""joint_aware"":0,""interaction_aware"":0,""sequential_quantization"":0,""fixed_quant_depth"":0,""component crossover"":0,""component crossover + repair"":0,""layer bundle crossover"":0,""layer bundle crossover + repair"":0},""quant_assignments_changed_by_type"":{""depth"":100,""quantization"":140,""joint_aware"":0,""interaction_aware"":0,""sequential_quantization"":0,""fixed_quant_depth"":0,""component crossover"":0,""component crossover + repair"":0,""layer bundle crossover"":0,""layer bundle crossover + repair"":0},""depth_mask_entries_changed_total"":178,""quant_assignments_changed_total"":240,""interaction_aware_details"":{""budget_repair_quant_changes"":0,""preferred_quant_exchanges_used"":0,""fallback_quant_exchanges_used"":0},""crossover_diagnostics"":{""crossover_type"":""component"",""crossover_parent_selection"":""uniform"",""crossover_offspring"":0,""crossover_offspring_accepted"":0,""mutation_offspring_accepted"":128,""mutation_offspring"":128,""crossover_offspring_attempted"":0,""crossover_duplicates"":0,""crossover_infeasible_candidates"":0,""crossover_repair_changed_gene_count"":0,""crossover_repaired_proposals"":0,""parent_distance_mean"":null,""parent_distance_min"":null,""parent_distance_max"":null,""child_distance_from_parent_a_mean"":null,""child_distance_from_parent_b_mean"":null,""layers_from_parent_a_mean"":null,""layers_from_parent_b_mean"":null,""crossover_no_legal_exchange"":0,""local_exchange_attention"":0,""local_exchange_mlp"":0,""local_exchange_quantization"":0,""local_exchange_block"":0,""child_distance_from_base_mean"":null,""child_distance_from_base_min"":null,""child_distance_from_base_max"":null,""child_distance_from_base_count"":0,""child_distance_from_donor_mean"":null,""child_distance_from_donor_min"":null,""child_distance_from_donor_max"":null,""child_distance_from_donor_count"":0,""donor_distance_reduction_mean"":null,""donor_distance_reduction_min"":null,""donor_distance_reduction_max"":null,""donor_distance_reduction_count"":0,""local_exchange_changed_gene_count_mean"":null,""local_exchange_changed_gene_count_min"":null,""local_exchange_changed_gene_count_max"":null,""local_exchange_changed_gene_count_count"":0,""child_distance_statistics_scope"":""accepted_unique_crossover_offspring"",""persistent_population_size"":1,""unique_population_size"":1,""best_population_fitness"":0.234375,""configured_survivors_per_selection"":[16,4,1],""effective_survivors_per_selection"":[16,4,1],""effective_final_survivor_count"":1},""offspring_generation"":{""attempts"":128,""no_op_mutations"":0,""duplicate_candidates"":0,""infeasible_candidates"":0,""fixed_quant_legal_swap_counts"":[]},""maximum_depth_mutations_per_offspring"":3,""quantization_step_size"":1,""quantization_mutations_per_offspring"":1,""joint_aware_probability"":0.0,""adaptive_mutation"":false,""adaptive_mutation_strength"":1,""adaptive_mutation_patience"":3,""adaptive_mutation_max_strength"":3,""coarse_to_fine_mutation"":false,""coarse_to_fine_start_strength"":3,""coarse_to_fine_end_strength"":1,""stagnation_generations_after_selection"":0}",quantization,True,128,128,16,5,262144,262144,655360,6854,54263808,38104.398001705995,15276.82177734375
47,0.2196044921875,0.234375,kl,0.2196044921875,,,,,0,{},128,16,4,1,"[16,4,1]","[2048,16384,131072]",6375608320,3.4642857142857144,3216.5078125,26982023168,26982023168,0,4,4,"{""type"":""mixed_depth_quantization"",""sequential_mode"":""none"",""joint_mutation_mode"":""standard"",""parent_before_generation_hash"":""0f03da77aaad6d8d2dadefbe6d7eac05073eabb04dd3bc2623cc830e532f9fbd"",""parent_after_generation_hash"":""28d19caa37d40d42183f421a519b4b88248cc65e631dd69c6ca12c8c930fcf1f"",""generated_offspring_by_type"":{""depth"":63,""quantization"":65,""joint_aware"":0,""interaction_aware"":0,""sequential_quantization"":0,""fixed_quant_depth"":0,""component crossover"":0,""component crossover + repair"":0,""layer bundle crossover"":0,""layer bundle crossover + repair"":0},""depth_mask_entries_changed_by_type"":{""depth"":174,""quantization"":0,""joint_aware"":0,""interaction_aware"":0,""sequential_quantization"":0,""fixed_quant_depth"":0,""component crossover"":0,""component crossover + repair"":0,""layer bundle crossover"":0,""layer bundle crossover + repair"":0},""quant_assignments_changed_by_type"":{""depth"":86,""quantization"":148,""joint_aware"":0,""interaction_aware"":0,""sequential_quantization"":0,""fixed_quant_depth"":0,""component crossover"":0,""component crossover + repair"":0,""layer bundle crossover"":0,""layer bundle crossover + repair"":0},""depth_mask_entries_changed_total"":174,""quant_assignments_changed_total"":234,""interaction_aware_details"":{""budget_repair_quant_changes"":0,""preferred_quant_exchanges_used"":0,""fallback_quant_exchanges_used"":0},""crossover_diagnostics"":{""crossover_type"":""component"",""crossover_parent_selection"":""uniform"",""crossover_offspring"":0,""crossover_offspring_accepted"":0,""mutation_offspring_accepted"":128,""mutation_offspring"":128,""crossover_offspring_attempted"":0,""crossover_duplicates"":0,""crossover_infeasible_candidates"":0,""crossover_repair_changed_gene_count"":0,""crossover_repaired_proposals"":0,""parent_distance_mean"":null,""parent_distance_min"":null,""parent_distance_max"":null,""child_distance_from_parent_a_mean"":null,""child_distance_from_parent_b_mean"":null,""layers_from_parent_a_mean"":null,""layers_from_parent_b_mean"":null,""crossover_no_legal_exchange"":0,""local_exchange_attention"":0,""local_exchange_mlp"":0,""local_exchange_quantization"":0,""local_exchange_block"":0,""child_distance_from_base_mean"":null,""child_distance_from_base_min"":null,""child_distance_from_base_max"":null,""child_distance_from_base_count"":0,""child_distance_from_donor_mean"":null,""child_distance_from_donor_min"":null,""child_distance_from_donor_max"":null,""child_distance_from_donor_count"":0,""donor_distance_reduction_mean"":null,""donor_distance_reduction_min"":null,""donor_distance_reduction_max"":null,""donor_distance_reduction_count"":0,""local_exchange_changed_gene_count_mean"":null,""local_exchange_changed_gene_count_min"":null,""local_exchange_changed_gene_count_max"":null,""local_exchange_changed_gene_count_count"":0,""child_distance_statistics_scope"":""accepted_unique_crossover_offspring"",""persistent_population_size"":1,""unique_population_size"":1,""best_population_fitness"":0.2196044921875,""configured_survivors_per_selection"":[16,4,1],""effective_survivors_per_selection"":[16,4,1],""effective_final_survivor_count"":1},""offspring_generation"":{""attempts"":129,""no_op_mutations"":0,""duplicate_candidates"":1,""infeasible_candidates"":0,""fixed_quant_legal_swap_counts"":[]},""maximum_depth_mutations_per_offspring"":3,""quantization_step_size"":1,""quantization_mutations_per_offspring"":1,""joint_aware_probability"":0.0,""adaptive_mutation"":false,""adaptive_mutation_strength"":1,""adaptive_mutation_patience"":3,""adaptive_mutation_max_strength"":3,""coarse_to_fine_mutation"":false,""coarse_to_fine_start_strength"":3,""coarse_to_fine_end_strength"":1,""stagnation_generations_after_selection"":0}",quantization,True,129,128,16,5,262144,262144,655360,7003,55443456,38935.011742793955,15276.82177734375
48,0.2269287109375,0.2196044921875,kl,0.2269287109375,,,,,0,{},128,16,4,1,"[16,4,1]","[2048,16384,131072]",6375608320,3.4642857142857144,3216.5078125,26982023168,26982023168,0,4,4,"{""type"":""mixed_depth_quantization"",""sequential_mode"":""none"",""joint_mutation_mode"":""standard"",""parent_before_generation_hash"":""28d19caa37d40d42183f421a519b4b88248cc65e631dd69c6ca12c8c930fcf1f"",""parent_after_generation_hash"":""c998c886e4a41c6bd6c622235dc2339b3e8ef27b7f6eb3ce238a2a4f59b9d191"",""generated_offspring_by_type"":{""depth"":77,""quantization"":51,""joint_aware"":0,""interaction_aware"":0,""sequential_quantization"":0,""fixed_quant_depth"":0,""component crossover"":0,""component crossover + repair"":0,""layer bundle crossover"":0,""layer bundle crossover + repair"":0},""depth_mask_entries_changed_by_type"":{""depth"":208,""quantization"":0,""joint_aware"":0,""interaction_aware"":0,""sequential_quantization"":0,""fixed_quant_depth"":0,""component crossover"":0,""component crossover + repair"":0,""layer bundle crossover"":0,""layer bundle crossover + repair"":0},""quant_assignments_changed_by_type"":{""depth"":125,""quantization"":115,""joint_aware"":0,""interaction_aware"":0,""sequential_quantization"":0,""fixed_quant_depth"":0,""component crossover"":0,""component crossover + repair"":0,""layer bundle crossover"":0,""layer bundle crossover + repair"":0},""depth_mask_entries_changed_total"":208,""quant_assignments_changed_total"":240,""interaction_aware_details"":{""budget_repair_quant_changes"":0,""preferred_quant_exchanges_used"":0,""fallback_quant_exchanges_used"":0},""crossover_diagnostics"":{""crossover_type"":""component"",""crossover_parent_selection"":""uniform"",""crossover_offspring"":0,""crossover_offspring_accepted"":0,""mutation_offspring_accepted"":128,""mutation_offspring"":128,""crossover_offspring_attempted"":0,""crossover_duplicates"":0,""crossover_infeasible_candidates"":0,""crossover_repair_changed_gene_count"":0,""crossover_repaired_proposals"":0,""parent_distance_mean"":null,""parent_distance_min"":null,""parent_distance_max"":null,""child_distance_from_parent_a_mean"":null,""child_distance_from_parent_b_mean"":null,""layers_from_parent_a_mean"":null,""layers_from_parent_b_mean"":null,""crossover_no_legal_exchange"":0,""local_exchange_attention"":0,""local_exchange_mlp"":0,""local_exchange_quantization"":0,""local_exchange_block"":0,""child_distance_from_base_mean"":null,""child_distance_from_base_min"":null,""child_distance_from_base_max"":null,""child_distance_from_base_count"":0,""child_distance_from_donor_mean"":null,""child_distance_from_donor_min"":null,""child_distance_from_donor_max"":null,""child_distance_from_donor_count"":0,""donor_distance_reduction_mean"":null,""donor_distance_reduction_min"":null,""donor_distance_reduction_max"":null,""donor_distance_reduction_count"":0,""local_exchange_changed_gene_count_mean"":null,""local_exchange_changed_gene_count_min"":null,""local_exchange_changed_gene_count_max"":null,""local_exchange_changed_gene_count_count"":0,""child_distance_statistics_scope"":""accepted_unique_crossover_offspring"",""persistent_population_size"":1,""unique_population_size"":1,""best_population_fitness"":0.2269287109375,""configured_survivors_per_selection"":[16,4,1],""effective_survivors_per_selection"":[16,4,1],""effective_final_survivor_count"":1},""offspring_generation"":{""attempts"":128,""no_op_mutations"":0,""duplicate_candidates"":0,""infeasible_candidates"":0,""fixed_quant_legal_swap_counts"":[]},""maximum_depth_mutations_per_offspring"":3,""quantization_step_size"":1,""quantization_mutations_per_offspring"":1,""joint_aware_probability"":0.0,""adaptive_mutation"":false,""adaptive_mutation_strength"":1,""adaptive_mutation_patience"":3,""adaptive_mutation_max_strength"":3,""coarse_to_fine_mutation"":false,""coarse_to_fine_start_strength"":3,""coarse_to_fine_end_strength"":1,""stagnation_generations_after_selection"":0}",quantization,True,128,128,16,5,262144,262144,655360,7152,56623104,39641.925950175035,15276.82177734375
49,0.23193359375,0.2269287109375,kl,0.23193359375,,,,,0,{},128,16,4,1,"[16,4,1]","[2048,16384,131072]",6375608320,3.4642857142857144,3216.5078125,26982023168,26982023168,0,4,4,"{""type"":""mixed_depth_quantization"",""sequential_mode"":""none"",""joint_mutation_mode"":""standard"",""parent_before_generation_hash"":""c998c886e4a41c6bd6c622235dc2339b3e8ef27b7f6eb3ce238a2a4f59b9d191"",""parent_after_generation_hash"":""a41e30c415387f14dda8fde20465e205da9d09e40adc81028b4be609c4415083"",""generated_offspring_by_type"":{""depth"":61,""quantization"":67,""joint_aware"":0,""interaction_aware"":0,""sequential_quantization"":0,""fixed_quant_depth"":0,""component crossover"":0,""component crossover + repair"":0,""layer bundle crossover"":0,""layer bundle crossover + repair"":0},""depth_mask_entries_changed_by_type"":{""depth"":178,""quantization"":0,""joint_aware"":0,""interaction_aware"":0,""sequential_quantization"":0,""fixed_quant_depth"":0,""component crossover"":0,""component crossover + repair"":0,""layer bundle crossover"":0,""layer bundle crossover + repair"":0},""quant_assignments_changed_by_type"":{""depth"":89,""quantization"":145,""joint_aware"":0,""interaction_aware"":0,""sequential_quantization"":0,""fixed_quant_depth"":0,""component crossover"":0,""component crossover + repair"":0,""layer bundle crossover"":0,""layer bundle crossover + repair"":0},""depth_mask_entries_changed_total"":178,""quant_assignments_changed_total"":234,""interaction_aware_details"":{""budget_repair_quant_changes"":0,""preferred_quant_exchanges_used"":0,""fallback_quant_exchanges_used"":0},""crossover_diagnostics"":{""crossover_type"":""component"",""crossover_parent_selection"":""uniform"",""crossover_offspring"":0,""crossover_offspring_accepted"":0,""mutation_offspring_accepted"":128,""mutation_offspring"":128,""crossover_offspring_attempted"":0,""crossover_duplicates"":0,""crossover_infeasible_candidates"":0,""crossover_repair_changed_gene_count"":0,""crossover_repaired_proposals"":0,""parent_distance_mean"":null,""parent_distance_min"":null,""parent_distance_max"":null,""child_distance_from_parent_a_mean"":null,""child_distance_from_parent_b_mean"":null,""layers_from_parent_a_mean"":null,""layers_from_parent_b_mean"":null,""crossover_no_legal_exchange"":0,""local_exchange_attention"":0,""local_exchange_mlp"":0,""local_exchange_quantization"":0,""local_exchange_block"":0,""child_distance_from_base_mean"":null,""child_distance_from_base_min"":null,""child_distance_from_base_max"":null,""child_distance_from_base_count"":0,""child_distance_from_donor_mean"":null,""child_distance_from_donor_min"":null,""child_distance_from_donor_max"":null,""child_distance_from_donor_count"":0,""donor_distance_reduction_mean"":null,""donor_distance_reduction_min"":null,""donor_distance_reduction_max"":null,""donor_distance_reduction_count"":0,""local_exchange_changed_gene_count_mean"":null,""local_exchange_changed_gene_count_min"":null,""local_exchange_changed_gene_count_max"":null,""local_exchange_changed_gene_count_count"":0,""child_distance_statistics_scope"":""accepted_unique_crossover_offspring"",""persistent_population_size"":1,""unique_population_size"":1,""best_population_fitness"":0.23193359375,""configured_survivors_per_selection"":[16,4,1],""effective_survivors_per_selection"":[16,4,1],""effective_final_survivor_count"":1},""offspring_generation"":{""attempts"":128,""no_op_mutations"":0,""duplicate_candidates"":0,""infeasible_candidates"":0,""fixed_quant_legal_swap_counts"":[]},""maximum_depth_mutations_per_offspring"":3,""quantization_step_size"":1,""quantization_mutations_per_offspring"":1,""joint_aware_probability"":0.0,""adaptive_mutation"":false,""adaptive_mutation_strength"":1,""adaptive_mutation_patience"":3,""adaptive_mutation_max_strength"":3,""coarse_to_fine_mutation"":false,""coarse_to_fine_start_strength"":3,""coarse_to_fine_end_strength"":1,""stagnation_generations_after_selection"":0}",quantization,True,128,128,16,5,262144,262144,655360,7301,57802752,40383.68738773896,15276.82177734375
50,0.218994140625,0.23193359375,kl,0.218994140625,,,,,0,{},128,16,4,1,"[16,4,1]","[2048,16384,131072]",6375608320,3.4642857142857144,3216.5078125,26982023168,26982023168,0,4,4,"{""type"":""mixed_depth_quantization"",""sequential_mode"":""none"",""joint_mutation_mode"":""standard"",""parent_before_generation_hash"":""a41e30c415387f14dda8fde20465e205da9d09e40adc81028b4be609c4415083"",""parent_after_generation_hash"":""06f8587453d260804c87e5b2836a4a2e3662ac65d5c599a128b85937bd24758e"",""generated_offspring_by_type"":{""depth"":58,""quantization"":70,""joint_aware"":0,""interaction_aware"":0,""sequential_quantization"":0,""fixed_quant_depth"":0,""component crossover"":0,""component crossover + repair"":0,""layer bundle crossover"":0,""layer bundle crossover + repair"":0},""depth_mask_entries_changed_by_type"":{""depth"":160,""quantization"":0,""joint_aware"":0,""interaction_aware"":0,""sequential_quantization"":0,""fixed_quant_depth"":0,""component crossover"":0,""component crossover + repair"":0,""layer bundle crossover"":0,""layer bundle crossover + repair"":0},""quant_assignments_changed_by_type"":{""depth"":93,""quantization"":157,""joint_aware"":0,""interaction_aware"":0,""sequential_quantization"":0,""fixed_quant_depth"":0,""component crossover"":0,""component crossover + repair"":0,""layer bundle crossover"":0,""layer bundle crossover + repair"":0},""depth_mask_entries_changed_total"":160,""quant_assignments_changed_total"":250,""interaction_aware_details"":{""budget_repair_quant_changes"":0,""preferred_quant_exchanges_used"":0,""fallback_quant_exchanges_used"":0},""crossover_diagnostics"":{""crossover_type"":""component"",""crossover_parent_selection"":""uniform"",""crossover_offspring"":0,""crossover_offspring_accepted"":0,""mutation_offspring_accepted"":128,""mutation_offspring"":128,""crossover_offspring_attempted"":0,""crossover_duplicates"":0,""crossover_infeasible_candidates"":0,""crossover_repair_changed_gene_count"":0,""crossover_repaired_proposals"":0,""parent_distance_mean"":null,""parent_distance_min"":null,""parent_distance_max"":null,""child_distance_from_parent_a_mean"":null,""child_distance_from_parent_b_mean"":null,""layers_from_parent_a_mean"":null,""layers_from_parent_b_mean"":null,""crossover_no_legal_exchange"":0,""local_exchange_attention"":0,""local_exchange_mlp"":0,""local_exchange_quantization"":0,""local_exchange_block"":0,""child_distance_from_base_mean"":null,""child_distance_from_base_min"":null,""child_distance_from_base_max"":null,""child_distance_from_base_count"":0,""child_distance_from_donor_mean"":null,""child_distance_from_donor_min"":null,""child_distance_from_donor_max"":null,""child_distance_from_donor_count"":0,""donor_distance_reduction_mean"":null,""donor_distance_reduction_min"":null,""donor_distance_reduction_max"":null,""donor_distance_reduction_count"":0,""local_exchange_changed_gene_count_mean"":null,""local_exchange_changed_gene_count_min"":null,""local_exchange_changed_gene_count_max"":null,""local_exchange_changed_gene_count_count"":0,""child_distance_statistics_scope"":""accepted_unique_crossover_offspring"",""persistent_population_size"":1,""unique_population_size"":1,""best_population_fitness"":0.218994140625,""configured_survivors_per_selection"":[16,4,1],""effective_survivors_per_selection"":[16,4,1],""effective_final_survivor_count"":1},""offspring_generation"":{""attempts"":128,""no_op_mutations"":0,""duplicate_candidates"":0,""infeasible_candidates"":0,""fixed_quant_legal_swap_counts"":[]},""maximum_depth_mutations_per_offspring"":3,""quantization_step_size"":1,""quantization_mutations_per_offspring"":1,""joint_aware_probability"":0.0,""adaptive_mutation"":false,""adaptive_mutation_strength"":1,""adaptive_mutation_patience"":3,""adaptive_mutation_max_strength"":3,""coarse_to_fine_mutation"":false,""coarse_to_fine_start_strength"":3,""coarse_to_fine_end_strength"":1,""stagnation_generations_after_selection"":0}",quantization,True,128,128,16,5,262144,262144,655360,7450,58982400,41175.598937754985,15276.82177734375
51,0.22509765625,0.218994140625,kl,0.22509765625,8.0546875,6.703125,9.9609375,,917504,"{""wikitext2"":327680,""c4"":589824}",128,16,4,1,"[16,4,1]","[2048,16384,131072]",6375608320,3.4642857142857144,3216.5078125,26982023168,26982023168,0,4,4,"{""type"":""mixed_depth_quantization"",""sequential_mode"":""none"",""joint_mutation_mode"":""standard"",""parent_before_generation_hash"":""06f8587453d260804c87e5b2836a4a2e3662ac65d5c599a128b85937bd24758e"",""parent_after_generation_hash"":""e2a7371f098ea0903b406eeded6e41a5d42c7e71e857ff1f5622231d22de63e7"",""generated_offspring_by_type"":{""depth"":68,""quantization"":60,""joint_aware"":0,""interaction_aware"":0,""sequential_quantization"":0,""fixed_quant_depth"":0,""component crossover"":0,""component crossover + repair"":0,""layer bundle crossover"":0,""layer bundle crossover + repair"":0},""depth_mask_entries_changed_by_type"":{""depth"":190,""quantization"":0,""joint_aware"":0,""interaction_aware"":0,""sequential_quantization"":0,""fixed_quant_depth"":0,""component crossover"":0,""component crossover + repair"":0,""layer bundle crossover"":0,""layer bundle crossover + repair"":0},""quant_assignments_changed_by_type"":{""depth"":108,""quantization"":127,""joint_aware"":0,""interaction_aware"":0,""sequential_quantization"":0,""fixed_quant_depth"":0,""component crossover"":0,""component crossover + repair"":0,""layer bundle crossover"":0,""layer bundle crossover + repair"":0},""depth_mask_entries_changed_total"":190,""quant_assignments_changed_total"":235,""interaction_aware_details"":{""budget_repair_quant_changes"":0,""preferred_quant_exchanges_used"":0,""fallback_quant_exchanges_used"":0},""crossover_diagnostics"":{""crossover_type"":""component"",""crossover_parent_selection"":""uniform"",""crossover_offspring"":0,""crossover_offspring_accepted"":0,""mutation_offspring_accepted"":128,""mutation_offspring"":128,""crossover_offspring_attempted"":0,""crossover_duplicates"":0,""crossover_infeasible_candidates"":0,""crossover_repair_changed_gene_count"":0,""crossover_repaired_proposals"":0,""parent_distance_mean"":null,""parent_distance_min"":null,""parent_distance_max"":null,""child_distance_from_parent_a_mean"":null,""child_distance_from_parent_b_mean"":null,""layers_from_parent_a_mean"":null,""layers_from_parent_b_mean"":null,""crossover_no_legal_exchange"":0,""local_exchange_attention"":0,""local_exchange_mlp"":0,""local_exchange_quantization"":0,""local_exchange_block"":0,""child_distance_from_base_mean"":null,""child_distance_from_base_min"":null,""child_distance_from_base_max"":null,""child_distance_from_base_count"":0,""child_distance_from_donor_mean"":null,""child_distance_from_donor_min"":null,""child_distance_from_donor_max"":null,""child_distance_from_donor_count"":0,""donor_distance_reduction_mean"":null,""donor_distance_reduction_min"":null,""donor_distance_reduction_max"":null,""donor_distance_reduction_count"":0,""local_exchange_changed_gene_count_mean"":null,""local_exchange_changed_gene_count_min"":null,""local_exchange_changed_gene_count_max"":null,""local_exchange_changed_gene_count_count"":0,""child_distance_statistics_scope"":""accepted_unique_crossover_offspring"",""persistent_population_size"":1,""unique_population_size"":1,""best_population_fitness"":0.22509765625,""configured_survivors_per_selection"":[16,4,1],""effective_survivors_per_selection"":[16,4,1],""effective_final_survivor_count"":1},""offspring_generation"":{""attempts"":129,""no_op_mutations"":0,""duplicate_candidates"":1,""infeasible_candidates"":0,""fixed_quant_legal_swap_counts"":[]},""maximum_depth_mutations_per_offspring"":3,""quantization_step_size"":1,""quantization_mutations_per_offspring"":1,""joint_aware_probability"":0.0,""adaptive_mutation"":false,""adaptive_mutation_strength"":1,""adaptive_mutation_patience"":3,""adaptive_mutation_max_strength"":3,""coarse_to_fine_mutation"":false,""coarse_to_fine_start_strength"":3,""coarse_to_fine_end_strength"":1,""stagnation_generations_after_selection"":0}",quantization,True,129,128,16,5,262144,262144,655360,7599,60162048,42135.399786219,15276.82177734375
52,0.2208251953125,0.22509765625,kl,0.2208251953125,,,,,0,{},128,16,4,1,"[16,4,1]","[2048,16384,131072]",6375608320,3.4642857142857144,3216.5078125,26982023168,26982023168,0,4,4,"{""type"":""mixed_depth_quantization"",""sequential_mode"":""none"",""joint_mutation_mode"":""standard"",""parent_before_generation_hash"":""e2a7371f098ea0903b406eeded6e41a5d42c7e71e857ff1f5622231d22de63e7"",""parent_after_generation_hash"":""28d5ccf25bf78dc50c46693dee223ece2488820fc1cb7b1a60af365d65f85d6e"",""generated_offspring_by_type"":{""depth"":71,""quantization"":57,""joint_aware"":0,""interaction_aware"":0,""sequential_quantization"":0,""fixed_quant_depth"":0,""component crossover"":0,""component crossover + repair"":0,""layer bundle crossover"":0,""layer bundle crossover + repair"":0},""depth_mask_entries_changed_by_type"":{""depth"":208,""quantization"":0,""joint_aware"":0,""interaction_aware"":0,""sequential_quantization"":0,""fixed_quant_depth"":0,""component crossover"":0,""component crossover + repair"":0,""layer bundle crossover"":0,""layer bundle crossover + repair"":0},""quant_assignments_changed_by_type"":{""depth"":119,""quantization"":119,""joint_aware"":0,""interaction_aware"":0,""sequential_quantization"":0,""fixed_quant_depth"":0,""component crossover"":0,""component crossover + repair"":0,""layer bundle crossover"":0,""layer bundle crossover + repair"":0},""depth_mask_entries_changed_total"":208,""quant_assignments_changed_total"":238,""interaction_aware_details"":{""budget_repair_quant_changes"":0,""preferred_quant_exchanges_used"":0,""fallback_quant_exchanges_used"":0},""crossover_diagnostics"":{""crossover_type"":""component"",""crossover_parent_selection"":""uniform"",""crossover_offspring"":0,""crossover_offspring_accepted"":0,""mutation_offspring_accepted"":128,""mutation_offspring"":128,""crossover_offspring_attempted"":0,""crossover_duplicates"":0,""crossover_infeasible_candidates"":0,""crossover_repair_changed_gene_count"":0,""crossover_repaired_proposals"":0,""parent_distance_mean"":null,""parent_distance_min"":null,""parent_distance_max"":null,""child_distance_from_parent_a_mean"":null,""child_distance_from_parent_b_mean"":null,""layers_from_parent_a_mean"":null,""layers_from_parent_b_mean"":null,""crossover_no_legal_exchange"":0,""local_exchange_attention"":0,""local_exchange_mlp"":0,""local_exchange_quantization"":0,""local_exchange_block"":0,""child_distance_from_base_mean"":null,""child_distance_from_base_min"":null,""child_distance_from_base_max"":null,""child_distance_from_base_count"":0,""child_distance_from_donor_mean"":null,""child_distance_from_donor_min"":null,""child_distance_from_donor_max"":null,""child_distance_from_donor_count"":0,""donor_distance_reduction_mean"":null,""donor_distance_reduction_min"":null,""donor_distance_reduction_max"":null,""donor_distance_reduction_count"":0,""local_exchange_changed_gene_count_mean"":null,""local_exchange_changed_gene_count_min"":null,""local_exchange_changed_gene_count_max"":null,""local_exchange_changed_gene_count_count"":0,""child_distance_statistics_scope"":""accepted_unique_crossover_offspring"",""persistent_population_size"":1,""unique_population_size"":1,""best_population_fitness"":0.2208251953125,""configured_survivors_per_selection"":[16,4,1],""effective_survivors_per_selection"":[16,4,1],""effective_final_survivor_count"":1},""offspring_generation"":{""attempts"":130,""no_op_mutations"":0,""duplicate_candidates"":2,""infeasible_candidates"":0,""fixed_quant_legal_swap_counts"":[]},""maximum_depth_mutations_per_offspring"":3,""quantization_step_size"":1,""quantization_mutations_per_offspring"":1,""joint_aware_probability"":0.0,""adaptive_mutation"":false,""adaptive_mutation_strength"":1,""adaptive_mutation_patience"":3,""adaptive_mutation_max_strength"":3,""coarse_to_fine_mutation"":false,""coarse_to_fine_start_strength"":3,""coarse_to_fine_end_strength"":1,""stagnation_generations_after_selection"":0}",quantization,True,130,128,16,5,262144,262144,655360,7748,61341696,42909.31560677802,15276.82177734375
53,0.228515625,0.2208251953125,kl,0.228515625,,,,,0,{},128,16,4,1,"[16,4,1]","[2048,16384,131072]",6375608320,3.4642857142857144,3216.5078125,26982023168,26982023168,0,4,4,"{""type"":""mixed_depth_quantization"",""sequential_mode"":""none"",""joint_mutation_mode"":""standard"",""parent_before_generation_hash"":""28d5ccf25bf78dc50c46693dee223ece2488820fc1cb7b1a60af365d65f85d6e"",""parent_after_generation_hash"":""6b75cb548f1b08598f9ce4e38ba835bf68ec850b1c13c440dd5c36b80f1a0253"",""generated_offspring_by_type"":{""depth"":66,""quantization"":62,""joint_aware"":0,""interaction_aware"":0,""sequential_quantization"":0,""fixed_quant_depth"":0,""component crossover"":0,""component crossover + repair"":0,""layer bundle crossover"":0,""layer bundle crossover + repair"":0},""depth_mask_entries_changed_by_type"":{""depth"":192,""quantization"":0,""joint_aware"":0,""interaction_aware"":0,""sequential_quantization"":0,""fixed_quant_depth"":0,""component crossover"":0,""component crossover + repair"":0,""layer bundle crossover"":0,""layer bundle crossover + repair"":0},""quant_assignments_changed_by_type"":{""depth"":104,""quantization"":137,""joint_aware"":0,""interaction_aware"":0,""sequential_quantization"":0,""fixed_quant_depth"":0,""component crossover"":0,""component crossover + repair"":0,""layer bundle crossover"":0,""layer bundle crossover + repair"":0},""depth_mask_entries_changed_total"":192,""quant_assignments_changed_total"":241,""interaction_aware_details"":{""budget_repair_quant_changes"":0,""preferred_quant_exchanges_used"":0,""fallback_quant_exchanges_used"":0},""crossover_diagnostics"":{""crossover_type"":""component"",""crossover_parent_selection"":""uniform"",""crossover_offspring"":0,""crossover_offspring_accepted"":0,""mutation_offspring_accepted"":128,""mutation_offspring"":128,""crossover_offspring_attempted"":0,""crossover_duplicates"":0,""crossover_infeasible_candidates"":0,""crossover_repair_changed_gene_count"":0,""crossover_repaired_proposals"":0,""parent_distance_mean"":null,""parent_distance_min"":null,""parent_distance_max"":null,""child_distance_from_parent_a_mean"":null,""child_distance_from_parent_b_mean"":null,""layers_from_parent_a_mean"":null,""layers_from_parent_b_mean"":null,""crossover_no_legal_exchange"":0,""local_exchange_attention"":0,""local_exchange_mlp"":0,""local_exchange_quantization"":0,""local_exchange_block"":0,""child_distance_from_base_mean"":null,""child_distance_from_base_min"":null,""child_distance_from_base_max"":null,""child_distance_from_base_count"":0,""child_distance_from_donor_mean"":null,""child_distance_from_donor_min"":null,""child_distance_from_donor_max"":null,""child_distance_from_donor_count"":0,""donor_distance_reduction_mean"":null,""donor_distance_reduction_min"":null,""donor_distance_reduction_max"":null,""donor_distance_reduction_count"":0,""local_exchange_changed_gene_count_mean"":null,""local_exchange_changed_gene_count_min"":null,""local_exchange_changed_gene_count_max"":null,""local_exchange_changed_gene_count_count"":0,""child_distance_statistics_scope"":""accepted_unique_crossover_offspring"",""persistent_population_size"":1,""unique_population_size"":1,""best_population_fitness"":0.228515625,""configured_survivors_per_selection"":[16,4,1],""effective_survivors_per_selection"":[16,4,1],""effective_final_survivor_count"":1},""offspring_generation"":{""attempts"":128,""no_op_mutations"":0,""duplicate_candidates"":0,""infeasible_candidates"":0,""fixed_quant_legal_swap_counts"":[]},""maximum_depth_mutations_per_offspring"":3,""quantization_step_size"":1,""quantization_mutations_per_offspring"":1,""joint_aware_probability"":0.0,""adaptive_mutation"":false,""adaptive_mutation_strength"":1,""adaptive_mutation_patience"":3,""adaptive_mutation_max_strength"":3,""coarse_to_fine_mutation"":false,""coarse_to_fine_start_strength"":3,""coarse_to_fine_end_strength"":1,""stagnation_generations_after_selection"":0}",quantization,True,128,128,16,5,262144,262144,655360,7897,62521344,43757.80980172404,15276.82177734375
54,0.2310791015625,0.228515625,kl,0.2310791015625,,,,,0,{},128,16,4,1,"[16,4,1]","[2048,16384,131072]",6375608320,3.4642857142857144,3216.5078125,26982023168,26982023168,0,4,4,"{""type"":""mixed_depth_quantization"",""sequential_mode"":""none"",""joint_mutation_mode"":""standard"",""parent_before_generation_hash"":""6b75cb548f1b08598f9ce4e38ba835bf68ec850b1c13c440dd5c36b80f1a0253"",""parent_after_generation_hash"":""38f1fccc9bf26543a1695578ac4bccecf469b6dd8b3762ada9bd65d648aa60c3"",""generated_offspring_by_type"":{""depth"":59,""quantization"":69,""joint_aware"":0,""interaction_aware"":0,""sequential_quantization"":0,""fixed_quant_depth"":0,""component crossover"":0,""component crossover + repair"":0,""layer bundle crossover"":0,""layer bundle crossover + repair"":0},""depth_mask_entries_changed_by_type"":{""depth"":160,""quantization"":0,""joint_aware"":0,""interaction_aware"":0,""sequential_quantization"":0,""fixed_quant_depth"":0,""component crossover"":0,""component crossover + repair"":0,""layer bundle crossover"":0,""layer bundle crossover + repair"":0},""quant_assignments_changed_by_type"":{""depth"":86,""quantization"":158,""joint_aware"":0,""interaction_aware"":0,""sequential_quantization"":0,""fixed_quant_depth"":0,""component crossover"":0,""component crossover + repair"":0,""layer bundle crossover"":0,""layer bundle crossover + repair"":0},""depth_mask_entries_changed_total"":160,""quant_assignments_changed_total"":244,""interaction_aware_details"":{""budget_repair_quant_changes"":0,""preferred_quant_exchanges_used"":0,""fallback_quant_exchanges_used"":0},""crossover_diagnostics"":{""crossover_type"":""component"",""crossover_parent_selection"":""uniform"",""crossover_offspring"":0,""crossover_offspring_accepted"":0,""mutation_offspring_accepted"":128,""mutation_offspring"":128,""crossover_offspring_attempted"":0,""crossover_duplicates"":0,""crossover_infeasible_candidates"":0,""crossover_repair_changed_gene_count"":0,""crossover_repaired_proposals"":0,""parent_distance_mean"":null,""parent_distance_min"":null,""parent_distance_max"":null,""child_distance_from_parent_a_mean"":null,""child_distance_from_parent_b_mean"":null,""layers_from_parent_a_mean"":null,""layers_from_parent_b_mean"":null,""crossover_no_legal_exchange"":0,""local_exchange_attention"":0,""local_exchange_mlp"":0,""local_exchange_quantization"":0,""local_exchange_block"":0,""child_distance_from_base_mean"":null,""child_distance_from_base_min"":null,""child_distance_from_base_max"":null,""child_distance_from_base_count"":0,""child_distance_from_donor_mean"":null,""child_distance_from_donor_min"":null,""child_distance_from_donor_max"":null,""child_distance_from_donor_count"":0,""donor_distance_reduction_mean"":null,""donor_distance_reduction_min"":null,""donor_distance_reduction_max"":null,""donor_distance_reduction_count"":0,""local_exchange_changed_gene_count_mean"":null,""local_exchange_changed_gene_count_min"":null,""local_exchange_changed_gene_count_max"":null,""local_exchange_changed_gene_count_count"":0,""child_distance_statistics_scope"":""accepted_unique_crossover_offspring"",""persistent_population_size"":1,""unique_population_size"":1,""best_population_fitness"":0.2310791015625,""configured_survivors_per_selection"":[16,4,1],""effective_survivors_per_selection"":[16,4,1],""effective_final_survivor_count"":1},""offspring_generation"":{""attempts"":129,""no_op_mutations"":0,""duplicate_candidates"":1,""infeasible_candidates"":0,""fixed_quant_legal_swap_counts"":[]},""maximum_depth_mutations_per_offspring"":3,""quantization_step_size"":1,""quantization_mutations_per_offspring"":1,""joint_aware_probability"":0.0,""adaptive_mutation"":false,""adaptive_mutation_strength"":1,""adaptive_mutation_patience"":3,""adaptive_mutation_max_strength"":3,""coarse_to_fine_mutation"":false,""coarse_to_fine_start_strength"":3,""coarse_to_fine_end_strength"":1,""stagnation_generations_after_selection"":0}",quantization,True,129,128,16,5,262144,262144,655360,8046,63700992,44468.67090368306,15276.82177734375
55,0.2265625,0.2310791015625,kl,0.2265625,,,,,0,{},128,16,4,1,"[16,4,1]","[2048,16384,131072]",6375608320,3.4642857142857144,3216.5078125,26982023168,26982023168,0,4,4,"{""type"":""mixed_depth_quantization"",""sequential_mode"":""none"",""joint_mutation_mode"":""standard"",""parent_before_generation_hash"":""38f1fccc9bf26543a1695578ac4bccecf469b6dd8b3762ada9bd65d648aa60c3"",""parent_after_generation_hash"":""f763e56fe4e339afb7fcc85010353356ab55b3047eb1a309b3593a909ba1c7a7"",""generated_offspring_by_type"":{""depth"":72,""quantization"":56,""joint_aware"":0,""interaction_aware"":0,""sequential_quantization"":0,""fixed_quant_depth"":0,""component crossover"":0,""component crossover + repair"":0,""layer bundle crossover"":0,""layer bundle crossover + repair"":0},""depth_mask_entries_changed_by_type"":{""depth"":202,""quantization"":0,""joint_aware"":0,""interaction_aware"":0,""sequential_quantization"":0,""fixed_quant_depth"":0,""component crossover"":0,""component crossover + repair"":0,""layer bundle crossover"":0,""layer bundle crossover + repair"":0},""quant_assignments_changed_by_type"":{""depth"":122,""quantization"":119,""joint_aware"":0,""interaction_aware"":0,""sequential_quantization"":0,""fixed_quant_depth"":0,""component crossover"":0,""component crossover + repair"":0,""layer bundle crossover"":0,""layer bundle crossover + repair"":0},""depth_mask_entries_changed_total"":202,""quant_assignments_changed_total"":241,""interaction_aware_details"":{""budget_repair_quant_changes"":0,""preferred_quant_exchanges_used"":0,""fallback_quant_exchanges_used"":0},""crossover_diagnostics"":{""crossover_type"":""component"",""crossover_parent_selection"":""uniform"",""crossover_offspring"":0,""crossover_offspring_accepted"":0,""mutation_offspring_accepted"":128,""mutation_offspring"":128,""crossover_offspring_attempted"":0,""crossover_duplicates"":0,""crossover_infeasible_candidates"":0,""crossover_repair_changed_gene_count"":0,""crossover_repaired_proposals"":0,""parent_distance_mean"":null,""parent_distance_min"":null,""parent_distance_max"":null,""child_distance_from_parent_a_mean"":null,""child_distance_from_parent_b_mean"":null,""layers_from_parent_a_mean"":null,""layers_from_parent_b_mean"":null,""crossover_no_legal_exchange"":0,""local_exchange_attention"":0,""local_exchange_mlp"":0,""local_exchange_quantization"":0,""local_exchange_block"":0,""child_distance_from_base_mean"":null,""child_distance_from_base_min"":null,""child_distance_from_base_max"":null,""child_distance_from_base_count"":0,""child_distance_from_donor_mean"":null,""child_distance_from_donor_min"":null,""child_distance_from_donor_max"":null,""child_distance_from_donor_count"":0,""donor_distance_reduction_mean"":null,""donor_distance_reduction_min"":null,""donor_distance_reduction_max"":null,""donor_distance_reduction_count"":0,""local_exchange_changed_gene_count_mean"":null,""local_exchange_changed_gene_count_min"":null,""local_exchange_changed_gene_count_max"":null,""local_exchange_changed_gene_count_count"":0,""child_distance_statistics_scope"":""accepted_unique_crossover_offspring"",""persistent_population_size"":1,""unique_population_size"":1,""best_population_fitness"":0.2265625,""configured_survivors_per_selection"":[16,4,1],""effective_survivors_per_selection"":[16,4,1],""effective_final_survivor_count"":1},""offspring_generation"":{""attempts"":128,""no_op_mutations"":0,""duplicate_candidates"":0,""infeasible_candidates"":0,""fixed_quant_legal_swap_counts"":[]},""maximum_depth_mutations_per_offspring"":3,""quantization_step_size"":1,""quantization_mutations_per_offspring"":1,""joint_aware_probability"":0.0,""adaptive_mutation"":false,""adaptive_mutation_strength"":1,""adaptive_mutation_patience"":3,""adaptive_mutation_max_strength"":3,""coarse_to_fine_mutation"":false,""coarse_to_fine_start_strength"":3,""coarse_to_fine_end_strength"":1,""stagnation_generations_after_selection"":0}",quantization,True,128,128,16,5,262144,262144,655360,8195,64880640,45188.766809197026,15276.82177734375
56,0.237060546875,0.2265625,kl,0.237060546875,8.0546875,6.65625,9.9453125,,917504,"{""wikitext2"":327680,""c4"":589824}",128,16,4,1,"[16,4,1]","[2048,16384,131072]",6375608320,3.4642857142857144,3216.5078125,26982023168,26982023168,0,4,4,"{""type"":""mixed_depth_quantization"",""sequential_mode"":""none"",""joint_mutation_mode"":""standard"",""parent_before_generation_hash"":""f763e56fe4e339afb7fcc85010353356ab55b3047eb1a309b3593a909ba1c7a7"",""parent_after_generation_hash"":""8c9089e51e28fcb12270608b2d37ca80d235261a5877b384d44933cf224f7930"",""generated_offspring_by_type"":{""depth"":76,""quantization"":52,""joint_aware"":0,""interaction_aware"":0,""sequential_quantization"":0,""fixed_quant_depth"":0,""component crossover"":0,""component crossover + repair"":0,""layer bundle crossover"":0,""layer bundle crossover + repair"":0},""depth_mask_entries_changed_by_type"":{""depth"":230,""quantization"":0,""joint_aware"":0,""interaction_aware"":0,""sequential_quantization"":0,""fixed_quant_depth"":0,""component crossover"":0,""component crossover + repair"":0,""layer bundle crossover"":0,""layer bundle crossover + repair"":0},""quant_assignments_changed_by_type"":{""depth"":130,""quantization"":114,""joint_aware"":0,""interaction_aware"":0,""sequential_quantization"":0,""fixed_quant_depth"":0,""component crossover"":0,""component crossover + repair"":0,""layer bundle crossover"":0,""layer bundle crossover + repair"":0},""depth_mask_entries_changed_total"":230,""quant_assignments_changed_total"":244,""interaction_aware_details"":{""budget_repair_quant_changes"":0,""preferred_quant_exchanges_used"":0,""fallback_quant_exchanges_used"":0},""crossover_diagnostics"":{""crossover_type"":""component"",""crossover_parent_selection"":""uniform"",""crossover_offspring"":0,""crossover_offspring_accepted"":0,""mutation_offspring_accepted"":128,""mutation_offspring"":128,""crossover_offspring_attempted"":0,""crossover_duplicates"":0,""crossover_infeasible_candidates"":0,""crossover_repair_changed_gene_count"":0,""crossover_repaired_proposals"":0,""parent_distance_mean"":null,""parent_distance_min"":null,""parent_distance_max"":null,""child_distance_from_parent_a_mean"":null,""child_distance_from_parent_b_mean"":null,""layers_from_parent_a_mean"":null,""layers_from_parent_b_mean"":null,""crossover_no_legal_exchange"":0,""local_exchange_attention"":0,""local_exchange_mlp"":0,""local_exchange_quantization"":0,""local_exchange_block"":0,""child_distance_from_base_mean"":null,""child_distance_from_base_min"":null,""child_distance_from_base_max"":null,""child_distance_from_base_count"":0,""child_distance_from_donor_mean"":null,""child_distance_from_donor_min"":null,""child_distance_from_donor_max"":null,""child_distance_from_donor_count"":0,""donor_distance_reduction_mean"":null,""donor_distance_reduction_min"":null,""donor_distance_reduction_max"":null,""donor_distance_reduction_count"":0,""local_exchange_changed_gene_count_mean"":null,""local_exchange_changed_gene_count_min"":null,""local_exchange_changed_gene_count_max"":null,""local_exchange_changed_gene_count_count"":0,""child_distance_statistics_scope"":""accepted_unique_crossover_offspring"",""persistent_population_size"":1,""unique_population_size"":1,""best_population_fitness"":0.237060546875,""configured_survivors_per_selection"":[16,4,1],""effective_survivors_per_selection"":[16,4,1],""effective_final_survivor_count"":1},""offspring_generation"":{""attempts"":128,""no_op_mutations"":0,""duplicate_candidates"":0,""infeasible_candidates"":0,""fixed_quant_legal_swap_counts"":[]},""maximum_depth_mutations_per_offspring"":3,""quantization_step_size"":1,""quantization_mutations_per_offspring"":1,""joint_aware_probability"":0.0,""adaptive_mutation"":false,""adaptive_mutation_strength"":1,""adaptive_mutation_patience"":3,""adaptive_mutation_max_strength"":3,""coarse_to_fine_mutation"":false,""coarse_to_fine_start_strength"":3,""coarse_to_fine_end_strength"":1,""stagnation_generations_after_selection"":0}",quantization,True,128,128,16,5,262144,262144,655360,8344,66060288,46180.31104245398,15276.82177734375
57,0.22705078125,0.237060546875,kl,0.22705078125,,,,,0,{},128,16,4,1,"[16,4,1]","[2048,16384,131072]",6375608320,3.4642857142857144,3216.5078125,26982023168,26982023168,0,4,4,"{""type"":""mixed_depth_quantization"",""sequential_mode"":""none"",""joint_mutation_mode"":""standard"",""parent_before_generation_hash"":""8c9089e51e28fcb12270608b2d37ca80d235261a5877b384d44933cf224f7930"",""parent_after_generation_hash"":""5e0d4158c98930128fc6ea4557638537cffc3a3c32b79dfc4e8d22659b0cb8f0"",""generated_offspring_by_type"":{""depth"":62,""quantization"":66,""joint_aware"":0,""interaction_aware"":0,""sequential_quantization"":0,""fixed_quant_depth"":0,""component crossover"":0,""component crossover + repair"":0,""layer bundle crossover"":0,""layer bundle crossover + repair"":0},""depth_mask_entries_changed_by_type"":{""depth"":194,""quantization"":0,""joint_aware"":0,""interaction_aware"":0,""sequential_quantization"":0,""fixed_quant_depth"":0,""component crossover"":0,""component crossover + repair"":0,""layer bundle crossover"":0,""layer bundle crossover + repair"":0},""quant_assignments_changed_by_type"":{""depth"":94,""quantization"":154,""joint_aware"":0,""interaction_aware"":0,""sequential_quantization"":0,""fixed_quant_depth"":0,""component crossover"":0,""component crossover + repair"":0,""layer bundle crossover"":0,""layer bundle crossover + repair"":0},""depth_mask_entries_changed_total"":194,""quant_assignments_changed_total"":248,""interaction_aware_details"":{""budget_repair_quant_changes"":0,""preferred_quant_exchanges_used"":0,""fallback_quant_exchanges_used"":0},""crossover_diagnostics"":{""crossover_type"":""component"",""crossover_parent_selection"":""uniform"",""crossover_offspring"":0,""crossover_offspring_accepted"":0,""mutation_offspring_accepted"":128,""mutation_offspring"":128,""crossover_offspring_attempted"":0,""crossover_duplicates"":0,""crossover_infeasible_candidates"":0,""crossover_repair_changed_gene_count"":0,""crossover_repaired_proposals"":0,""parent_distance_mean"":null,""parent_distance_min"":null,""parent_distance_max"":null,""child_distance_from_parent_a_mean"":null,""child_distance_from_parent_b_mean"":null,""layers_from_parent_a_mean"":null,""layers_from_parent_b_mean"":null,""crossover_no_legal_exchange"":0,""local_exchange_attention"":0,""local_exchange_mlp"":0,""local_exchange_quantization"":0,""local_exchange_block"":0,""child_distance_from_base_mean"":null,""child_distance_from_base_min"":null,""child_distance_from_base_max"":null,""child_distance_from_base_count"":0,""child_distance_from_donor_mean"":null,""child_distance_from_donor_min"":null,""child_distance_from_donor_max"":null,""child_distance_from_donor_count"":0,""donor_distance_reduction_mean"":null,""donor_distance_reduction_min"":null,""donor_distance_reduction_max"":null,""donor_distance_reduction_count"":0,""local_exchange_changed_gene_count_mean"":null,""local_exchange_changed_gene_count_min"":null,""local_exchange_changed_gene_count_max"":null,""local_exchange_changed_gene_count_count"":0,""child_distance_statistics_scope"":""accepted_unique_crossover_offspring"",""persistent_population_size"":1,""unique_population_size"":1,""best_population_fitness"":0.22705078125,""configured_survivors_per_selection"":[16,4,1],""effective_survivors_per_selection"":[16,4,1],""effective_final_survivor_count"":1},""offspring_generation"":{""attempts"":130,""no_op_mutations"":1,""duplicate_candidates"":1,""infeasible_candidates"":0,""fixed_quant_legal_swap_counts"":[]},""maximum_depth_mutations_per_offspring"":3,""quantization_step_size"":1,""quantization_mutations_per_offspring"":1,""joint_aware_probability"":0.0,""adaptive_mutation"":false,""adaptive_mutation_strength"":1,""adaptive_mutation_patience"":3,""adaptive_mutation_max_strength"":3,""coarse_to_fine_mutation"":false,""coarse_to_fine_start_strength"":3,""coarse_to_fine_end_strength"":1,""stagnation_generations_after_selection"":0}",quantization,True,130,128,16,5,262144,262144,655360,8493,67239936,46972.47248410806,15276.82177734375
58,0.22607421875,0.22705078125,kl,0.22607421875,,,,,0,{},128,16,4,1,"[16,4,1]","[2048,16384,131072]",6375608320,3.4642857142857144,3216.5078125,26982023168,26982023168,0,4,4,"{""type"":""mixed_depth_quantization"",""sequential_mode"":""none"",""joint_mutation_mode"":""standard"",""parent_before_generation_hash"":""5e0d4158c98930128fc6ea4557638537cffc3a3c32b79dfc4e8d22659b0cb8f0"",""parent_after_generation_hash"":""ccfa423ddc31237ca429eb5f0419ec140c62a3cb74147658a7b08df1dc19e34a"",""generated_offspring_by_type"":{""depth"":62,""quantization"":66,""joint_aware"":0,""interaction_aware"":0,""sequential_quantization"":0,""fixed_quant_depth"":0,""component crossover"":0,""component crossover + repair"":0,""layer bundle crossover"":0,""layer bundle crossover + repair"":0},""depth_mask_entries_changed_by_type"":{""depth"":192,""quantization"":0,""joint_aware"":0,""interaction_aware"":0,""sequential_quantization"":0,""fixed_quant_depth"":0,""component crossover"":0,""component crossover + repair"":0,""layer bundle crossover"":0,""layer bundle crossover + repair"":0},""quant_assignments_changed_by_type"":{""depth"":104,""quantization"":147,""joint_aware"":0,""interaction_aware"":0,""sequential_quantization"":0,""fixed_quant_depth"":0,""component crossover"":0,""component crossover + repair"":0,""layer bundle crossover"":0,""layer bundle crossover + repair"":0},""depth_mask_entries_changed_total"":192,""quant_assignments_changed_total"":251,""interaction_aware_details"":{""budget_repair_quant_changes"":0,""preferred_quant_exchanges_used"":0,""fallback_quant_exchanges_used"":0},""crossover_diagnostics"":{""crossover_type"":""component"",""crossover_parent_selection"":""uniform"",""crossover_offspring"":0,""crossover_offspring_accepted"":0,""mutation_offspring_accepted"":128,""mutation_offspring"":128,""crossover_offspring_attempted"":0,""crossover_duplicates"":0,""crossover_infeasible_candidates"":0,""crossover_repair_changed_gene_count"":0,""crossover_repaired_proposals"":0,""parent_distance_mean"":null,""parent_distance_min"":null,""parent_distance_max"":null,""child_distance_from_parent_a_mean"":null,""child_distance_from_parent_b_mean"":null,""layers_from_parent_a_mean"":null,""layers_from_parent_b_mean"":null,""crossover_no_legal_exchange"":0,""local_exchange_attention"":0,""local_exchange_mlp"":0,""local_exchange_quantization"":0,""local_exchange_block"":0,""child_distance_from_base_mean"":null,""child_distance_from_base_min"":null,""child_distance_from_base_max"":null,""child_distance_from_base_count"":0,""child_distance_from_donor_mean"":null,""child_distance_from_donor_min"":null,""child_distance_from_donor_max"":null,""child_distance_from_donor_count"":0,""donor_distance_reduction_mean"":null,""donor_distance_reduction_min"":null,""donor_distance_reduction_max"":null,""donor_distance_reduction_count"":0,""local_exchange_changed_gene_count_mean"":null,""local_exchange_changed_gene_count_min"":null,""local_exchange_changed_gene_count_max"":null,""local_exchange_changed_gene_count_count"":0,""child_distance_statistics_scope"":""accepted_unique_crossover_offspring"",""persistent_population_size"":1,""unique_population_size"":1,""best_population_fitness"":0.22607421875,""configured_survivors_per_selection"":[16,4,1],""effective_survivors_per_selection"":[16,4,1],""effective_final_survivor_count"":1},""offspring_generation"":{""attempts"":129,""no_op_mutations"":0,""duplicate_candidates"":1,""infeasible_candidates"":0,""fixed_quant_legal_swap_counts"":[]},""maximum_depth_mutations_per_offspring"":3,""quantization_step_size"":1,""quantization_mutations_per_offspring"":1,""joint_aware_probability"":0.0,""adaptive_mutation"":false,""adaptive_mutation_strength"":1,""adaptive_mutation_patience"":3,""adaptive_mutation_max_strength"":3,""coarse_to_fine_mutation"":false,""coarse_to_fine_start_strength"":3,""coarse_to_fine_end_strength"":1,""stagnation_generations_after_selection"":0}",quantization,True,129,128,16,5,262144,262144,655360,8642,68419584,47778.66301137803,15276.82177734375
59,0.22900390625,0.22607421875,kl,0.22900390625,,,,,0,{},128,16,4,1,"[16,4,1]","[2048,16384,131072]",6375608320,3.4642857142857144,3216.5078125,26982023168,26982023168,0,4,4,"{""type"":""mixed_depth_quantization"",""sequential_mode"":""none"",""joint_mutation_mode"":""standard"",""parent_before_generation_hash"":""ccfa423ddc31237ca429eb5f0419ec140c62a3cb74147658a7b08df1dc19e34a"",""parent_after_generation_hash"":""7719502bf36e25877cc159fe035f22ea9180a671545817ca89f912f537efdab6"",""generated_offspring_by_type"":{""depth"":58,""quantization"":70,""joint_aware"":0,""interaction_aware"":0,""sequential_quantization"":0,""fixed_quant_depth"":0,""component crossover"":0,""component crossover + repair"":0,""layer bundle crossover"":0,""layer bundle crossover + repair"":0},""depth_mask_entries_changed_by_type"":{""depth"":188,""quantization"":0,""joint_aware"":0,""interaction_aware"":0,""sequential_quantization"":0,""fixed_quant_depth"":0,""component crossover"":0,""component crossover + repair"":0,""layer bundle crossover"":0,""layer bundle crossover + repair"":0},""quant_assignments_changed_by_type"":{""depth"":103,""quantization"":150,""joint_aware"":0,""interaction_aware"":0,""sequential_quantization"":0,""fixed_quant_depth"":0,""component crossover"":0,""component crossover + repair"":0,""layer bundle crossover"":0,""layer bundle crossover + repair"":0},""depth_mask_entries_changed_total"":188,""quant_assignments_changed_total"":253,""interaction_aware_details"":{""budget_repair_quant_changes"":0,""preferred_quant_exchanges_used"":0,""fallback_quant_exchanges_used"":0},""crossover_diagnostics"":{""crossover_type"":""component"",""crossover_parent_selection"":""uniform"",""crossover_offspring"":0,""crossover_offspring_accepted"":0,""mutation_offspring_accepted"":128,""mutation_offspring"":128,""crossover_offspring_attempted"":0,""crossover_duplicates"":0,""crossover_infeasible_candidates"":0,""crossover_repair_changed_gene_count"":0,""crossover_repaired_proposals"":0,""parent_distance_mean"":null,""parent_distance_min"":null,""parent_distance_max"":null,""child_distance_from_parent_a_mean"":null,""child_distance_from_parent_b_mean"":null,""layers_from_parent_a_mean"":null,""layers_from_parent_b_mean"":null,""crossover_no_legal_exchange"":0,""local_exchange_attention"":0,""local_exchange_mlp"":0,""local_exchange_quantization"":0,""local_exchange_block"":0,""child_distance_from_base_mean"":null,""child_distance_from_base_min"":null,""child_distance_from_base_max"":null,""child_distance_from_base_count"":0,""child_distance_from_donor_mean"":null,""child_distance_from_donor_min"":null,""child_distance_from_donor_max"":null,""child_distance_from_donor_count"":0,""donor_distance_reduction_mean"":null,""donor_distance_reduction_min"":null,""donor_distance_reduction_max"":null,""donor_distance_reduction_count"":0,""local_exchange_changed_gene_count_mean"":null,""local_exchange_changed_gene_count_min"":null,""local_exchange_changed_gene_count_max"":null,""local_exchange_changed_gene_count_count"":0,""child_distance_statistics_scope"":""accepted_unique_crossover_offspring"",""persistent_population_size"":1,""unique_population_size"":1,""best_population_fitness"":0.22900390625,""configured_survivors_per_selection"":[16,4,1],""effective_survivors_per_selection"":[16,4,1],""effective_final_survivor_count"":1},""offspring_generation"":{""attempts"":129,""no_op_mutations"":0,""duplicate_candidates"":1,""infeasible_candidates"":0,""fixed_quant_legal_swap_counts"":[]},""maximum_depth_mutations_per_offspring"":3,""quantization_step_size"":1,""quantization_mutations_per_offspring"":1,""joint_aware_probability"":0.0,""adaptive_mutation"":false,""adaptive_mutation_strength"":1,""adaptive_mutation_patience"":3,""adaptive_mutation_max_strength"":3,""coarse_to_fine_mutation"":false,""coarse_to_fine_start_strength"":3,""coarse_to_fine_end_strength"":1,""stagnation_generations_after_selection"":0}",quantization,True,129,128,16,5,262144,262144,655360,8791,69599232,48576.70909866004,15276.82177734375
60,0.2322998046875,0.22900390625,kl,0.2322998046875,,,,,0,{},128,16,4,1,"[16,4,1]","[2048,16384,131072]",6375608320,3.4642857142857144,3216.5078125,26982023168,26982023168,0,4,4,"{""type"":""mixed_depth_quantization"",""sequential_mode"":""none"",""joint_mutation_mode"":""standard"",""parent_before_generation_hash"":""7719502bf36e25877cc159fe035f22ea9180a671545817ca89f912f537efdab6"",""parent_after_generation_hash"":""55b7f548351a95a7971b61369e7a387f63771d9f79975d5ba5166878cb3f2301"",""generated_offspring_by_type"":{""depth"":67,""quantization"":61,""joint_aware"":0,""interaction_aware"":0,""sequential_quantization"":0,""fixed_quant_depth"":0,""component crossover"":0,""component crossover + repair"":0,""layer bundle crossover"":0,""layer bundle crossover + repair"":0},""depth_mask_entries_changed_by_type"":{""depth"":208,""quantization"":0,""joint_aware"":0,""interaction_aware"":0,""sequential_quantization"":0,""fixed_quant_depth"":0,""component crossover"":0,""component crossover + repair"":0,""layer bundle crossover"":0,""layer bundle crossover + repair"":0},""quant_assignments_changed_by_type"":{""depth"":117,""quantization"":133,""joint_aware"":0,""interaction_aware"":0,""sequential_quantization"":0,""fixed_quant_depth"":0,""component crossover"":0,""component crossover + repair"":0,""layer bundle crossover"":0,""layer bundle crossover + repair"":0},""depth_mask_entries_changed_total"":208,""quant_assignments_changed_total"":250,""interaction_aware_details"":{""budget_repair_quant_changes"":0,""preferred_quant_exchanges_used"":0,""fallback_quant_exchanges_used"":0},""crossover_diagnostics"":{""crossover_type"":""component"",""crossover_parent_selection"":""uniform"",""crossover_offspring"":0,""crossover_offspring_accepted"":0,""mutation_offspring_accepted"":128,""mutation_offspring"":128,""crossover_offspring_attempted"":0,""crossover_duplicates"":0,""crossover_infeasible_candidates"":0,""crossover_repair_changed_gene_count"":0,""crossover_repaired_proposals"":0,""parent_distance_mean"":null,""parent_distance_min"":null,""parent_distance_max"":null,""child_distance_from_parent_a_mean"":null,""child_distance_from_parent_b_mean"":null,""layers_from_parent_a_mean"":null,""layers_from_parent_b_mean"":null,""crossover_no_legal_exchange"":0,""local_exchange_attention"":0,""local_exchange_mlp"":0,""local_exchange_quantization"":0,""local_exchange_block"":0,""child_distance_from_base_mean"":null,""child_distance_from_base_min"":null,""child_distance_from_base_max"":null,""child_distance_from_base_count"":0,""child_distance_from_donor_mean"":null,""child_distance_from_donor_min"":null,""child_distance_from_donor_max"":null,""child_distance_from_donor_count"":0,""donor_distance_reduction_mean"":null,""donor_distance_reduction_min"":null,""donor_distance_reduction_max"":null,""donor_distance_reduction_count"":0,""local_exchange_changed_gene_count_mean"":null,""local_exchange_changed_gene_count_min"":null,""local_exchange_changed_gene_count_max"":null,""local_exchange_changed_gene_count_count"":0,""child_distance_statistics_scope"":""accepted_unique_crossover_offspring"",""persistent_population_size"":1,""unique_population_size"":1,""best_population_fitness"":0.2322998046875,""configured_survivors_per_selection"":[16,4,1],""effective_survivors_per_selection"":[16,4,1],""effective_final_survivor_count"":1},""offspring_generation"":{""attempts"":129,""no_op_mutations"":1,""duplicate_candidates"":0,""infeasible_candidates"":0,""fixed_quant_legal_swap_counts"":[]},""maximum_depth_mutations_per_offspring"":3,""quantization_step_size"":1,""quantization_mutations_per_offspring"":1,""joint_aware_probability"":0.0,""adaptive_mutation"":false,""adaptive_mutation_strength"":1,""adaptive_mutation_patience"":3,""adaptive_mutation_max_strength"":3,""coarse_to_fine_mutation"":false,""coarse_to_fine_start_strength"":3,""coarse_to_fine_end_strength"":1,""stagnation_generations_after_selection"":0}",quantization,True,129,128,16,5,262144,262144,655360,8940,70778880,49418.707977753016,15276.82177734375
61,0.2188720703125,0.2322998046875,kl,0.2188720703125,8.0390625,6.64453125,9.9453125,,917504,"{""wikitext2"":327680,""c4"":589824}",128,16,4,1,"[16,4,1]","[2048,16384,131072]",6375608320,3.4642857142857144,3216.5078125,26982023168,26982023168,0,4,4,"{""type"":""mixed_depth_quantization"",""sequential_mode"":""none"",""joint_mutation_mode"":""standard"",""parent_before_generation_hash"":""55b7f548351a95a7971b61369e7a387f63771d9f79975d5ba5166878cb3f2301"",""parent_after_generation_hash"":""28e4e82f12fefdf517bd62fe65475c72bc0ec1960e94d06716bfd0c3c39ca03e"",""generated_offspring_by_type"":{""depth"":69,""quantization"":59,""joint_aware"":0,""interaction_aware"":0,""sequential_quantization"":0,""fixed_quant_depth"":0,""component crossover"":0,""component crossover + repair"":0,""layer bundle crossover"":0,""layer bundle crossover + repair"":0},""depth_mask_entries_changed_by_type"":{""depth"":194,""quantization"":0,""joint_aware"":0,""interaction_aware"":0,""sequential_quantization"":0,""fixed_quant_depth"":0,""component crossover"":0,""component crossover + repair"":0,""layer bundle crossover"":0,""layer bundle crossover + repair"":0},""quant_assignments_changed_by_type"":{""depth"":113,""quantization"":131,""joint_aware"":0,""interaction_aware"":0,""sequential_quantization"":0,""fixed_quant_depth"":0,""component crossover"":0,""component crossover + repair"":0,""layer bundle crossover"":0,""layer bundle crossover + repair"":0},""depth_mask_entries_changed_total"":194,""quant_assignments_changed_total"":244,""interaction_aware_details"":{""budget_repair_quant_changes"":0,""preferred_quant_exchanges_used"":0,""fallback_quant_exchanges_used"":0},""crossover_diagnostics"":{""crossover_type"":""component"",""crossover_parent_selection"":""uniform"",""crossover_offspring"":0,""crossover_offspring_accepted"":0,""mutation_offspring_accepted"":128,""mutation_offspring"":128,""crossover_offspring_attempted"":0,""crossover_duplicates"":0,""crossover_infeasible_candidates"":0,""crossover_repair_changed_gene_count"":0,""crossover_repaired_proposals"":0,""parent_distance_mean"":null,""parent_distance_min"":null,""parent_distance_max"":null,""child_distance_from_parent_a_mean"":null,""child_distance_from_parent_b_mean"":null,""layers_from_parent_a_mean"":null,""layers_from_parent_b_mean"":null,""crossover_no_legal_exchange"":0,""local_exchange_attention"":0,""local_exchange_mlp"":0,""local_exchange_quantization"":0,""local_exchange_block"":0,""child_distance_from_base_mean"":null,""child_distance_from_base_min"":null,""child_distance_from_base_max"":null,""child_distance_from_base_count"":0,""child_distance_from_donor_mean"":null,""child_distance_from_donor_min"":null,""child_distance_from_donor_max"":null,""child_distance_from_donor_count"":0,""donor_distance_reduction_mean"":null,""donor_distance_reduction_min"":null,""donor_distance_reduction_max"":null,""donor_distance_reduction_count"":0,""local_exchange_changed_gene_count_mean"":null,""local_exchange_changed_gene_count_min"":null,""local_exchange_changed_gene_count_max"":null,""local_exchange_changed_gene_count_count"":0,""child_distance_statistics_scope"":""accepted_unique_crossover_offspring"",""persistent_population_size"":1,""unique_population_size"":1,""best_population_fitness"":0.2188720703125,""configured_survivors_per_selection"":[16,4,1],""effective_survivors_per_selection"":[16,4,1],""effective_final_survivor_count"":1},""offspring_generation"":{""attempts"":128,""no_op_mutations"":0,""duplicate_candidates"":0,""infeasible_candidates"":0,""fixed_quant_legal_swap_counts"":[]},""maximum_depth_mutations_per_offspring"":3,""quantization_step_size"":1,""quantization_mutations_per_offspring"":1,""joint_aware_probability"":0.0,""adaptive_mutation"":false,""adaptive_mutation_strength"":1,""adaptive_mutation_patience"":3,""adaptive_mutation_max_strength"":3,""coarse_to_fine_mutation"":false,""coarse_to_fine_start_strength"":3,""coarse_to_fine_end_strength"":1,""stagnation_generations_after_selection"":0}",quantization,True,128,128,16,5,262144,262144,655360,9089,71958528,50514.44838019402,15276.82177734375
62,0.22900390625,0.2188720703125,kl,0.22900390625,,,,,0,{},128,16,4,1,"[16,4,1]","[2048,16384,131072]",6375608320,3.4642857142857144,3216.5078125,26982023168,26982023168,0,4,4,"{""type"":""mixed_depth_quantization"",""sequential_mode"":""none"",""joint_mutation_mode"":""standard"",""parent_before_generation_hash"":""28e4e82f12fefdf517bd62fe65475c72bc0ec1960e94d06716bfd0c3c39ca03e"",""parent_after_generation_hash"":""28e4e82f12fefdf517bd62fe65475c72bc0ec1960e94d06716bfd0c3c39ca03e"",""generated_offspring_by_type"":{""depth"":69,""quantization"":59,""joint_aware"":0,""interaction_aware"":0,""sequential_quantization"":0,""fixed_quant_depth"":0,""component crossover"":0,""component crossover + repair"":0,""layer bundle crossover"":0,""layer bundle crossover + repair"":0},""depth_mask_entries_changed_by_type"":{""depth"":212,""quantization"":0,""joint_aware"":0,""interaction_aware"":0,""sequential_quantization"":0,""fixed_quant_depth"":0,""component crossover"":0,""component crossover + repair"":0,""layer bundle crossover"":0,""layer bundle crossover + repair"":0},""quant_assignments_changed_by_type"":{""depth"":118,""quantization"":125,""joint_aware"":0,""interaction_aware"":0,""sequential_quantization"":0,""fixed_quant_depth"":0,""component crossover"":0,""component crossover + repair"":0,""layer bundle crossover"":0,""layer bundle crossover + repair"":0},""depth_mask_entries_changed_total"":212,""quant_assignments_changed_total"":243,""interaction_aware_details"":{""budget_repair_quant_changes"":0,""preferred_quant_exchanges_used"":0,""fallback_quant_exchanges_used"":0},""crossover_diagnostics"":{""crossover_type"":""component"",""crossover_parent_selection"":""uniform"",""crossover_offspring"":0,""crossover_offspring_accepted"":0,""mutation_offspring_accepted"":128,""mutation_offspring"":128,""crossover_offspring_attempted"":0,""crossover_duplicates"":0,""crossover_infeasible_candidates"":0,""crossover_repair_changed_gene_count"":0,""crossover_repaired_proposals"":0,""parent_distance_mean"":null,""parent_distance_min"":null,""parent_distance_max"":null,""child_distance_from_parent_a_mean"":null,""child_distance_from_parent_b_mean"":null,""layers_from_parent_a_mean"":null,""layers_from_parent_b_mean"":null,""crossover_no_legal_exchange"":0,""local_exchange_attention"":0,""local_exchange_mlp"":0,""local_exchange_quantization"":0,""local_exchange_block"":0,""child_distance_from_base_mean"":null,""child_distance_from_base_min"":null,""child_distance_from_base_max"":null,""child_distance_from_base_count"":0,""child_distance_from_donor_mean"":null,""child_distance_from_donor_min"":null,""child_distance_from_donor_max"":null,""child_distance_from_donor_count"":0,""donor_distance_reduction_mean"":null,""donor_distance_reduction_min"":null,""donor_distance_reduction_max"":null,""donor_distance_reduction_count"":0,""local_exchange_changed_gene_count_mean"":null,""local_exchange_changed_gene_count_min"":null,""local_exchange_changed_gene_count_max"":null,""local_exchange_changed_gene_count_count"":0,""child_distance_statistics_scope"":""accepted_unique_crossover_offspring"",""persistent_population_size"":1,""unique_population_size"":1,""best_population_fitness"":0.22900390625,""configured_survivors_per_selection"":[16,4,1],""effective_survivors_per_selection"":[16,4,1],""effective_final_survivor_count"":1},""offspring_generation"":{""attempts"":128,""no_op_mutations"":0,""duplicate_candidates"":0,""infeasible_candidates"":0,""fixed_quant_legal_swap_counts"":[]},""maximum_depth_mutations_per_offspring"":3,""quantization_step_size"":1,""quantization_mutations_per_offspring"":1,""joint_aware_probability"":0.0,""adaptive_mutation"":false,""adaptive_mutation_strength"":1,""adaptive_mutation_patience"":3,""adaptive_mutation_max_strength"":3,""coarse_to_fine_mutation"":false,""coarse_to_fine_start_strength"":3,""coarse_to_fine_end_strength"":1,""stagnation_generations_after_selection"":1}",parent,False,128,128,16,5,262144,262144,655360,9238,73138176,51394.65963136603,15276.82177734375
63,0.231689453125,0.22900390625,kl,0.231689453125,,,,,0,{},128,16,4,1,"[16,4,1]","[2048,16384,131072]",6375608320,3.4642857142857144,3216.5078125,26982023168,26982023168,0,4,4,"{""type"":""mixed_depth_quantization"",""sequential_mode"":""none"",""joint_mutation_mode"":""standard"",""parent_before_generation_hash"":""28e4e82f12fefdf517bd62fe65475c72bc0ec1960e94d06716bfd0c3c39ca03e"",""parent_after_generation_hash"":""963b647855c1b7bb4381dc9224f601c16fc25967a069d709f90007406333445c"",""generated_offspring_by_type"":{""depth"":67,""quantization"":61,""joint_aware"":0,""interaction_aware"":0,""sequential_quantization"":0,""fixed_quant_depth"":0,""component crossover"":0,""component crossover + repair"":0,""layer bundle crossover"":0,""layer bundle crossover + repair"":0},""depth_mask_entries_changed_by_type"":{""depth"":208,""quantization"":0,""joint_aware"":0,""interaction_aware"":0,""sequential_quantization"":0,""fixed_quant_depth"":0,""component crossover"":0,""component crossover + repair"":0,""layer bundle crossover"":0,""layer bundle crossover + repair"":0},""quant_assignments_changed_by_type"":{""depth"":107,""quantization"":134,""joint_aware"":0,""interaction_aware"":0,""sequential_quantization"":0,""fixed_quant_depth"":0,""component crossover"":0,""component crossover + repair"":0,""layer bundle crossover"":0,""layer bundle crossover + repair"":0},""depth_mask_entries_changed_total"":208,""quant_assignments_changed_total"":241,""interaction_aware_details"":{""budget_repair_quant_changes"":0,""preferred_quant_exchanges_used"":0,""fallback_quant_exchanges_used"":0},""crossover_diagnostics"":{""crossover_type"":""component"",""crossover_parent_selection"":""uniform"",""crossover_offspring"":0,""crossover_offspring_accepted"":0,""mutation_offspring_accepted"":128,""mutation_offspring"":128,""crossover_offspring_attempted"":0,""crossover_duplicates"":0,""crossover_infeasible_candidates"":0,""crossover_repair_changed_gene_count"":0,""crossover_repaired_proposals"":0,""parent_distance_mean"":null,""parent_distance_min"":null,""parent_distance_max"":null,""child_distance_from_parent_a_mean"":null,""child_distance_from_parent_b_mean"":null,""layers_from_parent_a_mean"":null,""layers_from_parent_b_mean"":null,""crossover_no_legal_exchange"":0,""local_exchange_attention"":0,""local_exchange_mlp"":0,""local_exchange_quantization"":0,""local_exchange_block"":0,""child_distance_from_base_mean"":null,""child_distance_from_base_min"":null,""child_distance_from_base_max"":null,""child_distance_from_base_count"":0,""child_distance_from_donor_mean"":null,""child_distance_from_donor_min"":null,""child_distance_from_donor_max"":null,""child_distance_from_donor_count"":0,""donor_distance_reduction_mean"":null,""donor_distance_reduction_min"":null,""donor_distance_reduction_max"":null,""donor_distance_reduction_count"":0,""local_exchange_changed_gene_count_mean"":null,""local_exchange_changed_gene_count_min"":null,""local_exchange_changed_gene_count_max"":null,""local_exchange_changed_gene_count_count"":0,""child_distance_statistics_scope"":""accepted_unique_crossover_offspring"",""persistent_population_size"":1,""unique_population_size"":1,""best_population_fitness"":0.231689453125,""configured_survivors_per_selection"":[16,4,1],""effective_survivors_per_selection"":[16,4,1],""effective_final_survivor_count"":1},""offspring_generation"":{""attempts"":129,""no_op_mutations"":1,""duplicate_candidates"":0,""infeasible_candidates"":0,""fixed_quant_legal_swap_counts"":[]},""maximum_depth_mutations_per_offspring"":3,""quantization_step_size"":1,""quantization_mutations_per_offspring"":1,""joint_aware_probability"":0.0,""adaptive_mutation"":false,""adaptive_mutation_strength"":1,""adaptive_mutation_patience"":3,""adaptive_mutation_max_strength"":3,""coarse_to_fine_mutation"":false,""coarse_to_fine_start_strength"":3,""coarse_to_fine_end_strength"":1,""stagnation_generations_after_selection"":0}",quantization,True,129,128,16,5,262144,262144,655360,9387,74317824,52236.26209246402,15276.82177734375
64,0.2203369140625,0.231689453125,kl,0.2203369140625,,,,,0,{},128,16,4,1,"[16,4,1]","[2048,16384,131072]",6375608320,3.4642857142857144,3216.5078125,26982023168,26982023168,0,4,4,"{""type"":""mixed_depth_quantization"",""sequential_mode"":""none"",""joint_mutation_mode"":""standard"",""parent_before_generation_hash"":""963b647855c1b7bb4381dc9224f601c16fc25967a069d709f90007406333445c"",""parent_after_generation_hash"":""65b4b2c27d5194af76b4815e26c5df3c2e93ec58927e68e45af65c733cbc7a9b"",""generated_offspring_by_type"":{""depth"":68,""quantization"":60,""joint_aware"":0,""interaction_aware"":0,""sequential_quantization"":0,""fixed_quant_depth"":0,""component crossover"":0,""component crossover + repair"":0,""layer bundle crossover"":0,""layer bundle crossover + repair"":0},""depth_mask_entries_changed_by_type"":{""depth"":212,""quantization"":0,""joint_aware"":0,""interaction_aware"":0,""sequential_quantization"":0,""fixed_quant_depth"":0,""component crossover"":0,""component crossover + repair"":0,""layer bundle crossover"":0,""layer bundle crossover + repair"":0},""quant_assignments_changed_by_type"":{""depth"":117,""quantization"":131,""joint_aware"":0,""interaction_aware"":0,""sequential_quantization"":0,""fixed_quant_depth"":0,""component crossover"":0,""component crossover + repair"":0,""layer bundle crossover"":0,""layer bundle crossover + repair"":0},""depth_mask_entries_changed_total"":212,""quant_assignments_changed_total"":248,""interaction_aware_details"":{""budget_repair_quant_changes"":0,""preferred_quant_exchanges_used"":0,""fallback_quant_exchanges_used"":0},""crossover_diagnostics"":{""crossover_type"":""component"",""crossover_parent_selection"":""uniform"",""crossover_offspring"":0,""crossover_offspring_accepted"":0,""mutation_offspring_accepted"":128,""mutation_offspring"":128,""crossover_offspring_attempted"":0,""crossover_duplicates"":0,""crossover_infeasible_candidates"":0,""crossover_repair_changed_gene_count"":0,""crossover_repaired_proposals"":0,""parent_distance_mean"":null,""parent_distance_min"":null,""parent_distance_max"":null,""child_distance_from_parent_a_mean"":null,""child_distance_from_parent_b_mean"":null,""layers_from_parent_a_mean"":null,""layers_from_parent_b_mean"":null,""crossover_no_legal_exchange"":0,""local_exchange_attention"":0,""local_exchange_mlp"":0,""local_exchange_quantization"":0,""local_exchange_block"":0,""child_distance_from_base_mean"":null,""child_distance_from_base_min"":null,""child_distance_from_base_max"":null,""child_distance_from_base_count"":0,""child_distance_from_donor_mean"":null,""child_distance_from_donor_min"":null,""child_distance_from_donor_max"":null,""child_distance_from_donor_count"":0,""donor_distance_reduction_mean"":null,""donor_distance_reduction_min"":null,""donor_distance_reduction_max"":null,""donor_distance_reduction_count"":0,""local_exchange_changed_gene_count_mean"":null,""local_exchange_changed_gene_count_min"":null,""local_exchange_changed_gene_count_max"":null,""local_exchange_changed_gene_count_count"":0,""child_distance_statistics_scope"":""accepted_unique_crossover_offspring"",""persistent_population_size"":1,""unique_population_size"":1,""best_population_fitness"":0.2203369140625,""configured_survivors_per_selection"":[16,4,1],""effective_survivors_per_selection"":[16,4,1],""effective_final_survivor_count"":1},""offspring_generation"":{""attempts"":129,""no_op_mutations"":1,""duplicate_candidates"":0,""infeasible_candidates"":0,""fixed_quant_legal_swap_counts"":[]},""maximum_depth_mutations_per_offspring"":3,""quantization_step_size"":1,""quantization_mutations_per_offspring"":1,""joint_aware_probability"":0.0,""adaptive_mutation"":false,""adaptive_mutation_strength"":1,""adaptive_mutation_patience"":3,""adaptive_mutation_max_strength"":3,""coarse_to_fine_mutation"":false,""coarse_to_fine_start_strength"":3,""coarse_to_fine_end_strength"":1,""stagnation_generations_after_selection"":0}",quantization,True,129,128,16,5,262144,262144,655360,9536,75497472,53105.09318784706,15276.82177734375
65,0.2237548828125,0.2203369140625,kl,0.2237548828125,,,,,0,{},128,16,4,1,"[16,4,1]","[2048,16384,131072]",6375608320,3.4642857142857144,3216.5078125,26982023168,26982023168,0,4,4,"{""type"":""mixed_depth_quantization"",""sequential_mode"":""none"",""joint_mutation_mode"":""standard"",""parent_before_generation_hash"":""65b4b2c27d5194af76b4815e26c5df3c2e93ec58927e68e45af65c733cbc7a9b"",""parent_after_generation_hash"":""65b4b2c27d5194af76b4815e26c5df3c2e93ec58927e68e45af65c733cbc7a9b"",""generated_offspring_by_type"":{""depth"":65,""quantization"":63,""joint_aware"":0,""interaction_aware"":0,""sequential_quantization"":0,""fixed_quant_depth"":0,""component crossover"":0,""component crossover + repair"":0,""layer bundle crossover"":0,""layer bundle crossover + repair"":0},""depth_mask_entries_changed_by_type"":{""depth"":200,""quantization"":0,""joint_aware"":0,""interaction_aware"":0,""sequential_quantization"":0,""fixed_quant_depth"":0,""component crossover"":0,""component crossover + repair"":0,""layer bundle crossover"":0,""layer bundle crossover + repair"":0},""quant_assignments_changed_by_type"":{""depth"":108,""quantization"":141,""joint_aware"":0,""interaction_aware"":0,""sequential_quantization"":0,""fixed_quant_depth"":0,""component crossover"":0,""component crossover + repair"":0,""layer bundle crossover"":0,""layer bundle crossover + repair"":0},""depth_mask_entries_changed_total"":200,""quant_assignments_changed_total"":249,""interaction_aware_details"":{""budget_repair_quant_changes"":0,""preferred_quant_exchanges_used"":0,""fallback_quant_exchanges_used"":0},""crossover_diagnostics"":{""crossover_type"":""component"",""crossover_parent_selection"":""uniform"",""crossover_offspring"":0,""crossover_offspring_accepted"":0,""mutation_offspring_accepted"":128,""mutation_offspring"":128,""crossover_offspring_attempted"":0,""crossover_duplicates"":0,""crossover_infeasible_candidates"":0,""crossover_repair_changed_gene_count"":0,""crossover_repaired_proposals"":0,""parent_distance_mean"":null,""parent_distance_min"":null,""parent_distance_max"":null,""child_distance_from_parent_a_mean"":null,""child_distance_from_parent_b_mean"":null,""layers_from_parent_a_mean"":null,""layers_from_parent_b_mean"":null,""crossover_no_legal_exchange"":0,""local_exchange_attention"":0,""local_exchange_mlp"":0,""local_exchange_quantization"":0,""local_exchange_block"":0,""child_distance_from_base_mean"":null,""child_distance_from_base_min"":null,""child_distance_from_base_max"":null,""child_distance_from_base_count"":0,""child_distance_from_donor_mean"":null,""child_distance_from_donor_min"":null,""child_distance_from_donor_max"":null,""child_distance_from_donor_count"":0,""donor_distance_reduction_mean"":null,""donor_distance_reduction_min"":null,""donor_distance_reduction_max"":null,""donor_distance_reduction_count"":0,""local_exchange_changed_gene_count_mean"":null,""local_exchange_changed_gene_count_min"":null,""local_exchange_changed_gene_count_max"":null,""local_exchange_changed_gene_count_count"":0,""child_distance_statistics_scope"":""accepted_unique_crossover_offspring"",""persistent_population_size"":1,""unique_population_size"":1,""best_population_fitness"":0.2237548828125,""configured_survivors_per_selection"":[16,4,1],""effective_survivors_per_selection"":[16,4,1],""effective_final_survivor_count"":1},""offspring_generation"":{""attempts"":130,""no_op_mutations"":1,""duplicate_candidates"":1,""infeasible_candidates"":0,""fixed_quant_legal_swap_counts"":[]},""maximum_depth_mutations_per_offspring"":3,""quantization_step_size"":1,""quantization_mutations_per_offspring"":1,""joint_aware_probability"":0.0,""adaptive_mutation"":false,""adaptive_mutation_strength"":1,""adaptive_mutation_patience"":3,""adaptive_mutation_max_strength"":3,""coarse_to_fine_mutation"":false,""coarse_to_fine_start_strength"":3,""coarse_to_fine_end_strength"":1,""stagnation_generations_after_selection"":1}",parent,False,130,128,16,5,262144,262144,655360,9685,76677120,53921.39819671202,15276.82177734375
66,0.2294921875,0.2237548828125,kl,0.2294921875,8.0546875,6.64453125,9.9453125,,917504,"{""wikitext2"":327680,""c4"":589824}",128,16,4,1,"[16,4,1]","[2048,16384,131072]",6375608320,3.4642857142857144,3216.5078125,26982023168,26982023168,0,4,4,"{""type"":""mixed_depth_quantization"",""sequential_mode"":""none"",""joint_mutation_mode"":""standard"",""parent_before_generation_hash"":""65b4b2c27d5194af76b4815e26c5df3c2e93ec58927e68e45af65c733cbc7a9b"",""parent_after_generation_hash"":""9b059f4a53eaca2f1ce74f8afa549bebd5698e4a3b5776f4aaa372424bf5e6fd"",""generated_offspring_by_type"":{""depth"":66,""quantization"":62,""joint_aware"":0,""interaction_aware"":0,""sequential_quantization"":0,""fixed_quant_depth"":0,""component crossover"":0,""component crossover + repair"":0,""layer bundle crossover"":0,""layer bundle crossover + repair"":0},""depth_mask_entries_changed_by_type"":{""depth"":202,""quantization"":0,""joint_aware"":0,""interaction_aware"":0,""sequential_quantization"":0,""fixed_quant_depth"":0,""component crossover"":0,""component crossover + repair"":0,""layer bundle crossover"":0,""layer bundle crossover + repair"":0},""quant_assignments_changed_by_type"":{""depth"":109,""quantization"":132,""joint_aware"":0,""interaction_aware"":0,""sequential_quantization"":0,""fixed_quant_depth"":0,""component crossover"":0,""component crossover + repair"":0,""layer bundle crossover"":0,""layer bundle crossover + repair"":0},""depth_mask_entries_changed_total"":202,""quant_assignments_changed_total"":241,""interaction_aware_details"":{""budget_repair_quant_changes"":0,""preferred_quant_exchanges_used"":0,""fallback_quant_exchanges_used"":0},""crossover_diagnostics"":{""crossover_type"":""component"",""crossover_parent_selection"":""uniform"",""crossover_offspring"":0,""crossover_offspring_accepted"":0,""mutation_offspring_accepted"":128,""mutation_offspring"":128,""crossover_offspring_attempted"":0,""crossover_duplicates"":0,""crossover_infeasible_candidates"":0,""crossover_repair_changed_gene_count"":0,""crossover_repaired_proposals"":0,""parent_distance_mean"":null,""parent_distance_min"":null,""parent_distance_max"":null,""child_distance_from_parent_a_mean"":null,""child_distance_from_parent_b_mean"":null,""layers_from_parent_a_mean"":null,""layers_from_parent_b_mean"":null,""crossover_no_legal_exchange"":0,""local_exchange_attention"":0,""local_exchange_mlp"":0,""local_exchange_quantization"":0,""local_exchange_block"":0,""child_distance_from_base_mean"":null,""child_distance_from_base_min"":null,""child_distance_from_base_max"":null,""child_distance_from_base_count"":0,""child_distance_from_donor_mean"":null,""child_distance_from_donor_min"":null,""child_distance_from_donor_max"":null,""child_distance_from_donor_count"":0,""donor_distance_reduction_mean"":null,""donor_distance_reduction_min"":null,""donor_distance_reduction_max"":null,""donor_distance_reduction_count"":0,""local_exchange_changed_gene_count_mean"":null,""local_exchange_changed_gene_count_min"":null,""local_exchange_changed_gene_count_max"":null,""local_exchange_changed_gene_count_count"":0,""child_distance_statistics_scope"":""accepted_unique_crossover_offspring"",""persistent_population_size"":1,""unique_population_size"":1,""best_population_fitness"":0.2294921875,""configured_survivors_per_selection"":[16,4,1],""effective_survivors_per_selection"":[16,4,1],""effective_final_survivor_count"":1},""offspring_generation"":{""attempts"":128,""no_op_mutations"":0,""duplicate_candidates"":0,""infeasible_candidates"":0,""fixed_quant_legal_swap_counts"":[]},""maximum_depth_mutations_per_offspring"":3,""quantization_step_size"":1,""quantization_mutations_per_offspring"":1,""joint_aware_probability"":0.0,""adaptive_mutation"":false,""adaptive_mutation_strength"":1,""adaptive_mutation_patience"":3,""adaptive_mutation_max_strength"":3,""coarse_to_fine_mutation"":false,""coarse_to_fine_start_strength"":3,""coarse_to_fine_end_strength"":1,""stagnation_generations_after_selection"":0}",quantization,True,128,128,16,5,262144,262144,655360,9834,77856768,54992.09399399604,15276.82177734375
67,0.2310791015625,0.2294921875,kl,0.2310791015625,,,,,0,{},128,16,4,1,"[16,4,1]","[2048,16384,131072]",6375608320,3.4642857142857144,3216.5078125,26982023168,26982023168,0,4,4,"{""type"":""mixed_depth_quantization"",""sequential_mode"":""none"",""joint_mutation_mode"":""standard"",""parent_before_generation_hash"":""9b059f4a53eaca2f1ce74f8afa549bebd5698e4a3b5776f4aaa372424bf5e6fd"",""parent_after_generation_hash"":""34b0eda643abbac6cb99e8fa3430e08849d291c93fbd4766c0605e7fe32fff11"",""generated_offspring_by_type"":{""depth"":54,""quantization"":74,""joint_aware"":0,""interaction_aware"":0,""sequential_quantization"":0,""fixed_quant_depth"":0,""component crossover"":0,""component crossover + repair"":0,""layer bundle crossover"":0,""layer bundle crossover + repair"":0},""depth_mask_entries_changed_by_type"":{""depth"":152,""quantization"":0,""joint_aware"":0,""interaction_aware"":0,""sequential_quantization"":0,""fixed_quant_depth"":0,""component crossover"":0,""component crossover + repair"":0,""layer bundle crossover"":0,""layer bundle crossover + repair"":0},""quant_assignments_changed_by_type"":{""depth"":81,""quantization"":160,""joint_aware"":0,""interaction_aware"":0,""sequential_quantization"":0,""fixed_quant_depth"":0,""component crossover"":0,""component crossover + repair"":0,""layer bundle crossover"":0,""layer bundle crossover + repair"":0},""depth_mask_entries_changed_total"":152,""quant_assignments_changed_total"":241,""interaction_aware_details"":{""budget_repair_quant_changes"":0,""preferred_quant_exchanges_used"":0,""fallback_quant_exchanges_used"":0},""crossover_diagnostics"":{""crossover_type"":""component"",""crossover_parent_selection"":""uniform"",""crossover_offspring"":0,""crossover_offspring_accepted"":0,""mutation_offspring_accepted"":128,""mutation_offspring"":128,""crossover_offspring_attempted"":0,""crossover_duplicates"":0,""crossover_infeasible_candidates"":0,""crossover_repair_changed_gene_count"":0,""crossover_repaired_proposals"":0,""parent_distance_mean"":null,""parent_distance_min"":null,""parent_distance_max"":null,""child_distance_from_parent_a_mean"":null,""child_distance_from_parent_b_mean"":null,""layers_from_parent_a_mean"":null,""layers_from_parent_b_mean"":null,""crossover_no_legal_exchange"":0,""local_exchange_attention"":0,""local_exchange_mlp"":0,""local_exchange_quantization"":0,""local_exchange_block"":0,""child_distance_from_base_mean"":null,""child_distance_from_base_min"":null,""child_distance_from_base_max"":null,""child_distance_from_base_count"":0,""child_distance_from_donor_mean"":null,""child_distance_from_donor_min"":null,""child_distance_from_donor_max"":null,""child_distance_from_donor_count"":0,""donor_distance_reduction_mean"":null,""donor_distance_reduction_min"":null,""donor_distance_reduction_max"":null,""donor_distance_reduction_count"":0,""local_exchange_changed_gene_count_mean"":null,""local_exchange_changed_gene_count_min"":null,""local_exchange_changed_gene_count_max"":null,""local_exchange_changed_gene_count_count"":0,""child_distance_statistics_scope"":""accepted_unique_crossover_offspring"",""persistent_population_size"":1,""unique_population_size"":1,""best_population_fitness"":0.2310791015625,""configured_survivors_per_selection"":[16,4,1],""effective_survivors_per_selection"":[16,4,1],""effective_final_survivor_count"":1},""offspring_generation"":{""attempts"":129,""no_op_mutations"":0,""duplicate_candidates"":1,""infeasible_candidates"":0,""fixed_quant_legal_swap_counts"":[]},""maximum_depth_mutations_per_offspring"":3,""quantization_step_size"":1,""quantization_mutations_per_offspring"":1,""joint_aware_probability"":0.0,""adaptive_mutation"":false,""adaptive_mutation_strength"":1,""adaptive_mutation_patience"":3,""adaptive_mutation_max_strength"":3,""coarse_to_fine_mutation"":false,""coarse_to_fine_start_strength"":3,""coarse_to_fine_end_strength"":1,""stagnation_generations_after_selection"":0}",quantization,True,129,128,16,5,262144,262144,655360,9983,79036416,55762.51758210105,15276.82177734375
68,0.228271484375,0.2310791015625,kl,0.228271484375,,,,,0,{},128,16,4,1,"[16,4,1]","[2048,16384,131072]",6375608320,3.4642857142857144,3216.5078125,26982023168,26982023168,0,4,4,"{""type"":""mixed_depth_quantization"",""sequential_mode"":""none"",""joint_mutation_mode"":""standard"",""parent_before_generation_hash"":""34b0eda643abbac6cb99e8fa3430e08849d291c93fbd4766c0605e7fe32fff11"",""parent_after_generation_hash"":""59a1ea1e2f98dcf97e2edf8f7b10e17cffce4f4a86dbdf87af94fdabb0395c76"",""generated_offspring_by_type"":{""depth"":67,""quantization"":61,""joint_aware"":0,""interaction_aware"":0,""sequential_quantization"":0,""fixed_quant_depth"":0,""component crossover"":0,""component crossover + repair"":0,""layer bundle crossover"":0,""layer bundle crossover + repair"":0},""depth_mask_entries_changed_by_type"":{""depth"":188,""quantization"":0,""joint_aware"":0,""interaction_aware"":0,""sequential_quantization"":0,""fixed_quant_depth"":0,""component crossover"":0,""component crossover + repair"":0,""layer bundle crossover"":0,""layer bundle crossover + repair"":0},""quant_assignments_changed_by_type"":{""depth"":104,""quantization"":128,""joint_aware"":0,""interaction_aware"":0,""sequential_quantization"":0,""fixed_quant_depth"":0,""component crossover"":0,""component crossover + repair"":0,""layer bundle crossover"":0,""layer bundle crossover + repair"":0},""depth_mask_entries_changed_total"":188,""quant_assignments_changed_total"":232,""interaction_aware_details"":{""budget_repair_quant_changes"":0,""preferred_quant_exchanges_used"":0,""fallback_quant_exchanges_used"":0},""crossover_diagnostics"":{""crossover_type"":""component"",""crossover_parent_selection"":""uniform"",""crossover_offspring"":0,""crossover_offspring_accepted"":0,""mutation_offspring_accepted"":128,""mutation_offspring"":128,""crossover_offspring_attempted"":0,""crossover_duplicates"":0,""crossover_infeasible_candidates"":0,""crossover_repair_changed_gene_count"":0,""crossover_repaired_proposals"":0,""parent_distance_mean"":null,""parent_distance_min"":null,""parent_distance_max"":null,""child_distance_from_parent_a_mean"":null,""child_distance_from_parent_b_mean"":null,""layers_from_parent_a_mean"":null,""layers_from_parent_b_mean"":null,""crossover_no_legal_exchange"":0,""local_exchange_attention"":0,""local_exchange_mlp"":0,""local_exchange_quantization"":0,""local_exchange_block"":0,""child_distance_from_base_mean"":null,""child_distance_from_base_min"":null,""child_distance_from_base_max"":null,""child_distance_from_base_count"":0,""child_distance_from_donor_mean"":null,""child_distance_from_donor_min"":null,""child_distance_from_donor_max"":null,""child_distance_from_donor_count"":0,""donor_distance_reduction_mean"":null,""donor_distance_reduction_min"":null,""donor_distance_reduction_max"":null,""donor_distance_reduction_count"":0,""local_exchange_changed_gene_count_mean"":null,""local_exchange_changed_gene_count_min"":null,""local_exchange_changed_gene_count_max"":null,""local_exchange_changed_gene_count_count"":0,""child_distance_statistics_scope"":""accepted_unique_crossover_offspring"",""persistent_population_size"":1,""unique_population_size"":1,""best_population_fitness"":0.228271484375,""configured_survivors_per_selection"":[16,4,1],""effective_survivors_per_selection"":[16,4,1],""effective_final_survivor_count"":1},""offspring_generation"":{""attempts"":128,""no_op_mutations"":0,""duplicate_candidates"":0,""infeasible_candidates"":0,""fixed_quant_legal_swap_counts"":[]},""maximum_depth_mutations_per_offspring"":3,""quantization_step_size"":1,""quantization_mutations_per_offspring"":1,""joint_aware_probability"":0.0,""adaptive_mutation"":false,""adaptive_mutation_strength"":1,""adaptive_mutation_patience"":3,""adaptive_mutation_max_strength"":3,""coarse_to_fine_mutation"":false,""coarse_to_fine_start_strength"":3,""coarse_to_fine_end_strength"":1,""stagnation_generations_after_selection"":0}",quantization,True,128,128,16,5,262144,262144,655360,10132,80216064,56552.21144525206,15276.82177734375
69,0.220458984375,0.228271484375,kl,0.220458984375,,,,,0,{},128,16,4,1,"[16,4,1]","[2048,16384,131072]",6375608320,3.4642857142857144,3216.5078125,26982023168,26982023168,0,4,4,"{""type"":""mixed_depth_quantization"",""sequential_mode"":""none"",""joint_mutation_mode"":""standard"",""parent_before_generation_hash"":""59a1ea1e2f98dcf97e2edf8f7b10e17cffce4f4a86dbdf87af94fdabb0395c76"",""parent_after_generation_hash"":""bdfd2ed5bce12f78eaa282905fb3693464ecc4f83e59ece6779d7f342e520ed3"",""generated_offspring_by_type"":{""depth"":61,""quantization"":67,""joint_aware"":0,""interaction_aware"":0,""sequential_quantization"":0,""fixed_quant_depth"":0,""component crossover"":0,""component crossover + repair"":0,""layer bundle crossover"":0,""layer bundle crossover + repair"":0},""depth_mask_entries_changed_by_type"":{""depth"":186,""quantization"":0,""joint_aware"":0,""interaction_aware"":0,""sequential_quantization"":0,""fixed_quant_depth"":0,""component crossover"":0,""component crossover + repair"":0,""layer bundle crossover"":0,""layer bundle crossover + repair"":0},""quant_assignments_changed_by_type"":{""depth"":106,""quantization"":151,""joint_aware"":0,""interaction_aware"":0,""sequential_quantization"":0,""fixed_quant_depth"":0,""component crossover"":0,""component crossover + repair"":0,""layer bundle crossover"":0,""layer bundle crossover + repair"":0},""depth_mask_entries_changed_total"":186,""quant_assignments_changed_total"":257,""interaction_aware_details"":{""budget_repair_quant_changes"":0,""preferred_quant_exchanges_used"":0,""fallback_quant_exchanges_used"":0},""crossover_diagnostics"":{""crossover_type"":""component"",""crossover_parent_selection"":""uniform"",""crossover_offspring"":0,""crossover_offspring_accepted"":0,""mutation_offspring_accepted"":128,""mutation_offspring"":128,""crossover_offspring_attempted"":0,""crossover_duplicates"":0,""crossover_infeasible_candidates"":0,""crossover_repair_changed_gene_count"":0,""crossover_repaired_proposals"":0,""parent_distance_mean"":null,""parent_distance_min"":null,""parent_distance_max"":null,""child_distance_from_parent_a_mean"":null,""child_distance_from_parent_b_mean"":null,""layers_from_parent_a_mean"":null,""layers_from_parent_b_mean"":null,""crossover_no_legal_exchange"":0,""local_exchange_attention"":0,""local_exchange_mlp"":0,""local_exchange_quantization"":0,""local_exchange_block"":0,""child_distance_from_base_mean"":null,""child_distance_from_base_min"":null,""child_distance_from_base_max"":null,""child_distance_from_base_count"":0,""child_distance_from_donor_mean"":null,""child_distance_from_donor_min"":null,""child_distance_from_donor_max"":null,""child_distance_from_donor_count"":0,""donor_distance_reduction_mean"":null,""donor_distance_reduction_min"":null,""donor_distance_reduction_max"":null,""donor_distance_reduction_count"":0,""local_exchange_changed_gene_count_mean"":null,""local_exchange_changed_gene_count_min"":null,""local_exchange_changed_gene_count_max"":null,""local_exchange_changed_gene_count_count"":0,""child_distance_statistics_scope"":""accepted_unique_crossover_offspring"",""persistent_population_size"":1,""unique_population_size"":1,""best_population_fitness"":0.220458984375,""configured_survivors_per_selection"":[16,4,1],""effective_survivors_per_selection"":[16,4,1],""effective_final_survivor_count"":1},""offspring_generation"":{""attempts"":128,""no_op_mutations"":0,""duplicate_candidates"":0,""infeasible_candidates"":0,""fixed_quant_legal_swap_counts"":[]},""maximum_depth_mutations_per_offspring"":3,""quantization_step_size"":1,""quantization_mutations_per_offspring"":1,""joint_aware_probability"":0.0,""adaptive_mutation"":false,""adaptive_mutation_strength"":1,""adaptive_mutation_patience"":3,""adaptive_mutation_max_strength"":3,""coarse_to_fine_mutation"":false,""coarse_to_fine_start_strength"":3,""coarse_to_fine_end_strength"":1,""stagnation_generations_after_selection"":0}",quantization,True,128,128,16,5,262144,262144,655360,10281,81395712,57296.46206752397,15276.82177734375
70,0.222900390625,0.220458984375,kl,0.222900390625,,,,,0,{},128,16,4,1,"[16,4,1]","[2048,16384,131072]",6375608320,3.4642857142857144,3216.5078125,26982023168,26982023168,0,4,4,"{""type"":""mixed_depth_quantization"",""sequential_mode"":""none"",""joint_mutation_mode"":""standard"",""parent_before_generation_hash"":""bdfd2ed5bce12f78eaa282905fb3693464ecc4f83e59ece6779d7f342e520ed3"",""parent_after_generation_hash"":""ab524522f2aebcaf1be8c668bf7396bb00ba0459d6e07961525f5e14f89632ee"",""generated_offspring_by_type"":{""depth"":66,""quantization"":62,""joint_aware"":0,""interaction_aware"":0,""sequential_quantization"":0,""fixed_quant_depth"":0,""component crossover"":0,""component crossover + repair"":0,""layer bundle crossover"":0,""layer bundle crossover + repair"":0},""depth_mask_entries_changed_by_type"":{""depth"":194,""quantization"":0,""joint_aware"":0,""interaction_aware"":0,""sequential_quantization"":0,""fixed_quant_depth"":0,""component crossover"":0,""component crossover + repair"":0,""layer bundle crossover"":0,""layer bundle crossover + repair"":0},""quant_assignments_changed_by_type"":{""depth"":109,""quantization"":143,""joint_aware"":0,""interaction_aware"":0,""sequential_quantization"":0,""fixed_quant_depth"":0,""component crossover"":0,""component crossover + repair"":0,""layer bundle crossover"":0,""layer bundle crossover + repair"":0},""depth_mask_entries_changed_total"":194,""quant_assignments_changed_total"":252,""interaction_aware_details"":{""budget_repair_quant_changes"":0,""preferred_quant_exchanges_used"":0,""fallback_quant_exchanges_used"":0},""crossover_diagnostics"":{""crossover_type"":""component"",""crossover_parent_selection"":""uniform"",""crossover_offspring"":0,""crossover_offspring_accepted"":0,""mutation_offspring_accepted"":128,""mutation_offspring"":128,""crossover_offspring_attempted"":0,""crossover_duplicates"":0,""crossover_infeasible_candidates"":0,""crossover_repair_changed_gene_count"":0,""crossover_repaired_proposals"":0,""parent_distance_mean"":null,""parent_distance_min"":null,""parent_distance_max"":null,""child_distance_from_parent_a_mean"":null,""child_distance_from_parent_b_mean"":null,""layers_from_parent_a_mean"":null,""layers_from_parent_b_mean"":null,""crossover_no_legal_exchange"":0,""local_exchange_attention"":0,""local_exchange_mlp"":0,""local_exchange_quantization"":0,""local_exchange_block"":0,""child_distance_from_base_mean"":null,""child_distance_from_base_min"":null,""child_distance_from_base_max"":null,""child_distance_from_base_count"":0,""child_distance_from_donor_mean"":null,""child_distance_from_donor_min"":null,""child_distance_from_donor_max"":null,""child_distance_from_donor_count"":0,""donor_distance_reduction_mean"":null,""donor_distance_reduction_min"":null,""donor_distance_reduction_max"":null,""donor_distance_reduction_count"":0,""local_exchange_changed_gene_count_mean"":null,""local_exchange_changed_gene_count_min"":null,""local_exchange_changed_gene_count_max"":null,""local_exchange_changed_gene_count_count"":0,""child_distance_statistics_scope"":""accepted_unique_crossover_offspring"",""persistent_population_size"":1,""unique_population_size"":1,""best_population_fitness"":0.222900390625,""configured_survivors_per_selection"":[16,4,1],""effective_survivors_per_selection"":[16,4,1],""effective_final_survivor_count"":1},""offspring_generation"":{""attempts"":130,""no_op_mutations"":0,""duplicate_candidates"":2,""infeasible_candidates"":0,""fixed_quant_legal_swap_counts"":[]},""maximum_depth_mutations_per_offspring"":3,""quantization_step_size"":1,""quantization_mutations_per_offspring"":1,""joint_aware_probability"":0.0,""adaptive_mutation"":false,""adaptive_mutation_strength"":1,""adaptive_mutation_patience"":3,""adaptive_mutation_max_strength"":3,""coarse_to_fine_mutation"":false,""coarse_to_fine_start_strength"":3,""coarse_to_fine_end_strength"":1,""stagnation_generations_after_selection"":0}",quantization,True,130,128,16,5,262144,262144,655360,10430,82575360,58222.985934996046,15276.82177734375
71,0.22314453125,0.222900390625,kl,0.22314453125,8.0234375,6.6640625,9.90625,,917504,"{""wikitext2"":327680,""c4"":589824}",128,16,4,1,"[16,4,1]","[2048,16384,131072]",6375608320,3.4642857142857144,3216.5078125,26982023168,26982023168,0,4,4,"{""type"":""mixed_depth_quantization"",""sequential_mode"":""none"",""joint_mutation_mode"":""standard"",""parent_before_generation_hash"":""ab524522f2aebcaf1be8c668bf7396bb00ba0459d6e07961525f5e14f89632ee"",""parent_after_generation_hash"":""d9aa071df879e225f30ae8f4a72d5b78ca5f8ed7da6eb5141480ee0a90d2ad55"",""generated_offspring_by_type"":{""depth"":63,""quantization"":65,""joint_aware"":0,""interaction_aware"":0,""sequential_quantization"":0,""fixed_quant_depth"":0,""component crossover"":0,""component crossover + repair"":0,""layer bundle crossover"":0,""layer bundle crossover + repair"":0},""depth_mask_entries_changed_by_type"":{""depth"":192,""quantization"":0,""joint_aware"":0,""interaction_aware"":0,""sequential_quantization"":0,""fixed_quant_depth"":0,""component crossover"":0,""component crossover + repair"":0,""layer bundle crossover"":0,""layer bundle crossover + repair"":0},""quant_assignments_changed_by_type"":{""depth"":101,""quantization"":143,""joint_aware"":0,""interaction_aware"":0,""sequential_quantization"":0,""fixed_quant_depth"":0,""component crossover"":0,""component crossover + repair"":0,""layer bundle crossover"":0,""layer bundle crossover + repair"":0},""depth_mask_entries_changed_total"":192,""quant_assignments_changed_total"":244,""interaction_aware_details"":{""budget_repair_quant_changes"":0,""preferred_quant_exchanges_used"":0,""fallback_quant_exchanges_used"":0},""crossover_diagnostics"":{""crossover_type"":""component"",""crossover_parent_selection"":""uniform"",""crossover_offspring"":0,""crossover_offspring_accepted"":0,""mutation_offspring_accepted"":128,""mutation_offspring"":128,""crossover_offspring_attempted"":0,""crossover_duplicates"":0,""crossover_infeasible_candidates"":0,""crossover_repair_changed_gene_count"":0,""crossover_repaired_proposals"":0,""parent_distance_mean"":null,""parent_distance_min"":null,""parent_distance_max"":null,""child_distance_from_parent_a_mean"":null,""child_distance_from_parent_b_mean"":null,""layers_from_parent_a_mean"":null,""layers_from_parent_b_mean"":null,""crossover_no_legal_exchange"":0,""local_exchange_attention"":0,""local_exchange_mlp"":0,""local_exchange_quantization"":0,""local_exchange_block"":0,""child_distance_from_base_mean"":null,""child_distance_from_base_min"":null,""child_distance_from_base_max"":null,""child_distance_from_base_count"":0,""child_distance_from_donor_mean"":null,""child_distance_from_donor_min"":null,""child_distance_from_donor_max"":null,""child_distance_from_donor_count"":0,""donor_distance_reduction_mean"":null,""donor_distance_reduction_min"":null,""donor_distance_reduction_max"":null,""donor_distance_reduction_count"":0,""local_exchange_changed_gene_count_mean"":null,""local_exchange_changed_gene_count_min"":null,""local_exchange_changed_gene_count_max"":null,""local_exchange_changed_gene_count_count"":0,""child_distance_statistics_scope"":""accepted_unique_crossover_offspring"",""persistent_population_size"":1,""unique_population_size"":1,""best_population_fitness"":0.22314453125,""configured_survivors_per_selection"":[16,4,1],""effective_survivors_per_selection"":[16,4,1],""effective_final_survivor_count"":1},""offspring_generation"":{""attempts"":128,""no_op_mutations"":0,""duplicate_candidates"":0,""infeasible_candidates"":0,""fixed_quant_legal_swap_counts"":[]},""maximum_depth_mutations_per_offspring"":3,""quantization_step_size"":1,""quantization_mutations_per_offspring"":1,""joint_aware_probability"":0.0,""adaptive_mutation"":false,""adaptive_mutation_strength"":1,""adaptive_mutation_patience"":3,""adaptive_mutation_max_strength"":3,""coarse_to_fine_mutation"":false,""coarse_to_fine_start_strength"":3,""coarse_to_fine_end_strength"":1,""stagnation_generations_after_selection"":0}",quantization,True,128,128,16,5,262144,262144,655360,10579,83755008,59206.39702678099,15276.82177734375
72,0.2183837890625,0.22314453125,kl,0.2183837890625,,,,,0,{},128,16,4,1,"[16,4,1]","[2048,16384,131072]",6375608320,3.4642857142857144,3216.5078125,26982023168,26982023168,0,4,4,"{""type"":""mixed_depth_quantization"",""sequential_mode"":""none"",""joint_mutation_mode"":""standard"",""parent_before_generation_hash"":""d9aa071df879e225f30ae8f4a72d5b78ca5f8ed7da6eb5141480ee0a90d2ad55"",""parent_after_generation_hash"":""265f5a9c8c49d53524cf6f98a39093ee1341e89ade402d7c1775108e08045580"",""generated_offspring_by_type"":{""depth"":64,""quantization"":64,""joint_aware"":0,""interaction_aware"":0,""sequential_quantization"":0,""fixed_quant_depth"":0,""component crossover"":0,""component crossover + repair"":0,""layer bundle crossover"":0,""layer bundle crossover + repair"":0},""depth_mask_entries_changed_by_type"":{""depth"":204,""quantization"":0,""joint_aware"":0,""interaction_aware"":0,""sequential_quantization"":0,""fixed_quant_depth"":0,""component crossover"":0,""component crossover + repair"":0,""layer bundle crossover"":0,""layer bundle crossover + repair"":0},""quant_assignments_changed_by_type"":{""depth"":110,""quantization"":140,""joint_aware"":0,""interaction_aware"":0,""sequential_quantization"":0,""fixed_quant_depth"":0,""component crossover"":0,""component crossover + repair"":0,""layer bundle crossover"":0,""layer bundle crossover + repair"":0},""depth_mask_entries_changed_total"":204,""quant_assignments_changed_total"":250,""interaction_aware_details"":{""budget_repair_quant_changes"":0,""preferred_quant_exchanges_used"":0,""fallback_quant_exchanges_used"":0},""crossover_diagnostics"":{""crossover_type"":""component"",""crossover_parent_selection"":""uniform"",""crossover_offspring"":0,""crossover_offspring_accepted"":0,""mutation_offspring_accepted"":128,""mutation_offspring"":128,""crossover_offspring_attempted"":0,""crossover_duplicates"":0,""crossover_infeasible_candidates"":0,""crossover_repair_changed_gene_count"":0,""crossover_repaired_proposals"":0,""parent_distance_mean"":null,""parent_distance_min"":null,""parent_distance_max"":null,""child_distance_from_parent_a_mean"":null,""child_distance_from_parent_b_mean"":null,""layers_from_parent_a_mean"":null,""layers_from_parent_b_mean"":null,""crossover_no_legal_exchange"":0,""local_exchange_attention"":0,""local_exchange_mlp"":0,""local_exchange_quantization"":0,""local_exchange_block"":0,""child_distance_from_base_mean"":null,""child_distance_from_base_min"":null,""child_distance_from_base_max"":null,""child_distance_from_base_count"":0,""child_distance_from_donor_mean"":null,""child_distance_from_donor_min"":null,""child_distance_from_donor_max"":null,""child_distance_from_donor_count"":0,""donor_distance_reduction_mean"":null,""donor_distance_reduction_min"":null,""donor_distance_reduction_max"":null,""donor_distance_reduction_count"":0,""local_exchange_changed_gene_count_mean"":null,""local_exchange_changed_gene_count_min"":null,""local_exchange_changed_gene_count_max"":null,""local_exchange_changed_gene_count_count"":0,""child_distance_statistics_scope"":""accepted_unique_crossover_offspring"",""persistent_population_size"":1,""unique_population_size"":1,""best_population_fitness"":0.2183837890625,""configured_survivors_per_selection"":[16,4,1],""effective_survivors_per_selection"":[16,4,1],""effective_final_survivor_count"":1},""offspring_generation"":{""attempts"":128,""no_op_mutations"":0,""duplicate_candidates"":0,""infeasible_candidates"":0,""fixed_quant_legal_swap_counts"":[]},""maximum_depth_mutations_per_offspring"":3,""quantization_step_size"":1,""quantization_mutations_per_offspring"":1,""joint_aware_probability"":0.0,""adaptive_mutation"":false,""adaptive_mutation_strength"":1,""adaptive_mutation_patience"":3,""adaptive_mutation_max_strength"":3,""coarse_to_fine_mutation"":false,""coarse_to_fine_start_strength"":3,""coarse_to_fine_end_strength"":1,""stagnation_generations_after_selection"":0}",quantization,True,128,128,16,5,262144,262144,655360,10728,84934656,59968.58345965599,15276.82177734375
73,0.2275390625,0.2183837890625,kl,0.2275390625,,,,,0,{},128,16,4,1,"[16,4,1]","[2048,16384,131072]",6375608320,3.4642857142857144,3216.5078125,26982023168,26982023168,0,4,4,"{""type"":""mixed_depth_quantization"",""sequential_mode"":""none"",""joint_mutation_mode"":""standard"",""parent_before_generation_hash"":""265f5a9c8c49d53524cf6f98a39093ee1341e89ade402d7c1775108e08045580"",""parent_after_generation_hash"":""07bc4937c237a9c07c113ddbe51417dc91227dd7bdd82de65e47134052aa84f3"",""generated_offspring_by_type"":{""depth"":66,""quantization"":62,""joint_aware"":0,""interaction_aware"":0,""sequential_quantization"":0,""fixed_quant_depth"":0,""component crossover"":0,""component crossover + repair"":0,""layer bundle crossover"":0,""layer bundle crossover + repair"":0},""depth_mask_entries_changed_by_type"":{""depth"":180,""quantization"":0,""joint_aware"":0,""interaction_aware"":0,""sequential_quantization"":0,""fixed_quant_depth"":0,""component crossover"":0,""component crossover + repair"":0,""layer bundle crossover"":0,""layer bundle crossover + repair"":0},""quant_assignments_changed_by_type"":{""depth"":99,""quantization"":136,""joint_aware"":0,""interaction_aware"":0,""sequential_quantization"":0,""fixed_quant_depth"":0,""component crossover"":0,""component crossover + repair"":0,""layer bundle crossover"":0,""layer bundle crossover + repair"":0},""depth_mask_entries_changed_total"":180,""quant_assignments_changed_total"":235,""interaction_aware_details"":{""budget_repair_quant_changes"":0,""preferred_quant_exchanges_used"":0,""fallback_quant_exchanges_used"":0},""crossover_diagnostics"":{""crossover_type"":""component"",""crossover_parent_selection"":""uniform"",""crossover_offspring"":0,""crossover_offspring_accepted"":0,""mutation_offspring_accepted"":128,""mutation_offspring"":128,""crossover_offspring_attempted"":0,""crossover_duplicates"":0,""crossover_infeasible_candidates"":0,""crossover_repair_changed_gene_count"":0,""crossover_repaired_proposals"":0,""parent_distance_mean"":null,""parent_distance_min"":null,""parent_distance_max"":null,""child_distance_from_parent_a_mean"":null,""child_distance_from_parent_b_mean"":null,""layers_from_parent_a_mean"":null,""layers_from_parent_b_mean"":null,""crossover_no_legal_exchange"":0,""local_exchange_attention"":0,""local_exchange_mlp"":0,""local_exchange_quantization"":0,""local_exchange_block"":0,""child_distance_from_base_mean"":null,""child_distance_from_base_min"":null,""child_distance_from_base_max"":null,""child_distance_from_base_count"":0,""child_distance_from_donor_mean"":null,""child_distance_from_donor_min"":null,""child_distance_from_donor_max"":null,""child_distance_from_donor_count"":0,""donor_distance_reduction_mean"":null,""donor_distance_reduction_min"":null,""donor_distance_reduction_max"":null,""donor_distance_reduction_count"":0,""local_exchange_changed_gene_count_mean"":null,""local_exchange_changed_gene_count_min"":null,""local_exchange_changed_gene_count_max"":null,""local_exchange_changed_gene_count_count"":0,""child_distance_statistics_scope"":""accepted_unique_crossover_offspring"",""persistent_population_size"":1,""unique_population_size"":1,""best_population_fitness"":0.2275390625,""configured_survivors_per_selection"":[16,4,1],""effective_survivors_per_selection"":[16,4,1],""effective_final_survivor_count"":1},""offspring_generation"":{""attempts"":128,""no_op_mutations"":0,""duplicate_candidates"":0,""infeasible_candidates"":0,""fixed_quant_legal_swap_counts"":[]},""maximum_depth_mutations_per_offspring"":3,""quantization_step_size"":1,""quantization_mutations_per_offspring"":1,""joint_aware_probability"":0.0,""adaptive_mutation"":false,""adaptive_mutation_strength"":1,""adaptive_mutation_patience"":3,""adaptive_mutation_max_strength"":3,""coarse_to_fine_mutation"":false,""coarse_to_fine_start_strength"":3,""coarse_to_fine_end_strength"":1,""stagnation_generations_after_selection"":0}",quantization,True,128,128,16,5,262144,262144,655360,10877,86114304,60763.442130991956,15276.82177734375
74,0.2235107421875,0.2275390625,kl,0.2235107421875,,,,,0,{},128,16,4,1,"[16,4,1]","[2048,16384,131072]",6375608320,3.4642857142857144,3216.5078125,26982023168,26982023168,0,4,4,"{""type"":""mixed_depth_quantization"",""sequential_mode"":""none"",""joint_mutation_mode"":""standard"",""parent_before_generation_hash"":""07bc4937c237a9c07c113ddbe51417dc91227dd7bdd82de65e47134052aa84f3"",""parent_after_generation_hash"":""2023be62d2af82a1d75d3487d5ee00b703fc857dee5f54341b5818f58b61c291"",""generated_offspring_by_type"":{""depth"":64,""quantization"":64,""joint_aware"":0,""interaction_aware"":0,""sequential_quantization"":0,""fixed_quant_depth"":0,""component crossover"":0,""component crossover + repair"":0,""layer bundle crossover"":0,""layer bundle crossover + repair"":0},""depth_mask_entries_changed_by_type"":{""depth"":168,""quantization"":0,""joint_aware"":0,""interaction_aware"":0,""sequential_quantization"":0,""fixed_quant_depth"":0,""component crossover"":0,""component crossover + repair"":0,""layer bundle crossover"":0,""layer bundle crossover + repair"":0},""quant_assignments_changed_by_type"":{""depth"":86,""quantization"":145,""joint_aware"":0,""interaction_aware"":0,""sequential_quantization"":0,""fixed_quant_depth"":0,""component crossover"":0,""component crossover + repair"":0,""layer bundle crossover"":0,""layer bundle crossover + repair"":0},""depth_mask_entries_changed_total"":168,""quant_assignments_changed_total"":231,""interaction_aware_details"":{""budget_repair_quant_changes"":0,""preferred_quant_exchanges_used"":0,""fallback_quant_exchanges_used"":0},""crossover_diagnostics"":{""crossover_type"":""component"",""crossover_parent_selection"":""uniform"",""crossover_offspring"":0,""crossover_offspring_accepted"":0,""mutation_offspring_accepted"":128,""mutation_offspring"":128,""crossover_offspring_attempted"":0,""crossover_duplicates"":0,""crossover_infeasible_candidates"":0,""crossover_repair_changed_gene_count"":0,""crossover_repaired_proposals"":0,""parent_distance_mean"":null,""parent_distance_min"":null,""parent_distance_max"":null,""child_distance_from_parent_a_mean"":null,""child_distance_from_parent_b_mean"":null,""layers_from_parent_a_mean"":null,""layers_from_parent_b_mean"":null,""crossover_no_legal_exchange"":0,""local_exchange_attention"":0,""local_exchange_mlp"":0,""local_exchange_quantization"":0,""local_exchange_block"":0,""child_distance_from_base_mean"":null,""child_distance_from_base_min"":null,""child_distance_from_base_max"":null,""child_distance_from_base_count"":0,""child_distance_from_donor_mean"":null,""child_distance_from_donor_min"":null,""child_distance_from_donor_max"":null,""child_distance_from_donor_count"":0,""donor_distance_reduction_mean"":null,""donor_distance_reduction_min"":null,""donor_distance_reduction_max"":null,""donor_distance_reduction_count"":0,""local_exchange_changed_gene_count_mean"":null,""local_exchange_changed_gene_count_min"":null,""local_exchange_changed_gene_count_max"":null,""local_exchange_changed_gene_count_count"":0,""child_distance_statistics_scope"":""accepted_unique_crossover_offspring"",""persistent_population_size"":1,""unique_population_size"":1,""best_population_fitness"":0.2235107421875,""configured_survivors_per_selection"":[16,4,1],""effective_survivors_per_selection"":[16,4,1],""effective_final_survivor_count"":1},""offspring_generation"":{""attempts"":129,""no_op_mutations"":0,""duplicate_candidates"":1,""infeasible_candidates"":0,""fixed_quant_legal_swap_counts"":[]},""maximum_depth_mutations_per_offspring"":3,""quantization_step_size"":1,""quantization_mutations_per_offspring"":1,""joint_aware_probability"":0.0,""adaptive_mutation"":false,""adaptive_mutation_strength"":1,""adaptive_mutation_patience"":3,""adaptive_mutation_max_strength"":3,""coarse_to_fine_mutation"":false,""coarse_to_fine_start_strength"":3,""coarse_to_fine_end_strength"":1,""stagnation_generations_after_selection"":0}",quantization,True,129,128,16,5,262144,262144,655360,11026,87293952,61572.17939100298,15276.82177734375
75,0.2232666015625,0.2235107421875,kl,0.2232666015625,,,,,0,{},128,16,4,1,"[16,4,1]","[2048,16384,131072]",6375608320,3.4642857142857144,3216.5078125,26982023168,26982023168,0,4,4,"{""type"":""mixed_depth_quantization"",""sequential_mode"":""none"",""joint_mutation_mode"":""standard"",""parent_before_generation_hash"":""2023be62d2af82a1d75d3487d5ee00b703fc857dee5f54341b5818f58b61c291"",""parent_after_generation_hash"":""d66abca1a32bfe09aa4d2cd13aad2fd3015b623416e3e30206772ec32f803159"",""generated_offspring_by_type"":{""depth"":66,""quantization"":62,""joint_aware"":0,""interaction_aware"":0,""sequential_quantization"":0,""fixed_quant_depth"":0,""component crossover"":0,""component crossover + repair"":0,""layer bundle crossover"":0,""layer bundle crossover + repair"":0},""depth_mask_entries_changed_by_type"":{""depth"":190,""quantization"":0,""joint_aware"":0,""interaction_aware"":0,""sequential_quantization"":0,""fixed_quant_depth"":0,""component crossover"":0,""component crossover + repair"":0,""layer bundle crossover"":0,""layer bundle crossover + repair"":0},""quant_assignments_changed_by_type"":{""depth"":111,""quantization"":130,""joint_aware"":0,""interaction_aware"":0,""sequential_quantization"":0,""fixed_quant_depth"":0,""component crossover"":0,""component crossover + repair"":0,""layer bundle crossover"":0,""layer bundle crossover + repair"":0},""depth_mask_entries_changed_total"":190,""quant_assignments_changed_total"":241,""interaction_aware_details"":{""budget_repair_quant_changes"":0,""preferred_quant_exchanges_used"":0,""fallback_quant_exchanges_used"":0},""crossover_diagnostics"":{""crossover_type"":""component"",""crossover_parent_selection"":""uniform"",""crossover_offspring"":0,""crossover_offspring_accepted"":0,""mutation_offspring_accepted"":128,""mutation_offspring"":128,""crossover_offspring_attempted"":0,""crossover_duplicates"":0,""crossover_infeasible_candidates"":0,""crossover_repair_changed_gene_count"":0,""crossover_repaired_proposals"":0,""parent_distance_mean"":null,""parent_distance_min"":null,""parent_distance_max"":null,""child_distance_from_parent_a_mean"":null,""child_distance_from_parent_b_mean"":null,""layers_from_parent_a_mean"":null,""layers_from_parent_b_mean"":null,""crossover_no_legal_exchange"":0,""local_exchange_attention"":0,""local_exchange_mlp"":0,""local_exchange_quantization"":0,""local_exchange_block"":0,""child_distance_from_base_mean"":null,""child_distance_from_base_min"":null,""child_distance_from_base_max"":null,""child_distance_from_base_count"":0,""child_distance_from_donor_mean"":null,""child_distance_from_donor_min"":null,""child_distance_from_donor_max"":null,""child_distance_from_donor_count"":0,""donor_distance_reduction_mean"":null,""donor_distance_reduction_min"":null,""donor_distance_reduction_max"":null,""donor_distance_reduction_count"":0,""local_exchange_changed_gene_count_mean"":null,""local_exchange_changed_gene_count_min"":null,""local_exchange_changed_gene_count_max"":null,""local_exchange_changed_gene_count_count"":0,""child_distance_statistics_scope"":""accepted_unique_crossover_offspring"",""persistent_population_size"":1,""unique_population_size"":1,""best_population_fitness"":0.2232666015625,""configured_survivors_per_selection"":[16,4,1],""effective_survivors_per_selection"":[16,4,1],""effective_final_survivor_count"":1},""offspring_generation"":{""attempts"":128,""no_op_mutations"":0,""duplicate_candidates"":0,""infeasible_candidates"":0,""fixed_quant_legal_swap_counts"":[]},""maximum_depth_mutations_per_offspring"":3,""quantization_step_size"":1,""quantization_mutations_per_offspring"":1,""joint_aware_probability"":0.0,""adaptive_mutation"":false,""adaptive_mutation_strength"":1,""adaptive_mutation_patience"":3,""adaptive_mutation_max_strength"":3,""coarse_to_fine_mutation"":false,""coarse_to_fine_start_strength"":3,""coarse_to_fine_end_strength"":1,""stagnation_generations_after_selection"":0}",quantization,True,128,128,16,5,262144,262144,655360,11175,88473600,62325.07591882895,15276.82177734375
76,0.216064453125,0.2232666015625,kl,0.216064453125,7.98828125,6.62890625,9.90625,,917504,"{""wikitext2"":327680,""c4"":589824}",128,16,4,1,"[16,4,1]","[2048,16384,131072]",6375608320,3.4642857142857144,3216.5078125,26982023168,26982023168,0,4,4,"{""type"":""mixed_depth_quantization"",""sequential_mode"":""none"",""joint_mutation_mode"":""standard"",""parent_before_generation_hash"":""d66abca1a32bfe09aa4d2cd13aad2fd3015b623416e3e30206772ec32f803159"",""parent_after_generation_hash"":""d66abca1a32bfe09aa4d2cd13aad2fd3015b623416e3e30206772ec32f803159"",""generated_offspring_by_type"":{""depth"":57,""quantization"":71,""joint_aware"":0,""interaction_aware"":0,""sequential_quantization"":0,""fixed_quant_depth"":0,""component crossover"":0,""component crossover + repair"":0,""layer bundle crossover"":0,""layer bundle crossover + repair"":0},""depth_mask_entries_changed_by_type"":{""depth"":164,""quantization"":0,""joint_aware"":0,""interaction_aware"":0,""sequential_quantization"":0,""fixed_quant_depth"":0,""component crossover"":0,""component crossover + repair"":0,""layer bundle crossover"":0,""layer bundle crossover + repair"":0},""quant_assignments_changed_by_type"":{""depth"":90,""quantization"":156,""joint_aware"":0,""interaction_aware"":0,""sequential_quantization"":0,""fixed_quant_depth"":0,""component crossover"":0,""component crossover + repair"":0,""layer bundle crossover"":0,""layer bundle crossover + repair"":0},""depth_mask_entries_changed_total"":164,""quant_assignments_changed_total"":246,""interaction_aware_details"":{""budget_repair_quant_changes"":0,""preferred_quant_exchanges_used"":0,""fallback_quant_exchanges_used"":0},""crossover_diagnostics"":{""crossover_type"":""component"",""crossover_parent_selection"":""uniform"",""crossover_offspring"":0,""crossover_offspring_accepted"":0,""mutation_offspring_accepted"":128,""mutation_offspring"":128,""crossover_offspring_attempted"":0,""crossover_duplicates"":0,""crossover_infeasible_candidates"":0,""crossover_repair_changed_gene_count"":0,""crossover_repaired_proposals"":0,""parent_distance_mean"":null,""parent_distance_min"":null,""parent_distance_max"":null,""child_distance_from_parent_a_mean"":null,""child_distance_from_parent_b_mean"":null,""layers_from_parent_a_mean"":null,""layers_from_parent_b_mean"":null,""crossover_no_legal_exchange"":0,""local_exchange_attention"":0,""local_exchange_mlp"":0,""local_exchange_quantization"":0,""local_exchange_block"":0,""child_distance_from_base_mean"":null,""child_distance_from_base_min"":null,""child_distance_from_base_max"":null,""child_distance_from_base_count"":0,""child_distance_from_donor_mean"":null,""child_distance_from_donor_min"":null,""child_distance_from_donor_max"":null,""child_distance_from_donor_count"":0,""donor_distance_reduction_mean"":null,""donor_distance_reduction_min"":null,""donor_distance_reduction_max"":null,""donor_distance_reduction_count"":0,""local_exchange_changed_gene_count_mean"":null,""local_exchange_changed_gene_count_min"":null,""local_exchange_changed_gene_count_max"":null,""local_exchange_changed_gene_count_count"":0,""child_distance_statistics_scope"":""accepted_unique_crossover_offspring"",""persistent_population_size"":1,""unique_population_size"":1,""best_population_fitness"":0.216064453125,""configured_survivors_per_selection"":[16,4,1],""effective_survivors_per_selection"":[16,4,1],""effective_final_survivor_count"":1},""offspring_generation"":{""attempts"":128,""no_op_mutations"":0,""duplicate_candidates"":0,""infeasible_candidates"":0,""fixed_quant_legal_swap_counts"":[]},""maximum_depth_mutations_per_offspring"":3,""quantization_step_size"":1,""quantization_mutations_per_offspring"":1,""joint_aware_probability"":0.0,""adaptive_mutation"":false,""adaptive_mutation_strength"":1,""adaptive_mutation_patience"":3,""adaptive_mutation_max_strength"":3,""coarse_to_fine_mutation"":false,""coarse_to_fine_start_strength"":3,""coarse_to_fine_end_strength"":1,""stagnation_generations_after_selection"":1}",parent,False,128,128,16,5,262144,262144,655360,11324,89653248,63315.06296557002,15276.82177734375
77,0.220703125,0.216064453125,kl,0.220703125,,,,,0,{},128,16,4,1,"[16,4,1]","[2048,16384,131072]",6375608320,3.4642857142857144,3216.5078125,26982023168,26982023168,0,4,4,"{""type"":""mixed_depth_quantization"",""sequential_mode"":""none"",""joint_mutation_mode"":""standard"",""parent_before_generation_hash"":""d66abca1a32bfe09aa4d2cd13aad2fd3015b623416e3e30206772ec32f803159"",""parent_after_generation_hash"":""d66abca1a32bfe09aa4d2cd13aad2fd3015b623416e3e30206772ec32f803159"",""generated_offspring_by_type"":{""depth"":74,""quantization"":54,""joint_aware"":0,""interaction_aware"":0,""sequential_quantization"":0,""fixed_quant_depth"":0,""component crossover"":0,""component crossover + repair"":0,""layer bundle crossover"":0,""layer bundle crossover + repair"":0},""depth_mask_entries_changed_by_type"":{""depth"":220,""quantization"":0,""joint_aware"":0,""interaction_aware"":0,""sequential_quantization"":0,""fixed_quant_depth"":0,""component crossover"":0,""component crossover + repair"":0,""layer bundle crossover"":0,""layer bundle crossover + repair"":0},""quant_assignments_changed_by_type"":{""depth"":106,""quantization"":115,""joint_aware"":0,""interaction_aware"":0,""sequential_quantization"":0,""fixed_quant_depth"":0,""component crossover"":0,""component crossover + repair"":0,""layer bundle crossover"":0,""layer bundle crossover + repair"":0},""depth_mask_entries_changed_total"":220,""quant_assignments_changed_total"":221,""interaction_aware_details"":{""budget_repair_quant_changes"":0,""preferred_quant_exchanges_used"":0,""fallback_quant_exchanges_used"":0},""crossover_diagnostics"":{""crossover_type"":""component"",""crossover_parent_selection"":""uniform"",""crossover_offspring"":0,""crossover_offspring_accepted"":0,""mutation_offspring_accepted"":128,""mutation_offspring"":128,""crossover_offspring_attempted"":0,""crossover_duplicates"":0,""crossover_infeasible_candidates"":0,""crossover_repair_changed_gene_count"":0,""crossover_repaired_proposals"":0,""parent_distance_mean"":null,""parent_distance_min"":null,""parent_distance_max"":null,""child_distance_from_parent_a_mean"":null,""child_distance_from_parent_b_mean"":null,""layers_from_parent_a_mean"":null,""layers_from_parent_b_mean"":null,""crossover_no_legal_exchange"":0,""local_exchange_attention"":0,""local_exchange_mlp"":0,""local_exchange_quantization"":0,""local_exchange_block"":0,""child_distance_from_base_mean"":null,""child_distance_from_base_min"":null,""child_distance_from_base_max"":null,""child_distance_from_base_count"":0,""child_distance_from_donor_mean"":null,""child_distance_from_donor_min"":null,""child_distance_from_donor_max"":null,""child_distance_from_donor_count"":0,""donor_distance_reduction_mean"":null,""donor_distance_reduction_min"":null,""donor_distance_reduction_max"":null,""donor_distance_reduction_count"":0,""local_exchange_changed_gene_count_mean"":null,""local_exchange_changed_gene_count_min"":null,""local_exchange_changed_gene_count_max"":null,""local_exchange_changed_gene_count_count"":0,""child_distance_statistics_scope"":""accepted_unique_crossover_offspring"",""persistent_population_size"":1,""unique_population_size"":1,""best_population_fitness"":0.220703125,""configured_survivors_per_selection"":[16,4,1],""effective_survivors_per_selection"":[16,4,1],""effective_final_survivor_count"":1},""offspring_generation"":{""attempts"":128,""no_op_mutations"":0,""duplicate_candidates"":0,""infeasible_candidates"":0,""fixed_quant_legal_swap_counts"":[]},""maximum_depth_mutations_per_offspring"":3,""quantization_step_size"":1,""quantization_mutations_per_offspring"":1,""joint_aware_probability"":0.0,""adaptive_mutation"":false,""adaptive_mutation_strength"":1,""adaptive_mutation_patience"":3,""adaptive_mutation_max_strength"":3,""coarse_to_fine_mutation"":false,""coarse_to_fine_start_strength"":3,""coarse_to_fine_end_strength"":1,""stagnation_generations_after_selection"":2}",parent,False,128,128,16,5,262144,262144,655360,11473,90832896,64013.96210928005,15276.82177734375
78,0.2191162109375,0.220703125,kl,0.2191162109375,,,,,0,{},128,16,4,1,"[16,4,1]","[2048,16384,131072]",6375608320,3.4642857142857144,3216.5078125,26982023168,26982023168,0,4,4,"{""type"":""mixed_depth_quantization"",""sequential_mode"":""none"",""joint_mutation_mode"":""standard"",""parent_before_generation_hash"":""d66abca1a32bfe09aa4d2cd13aad2fd3015b623416e3e30206772ec32f803159"",""parent_after_generation_hash"":""4c89c68dcda9563f2af9dca4c2b86fc5463dcecd782961e9d27d7dbee12d2ad1"",""generated_offspring_by_type"":{""depth"":67,""quantization"":61,""joint_aware"":0,""interaction_aware"":0,""sequential_quantization"":0,""fixed_quant_depth"":0,""component crossover"":0,""component crossover + repair"":0,""layer bundle crossover"":0,""layer bundle crossover + repair"":0},""depth_mask_entries_changed_by_type"":{""depth"":190,""quantization"":0,""joint_aware"":0,""interaction_aware"":0,""sequential_quantization"":0,""fixed_quant_depth"":0,""component crossover"":0,""component crossover + repair"":0,""layer bundle crossover"":0,""layer bundle crossover + repair"":0},""quant_assignments_changed_by_type"":{""depth"":95,""quantization"":133,""joint_aware"":0,""interaction_aware"":0,""sequential_quantization"":0,""fixed_quant_depth"":0,""component crossover"":0,""component crossover + repair"":0,""layer bundle crossover"":0,""layer bundle crossover + repair"":0},""depth_mask_entries_changed_total"":190,""quant_assignments_changed_total"":228,""interaction_aware_details"":{""budget_repair_quant_changes"":0,""preferred_quant_exchanges_used"":0,""fallback_quant_exchanges_used"":0},""crossover_diagnostics"":{""crossover_type"":""component"",""crossover_parent_selection"":""uniform"",""crossover_offspring"":0,""crossover_offspring_accepted"":0,""mutation_offspring_accepted"":128,""mutation_offspring"":128,""crossover_offspring_attempted"":0,""crossover_duplicates"":0,""crossover_infeasible_candidates"":0,""crossover_repair_changed_gene_count"":0,""crossover_repaired_proposals"":0,""parent_distance_mean"":null,""parent_distance_min"":null,""parent_distance_max"":null,""child_distance_from_parent_a_mean"":null,""child_distance_from_parent_b_mean"":null,""layers_from_parent_a_mean"":null,""layers_from_parent_b_mean"":null,""crossover_no_legal_exchange"":0,""local_exchange_attention"":0,""local_exchange_mlp"":0,""local_exchange_quantization"":0,""local_exchange_block"":0,""child_distance_from_base_mean"":null,""child_distance_from_base_min"":null,""child_distance_from_base_max"":null,""child_distance_from_base_count"":0,""child_distance_from_donor_mean"":null,""child_distance_from_donor_min"":null,""child_distance_from_donor_max"":null,""child_distance_from_donor_count"":0,""donor_distance_reduction_mean"":null,""donor_distance_reduction_min"":null,""donor_distance_reduction_max"":null,""donor_distance_reduction_count"":0,""local_exchange_changed_gene_count_mean"":null,""local_exchange_changed_gene_count_min"":null,""local_exchange_changed_gene_count_max"":null,""local_exchange_changed_gene_count_count"":0,""child_distance_statistics_scope"":""accepted_unique_crossover_offspring"",""persistent_population_size"":1,""unique_population_size"":1,""best_population_fitness"":0.2191162109375,""configured_survivors_per_selection"":[16,4,1],""effective_survivors_per_selection"":[16,4,1],""effective_final_survivor_count"":1},""offspring_generation"":{""attempts"":128,""no_op_mutations"":0,""duplicate_candidates"":0,""infeasible_candidates"":0,""fixed_quant_legal_swap_counts"":[]},""maximum_depth_mutations_per_offspring"":3,""quantization_step_size"":1,""quantization_mutations_per_offspring"":1,""joint_aware_probability"":0.0,""adaptive_mutation"":false,""adaptive_mutation_strength"":1,""adaptive_mutation_patience"":3,""adaptive_mutation_max_strength"":3,""coarse_to_fine_mutation"":false,""coarse_to_fine_start_strength"":3,""coarse_to_fine_end_strength"":1,""stagnation_generations_after_selection"":0}",quantization,True,128,128,16,5,262144,262144,655360,11622,92012544,64820.20752141904,15276.82177734375
79,0.223876953125,0.2191162109375,kl,0.223876953125,,,,,0,{},128,16,4,1,"[16,4,1]","[2048,16384,131072]",6375608320,3.4642857142857144,3216.5078125,26982023168,26982023168,0,4,4,"{""type"":""mixed_depth_quantization"",""sequential_mode"":""none"",""joint_mutation_mode"":""standard"",""parent_before_generation_hash"":""4c89c68dcda9563f2af9dca4c2b86fc5463dcecd782961e9d27d7dbee12d2ad1"",""parent_after_generation_hash"":""a4b7d6348cc3a0b015557c919efbc3bb0d4b5b6c68eb2ea21b6b66dde767927d"",""generated_offspring_by_type"":{""depth"":64,""quantization"":64,""joint_aware"":0,""interaction_aware"":0,""sequential_quantization"":0,""fixed_quant_depth"":0,""component crossover"":0,""component crossover + repair"":0,""layer bundle crossover"":0,""layer bundle crossover + repair"":0},""depth_mask_entries_changed_by_type"":{""depth"":190,""quantization"":0,""joint_aware"":0,""interaction_aware"":0,""sequential_quantization"":0,""fixed_quant_depth"":0,""component crossover"":0,""component crossover + repair"":0,""layer bundle crossover"":0,""layer bundle crossover + repair"":0},""quant_assignments_changed_by_type"":{""depth"":106,""quantization"":147,""joint_aware"":0,""interaction_aware"":0,""sequential_quantization"":0,""fixed_quant_depth"":0,""component crossover"":0,""component crossover + repair"":0,""layer bundle crossover"":0,""layer bundle crossover + repair"":0},""depth_mask_entries_changed_total"":190,""quant_assignments_changed_total"":253,""interaction_aware_details"":{""budget_repair_quant_changes"":0,""preferred_quant_exchanges_used"":0,""fallback_quant_exchanges_used"":0},""crossover_diagnostics"":{""crossover_type"":""component"",""crossover_parent_selection"":""uniform"",""crossover_offspring"":0,""crossover_offspring_accepted"":0,""mutation_offspring_accepted"":128,""mutation_offspring"":128,""crossover_offspring_attempted"":0,""crossover_duplicates"":0,""crossover_infeasible_candidates"":0,""crossover_repair_changed_gene_count"":0,""crossover_repaired_proposals"":0,""parent_distance_mean"":null,""parent_distance_min"":null,""parent_distance_max"":null,""child_distance_from_parent_a_mean"":null,""child_distance_from_parent_b_mean"":null,""layers_from_parent_a_mean"":null,""layers_from_parent_b_mean"":null,""crossover_no_legal_exchange"":0,""local_exchange_attention"":0,""local_exchange_mlp"":0,""local_exchange_quantization"":0,""local_exchange_block"":0,""child_distance_from_base_mean"":null,""child_distance_from_base_min"":null,""child_distance_from_base_max"":null,""child_distance_from_base_count"":0,""child_distance_from_donor_mean"":null,""child_distance_from_donor_min"":null,""child_distance_from_donor_max"":null,""child_distance_from_donor_count"":0,""donor_distance_reduction_mean"":null,""donor_distance_reduction_min"":null,""donor_distance_reduction_max"":null,""donor_distance_reduction_count"":0,""local_exchange_changed_gene_count_mean"":null,""local_exchange_changed_gene_count_min"":null,""local_exchange_changed_gene_count_max"":null,""local_exchange_changed_gene_count_count"":0,""child_distance_statistics_scope"":""accepted_unique_crossover_offspring"",""persistent_population_size"":1,""unique_population_size"":1,""best_population_fitness"":0.223876953125,""configured_survivors_per_selection"":[16,4,1],""effective_survivors_per_selection"":[16,4,1],""effective_final_survivor_count"":1},""offspring_generation"":{""attempts"":128,""no_op_mutations"":0,""duplicate_candidates"":0,""infeasible_candidates"":0,""fixed_quant_legal_swap_counts"":[]},""maximum_depth_mutations_per_offspring"":3,""quantization_step_size"":1,""quantization_mutations_per_offspring"":1,""joint_aware_probability"":0.0,""adaptive_mutation"":false,""adaptive_mutation_strength"":1,""adaptive_mutation_patience"":3,""adaptive_mutation_max_strength"":3,""coarse_to_fine_mutation"":false,""coarse_to_fine_start_strength"":3,""coarse_to_fine_end_strength"":1,""stagnation_generations_after_selection"":0}",quantization,True,128,128,16,5,262144,262144,655360,11771,93192192,65608.74554348201,15276.82177734375
80,0.221923828125,0.223876953125,kl,0.221923828125,,,,,0,{},128,16,4,1,"[16,4,1]","[2048,16384,131072]",6375608320,3.4642857142857144,3216.5078125,26982023168,26982023168,0,4,4,"{""type"":""mixed_depth_quantization"",""sequential_mode"":""none"",""joint_mutation_mode"":""standard"",""parent_before_generation_hash"":""a4b7d6348cc3a0b015557c919efbc3bb0d4b5b6c68eb2ea21b6b66dde767927d"",""parent_after_generation_hash"":""17eae6b07e6144816e78aebd330d57e5e8f43f5202db5379ebf8248ec1076dfb"",""generated_offspring_by_type"":{""depth"":67,""quantization"":61,""joint_aware"":0,""interaction_aware"":0,""sequential_quantization"":0,""fixed_quant_depth"":0,""component crossover"":0,""component crossover + repair"":0,""layer bundle crossover"":0,""layer bundle crossover + repair"":0},""depth_mask_entries_changed_by_type"":{""depth"":194,""quantization"":0,""joint_aware"":0,""interaction_aware"":0,""sequential_quantization"":0,""fixed_quant_depth"":0,""component crossover"":0,""component crossover + repair"":0,""layer bundle crossover"":0,""layer bundle crossover + repair"":0},""quant_assignments_changed_by_type"":{""depth"":122,""quantization"":133,""joint_aware"":0,""interaction_aware"":0,""sequential_quantization"":0,""fixed_quant_depth"":0,""component crossover"":0,""component crossover + repair"":0,""layer bundle crossover"":0,""layer bundle crossover + repair"":0},""depth_mask_entries_changed_total"":194,""quant_assignments_changed_total"":255,""interaction_aware_details"":{""budget_repair_quant_changes"":0,""preferred_quant_exchanges_used"":0,""fallback_quant_exchanges_used"":0},""crossover_diagnostics"":{""crossover_type"":""component"",""crossover_parent_selection"":""uniform"",""crossover_offspring"":0,""crossover_offspring_accepted"":0,""mutation_offspring_accepted"":128,""mutation_offspring"":128,""crossover_offspring_attempted"":0,""crossover_duplicates"":0,""crossover_infeasible_candidates"":0,""crossover_repair_changed_gene_count"":0,""crossover_repaired_proposals"":0,""parent_distance_mean"":null,""parent_distance_min"":null,""parent_distance_max"":null,""child_distance_from_parent_a_mean"":null,""child_distance_from_parent_b_mean"":null,""layers_from_parent_a_mean"":null,""layers_from_parent_b_mean"":null,""crossover_no_legal_exchange"":0,""local_exchange_attention"":0,""local_exchange_mlp"":0,""local_exchange_quantization"":0,""local_exchange_block"":0,""child_distance_from_base_mean"":null,""child_distance_from_base_min"":null,""child_distance_from_base_max"":null,""child_distance_from_base_count"":0,""child_distance_from_donor_mean"":null,""child_distance_from_donor_min"":null,""child_distance_from_donor_max"":null,""child_distance_from_donor_count"":0,""donor_distance_reduction_mean"":null,""donor_distance_reduction_min"":null,""donor_distance_reduction_max"":null,""donor_distance_reduction_count"":0,""local_exchange_changed_gene_count_mean"":null,""local_exchange_changed_gene_count_min"":null,""local_exchange_changed_gene_count_max"":null,""local_exchange_changed_gene_count_count"":0,""child_distance_statistics_scope"":""accepted_unique_crossover_offspring"",""persistent_population_size"":1,""unique_population_size"":1,""best_population_fitness"":0.221923828125,""configured_survivors_per_selection"":[16,4,1],""effective_survivors_per_selection"":[16,4,1],""effective_final_survivor_count"":1},""offspring_generation"":{""attempts"":130,""no_op_mutations"":0,""duplicate_candidates"":2,""infeasible_candidates"":0,""fixed_quant_legal_swap_counts"":[]},""maximum_depth_mutations_per_offspring"":3,""quantization_step_size"":1,""quantization_mutations_per_offspring"":1,""joint_aware_probability"":0.0,""adaptive_mutation"":false,""adaptive_mutation_strength"":1,""adaptive_mutation_patience"":3,""adaptive_mutation_max_strength"":3,""coarse_to_fine_mutation"":false,""coarse_to_fine_start_strength"":3,""coarse_to_fine_end_strength"":1,""stagnation_generations_after_selection"":0}",quantization,True,130,128,16,5,262144,262144,655360,11920,94371840,66460.86743432202,15276.82177734375
81,0.225830078125,0.221923828125,kl,0.225830078125,7.98828125,6.6171875,9.8671875,,917504,"{""wikitext2"":327680,""c4"":589824}",128,16,4,1,"[16,4,1]","[2048,16384,131072]",6375608320,3.4642857142857144,3216.5078125,26982023168,26982023168,0,4,4,"{""type"":""mixed_depth_quantization"",""sequential_mode"":""none"",""joint_mutation_mode"":""standard"",""parent_before_generation_hash"":""17eae6b07e6144816e78aebd330d57e5e8f43f5202db5379ebf8248ec1076dfb"",""parent_after_generation_hash"":""17eae6b07e6144816e78aebd330d57e5e8f43f5202db5379ebf8248ec1076dfb"",""generated_offspring_by_type"":{""depth"":57,""quantization"":71,""joint_aware"":0,""interaction_aware"":0,""sequential_quantization"":0,""fixed_quant_depth"":0,""component crossover"":0,""component crossover + repair"":0,""layer bundle crossover"":0,""layer bundle crossover + repair"":0},""depth_mask_entries_changed_by_type"":{""depth"":166,""quantization"":0,""joint_aware"":0,""interaction_aware"":0,""sequential_quantization"":0,""fixed_quant_depth"":0,""component crossover"":0,""component crossover + repair"":0,""layer bundle crossover"":0,""layer bundle crossover + repair"":0},""quant_assignments_changed_by_type"":{""depth"":96,""quantization"":160,""joint_aware"":0,""interaction_aware"":0,""sequential_quantization"":0,""fixed_quant_depth"":0,""component crossover"":0,""component crossover + repair"":0,""layer bundle crossover"":0,""layer bundle crossover + repair"":0},""depth_mask_entries_changed_total"":166,""quant_assignments_changed_total"":256,""interaction_aware_details"":{""budget_repair_quant_changes"":0,""preferred_quant_exchanges_used"":0,""fallback_quant_exchanges_used"":0},""crossover_diagnostics"":{""crossover_type"":""component"",""crossover_parent_selection"":""uniform"",""crossover_offspring"":0,""crossover_offspring_accepted"":0,""mutation_offspring_accepted"":128,""mutation_offspring"":128,""crossover_offspring_attempted"":0,""crossover_duplicates"":0,""crossover_infeasible_candidates"":0,""crossover_repair_changed_gene_count"":0,""crossover_repaired_proposals"":0,""parent_distance_mean"":null,""parent_distance_min"":null,""parent_distance_max"":null,""child_distance_from_parent_a_mean"":null,""child_distance_from_parent_b_mean"":null,""layers_from_parent_a_mean"":null,""layers_from_parent_b_mean"":null,""crossover_no_legal_exchange"":0,""local_exchange_attention"":0,""local_exchange_mlp"":0,""local_exchange_quantization"":0,""local_exchange_block"":0,""child_distance_from_base_mean"":null,""child_distance_from_base_min"":null,""child_distance_from_base_max"":null,""child_distance_from_base_count"":0,""child_distance_from_donor_mean"":null,""child_distance_from_donor_min"":null,""child_distance_from_donor_max"":null,""child_distance_from_donor_count"":0,""donor_distance_reduction_mean"":null,""donor_distance_reduction_min"":null,""donor_distance_reduction_max"":null,""donor_distance_reduction_count"":0,""local_exchange_changed_gene_count_mean"":null,""local_exchange_changed_gene_count_min"":null,""local_exchange_changed_gene_count_max"":null,""local_exchange_changed_gene_count_count"":0,""child_distance_statistics_scope"":""accepted_unique_crossover_offspring"",""persistent_population_size"":1,""unique_population_size"":1,""best_population_fitness"":0.225830078125,""configured_survivors_per_selection"":[16,4,1],""effective_survivors_per_selection"":[16,4,1],""effective_final_survivor_count"":1},""offspring_generation"":{""attempts"":128,""no_op_mutations"":0,""duplicate_candidates"":0,""infeasible_candidates"":0,""fixed_quant_legal_swap_counts"":[]},""maximum_depth_mutations_per_offspring"":3,""quantization_step_size"":1,""quantization_mutations_per_offspring"":1,""joint_aware_probability"":0.0,""adaptive_mutation"":false,""adaptive_mutation_strength"":1,""adaptive_mutation_patience"":3,""adaptive_mutation_max_strength"":3,""coarse_to_fine_mutation"":false,""coarse_to_fine_start_strength"":3,""coarse_to_fine_end_strength"":1,""stagnation_generations_after_selection"":1}",parent,False,128,128,16,5,262144,262144,655360,12069,95551488,67471.29723229096,15276.82177734375
82,0.2235107421875,0.225830078125,kl,0.2235107421875,,,,,0,{},128,16,4,1,"[16,4,1]","[2048,16384,131072]",6375608320,3.4642857142857144,3216.5078125,26982023168,26982023168,0,4,4,"{""type"":""mixed_depth_quantization"",""sequential_mode"":""none"",""joint_mutation_mode"":""standard"",""parent_before_generation_hash"":""17eae6b07e6144816e78aebd330d57e5e8f43f5202db5379ebf8248ec1076dfb"",""parent_after_generation_hash"":""69a806984f759aa5ef2b655958b7af94ba0e2723ecee5143f7e59791260ed49c"",""generated_offspring_by_type"":{""depth"":66,""quantization"":62,""joint_aware"":0,""interaction_aware"":0,""sequential_quantization"":0,""fixed_quant_depth"":0,""component crossover"":0,""component crossover + repair"":0,""layer bundle crossover"":0,""layer bundle crossover + repair"":0},""depth_mask_entries_changed_by_type"":{""depth"":198,""quantization"":0,""joint_aware"":0,""interaction_aware"":0,""sequential_quantization"":0,""fixed_quant_depth"":0,""component crossover"":0,""component crossover + repair"":0,""layer bundle crossover"":0,""layer bundle crossover + repair"":0},""quant_assignments_changed_by_type"":{""depth"":115,""quantization"":135,""joint_aware"":0,""interaction_aware"":0,""sequential_quantization"":0,""fixed_quant_depth"":0,""component crossover"":0,""component crossover + repair"":0,""layer bundle crossover"":0,""layer bundle crossover + repair"":0},""depth_mask_entries_changed_total"":198,""quant_assignments_changed_total"":250,""interaction_aware_details"":{""budget_repair_quant_changes"":0,""preferred_quant_exchanges_used"":0,""fallback_quant_exchanges_used"":0},""crossover_diagnostics"":{""crossover_type"":""component"",""crossover_parent_selection"":""uniform"",""crossover_offspring"":0,""crossover_offspring_accepted"":0,""mutation_offspring_accepted"":128,""mutation_offspring"":128,""crossover_offspring_attempted"":0,""crossover_duplicates"":0,""crossover_infeasible_candidates"":0,""crossover_repair_changed_gene_count"":0,""crossover_repaired_proposals"":0,""parent_distance_mean"":null,""parent_distance_min"":null,""parent_distance_max"":null,""child_distance_from_parent_a_mean"":null,""child_distance_from_parent_b_mean"":null,""layers_from_parent_a_mean"":null,""layers_from_parent_b_mean"":null,""crossover_no_legal_exchange"":0,""local_exchange_attention"":0,""local_exchange_mlp"":0,""local_exchange_quantization"":0,""local_exchange_block"":0,""child_distance_from_base_mean"":null,""child_distance_from_base_min"":null,""child_distance_from_base_max"":null,""child_distance_from_base_count"":0,""child_distance_from_donor_mean"":null,""child_distance_from_donor_min"":null,""child_distance_from_donor_max"":null,""child_distance_from_donor_count"":0,""donor_distance_reduction_mean"":null,""donor_distance_reduction_min"":null,""donor_distance_reduction_max"":null,""donor_distance_reduction_count"":0,""local_exchange_changed_gene_count_mean"":null,""local_exchange_changed_gene_count_min"":null,""local_exchange_changed_gene_count_max"":null,""local_exchange_changed_gene_count_count"":0,""child_distance_statistics_scope"":""accepted_unique_crossover_offspring"",""persistent_population_size"":1,""unique_population_size"":1,""best_population_fitness"":0.2235107421875,""configured_survivors_per_selection"":[16,4,1],""effective_survivors_per_selection"":[16,4,1],""effective_final_survivor_count"":1},""offspring_generation"":{""attempts"":129,""no_op_mutations"":0,""duplicate_candidates"":1,""infeasible_candidates"":0,""fixed_quant_legal_swap_counts"":[]},""maximum_depth_mutations_per_offspring"":3,""quantization_step_size"":1,""quantization_mutations_per_offspring"":1,""joint_aware_probability"":0.0,""adaptive_mutation"":false,""adaptive_mutation_strength"":1,""adaptive_mutation_patience"":3,""adaptive_mutation_max_strength"":3,""coarse_to_fine_mutation"":false,""coarse_to_fine_start_strength"":3,""coarse_to_fine_end_strength"":1,""stagnation_generations_after_selection"":0}",quantization,True,129,128,16,5,262144,262144,655360,12218,96731136,68204.93631899904,15276.82177734375
83,0.2186279296875,0.2235107421875,kl,0.2186279296875,,,,,0,{},128,16,4,1,"[16,4,1]","[2048,16384,131072]",6375608320,3.4642857142857144,3216.5078125,26982023168,26982023168,0,4,4,"{""type"":""mixed_depth_quantization"",""sequential_mode"":""none"",""joint_mutation_mode"":""standard"",""parent_before_generation_hash"":""69a806984f759aa5ef2b655958b7af94ba0e2723ecee5143f7e59791260ed49c"",""parent_after_generation_hash"":""7f1260506ebd394a22cd244f186b2f4d78849b73f728e6378a3cc181fb2f7fb6"",""generated_offspring_by_type"":{""depth"":66,""quantization"":62,""joint_aware"":0,""interaction_aware"":0,""sequential_quantization"":0,""fixed_quant_depth"":0,""component crossover"":0,""component crossover + repair"":0,""layer bundle crossover"":0,""layer bundle crossover + repair"":0},""depth_mask_entries_changed_by_type"":{""depth"":204,""quantization"":0,""joint_aware"":0,""interaction_aware"":0,""sequential_quantization"":0,""fixed_quant_depth"":0,""component crossover"":0,""component crossover + repair"":0,""layer bundle crossover"":0,""layer bundle crossover + repair"":0},""quant_assignments_changed_by_type"":{""depth"":109,""quantization"":139,""joint_aware"":0,""interaction_aware"":0,""sequential_quantization"":0,""fixed_quant_depth"":0,""component crossover"":0,""component crossover + repair"":0,""layer bundle crossover"":0,""layer bundle crossover + repair"":0},""depth_mask_entries_changed_total"":204,""quant_assignments_changed_total"":248,""interaction_aware_details"":{""budget_repair_quant_changes"":0,""preferred_quant_exchanges_used"":0,""fallback_quant_exchanges_used"":0},""crossover_diagnostics"":{""crossover_type"":""component"",""crossover_parent_selection"":""uniform"",""crossover_offspring"":0,""crossover_offspring_accepted"":0,""mutation_offspring_accepted"":128,""mutation_offspring"":128,""crossover_offspring_attempted"":0,""crossover_duplicates"":0,""crossover_infeasible_candidates"":0,""crossover_repair_changed_gene_count"":0,""crossover_repaired_proposals"":0,""parent_distance_mean"":null,""parent_distance_min"":null,""parent_distance_max"":null,""child_distance_from_parent_a_mean"":null,""child_distance_from_parent_b_mean"":null,""layers_from_parent_a_mean"":null,""layers_from_parent_b_mean"":null,""crossover_no_legal_exchange"":0,""local_exchange_attention"":0,""local_exchange_mlp"":0,""local_exchange_quantization"":0,""local_exchange_block"":0,""child_distance_from_base_mean"":null,""child_distance_from_base_min"":null,""child_distance_from_base_max"":null,""child_distance_from_base_count"":0,""child_distance_from_donor_mean"":null,""child_distance_from_donor_min"":null,""child_distance_from_donor_max"":null,""child_distance_from_donor_count"":0,""donor_distance_reduction_mean"":null,""donor_distance_reduction_min"":null,""donor_distance_reduction_max"":null,""donor_distance_reduction_count"":0,""local_exchange_changed_gene_count_mean"":null,""local_exchange_changed_gene_count_min"":null,""local_exchange_changed_gene_count_max"":null,""local_exchange_changed_gene_count_count"":0,""child_distance_statistics_scope"":""accepted_unique_crossover_offspring"",""persistent_population_size"":1,""unique_population_size"":1,""best_population_fitness"":0.2186279296875,""configured_survivors_per_selection"":[16,4,1],""effective_survivors_per_selection"":[16,4,1],""effective_final_survivor_count"":1},""offspring_generation"":{""attempts"":129,""no_op_mutations"":0,""duplicate_candidates"":1,""infeasible_candidates"":0,""fixed_quant_legal_swap_counts"":[]},""maximum_depth_mutations_per_offspring"":3,""quantization_step_size"":1,""quantization_mutations_per_offspring"":1,""joint_aware_probability"":0.0,""adaptive_mutation"":false,""adaptive_mutation_strength"":1,""adaptive_mutation_patience"":3,""adaptive_mutation_max_strength"":3,""coarse_to_fine_mutation"":false,""coarse_to_fine_start_strength"":3,""coarse_to_fine_end_strength"":1,""stagnation_generations_after_selection"":0}",quantization,True,129,128,16,5,262144,262144,655360,12367,97910784,68975.09521369904,15276.82177734375
84,0.2235107421875,0.2186279296875,kl,0.2235107421875,,,,,0,{},128,16,4,1,"[16,4,1]","[2048,16384,131072]",6375608320,3.4642857142857144,3216.5078125,26982023168,26982023168,0,4,4,"{""type"":""mixed_depth_quantization"",""sequential_mode"":""none"",""joint_mutation_mode"":""standard"",""parent_before_generation_hash"":""7f1260506ebd394a22cd244f186b2f4d78849b73f728e6378a3cc181fb2f7fb6"",""parent_after_generation_hash"":""561db9ce4a7c8c385fbb98202cca4878378a13ab20d764da57a033a7b79fabe1"",""generated_offspring_by_type"":{""depth"":58,""quantization"":70,""joint_aware"":0,""interaction_aware"":0,""sequential_quantization"":0,""fixed_quant_depth"":0,""component crossover"":0,""component crossover + repair"":0,""layer bundle crossover"":0,""layer bundle crossover + repair"":0},""depth_mask_entries_changed_by_type"":{""depth"":172,""quantization"":0,""joint_aware"":0,""interaction_aware"":0,""sequential_quantization"":0,""fixed_quant_depth"":0,""component crossover"":0,""component crossover + repair"":0,""layer bundle crossover"":0,""layer bundle crossover + repair"":0},""quant_assignments_changed_by_type"":{""depth"":102,""quantization"":156,""joint_aware"":0,""interaction_aware"":0,""sequential_quantization"":0,""fixed_quant_depth"":0,""component crossover"":0,""component crossover + repair"":0,""layer bundle crossover"":0,""layer bundle crossover + repair"":0},""depth_mask_entries_changed_total"":172,""quant_assignments_changed_total"":258,""interaction_aware_details"":{""budget_repair_quant_changes"":0,""preferred_quant_exchanges_used"":0,""fallback_quant_exchanges_used"":0},""crossover_diagnostics"":{""crossover_type"":""component"",""crossover_parent_selection"":""uniform"",""crossover_offspring"":0,""crossover_offspring_accepted"":0,""mutation_offspring_accepted"":128,""mutation_offspring"":128,""crossover_offspring_attempted"":0,""crossover_duplicates"":0,""crossover_infeasible_candidates"":0,""crossover_repair_changed_gene_count"":0,""crossover_repaired_proposals"":0,""parent_distance_mean"":null,""parent_distance_min"":null,""parent_distance_max"":null,""child_distance_from_parent_a_mean"":null,""child_distance_from_parent_b_mean"":null,""layers_from_parent_a_mean"":null,""layers_from_parent_b_mean"":null,""crossover_no_legal_exchange"":0,""local_exchange_attention"":0,""local_exchange_mlp"":0,""local_exchange_quantization"":0,""local_exchange_block"":0,""child_distance_from_base_mean"":null,""child_distance_from_base_min"":null,""child_distance_from_base_max"":null,""child_distance_from_base_count"":0,""child_distance_from_donor_mean"":null,""child_distance_from_donor_min"":null,""child_distance_from_donor_max"":null,""child_distance_from_donor_count"":0,""donor_distance_reduction_mean"":null,""donor_distance_reduction_min"":null,""donor_distance_reduction_max"":null,""donor_distance_reduction_count"":0,""local_exchange_changed_gene_count_mean"":null,""local_exchange_changed_gene_count_min"":null,""local_exchange_changed_gene_count_max"":null,""local_exchange_changed_gene_count_count"":0,""child_distance_statistics_scope"":""accepted_unique_crossover_offspring"",""persistent_population_size"":1,""unique_population_size"":1,""best_population_fitness"":0.2235107421875,""configured_survivors_per_selection"":[16,4,1],""effective_survivors_per_selection"":[16,4,1],""effective_final_survivor_count"":1},""offspring_generation"":{""attempts"":129,""no_op_mutations"":1,""duplicate_candidates"":0,""infeasible_candidates"":0,""fixed_quant_legal_swap_counts"":[]},""maximum_depth_mutations_per_offspring"":3,""quantization_step_size"":1,""quantization_mutations_per_offspring"":1,""joint_aware_probability"":0.0,""adaptive_mutation"":false,""adaptive_mutation_strength"":1,""adaptive_mutation_patience"":3,""adaptive_mutation_max_strength"":3,""coarse_to_fine_mutation"":false,""coarse_to_fine_start_strength"":3,""coarse_to_fine_end_strength"":1,""stagnation_generations_after_selection"":0}",quantization,True,129,128,16,5,262144,262144,655360,12516,99090432,69764.91032329004,15276.82177734375
85,0.2103271484375,0.2235107421875,kl,0.2103271484375,,,,,0,{},128,16,4,1,"[16,4,1]","[2048,16384,131072]",6375608320,3.4642857142857144,3216.5078125,26982023168,26982023168,0,4,4,"{""type"":""mixed_depth_quantization"",""sequential_mode"":""none"",""joint_mutation_mode"":""standard"",""parent_before_generation_hash"":""561db9ce4a7c8c385fbb98202cca4878378a13ab20d764da57a033a7b79fabe1"",""parent_after_generation_hash"":""cc483e0e6a5f09df26c8d66ac63dd83858320d6d19b65813cd795d0258cc8ee2"",""generated_offspring_by_type"":{""depth"":66,""quantization"":62,""joint_aware"":0,""interaction_aware"":0,""sequential_quantization"":0,""fixed_quant_depth"":0,""component crossover"":0,""component crossover + repair"":0,""layer bundle crossover"":0,""layer bundle crossover + repair"":0},""depth_mask_entries_changed_by_type"":{""depth"":210,""quantization"":0,""joint_aware"":0,""interaction_aware"":0,""sequential_quantization"":0,""fixed_quant_depth"":0,""component crossover"":0,""component crossover + repair"":0,""layer bundle crossover"":0,""layer bundle crossover + repair"":0},""quant_assignments_changed_by_type"":{""depth"":119,""quantization"":134,""joint_aware"":0,""interaction_aware"":0,""sequential_quantization"":0,""fixed_quant_depth"":0,""component crossover"":0,""component crossover + repair"":0,""layer bundle crossover"":0,""layer bundle crossover + repair"":0},""depth_mask_entries_changed_total"":210,""quant_assignments_changed_total"":253,""interaction_aware_details"":{""budget_repair_quant_changes"":0,""preferred_quant_exchanges_used"":0,""fallback_quant_exchanges_used"":0},""crossover_diagnostics"":{""crossover_type"":""component"",""crossover_parent_selection"":""uniform"",""crossover_offspring"":0,""crossover_offspring_accepted"":0,""mutation_offspring_accepted"":128,""mutation_offspring"":128,""crossover_offspring_attempted"":0,""crossover_duplicates"":0,""crossover_infeasible_candidates"":0,""crossover_repair_changed_gene_count"":0,""crossover_repaired_proposals"":0,""parent_distance_mean"":null,""parent_distance_min"":null,""parent_distance_max"":null,""child_distance_from_parent_a_mean"":null,""child_distance_from_parent_b_mean"":null,""layers_from_parent_a_mean"":null,""layers_from_parent_b_mean"":null,""crossover_no_legal_exchange"":0,""local_exchange_attention"":0,""local_exchange_mlp"":0,""local_exchange_quantization"":0,""local_exchange_block"":0,""child_distance_from_base_mean"":null,""child_distance_from_base_min"":null,""child_distance_from_base_max"":null,""child_distance_from_base_count"":0,""child_distance_from_donor_mean"":null,""child_distance_from_donor_min"":null,""child_distance_from_donor_max"":null,""child_distance_from_donor_count"":0,""donor_distance_reduction_mean"":null,""donor_distance_reduction_min"":null,""donor_distance_reduction_max"":null,""donor_distance_reduction_count"":0,""local_exchange_changed_gene_count_mean"":null,""local_exchange_changed_gene_count_min"":null,""local_exchange_changed_gene_count_max"":null,""local_exchange_changed_gene_count_count"":0,""child_distance_statistics_scope"":""accepted_unique_crossover_offspring"",""persistent_population_size"":1,""unique_population_size"":1,""best_population_fitness"":0.2103271484375,""configured_survivors_per_selection"":[16,4,1],""effective_survivors_per_selection"":[16,4,1],""effective_final_survivor_count"":1},""offspring_generation"":{""attempts"":129,""no_op_mutations"":0,""duplicate_candidates"":1,""infeasible_candidates"":0,""fixed_quant_legal_swap_counts"":[]},""maximum_depth_mutations_per_offspring"":3,""quantization_step_size"":1,""quantization_mutations_per_offspring"":1,""joint_aware_probability"":0.0,""adaptive_mutation"":false,""adaptive_mutation_strength"":1,""adaptive_mutation_patience"":3,""adaptive_mutation_max_strength"":3,""coarse_to_fine_mutation"":false,""coarse_to_fine_start_strength"":3,""coarse_to_fine_end_strength"":1,""stagnation_generations_after_selection"":0}",quantization,True,129,128,16,5,262144,262144,655360,12665,100270080,70476.71673442796,15276.82177734375
86,0.21875,0.2103271484375,kl,0.21875,7.98828125,6.625,9.828125,,917504,"{""wikitext2"":327680,""c4"":589824}",128,16,4,1,"[16,4,1]","[2048,16384,131072]",6375608320,3.4642857142857144,3216.5078125,26982023168,26982023168,0,4,4,"{""type"":""mixed_depth_quantization"",""sequential_mode"":""none"",""joint_mutation_mode"":""standard"",""parent_before_generation_hash"":""cc483e0e6a5f09df26c8d66ac63dd83858320d6d19b65813cd795d0258cc8ee2"",""parent_after_generation_hash"":""d824c8db591900d589de94912bbec8357c599c6f5dd41bc8d8cb7055c2c97a6d"",""generated_offspring_by_type"":{""depth"":63,""quantization"":65,""joint_aware"":0,""interaction_aware"":0,""sequential_quantization"":0,""fixed_quant_depth"":0,""component crossover"":0,""component crossover + repair"":0,""layer bundle crossover"":0,""layer bundle crossover + repair"":0},""depth_mask_entries_changed_by_type"":{""depth"":194,""quantization"":0,""joint_aware"":0,""interaction_aware"":0,""sequential_quantization"":0,""fixed_quant_depth"":0,""component crossover"":0,""component crossover + repair"":0,""layer bundle crossover"":0,""layer bundle crossover + repair"":0},""quant_assignments_changed_by_type"":{""depth"":105,""quantization"":147,""joint_aware"":0,""interaction_aware"":0,""sequential_quantization"":0,""fixed_quant_depth"":0,""component crossover"":0,""component crossover + repair"":0,""layer bundle crossover"":0,""layer bundle crossover + repair"":0},""depth_mask_entries_changed_total"":194,""quant_assignments_changed_total"":252,""interaction_aware_details"":{""budget_repair_quant_changes"":0,""preferred_quant_exchanges_used"":0,""fallback_quant_exchanges_used"":0},""crossover_diagnostics"":{""crossover_type"":""component"",""crossover_parent_selection"":""uniform"",""crossover_offspring"":0,""crossover_offspring_accepted"":0,""mutation_offspring_accepted"":128,""mutation_offspring"":128,""crossover_offspring_attempted"":0,""crossover_duplicates"":0,""crossover_infeasible_candidates"":0,""crossover_repair_changed_gene_count"":0,""crossover_repaired_proposals"":0,""parent_distance_mean"":null,""parent_distance_min"":null,""parent_distance_max"":null,""child_distance_from_parent_a_mean"":null,""child_distance_from_parent_b_mean"":null,""layers_from_parent_a_mean"":null,""layers_from_parent_b_mean"":null,""crossover_no_legal_exchange"":0,""local_exchange_attention"":0,""local_exchange_mlp"":0,""local_exchange_quantization"":0,""local_exchange_block"":0,""child_distance_from_base_mean"":null,""child_distance_from_base_min"":null,""child_distance_from_base_max"":null,""child_distance_from_base_count"":0,""child_distance_from_donor_mean"":null,""child_distance_from_donor_min"":null,""child_distance_from_donor_max"":null,""child_distance_from_donor_count"":0,""donor_distance_reduction_mean"":null,""donor_distance_reduction_min"":null,""donor_distance_reduction_max"":null,""donor_distance_reduction_count"":0,""local_exchange_changed_gene_count_mean"":null,""local_exchange_changed_gene_count_min"":null,""local_exchange_changed_gene_count_max"":null,""local_exchange_changed_gene_count_count"":0,""child_distance_statistics_scope"":""accepted_unique_crossover_offspring"",""persistent_population_size"":1,""unique_population_size"":1,""best_population_fitness"":0.21875,""configured_survivors_per_selection"":[16,4,1],""effective_survivors_per_selection"":[16,4,1],""effective_final_survivor_count"":1},""offspring_generation"":{""attempts"":128,""no_op_mutations"":0,""duplicate_candidates"":0,""infeasible_candidates"":0,""fixed_quant_legal_swap_counts"":[]},""maximum_depth_mutations_per_offspring"":3,""quantization_step_size"":1,""quantization_mutations_per_offspring"":1,""joint_aware_probability"":0.0,""adaptive_mutation"":false,""adaptive_mutation_strength"":1,""adaptive_mutation_patience"":3,""adaptive_mutation_max_strength"":3,""coarse_to_fine_mutation"":false,""coarse_to_fine_start_strength"":3,""coarse_to_fine_end_strength"":1,""stagnation_generations_after_selection"":0}",quantization,True,128,128,16,5,262144,262144,655360,12814,101449728,71495.99047705904,15276.82177734375
87,0.221435546875,0.21875,kl,0.221435546875,,,,,0,{},128,16,4,1,"[16,4,1]","[2048,16384,131072]",6375608320,3.4642857142857144,3216.5078125,26982023168,26982023168,0,4,4,"{""type"":""mixed_depth_quantization"",""sequential_mode"":""none"",""joint_mutation_mode"":""standard"",""parent_before_generation_hash"":""d824c8db591900d589de94912bbec8357c599c6f5dd41bc8d8cb7055c2c97a6d"",""parent_after_generation_hash"":""38ca476b5b9c123bfc6793da0640b53657e4616f57eb7e2cd0fecd1edd12b8d0"",""generated_offspring_by_type"":{""depth"":66,""quantization"":62,""joint_aware"":0,""interaction_aware"":0,""sequential_quantization"":0,""fixed_quant_depth"":0,""component crossover"":0,""component crossover + repair"":0,""layer bundle crossover"":0,""layer bundle crossover + repair"":0},""depth_mask_entries_changed_by_type"":{""depth"":200,""quantization"":0,""joint_aware"":0,""interaction_aware"":0,""sequential_quantization"":0,""fixed_quant_depth"":0,""component crossover"":0,""component crossover + repair"":0,""layer bundle crossover"":0,""layer bundle crossover + repair"":0},""quant_assignments_changed_by_type"":{""depth"":109,""quantization"":134,""joint_aware"":0,""interaction_aware"":0,""sequential_quantization"":0,""fixed_quant_depth"":0,""component crossover"":0,""component crossover + repair"":0,""layer bundle crossover"":0,""layer bundle crossover + repair"":0},""depth_mask_entries_changed_total"":200,""quant_assignments_changed_total"":243,""interaction_aware_details"":{""budget_repair_quant_changes"":0,""preferred_quant_exchanges_used"":0,""fallback_quant_exchanges_used"":0},""crossover_diagnostics"":{""crossover_type"":""component"",""crossover_parent_selection"":""uniform"",""crossover_offspring"":0,""crossover_offspring_accepted"":0,""mutation_offspring_accepted"":128,""mutation_offspring"":128,""crossover_offspring_attempted"":0,""crossover_duplicates"":0,""crossover_infeasible_candidates"":0,""crossover_repair_changed_gene_count"":0,""crossover_repaired_proposals"":0,""parent_distance_mean"":null,""parent_distance_min"":null,""parent_distance_max"":null,""child_distance_from_parent_a_mean"":null,""child_distance_from_parent_b_mean"":null,""layers_from_parent_a_mean"":null,""layers_from_parent_b_mean"":null,""crossover_no_legal_exchange"":0,""local_exchange_attention"":0,""local_exchange_mlp"":0,""local_exchange_quantization"":0,""local_exchange_block"":0,""child_distance_from_base_mean"":null,""child_distance_from_base_min"":null,""child_distance_from_base_max"":null,""child_distance_from_base_count"":0,""child_distance_from_donor_mean"":null,""child_distance_from_donor_min"":null,""child_distance_from_donor_max"":null,""child_distance_from_donor_count"":0,""donor_distance_reduction_mean"":null,""donor_distance_reduction_min"":null,""donor_distance_reduction_max"":null,""donor_distance_reduction_count"":0,""local_exchange_changed_gene_count_mean"":null,""local_exchange_changed_gene_count_min"":null,""local_exchange_changed_gene_count_max"":null,""local_exchange_changed_gene_count_count"":0,""child_distance_statistics_scope"":""accepted_unique_crossover_offspring"",""persistent_population_size"":1,""unique_population_size"":1,""best_population_fitness"":0.221435546875,""configured_survivors_per_selection"":[16,4,1],""effective_survivors_per_selection"":[16,4,1],""effective_final_survivor_count"":1},""offspring_generation"":{""attempts"":129,""no_op_mutations"":0,""duplicate_candidates"":1,""infeasible_candidates"":0,""fixed_quant_legal_swap_counts"":[]},""maximum_depth_mutations_per_offspring"":3,""quantization_step_size"":1,""quantization_mutations_per_offspring"":1,""joint_aware_probability"":0.0,""adaptive_mutation"":false,""adaptive_mutation_strength"":1,""adaptive_mutation_patience"":3,""adaptive_mutation_max_strength"":3,""coarse_to_fine_mutation"":false,""coarse_to_fine_start_strength"":3,""coarse_to_fine_end_strength"":1,""stagnation_generations_after_selection"":0}",quantization,True,129,128,16,5,262144,262144,655360,12963,102629376,72331.58474335598,15276.82177734375
88,0.214111328125,0.221435546875,kl,0.214111328125,,,,,0,{},128,16,4,1,"[16,4,1]","[2048,16384,131072]",6375608320,3.4642857142857144,3216.5078125,26982023168,26982023168,0,4,4,"{""type"":""mixed_depth_quantization"",""sequential_mode"":""none"",""joint_mutation_mode"":""standard"",""parent_before_generation_hash"":""38ca476b5b9c123bfc6793da0640b53657e4616f57eb7e2cd0fecd1edd12b8d0"",""parent_after_generation_hash"":""5083fa2bd992f0eeac641b9615b768442349ffcd52ca90e96553ff11d0c9085a"",""generated_offspring_by_type"":{""depth"":70,""quantization"":58,""joint_aware"":0,""interaction_aware"":0,""sequential_quantization"":0,""fixed_quant_depth"":0,""component crossover"":0,""component crossover + repair"":0,""layer bundle crossover"":0,""layer bundle crossover + repair"":0},""depth_mask_entries_changed_by_type"":{""depth"":208,""quantization"":0,""joint_aware"":0,""interaction_aware"":0,""sequential_quantization"":0,""fixed_quant_depth"":0,""component crossover"":0,""component crossover + repair"":0,""layer bundle crossover"":0,""layer bundle crossover + repair"":0},""quant_assignments_changed_by_type"":{""depth"":115,""quantization"":131,""joint_aware"":0,""interaction_aware"":0,""sequential_quantization"":0,""fixed_quant_depth"":0,""component crossover"":0,""component crossover + repair"":0,""layer bundle crossover"":0,""layer bundle crossover + repair"":0},""depth_mask_entries_changed_total"":208,""quant_assignments_changed_total"":246,""interaction_aware_details"":{""budget_repair_quant_changes"":0,""preferred_quant_exchanges_used"":0,""fallback_quant_exchanges_used"":0},""crossover_diagnostics"":{""crossover_type"":""component"",""crossover_parent_selection"":""uniform"",""crossover_offspring"":0,""crossover_offspring_accepted"":0,""mutation_offspring_accepted"":128,""mutation_offspring"":128,""crossover_offspring_attempted"":0,""crossover_duplicates"":0,""crossover_infeasible_candidates"":0,""crossover_repair_changed_gene_count"":0,""crossover_repaired_proposals"":0,""parent_distance_mean"":null,""parent_distance_min"":null,""parent_distance_max"":null,""child_distance_from_parent_a_mean"":null,""child_distance_from_parent_b_mean"":null,""layers_from_parent_a_mean"":null,""layers_from_parent_b_mean"":null,""crossover_no_legal_exchange"":0,""local_exchange_attention"":0,""local_exchange_mlp"":0,""local_exchange_quantization"":0,""local_exchange_block"":0,""child_distance_from_base_mean"":null,""child_distance_from_base_min"":null,""child_distance_from_base_max"":null,""child_distance_from_base_count"":0,""child_distance_from_donor_mean"":null,""child_distance_from_donor_min"":null,""child_distance_from_donor_max"":null,""child_distance_from_donor_count"":0,""donor_distance_reduction_mean"":null,""donor_distance_reduction_min"":null,""donor_distance_reduction_max"":null,""donor_distance_reduction_count"":0,""local_exchange_changed_gene_count_mean"":null,""local_exchange_changed_gene_count_min"":null,""local_exchange_changed_gene_count_max"":null,""local_exchange_changed_gene_count_count"":0,""child_distance_statistics_scope"":""accepted_unique_crossover_offspring"",""persistent_population_size"":1,""unique_population_size"":1,""best_population_fitness"":0.214111328125,""configured_survivors_per_selection"":[16,4,1],""effective_survivors_per_selection"":[16,4,1],""effective_final_survivor_count"":1},""offspring_generation"":{""attempts"":129,""no_op_mutations"":0,""duplicate_candidates"":1,""infeasible_candidates"":0,""fixed_quant_legal_swap_counts"":[]},""maximum_depth_mutations_per_offspring"":3,""quantization_step_size"":1,""quantization_mutations_per_offspring"":1,""joint_aware_probability"":0.0,""adaptive_mutation"":false,""adaptive_mutation_strength"":1,""adaptive_mutation_patience"":3,""adaptive_mutation_max_strength"":3,""coarse_to_fine_mutation"":false,""coarse_to_fine_start_strength"":3,""coarse_to_fine_end_strength"":1,""stagnation_generations_after_selection"":0}",quantization,True,129,128,16,5,262144,262144,655360,13112,103809024,73123.72506082105,15276.82177734375
89,0.220703125,0.214111328125,kl,0.220703125,,,,,0,{},128,16,4,1,"[16,4,1]","[2048,16384,131072]",6375608320,3.4642857142857144,3216.5078125,26982023168,26982023168,0,4,4,"{""type"":""mixed_depth_quantization"",""sequential_mode"":""none"",""joint_mutation_mode"":""standard"",""parent_before_generation_hash"":""5083fa2bd992f0eeac641b9615b768442349ffcd52ca90e96553ff11d0c9085a"",""parent_after_generation_hash"":""9c5dac02faaf74492296ac3778765eaf51d96717c54fad49d3fa5e0718bb9dd1"",""generated_offspring_by_type"":{""depth"":65,""quantization"":63,""joint_aware"":0,""interaction_aware"":0,""sequential_quantization"":0,""fixed_quant_depth"":0,""component crossover"":0,""component crossover + repair"":0,""layer bundle crossover"":0,""layer bundle crossover + repair"":0},""depth_mask_entries_changed_by_type"":{""depth"":178,""quantization"":0,""joint_aware"":0,""interaction_aware"":0,""sequential_quantization"":0,""fixed_quant_depth"":0,""component crossover"":0,""component crossover + repair"":0,""layer bundle crossover"":0,""layer bundle crossover + repair"":0},""quant_assignments_changed_by_type"":{""depth"":111,""quantization"":138,""joint_aware"":0,""interaction_aware"":0,""sequential_quantization"":0,""fixed_quant_depth"":0,""component crossover"":0,""component crossover + repair"":0,""layer bundle crossover"":0,""layer bundle crossover + repair"":0},""depth_mask_entries_changed_total"":178,""quant_assignments_changed_total"":249,""interaction_aware_details"":{""budget_repair_quant_changes"":0,""preferred_quant_exchanges_used"":0,""fallback_quant_exchanges_used"":0},""crossover_diagnostics"":{""crossover_type"":""component"",""crossover_parent_selection"":""uniform"",""crossover_offspring"":0,""crossover_offspring_accepted"":0,""mutation_offspring_accepted"":128,""mutation_offspring"":128,""crossover_offspring_attempted"":0,""crossover_duplicates"":0,""crossover_infeasible_candidates"":0,""crossover_repair_changed_gene_count"":0,""crossover_repaired_proposals"":0,""parent_distance_mean"":null,""parent_distance_min"":null,""parent_distance_max"":null,""child_distance_from_parent_a_mean"":null,""child_distance_from_parent_b_mean"":null,""layers_from_parent_a_mean"":null,""layers_from_parent_b_mean"":null,""crossover_no_legal_exchange"":0,""local_exchange_attention"":0,""local_exchange_mlp"":0,""local_exchange_quantization"":0,""local_exchange_block"":0,""child_distance_from_base_mean"":null,""child_distance_from_base_min"":null,""child_distance_from_base_max"":null,""child_distance_from_base_count"":0,""child_distance_from_donor_mean"":null,""child_distance_from_donor_min"":null,""child_distance_from_donor_max"":null,""child_distance_from_donor_count"":0,""donor_distance_reduction_mean"":null,""donor_distance_reduction_min"":null,""donor_distance_reduction_max"":null,""donor_distance_reduction_count"":0,""local_exchange_changed_gene_count_mean"":null,""local_exchange_changed_gene_count_min"":null,""local_exchange_changed_gene_count_max"":null,""local_exchange_changed_gene_count_count"":0,""child_distance_statistics_scope"":""accepted_unique_crossover_offspring"",""persistent_population_size"":1,""unique_population_size"":1,""best_population_fitness"":0.220703125,""configured_survivors_per_selection"":[16,4,1],""effective_survivors_per_selection"":[16,4,1],""effective_final_survivor_count"":1},""offspring_generation"":{""attempts"":128,""no_op_mutations"":0,""duplicate_candidates"":0,""infeasible_candidates"":0,""fixed_quant_legal_swap_counts"":[]},""maximum_depth_mutations_per_offspring"":3,""quantization_step_size"":1,""quantization_mutations_per_offspring"":1,""joint_aware_probability"":0.0,""adaptive_mutation"":false,""adaptive_mutation_strength"":1,""adaptive_mutation_patience"":3,""adaptive_mutation_max_strength"":3,""coarse_to_fine_mutation"":false,""coarse_to_fine_start_strength"":3,""coarse_to_fine_end_strength"":1,""stagnation_generations_after_selection"":0}",quantization,True,128,128,16,5,262144,262144,655360,13261,104988672,73929.63565652003,15276.82177734375
90,0.2122802734375,0.220703125,kl,0.2122802734375,,,,,0,{},128,16,4,1,"[16,4,1]","[2048,16384,131072]",6375608320,3.4642857142857144,3216.5078125,26982023168,26982023168,0,4,4,"{""type"":""mixed_depth_quantization"",""sequential_mode"":""none"",""joint_mutation_mode"":""standard"",""parent_before_generation_hash"":""9c5dac02faaf74492296ac3778765eaf51d96717c54fad49d3fa5e0718bb9dd1"",""parent_after_generation_hash"":""aeb3d7b033e396e5549e9b34d6580dee9756d12590289148ccf2630a42cd3864"",""generated_offspring_by_type"":{""depth"":60,""quantization"":68,""joint_aware"":0,""interaction_aware"":0,""sequential_quantization"":0,""fixed_quant_depth"":0,""component crossover"":0,""component crossover + repair"":0,""layer bundle crossover"":0,""layer bundle crossover + repair"":0},""depth_mask_entries_changed_by_type"":{""depth"":186,""quantization"":0,""joint_aware"":0,""interaction_aware"":0,""sequential_quantization"":0,""fixed_quant_depth"":0,""component crossover"":0,""component crossover + repair"":0,""layer bundle crossover"":0,""layer bundle crossover + repair"":0},""quant_assignments_changed_by_type"":{""depth"":97,""quantization"":154,""joint_aware"":0,""interaction_aware"":0,""sequential_quantization"":0,""fixed_quant_depth"":0,""component crossover"":0,""component crossover + repair"":0,""layer bundle crossover"":0,""layer bundle crossover + repair"":0},""depth_mask_entries_changed_total"":186,""quant_assignments_changed_total"":251,""interaction_aware_details"":{""budget_repair_quant_changes"":0,""preferred_quant_exchanges_used"":0,""fallback_quant_exchanges_used"":0},""crossover_diagnostics"":{""crossover_type"":""component"",""crossover_parent_selection"":""uniform"",""crossover_offspring"":0,""crossover_offspring_accepted"":0,""mutation_offspring_accepted"":128,""mutation_offspring"":128,""crossover_offspring_attempted"":0,""crossover_duplicates"":0,""crossover_infeasible_candidates"":0,""crossover_repair_changed_gene_count"":0,""crossover_repaired_proposals"":0,""parent_distance_mean"":null,""parent_distance_min"":null,""parent_distance_max"":null,""child_distance_from_parent_a_mean"":null,""child_distance_from_parent_b_mean"":null,""layers_from_parent_a_mean"":null,""layers_from_parent_b_mean"":null,""crossover_no_legal_exchange"":0,""local_exchange_attention"":0,""local_exchange_mlp"":0,""local_exchange_quantization"":0,""local_exchange_block"":0,""child_distance_from_base_mean"":null,""child_distance_from_base_min"":null,""child_distance_from_base_max"":null,""child_distance_from_base_count"":0,""child_distance_from_donor_mean"":null,""child_distance_from_donor_min"":null,""child_distance_from_donor_max"":null,""child_distance_from_donor_count"":0,""donor_distance_reduction_mean"":null,""donor_distance_reduction_min"":null,""donor_distance_reduction_max"":null,""donor_distance_reduction_count"":0,""local_exchange_changed_gene_count_mean"":null,""local_exchange_changed_gene_count_min"":null,""local_exchange_changed_gene_count_max"":null,""local_exchange_changed_gene_count_count"":0,""child_distance_statistics_scope"":""accepted_unique_crossover_offspring"",""persistent_population_size"":1,""unique_population_size"":1,""best_population_fitness"":0.2122802734375,""configured_survivors_per_selection"":[16,4,1],""effective_survivors_per_selection"":[16,4,1],""effective_final_survivor_count"":1},""offspring_generation"":{""attempts"":128,""no_op_mutations"":0,""duplicate_candidates"":0,""infeasible_candidates"":0,""fixed_quant_legal_swap_counts"":[]},""maximum_depth_mutations_per_offspring"":3,""quantization_step_size"":1,""quantization_mutations_per_offspring"":1,""joint_aware_probability"":0.0,""adaptive_mutation"":false,""adaptive_mutation_strength"":1,""adaptive_mutation_patience"":3,""adaptive_mutation_max_strength"":3,""coarse_to_fine_mutation"":false,""coarse_to_fine_start_strength"":3,""coarse_to_fine_end_strength"":1,""stagnation_generations_after_selection"":0}",quantization,True,128,128,16,5,262144,262144,655360,13410,106168320,74715.500838332,15276.82177734375
91,0.2274169921875,0.2122802734375,kl,0.2274169921875,7.97265625,6.625,9.7890625,,917504,"{""wikitext2"":327680,""c4"":589824}",128,16,4,1,"[16,4,1]","[2048,16384,131072]",6375608320,3.4642857142857144,3216.5078125,26982023168,26982023168,0,4,4,"{""type"":""mixed_depth_quantization"",""sequential_mode"":""none"",""joint_mutation_mode"":""standard"",""parent_before_generation_hash"":""aeb3d7b033e396e5549e9b34d6580dee9756d12590289148ccf2630a42cd3864"",""parent_after_generation_hash"":""e2a37d53929ff85dc8a6287461adbeddb8433c3da4f9e7c92ff5e77efc86924d"",""generated_offspring_by_type"":{""depth"":67,""quantization"":61,""joint_aware"":0,""interaction_aware"":0,""sequential_quantization"":0,""fixed_quant_depth"":0,""component crossover"":0,""component crossover + repair"":0,""layer bundle crossover"":0,""layer bundle crossover + repair"":0},""depth_mask_entries_changed_by_type"":{""depth"":188,""quantization"":0,""joint_aware"":0,""interaction_aware"":0,""sequential_quantization"":0,""fixed_quant_depth"":0,""component crossover"":0,""component crossover + repair"":0,""layer bundle crossover"":0,""layer bundle crossover + repair"":0},""quant_assignments_changed_by_type"":{""depth"":107,""quantization"":138,""joint_aware"":0,""interaction_aware"":0,""sequential_quantization"":0,""fixed_quant_depth"":0,""component crossover"":0,""component crossover + repair"":0,""layer bundle crossover"":0,""layer bundle crossover + repair"":0},""depth_mask_entries_changed_total"":188,""quant_assignments_changed_total"":245,""interaction_aware_details"":{""budget_repair_quant_changes"":0,""preferred_quant_exchanges_used"":0,""fallback_quant_exchanges_used"":0},""crossover_diagnostics"":{""crossover_type"":""component"",""crossover_parent_selection"":""uniform"",""crossover_offspring"":0,""crossover_offspring_accepted"":0,""mutation_offspring_accepted"":128,""mutation_offspring"":128,""crossover_offspring_attempted"":0,""crossover_duplicates"":0,""crossover_infeasible_candidates"":0,""crossover_repair_changed_gene_count"":0,""crossover_repaired_proposals"":0,""parent_distance_mean"":null,""parent_distance_min"":null,""parent_distance_max"":null,""child_distance_from_parent_a_mean"":null,""child_distance_from_parent_b_mean"":null,""layers_from_parent_a_mean"":null,""layers_from_parent_b_mean"":null,""crossover_no_legal_exchange"":0,""local_exchange_attention"":0,""local_exchange_mlp"":0,""local_exchange_quantization"":0,""local_exchange_block"":0,""child_distance_from_base_mean"":null,""child_distance_from_base_min"":null,""child_distance_from_base_max"":null,""child_distance_from_base_count"":0,""child_distance_from_donor_mean"":null,""child_distance_from_donor_min"":null,""child_distance_from_donor_max"":null,""child_distance_from_donor_count"":0,""donor_distance_reduction_mean"":null,""donor_distance_reduction_min"":null,""donor_distance_reduction_max"":null,""donor_distance_reduction_count"":0,""local_exchange_changed_gene_count_mean"":null,""local_exchange_changed_gene_count_min"":null,""local_exchange_changed_gene_count_max"":null,""local_exchange_changed_gene_count_count"":0,""child_distance_statistics_scope"":""accepted_unique_crossover_offspring"",""persistent_population_size"":1,""unique_population_size"":1,""best_population_fitness"":0.2274169921875,""configured_survivors_per_selection"":[16,4,1],""effective_survivors_per_selection"":[16,4,1],""effective_final_survivor_count"":1},""offspring_generation"":{""attempts"":129,""no_op_mutations"":0,""duplicate_candidates"":1,""infeasible_candidates"":0,""fixed_quant_legal_swap_counts"":[]},""maximum_depth_mutations_per_offspring"":3,""quantization_step_size"":1,""quantization_mutations_per_offspring"":1,""joint_aware_probability"":0.0,""adaptive_mutation"":false,""adaptive_mutation_strength"":1,""adaptive_mutation_patience"":3,""adaptive_mutation_max_strength"":3,""coarse_to_fine_mutation"":false,""coarse_to_fine_start_strength"":3,""coarse_to_fine_end_strength"":1,""stagnation_generations_after_selection"":0}",quantization,True,129,128,16,5,262144,262144,655360,13559,107347968,75785.11328622606,15276.82177734375
92,0.2178955078125,0.2274169921875,kl,0.2178955078125,,,,,0,{},128,16,4,1,"[16,4,1]","[2048,16384,131072]",6375608320,3.4642857142857144,3216.5078125,26982023168,26982023168,0,4,4,"{""type"":""mixed_depth_quantization"",""sequential_mode"":""none"",""joint_mutation_mode"":""standard"",""parent_before_generation_hash"":""e2a37d53929ff85dc8a6287461adbeddb8433c3da4f9e7c92ff5e77efc86924d"",""parent_after_generation_hash"":""6244fb0744fc7c0d0e25f547beb4471a3f8e1f3a1b2c4e8dcfddc5d5d87d2866"",""generated_offspring_by_type"":{""depth"":68,""quantization"":60,""joint_aware"":0,""interaction_aware"":0,""sequential_quantization"":0,""fixed_quant_depth"":0,""component crossover"":0,""component crossover + repair"":0,""layer bundle crossover"":0,""layer bundle crossover + repair"":0},""depth_mask_entries_changed_by_type"":{""depth"":202,""quantization"":0,""joint_aware"":0,""interaction_aware"":0,""sequential_quantization"":0,""fixed_quant_depth"":0,""component crossover"":0,""component crossover + repair"":0,""layer bundle crossover"":0,""layer bundle crossover + repair"":0},""quant_assignments_changed_by_type"":{""depth"":125,""quantization"":132,""joint_aware"":0,""interaction_aware"":0,""sequential_quantization"":0,""fixed_quant_depth"":0,""component crossover"":0,""component crossover + repair"":0,""layer bundle crossover"":0,""layer bundle crossover + repair"":0},""depth_mask_entries_changed_total"":202,""quant_assignments_changed_total"":257,""interaction_aware_details"":{""budget_repair_quant_changes"":0,""preferred_quant_exchanges_used"":0,""fallback_quant_exchanges_used"":0},""crossover_diagnostics"":{""crossover_type"":""component"",""crossover_parent_selection"":""uniform"",""crossover_offspring"":0,""crossover_offspring_accepted"":0,""mutation_offspring_accepted"":128,""mutation_offspring"":128,""crossover_offspring_attempted"":0,""crossover_duplicates"":0,""crossover_infeasible_candidates"":0,""crossover_repair_changed_gene_count"":0,""crossover_repaired_proposals"":0,""parent_distance_mean"":null,""parent_distance_min"":null,""parent_distance_max"":null,""child_distance_from_parent_a_mean"":null,""child_distance_from_parent_b_mean"":null,""layers_from_parent_a_mean"":null,""layers_from_parent_b_mean"":null,""crossover_no_legal_exchange"":0,""local_exchange_attention"":0,""local_exchange_mlp"":0,""local_exchange_quantization"":0,""local_exchange_block"":0,""child_distance_from_base_mean"":null,""child_distance_from_base_min"":null,""child_distance_from_base_max"":null,""child_distance_from_base_count"":0,""child_distance_from_donor_mean"":null,""child_distance_from_donor_min"":null,""child_distance_from_donor_max"":null,""child_distance_from_donor_count"":0,""donor_distance_reduction_mean"":null,""donor_distance_reduction_min"":null,""donor_distance_reduction_max"":null,""donor_distance_reduction_count"":0,""local_exchange_changed_gene_count_mean"":null,""local_exchange_changed_gene_count_min"":null,""local_exchange_changed_gene_count_max"":null,""local_exchange_changed_gene_count_count"":0,""child_distance_statistics_scope"":""accepted_unique_crossover_offspring"",""persistent_population_size"":1,""unique_population_size"":1,""best_population_fitness"":0.2178955078125,""configured_survivors_per_selection"":[16,4,1],""effective_survivors_per_selection"":[16,4,1],""effective_final_survivor_count"":1},""offspring_generation"":{""attempts"":128,""no_op_mutations"":0,""duplicate_candidates"":0,""infeasible_candidates"":0,""fixed_quant_legal_swap_counts"":[]},""maximum_depth_mutations_per_offspring"":3,""quantization_step_size"":1,""quantization_mutations_per_offspring"":1,""joint_aware_probability"":0.0,""adaptive_mutation"":false,""adaptive_mutation_strength"":1,""adaptive_mutation_patience"":3,""adaptive_mutation_max_strength"":3,""coarse_to_fine_mutation"":false,""coarse_to_fine_start_strength"":3,""coarse_to_fine_end_strength"":1,""stagnation_generations_after_selection"":0}",quantization,True,128,128,16,5,262144,262144,655360,13708,108527616,76553.17471158097,15276.82177734375
93,0.2237548828125,0.2178955078125,kl,0.2237548828125,,,,,0,{},128,16,4,1,"[16,4,1]","[2048,16384,131072]",6375608320,3.4642857142857144,3216.5078125,26982023168,26982023168,0,4,4,"{""type"":""mixed_depth_quantization"",""sequential_mode"":""none"",""joint_mutation_mode"":""standard"",""parent_before_generation_hash"":""6244fb0744fc7c0d0e25f547beb4471a3f8e1f3a1b2c4e8dcfddc5d5d87d2866"",""parent_after_generation_hash"":""45e9c61ca0ad92bb65d35d35255e748713298023f2627c7885d0d602fec4d605"",""generated_offspring_by_type"":{""depth"":67,""quantization"":61,""joint_aware"":0,""interaction_aware"":0,""sequential_quantization"":0,""fixed_quant_depth"":0,""component crossover"":0,""component crossover + repair"":0,""layer bundle crossover"":0,""layer bundle crossover + repair"":0},""depth_mask_entries_changed_by_type"":{""depth"":202,""quantization"":0,""joint_aware"":0,""interaction_aware"":0,""sequential_quantization"":0,""fixed_quant_depth"":0,""component crossover"":0,""component crossover + repair"":0,""layer bundle crossover"":0,""layer bundle crossover + repair"":0},""quant_assignments_changed_by_type"":{""depth"":116,""quantization"":136,""joint_aware"":0,""interaction_aware"":0,""sequential_quantization"":0,""fixed_quant_depth"":0,""component crossover"":0,""component crossover + repair"":0,""layer bundle crossover"":0,""layer bundle crossover + repair"":0},""depth_mask_entries_changed_total"":202,""quant_assignments_changed_total"":252,""interaction_aware_details"":{""budget_repair_quant_changes"":0,""preferred_quant_exchanges_used"":0,""fallback_quant_exchanges_used"":0},""crossover_diagnostics"":{""crossover_type"":""component"",""crossover_parent_selection"":""uniform"",""crossover_offspring"":0,""crossover_offspring_accepted"":0,""mutation_offspring_accepted"":128,""mutation_offspring"":128,""crossover_offspring_attempted"":0,""crossover_duplicates"":0,""crossover_infeasible_candidates"":0,""crossover_repair_changed_gene_count"":0,""crossover_repaired_proposals"":0,""parent_distance_mean"":null,""parent_distance_min"":null,""parent_distance_max"":null,""child_distance_from_parent_a_mean"":null,""child_distance_from_parent_b_mean"":null,""layers_from_parent_a_mean"":null,""layers_from_parent_b_mean"":null,""crossover_no_legal_exchange"":0,""local_exchange_attention"":0,""local_exchange_mlp"":0,""local_exchange_quantization"":0,""local_exchange_block"":0,""child_distance_from_base_mean"":null,""child_distance_from_base_min"":null,""child_distance_from_base_max"":null,""child_distance_from_base_count"":0,""child_distance_from_donor_mean"":null,""child_distance_from_donor_min"":null,""child_distance_from_donor_max"":null,""child_distance_from_donor_count"":0,""donor_distance_reduction_mean"":null,""donor_distance_reduction_min"":null,""donor_distance_reduction_max"":null,""donor_distance_reduction_count"":0,""local_exchange_changed_gene_count_mean"":null,""local_exchange_changed_gene_count_min"":null,""local_exchange_changed_gene_count_max"":null,""local_exchange_changed_gene_count_count"":0,""child_distance_statistics_scope"":""accepted_unique_crossover_offspring"",""persistent_population_size"":1,""unique_population_size"":1,""best_population_fitness"":0.2237548828125,""configured_survivors_per_selection"":[16,4,1],""effective_survivors_per_selection"":[16,4,1],""effective_final_survivor_count"":1},""offspring_generation"":{""attempts"":128,""no_op_mutations"":0,""duplicate_candidates"":0,""infeasible_candidates"":0,""fixed_quant_legal_swap_counts"":[]},""maximum_depth_mutations_per_offspring"":3,""quantization_step_size"":1,""quantization_mutations_per_offspring"":1,""joint_aware_probability"":0.0,""adaptive_mutation"":false,""adaptive_mutation_strength"":1,""adaptive_mutation_patience"":3,""adaptive_mutation_max_strength"":3,""coarse_to_fine_mutation"":false,""coarse_to_fine_start_strength"":3,""coarse_to_fine_end_strength"":1,""stagnation_generations_after_selection"":0}",quantization,True,128,128,16,5,262144,262144,655360,13857,109707264,77333.62574314105,15276.82177734375
94,0.21630859375,0.2237548828125,kl,0.21630859375,,,,,0,{},128,16,4,1,"[16,4,1]","[2048,16384,131072]",6375608320,3.4642857142857144,3216.5078125,26982023168,26982023168,0,4,4,"{""type"":""mixed_depth_quantization"",""sequential_mode"":""none"",""joint_mutation_mode"":""standard"",""parent_before_generation_hash"":""45e9c61ca0ad92bb65d35d35255e748713298023f2627c7885d0d602fec4d605"",""parent_after_generation_hash"":""db074191fa52c6774371aec041ce87976b64d67734c063c9df16e529eea86bf6"",""generated_offspring_by_type"":{""depth"":62,""quantization"":66,""joint_aware"":0,""interaction_aware"":0,""sequential_quantization"":0,""fixed_quant_depth"":0,""component crossover"":0,""component crossover + repair"":0,""layer bundle crossover"":0,""layer bundle crossover + repair"":0},""depth_mask_entries_changed_by_type"":{""depth"":190,""quantization"":0,""joint_aware"":0,""interaction_aware"":0,""sequential_quantization"":0,""fixed_quant_depth"":0,""component crossover"":0,""component crossover + repair"":0,""layer bundle crossover"":0,""layer bundle crossover + repair"":0},""quant_assignments_changed_by_type"":{""depth"":100,""quantization"":148,""joint_aware"":0,""interaction_aware"":0,""sequential_quantization"":0,""fixed_quant_depth"":0,""component crossover"":0,""component crossover + repair"":0,""layer bundle crossover"":0,""layer bundle crossover + repair"":0},""depth_mask_entries_changed_total"":190,""quant_assignments_changed_total"":248,""interaction_aware_details"":{""budget_repair_quant_changes"":0,""preferred_quant_exchanges_used"":0,""fallback_quant_exchanges_used"":0},""crossover_diagnostics"":{""crossover_type"":""component"",""crossover_parent_selection"":""uniform"",""crossover_offspring"":0,""crossover_offspring_accepted"":0,""mutation_offspring_accepted"":128,""mutation_offspring"":128,""crossover_offspring_attempted"":0,""crossover_duplicates"":0,""crossover_infeasible_candidates"":0,""crossover_repair_changed_gene_count"":0,""crossover_repaired_proposals"":0,""parent_distance_mean"":null,""parent_distance_min"":null,""parent_distance_max"":null,""child_distance_from_parent_a_mean"":null,""child_distance_from_parent_b_mean"":null,""layers_from_parent_a_mean"":null,""layers_from_parent_b_mean"":null,""crossover_no_legal_exchange"":0,""local_exchange_attention"":0,""local_exchange_mlp"":0,""local_exchange_quantization"":0,""local_exchange_block"":0,""child_distance_from_base_mean"":null,""child_distance_from_base_min"":null,""child_distance_from_base_max"":null,""child_distance_from_base_count"":0,""child_distance_from_donor_mean"":null,""child_distance_from_donor_min"":null,""child_distance_from_donor_max"":null,""child_distance_from_donor_count"":0,""donor_distance_reduction_mean"":null,""donor_distance_reduction_min"":null,""donor_distance_reduction_max"":null,""donor_distance_reduction_count"":0,""local_exchange_changed_gene_count_mean"":null,""local_exchange_changed_gene_count_min"":null,""local_exchange_changed_gene_count_max"":null,""local_exchange_changed_gene_count_count"":0,""child_distance_statistics_scope"":""accepted_unique_crossover_offspring"",""persistent_population_size"":1,""unique_population_size"":1,""best_population_fitness"":0.21630859375,""configured_survivors_per_selection"":[16,4,1],""effective_survivors_per_selection"":[16,4,1],""effective_final_survivor_count"":1},""offspring_generation"":{""attempts"":129,""no_op_mutations"":0,""duplicate_candidates"":1,""infeasible_candidates"":0,""fixed_quant_legal_swap_counts"":[]},""maximum_depth_mutations_per_offspring"":3,""quantization_step_size"":1,""quantization_mutations_per_offspring"":1,""joint_aware_probability"":0.0,""adaptive_mutation"":false,""adaptive_mutation_strength"":1,""adaptive_mutation_patience"":3,""adaptive_mutation_max_strength"":3,""coarse_to_fine_mutation"":false,""coarse_to_fine_start_strength"":3,""coarse_to_fine_end_strength"":1,""stagnation_generations_after_selection"":0}",quantization,True,129,128,16,5,262144,262144,655360,14006,110886912,78110.91836943105,15276.82177734375
95,0.2159423828125,0.21630859375,kl,0.2159423828125,,,,,0,{},128,16,4,1,"[16,4,1]","[2048,16384,131072]",6375608320,3.4642857142857144,3216.5078125,26982023168,26982023168,0,4,4,"{""type"":""mixed_depth_quantization"",""sequential_mode"":""none"",""joint_mutation_mode"":""standard"",""parent_before_generation_hash"":""db074191fa52c6774371aec041ce87976b64d67734c063c9df16e529eea86bf6"",""parent_after_generation_hash"":""db074191fa52c6774371aec041ce87976b64d67734c063c9df16e529eea86bf6"",""generated_offspring_by_type"":{""depth"":58,""quantization"":70,""joint_aware"":0,""interaction_aware"":0,""sequential_quantization"":0,""fixed_quant_depth"":0,""component crossover"":0,""component crossover + repair"":0,""layer bundle crossover"":0,""layer bundle crossover + repair"":0},""depth_mask_entries_changed_by_type"":{""depth"":176,""quantization"":0,""joint_aware"":0,""interaction_aware"":0,""sequential_quantization"":0,""fixed_quant_depth"":0,""component crossover"":0,""component crossover + repair"":0,""layer bundle crossover"":0,""layer bundle crossover + repair"":0},""quant_assignments_changed_by_type"":{""depth"":108,""quantization"":156,""joint_aware"":0,""interaction_aware"":0,""sequential_quantization"":0,""fixed_quant_depth"":0,""component crossover"":0,""component crossover + repair"":0,""layer bundle crossover"":0,""layer bundle crossover + repair"":0},""depth_mask_entries_changed_total"":176,""quant_assignments_changed_total"":264,""interaction_aware_details"":{""budget_repair_quant_changes"":0,""preferred_quant_exchanges_used"":0,""fallback_quant_exchanges_used"":0},""crossover_diagnostics"":{""crossover_type"":""component"",""crossover_parent_selection"":""uniform"",""crossover_offspring"":0,""crossover_offspring_accepted"":0,""mutation_offspring_accepted"":128,""mutation_offspring"":128,""crossover_offspring_attempted"":0,""crossover_duplicates"":0,""crossover_infeasible_candidates"":0,""crossover_repair_changed_gene_count"":0,""crossover_repaired_proposals"":0,""parent_distance_mean"":null,""parent_distance_min"":null,""parent_distance_max"":null,""child_distance_from_parent_a_mean"":null,""child_distance_from_parent_b_mean"":null,""layers_from_parent_a_mean"":null,""layers_from_parent_b_mean"":null,""crossover_no_legal_exchange"":0,""local_exchange_attention"":0,""local_exchange_mlp"":0,""local_exchange_quantization"":0,""local_exchange_block"":0,""child_distance_from_base_mean"":null,""child_distance_from_base_min"":null,""child_distance_from_base_max"":null,""child_distance_from_base_count"":0,""child_distance_from_donor_mean"":null,""child_distance_from_donor_min"":null,""child_distance_from_donor_max"":null,""child_distance_from_donor_count"":0,""donor_distance_reduction_mean"":null,""donor_distance_reduction_min"":null,""donor_distance_reduction_max"":null,""donor_distance_reduction_count"":0,""local_exchange_changed_gene_count_mean"":null,""local_exchange_changed_gene_count_min"":null,""local_exchange_changed_gene_count_max"":null,""local_exchange_changed_gene_count_count"":0,""child_distance_statistics_scope"":""accepted_unique_crossover_offspring"",""persistent_population_size"":1,""unique_population_size"":1,""best_population_fitness"":0.2159423828125,""configured_survivors_per_selection"":[16,4,1],""effective_survivors_per_selection"":[16,4,1],""effective_final_survivor_count"":1},""offspring_generation"":{""attempts"":129,""no_op_mutations"":0,""duplicate_candidates"":1,""infeasible_candidates"":0,""fixed_quant_legal_swap_counts"":[]},""maximum_depth_mutations_per_offspring"":3,""quantization_step_size"":1,""quantization_mutations_per_offspring"":1,""joint_aware_probability"":0.0,""adaptive_mutation"":false,""adaptive_mutation_strength"":1,""adaptive_mutation_patience"":3,""adaptive_mutation_max_strength"":3,""coarse_to_fine_mutation"":false,""coarse_to_fine_start_strength"":3,""coarse_to_fine_end_strength"":1,""stagnation_generations_after_selection"":1}",parent,False,129,128,16,5,262144,262144,655360,14155,112066560,78903.62305468798,15276.82177734375
96,0.224609375,0.2159423828125,kl,0.224609375,7.98828125,6.59765625,9.7734375,,917504,"{""wikitext2"":327680,""c4"":589824}",128,16,4,1,"[16,4,1]","[2048,16384,131072]",6375608320,3.4642857142857144,3216.5078125,26982023168,26982023168,0,4,4,"{""type"":""mixed_depth_quantization"",""sequential_mode"":""none"",""joint_mutation_mode"":""standard"",""parent_before_generation_hash"":""db074191fa52c6774371aec041ce87976b64d67734c063c9df16e529eea86bf6"",""parent_after_generation_hash"":""81a89daf7e88c70d97290a941ef207b892c47350429dc703a9b99af65069a459"",""generated_offspring_by_type"":{""depth"":58,""quantization"":70,""joint_aware"":0,""interaction_aware"":0,""sequential_quantization"":0,""fixed_quant_depth"":0,""component crossover"":0,""component crossover + repair"":0,""layer bundle crossover"":0,""layer bundle crossover + repair"":0},""depth_mask_entries_changed_by_type"":{""depth"":160,""quantization"":0,""joint_aware"":0,""interaction_aware"":0,""sequential_quantization"":0,""fixed_quant_depth"":0,""component crossover"":0,""component crossover + repair"":0,""layer bundle crossover"":0,""layer bundle crossover + repair"":0},""quant_assignments_changed_by_type"":{""depth"":89,""quantization"":152,""joint_aware"":0,""interaction_aware"":0,""sequential_quantization"":0,""fixed_quant_depth"":0,""component crossover"":0,""component crossover + repair"":0,""layer bundle crossover"":0,""layer bundle crossover + repair"":0},""depth_mask_entries_changed_total"":160,""quant_assignments_changed_total"":241,""interaction_aware_details"":{""budget_repair_quant_changes"":0,""preferred_quant_exchanges_used"":0,""fallback_quant_exchanges_used"":0},""crossover_diagnostics"":{""crossover_type"":""component"",""crossover_parent_selection"":""uniform"",""crossover_offspring"":0,""crossover_offspring_accepted"":0,""mutation_offspring_accepted"":128,""mutation_offspring"":128,""crossover_offspring_attempted"":0,""crossover_duplicates"":0,""crossover_infeasible_candidates"":0,""crossover_repair_changed_gene_count"":0,""crossover_repaired_proposals"":0,""parent_distance_mean"":null,""parent_distance_min"":null,""parent_distance_max"":null,""child_distance_from_parent_a_mean"":null,""child_distance_from_parent_b_mean"":null,""layers_from_parent_a_mean"":null,""layers_from_parent_b_mean"":null,""crossover_no_legal_exchange"":0,""local_exchange_attention"":0,""local_exchange_mlp"":0,""local_exchange_quantization"":0,""local_exchange_block"":0,""child_distance_from_base_mean"":null,""child_distance_from_base_min"":null,""child_distance_from_base_max"":null,""child_distance_from_base_count"":0,""child_distance_from_donor_mean"":null,""child_distance_from_donor_min"":null,""child_distance_from_donor_max"":null,""child_distance_from_donor_count"":0,""donor_distance_reduction_mean"":null,""donor_distance_reduction_min"":null,""donor_distance_reduction_max"":null,""donor_distance_reduction_count"":0,""local_exchange_changed_gene_count_mean"":null,""local_exchange_changed_gene_count_min"":null,""local_exchange_changed_gene_count_max"":null,""local_exchange_changed_gene_count_count"":0,""child_distance_statistics_scope"":""accepted_unique_crossover_offspring"",""persistent_population_size"":1,""unique_population_size"":1,""best_population_fitness"":0.224609375,""configured_survivors_per_selection"":[16,4,1],""effective_survivors_per_selection"":[16,4,1],""effective_final_survivor_count"":1},""offspring_generation"":{""attempts"":128,""no_op_mutations"":0,""duplicate_candidates"":0,""infeasible_candidates"":0,""fixed_quant_legal_swap_counts"":[]},""maximum_depth_mutations_per_offspring"":3,""quantization_step_size"":1,""quantization_mutations_per_offspring"":1,""joint_aware_probability"":0.0,""adaptive_mutation"":false,""adaptive_mutation_strength"":1,""adaptive_mutation_patience"":3,""adaptive_mutation_max_strength"":3,""coarse_to_fine_mutation"":false,""coarse_to_fine_start_strength"":3,""coarse_to_fine_end_strength"":1,""stagnation_generations_after_selection"":0}",quantization,True,128,128,16,5,262144,262144,655360,14304,113246208,79870.44641040999,15276.82177734375
97,0.2091064453125,0.224609375,kl,0.2091064453125,,,,,0,{},128,16,4,1,"[16,4,1]","[2048,16384,131072]",6375608320,3.4642857142857144,3216.5078125,26982023168,26982023168,0,4,4,"{""type"":""mixed_depth_quantization"",""sequential_mode"":""none"",""joint_mutation_mode"":""standard"",""parent_before_generation_hash"":""81a89daf7e88c70d97290a941ef207b892c47350429dc703a9b99af65069a459"",""parent_after_generation_hash"":""81266e500cb67087693443be74c0f73af97885e042c197c9ddffbd38d670268a"",""generated_offspring_by_type"":{""depth"":68,""quantization"":60,""joint_aware"":0,""interaction_aware"":0,""sequential_quantization"":0,""fixed_quant_depth"":0,""component crossover"":0,""component crossover + repair"":0,""layer bundle crossover"":0,""layer bundle crossover + repair"":0},""depth_mask_entries_changed_by_type"":{""depth"":206,""quantization"":0,""joint_aware"":0,""interaction_aware"":0,""sequential_quantization"":0,""fixed_quant_depth"":0,""component crossover"":0,""component crossover + repair"":0,""layer bundle crossover"":0,""layer bundle crossover + repair"":0},""quant_assignments_changed_by_type"":{""depth"":120,""quantization"":135,""joint_aware"":0,""interaction_aware"":0,""sequential_quantization"":0,""fixed_quant_depth"":0,""component crossover"":0,""component crossover + repair"":0,""layer bundle crossover"":0,""layer bundle crossover + repair"":0},""depth_mask_entries_changed_total"":206,""quant_assignments_changed_total"":255,""interaction_aware_details"":{""budget_repair_quant_changes"":0,""preferred_quant_exchanges_used"":0,""fallback_quant_exchanges_used"":0},""crossover_diagnostics"":{""crossover_type"":""component"",""crossover_parent_selection"":""uniform"",""crossover_offspring"":0,""crossover_offspring_accepted"":0,""mutation_offspring_accepted"":128,""mutation_offspring"":128,""crossover_offspring_attempted"":0,""crossover_duplicates"":0,""crossover_infeasible_candidates"":0,""crossover_repair_changed_gene_count"":0,""crossover_repaired_proposals"":0,""parent_distance_mean"":null,""parent_distance_min"":null,""parent_distance_max"":null,""child_distance_from_parent_a_mean"":null,""child_distance_from_parent_b_mean"":null,""layers_from_parent_a_mean"":null,""layers_from_parent_b_mean"":null,""crossover_no_legal_exchange"":0,""local_exchange_attention"":0,""local_exchange_mlp"":0,""local_exchange_quantization"":0,""local_exchange_block"":0,""child_distance_from_base_mean"":null,""child_distance_from_base_min"":null,""child_distance_from_base_max"":null,""child_distance_from_base_count"":0,""child_distance_from_donor_mean"":null,""child_distance_from_donor_min"":null,""child_distance_from_donor_max"":null,""child_distance_from_donor_count"":0,""donor_distance_reduction_mean"":null,""donor_distance_reduction_min"":null,""donor_distance_reduction_max"":null,""donor_distance_reduction_count"":0,""local_exchange_changed_gene_count_mean"":null,""local_exchange_changed_gene_count_min"":null,""local_exchange_changed_gene_count_max"":null,""local_exchange_changed_gene_count_count"":0,""child_distance_statistics_scope"":""accepted_unique_crossover_offspring"",""persistent_population_size"":1,""unique_population_size"":1,""best_population_fitness"":0.2091064453125,""configured_survivors_per_selection"":[16,4,1],""effective_survivors_per_selection"":[16,4,1],""effective_final_survivor_count"":1},""offspring_generation"":{""attempts"":128,""no_op_mutations"":0,""duplicate_candidates"":0,""infeasible_candidates"":0,""fixed_quant_legal_swap_counts"":[]},""maximum_depth_mutations_per_offspring"":3,""quantization_step_size"":1,""quantization_mutations_per_offspring"":1,""joint_aware_probability"":0.0,""adaptive_mutation"":false,""adaptive_mutation_strength"":1,""adaptive_mutation_patience"":3,""adaptive_mutation_max_strength"":3,""coarse_to_fine_mutation"":false,""coarse_to_fine_start_strength"":3,""coarse_to_fine_end_strength"":1,""stagnation_generations_after_selection"":0}",quantization,True,128,128,16,5,262144,262144,655360,14453,114425856,80659.77907247597,15276.82177734375
98,0.2232666015625,0.2091064453125,kl,0.2232666015625,,,,,0,{},128,16,4,1,"[16,4,1]","[2048,16384,131072]",6375608320,3.4642857142857144,3216.5078125,26982023168,26982023168,0,4,4,"{""type"":""mixed_depth_quantization"",""sequential_mode"":""none"",""joint_mutation_mode"":""standard"",""parent_before_generation_hash"":""81266e500cb67087693443be74c0f73af97885e042c197c9ddffbd38d670268a"",""parent_after_generation_hash"":""2a8fab9ae891f3fd58bf0c1ac15b7e368e08a11fb139af30e3164204e35fb1c2"",""generated_offspring_by_type"":{""depth"":69,""quantization"":59,""joint_aware"":0,""interaction_aware"":0,""sequential_quantization"":0,""fixed_quant_depth"":0,""component crossover"":0,""component crossover + repair"":0,""layer bundle crossover"":0,""layer bundle crossover + repair"":0},""depth_mask_entries_changed_by_type"":{""depth"":194,""quantization"":0,""joint_aware"":0,""interaction_aware"":0,""sequential_quantization"":0,""fixed_quant_depth"":0,""component crossover"":0,""component crossover + repair"":0,""layer bundle crossover"":0,""layer bundle crossover + repair"":0},""quant_assignments_changed_by_type"":{""depth"":102,""quantization"":131,""joint_aware"":0,""interaction_aware"":0,""sequential_quantization"":0,""fixed_quant_depth"":0,""component crossover"":0,""component crossover + repair"":0,""layer bundle crossover"":0,""layer bundle crossover + repair"":0},""depth_mask_entries_changed_total"":194,""quant_assignments_changed_total"":233,""interaction_aware_details"":{""budget_repair_quant_changes"":0,""preferred_quant_exchanges_used"":0,""fallback_quant_exchanges_used"":0},""crossover_diagnostics"":{""crossover_type"":""component"",""crossover_parent_selection"":""uniform"",""crossover_offspring"":0,""crossover_offspring_accepted"":0,""mutation_offspring_accepted"":128,""mutation_offspring"":128,""crossover_offspring_attempted"":0,""crossover_duplicates"":0,""crossover_infeasible_candidates"":0,""crossover_repair_changed_gene_count"":0,""crossover_repaired_proposals"":0,""parent_distance_mean"":null,""parent_distance_min"":null,""parent_distance_max"":null,""child_distance_from_parent_a_mean"":null,""child_distance_from_parent_b_mean"":null,""layers_from_parent_a_mean"":null,""layers_from_parent_b_mean"":null,""crossover_no_legal_exchange"":0,""local_exchange_attention"":0,""local_exchange_mlp"":0,""local_exchange_quantization"":0,""local_exchange_block"":0,""child_distance_from_base_mean"":null,""child_distance_from_base_min"":null,""child_distance_from_base_max"":null,""child_distance_from_base_count"":0,""child_distance_from_donor_mean"":null,""child_distance_from_donor_min"":null,""child_distance_from_donor_max"":null,""child_distance_from_donor_count"":0,""donor_distance_reduction_mean"":null,""donor_distance_reduction_min"":null,""donor_distance_reduction_max"":null,""donor_distance_reduction_count"":0,""local_exchange_changed_gene_count_mean"":null,""local_exchange_changed_gene_count_min"":null,""local_exchange_changed_gene_count_max"":null,""local_exchange_changed_gene_count_count"":0,""child_distance_statistics_scope"":""accepted_unique_crossover_offspring"",""persistent_population_size"":1,""unique_population_size"":1,""best_population_fitness"":0.2232666015625,""configured_survivors_per_selection"":[16,4,1],""effective_survivors_per_selection"":[16,4,1],""effective_final_survivor_count"":1},""offspring_generation"":{""attempts"":128,""no_op_mutations"":0,""duplicate_candidates"":0,""infeasible_candidates"":0,""fixed_quant_legal_swap_counts"":[]},""maximum_depth_mutations_per_offspring"":3,""quantization_step_size"":1,""quantization_mutations_per_offspring"":1,""joint_aware_probability"":0.0,""adaptive_mutation"":false,""adaptive_mutation_strength"":1,""adaptive_mutation_patience"":3,""adaptive_mutation_max_strength"":3,""coarse_to_fine_mutation"":false,""coarse_to_fine_start_strength"":3,""coarse_to_fine_end_strength"":1,""stagnation_generations_after_selection"":0}",quantization,True,128,128,16,5,262144,262144,655360,14602,115605504,81379.27903585904,15276.82177734375
99,0.2218017578125,0.2232666015625,kl,0.2218017578125,,,,,0,{},128,16,4,1,"[16,4,1]","[2048,16384,131072]",6375608320,3.4642857142857144,3216.5078125,26982023168,26982023168,0,4,4,"{""type"":""mixed_depth_quantization"",""sequential_mode"":""none"",""joint_mutation_mode"":""standard"",""parent_before_generation_hash"":""2a8fab9ae891f3fd58bf0c1ac15b7e368e08a11fb139af30e3164204e35fb1c2"",""parent_after_generation_hash"":""3e8715c6a19263f37dbacd8a38dfe6550f4889045fdeb3096d3748e51f94a661"",""generated_offspring_by_type"":{""depth"":67,""quantization"":61,""joint_aware"":0,""interaction_aware"":0,""sequential_quantization"":0,""fixed_quant_depth"":0,""component crossover"":0,""component crossover + repair"":0,""layer bundle crossover"":0,""layer bundle crossover + repair"":0},""depth_mask_entries_changed_by_type"":{""depth"":210,""quantization"":0,""joint_aware"":0,""interaction_aware"":0,""sequential_quantization"":0,""fixed_quant_depth"":0,""component crossover"":0,""component crossover + repair"":0,""layer bundle crossover"":0,""layer bundle crossover + repair"":0},""quant_assignments_changed_by_type"":{""depth"":117,""quantization"":134,""joint_aware"":0,""interaction_aware"":0,""sequential_quantization"":0,""fixed_quant_depth"":0,""component crossover"":0,""component crossover + repair"":0,""layer bundle crossover"":0,""layer bundle crossover + repair"":0},""depth_mask_entries_changed_total"":210,""quant_assignments_changed_total"":251,""interaction_aware_details"":{""budget_repair_quant_changes"":0,""preferred_quant_exchanges_used"":0,""fallback_quant_exchanges_used"":0},""crossover_diagnostics"":{""crossover_type"":""component"",""crossover_parent_selection"":""uniform"",""crossover_offspring"":0,""crossover_offspring_accepted"":0,""mutation_offspring_accepted"":128,""mutation_offspring"":128,""crossover_offspring_attempted"":0,""crossover_duplicates"":0,""crossover_infeasible_candidates"":0,""crossover_repair_changed_gene_count"":0,""crossover_repaired_proposals"":0,""parent_distance_mean"":null,""parent_distance_min"":null,""parent_distance_max"":null,""child_distance_from_parent_a_mean"":null,""child_distance_from_parent_b_mean"":null,""layers_from_parent_a_mean"":null,""layers_from_parent_b_mean"":null,""crossover_no_legal_exchange"":0,""local_exchange_attention"":0,""local_exchange_mlp"":0,""local_exchange_quantization"":0,""local_exchange_block"":0,""child_distance_from_base_mean"":null,""child_distance_from_base_min"":null,""child_distance_from_base_max"":null,""child_distance_from_base_count"":0,""child_distance_from_donor_mean"":null,""child_distance_from_donor_min"":null,""child_distance_from_donor_max"":null,""child_distance_from_donor_count"":0,""donor_distance_reduction_mean"":null,""donor_distance_reduction_min"":null,""donor_distance_reduction_max"":null,""donor_distance_reduction_count"":0,""local_exchange_changed_gene_count_mean"":null,""local_exchange_changed_gene_count_min"":null,""local_exchange_changed_gene_count_max"":null,""local_exchange_changed_gene_count_count"":0,""child_distance_statistics_scope"":""accepted_unique_crossover_offspring"",""persistent_population_size"":1,""unique_population_size"":1,""best_population_fitness"":0.2218017578125,""configured_survivors_per_selection"":[16,4,1],""effective_survivors_per_selection"":[16,4,1],""effective_final_survivor_count"":1},""offspring_generation"":{""attempts"":128,""no_op_mutations"":0,""duplicate_candidates"":0,""infeasible_candidates"":0,""fixed_quant_legal_swap_counts"":[]},""maximum_depth_mutations_per_offspring"":3,""quantization_step_size"":1,""quantization_mutations_per_offspring"":1,""joint_aware_probability"":0.0,""adaptive_mutation"":false,""adaptive_mutation_strength"":1,""adaptive_mutation_patience"":3,""adaptive_mutation_max_strength"":3,""coarse_to_fine_mutation"":false,""coarse_to_fine_start_strength"":3,""coarse_to_fine_end_strength"":1,""stagnation_generations_after_selection"":0}",quantization,True,128,128,16,5,262144,262144,655360,14751,116785152,82149.10810561199,15276.82177734375
100,0.2305908203125,0.2218017578125,kl,0.2305908203125,,,,,0,{},128,16,4,1,"[16,4,1]","[2048,16384,131072]",6375608320,3.4642857142857144,3216.5078125,26982023168,26982023168,0,4,4,"{""type"":""mixed_depth_quantization"",""sequential_mode"":""none"",""joint_mutation_mode"":""standard"",""parent_before_generation_hash"":""3e8715c6a19263f37dbacd8a38dfe6550f4889045fdeb3096d3748e51f94a661"",""parent_after_generation_hash"":""0fafe73ea6a2b89a74fda5dbdb81ec6c8b32e1c24a0673eee8b639c7bfb212d4"",""generated_offspring_by_type"":{""depth"":68,""quantization"":60,""joint_aware"":0,""interaction_aware"":0,""sequential_quantization"":0,""fixed_quant_depth"":0,""component crossover"":0,""component crossover + repair"":0,""layer bundle crossover"":0,""layer bundle crossover + repair"":0},""depth_mask_entries_changed_by_type"":{""depth"":178,""quantization"":0,""joint_aware"":0,""interaction_aware"":0,""sequential_quantization"":0,""fixed_quant_depth"":0,""component crossover"":0,""component crossover + repair"":0,""layer bundle crossover"":0,""layer bundle crossover + repair"":0},""quant_assignments_changed_by_type"":{""depth"":104,""quantization"":142,""joint_aware"":0,""interaction_aware"":0,""sequential_quantization"":0,""fixed_quant_depth"":0,""component crossover"":0,""component crossover + repair"":0,""layer bundle crossover"":0,""layer bundle crossover + repair"":0},""depth_mask_entries_changed_total"":178,""quant_assignments_changed_total"":246,""interaction_aware_details"":{""budget_repair_quant_changes"":0,""preferred_quant_exchanges_used"":0,""fallback_quant_exchanges_used"":0},""crossover_diagnostics"":{""crossover_type"":""component"",""crossover_parent_selection"":""uniform"",""crossover_offspring"":0,""crossover_offspring_accepted"":0,""mutation_offspring_accepted"":128,""mutation_offspring"":128,""crossover_offspring_attempted"":0,""crossover_duplicates"":0,""crossover_infeasible_candidates"":0,""crossover_repair_changed_gene_count"":0,""crossover_repaired_proposals"":0,""parent_distance_mean"":null,""parent_distance_min"":null,""parent_distance_max"":null,""child_distance_from_parent_a_mean"":null,""child_distance_from_parent_b_mean"":null,""layers_from_parent_a_mean"":null,""layers_from_parent_b_mean"":null,""crossover_no_legal_exchange"":0,""local_exchange_attention"":0,""local_exchange_mlp"":0,""local_exchange_quantization"":0,""local_exchange_block"":0,""child_distance_from_base_mean"":null,""child_distance_from_base_min"":null,""child_distance_from_base_max"":null,""child_distance_from_base_count"":0,""child_distance_from_donor_mean"":null,""child_distance_from_donor_min"":null,""child_distance_from_donor_max"":null,""child_distance_from_donor_count"":0,""donor_distance_reduction_mean"":null,""donor_distance_reduction_min"":null,""donor_distance_reduction_max"":null,""donor_distance_reduction_count"":0,""local_exchange_changed_gene_count_mean"":null,""local_exchange_changed_gene_count_min"":null,""local_exchange_changed_gene_count_max"":null,""local_exchange_changed_gene_count_count"":0,""child_distance_statistics_scope"":""accepted_unique_crossover_offspring"",""persistent_population_size"":1,""unique_population_size"":1,""best_population_fitness"":0.2305908203125,""configured_survivors_per_selection"":[16,4,1],""effective_survivors_per_selection"":[16,4,1],""effective_final_survivor_count"":1},""offspring_generation"":{""attempts"":129,""no_op_mutations"":0,""duplicate_candidates"":1,""infeasible_candidates"":0,""fixed_quant_legal_swap_counts"":[]},""maximum_depth_mutations_per_offspring"":3,""quantization_step_size"":1,""quantization_mutations_per_offspring"":1,""joint_aware_probability"":0.0,""adaptive_mutation"":false,""adaptive_mutation_strength"":1,""adaptive_mutation_patience"":3,""adaptive_mutation_max_strength"":3,""coarse_to_fine_mutation"":false,""coarse_to_fine_start_strength"":3,""coarse_to_fine_end_strength"":1,""stagnation_generations_after_selection"":0}",quantization,True,129,128,16,5,262144,262144,655360,14900,117964800,82920.49303388502,15276.82177734375
101,0.2265625,0.2305908203125,kl,0.2265625,7.92578125,6.625,9.7734375,,917504,"{""wikitext2"":327680,""c4"":589824}",128,16,4,1,"[16,4,1]","[2048,16384,131072]",6375608320,3.4642857142857144,3216.5078125,26982023168,26982023168,0,4,4,"{""type"":""mixed_depth_quantization"",""sequential_mode"":""none"",""joint_mutation_mode"":""standard"",""parent_before_generation_hash"":""0fafe73ea6a2b89a74fda5dbdb81ec6c8b32e1c24a0673eee8b639c7bfb212d4"",""parent_after_generation_hash"":""5be579ee3bbeba89b8397e1cf14e87095bd295c379dc14d8f5be09a13d3f1048"",""generated_offspring_by_type"":{""depth"":64,""quantization"":64,""joint_aware"":0,""interaction_aware"":0,""sequential_quantization"":0,""fixed_quant_depth"":0,""component crossover"":0,""component crossover + repair"":0,""layer bundle crossover"":0,""layer bundle crossover + repair"":0},""depth_mask_entries_changed_by_type"":{""depth"":196,""quantization"":0,""joint_aware"":0,""interaction_aware"":0,""sequential_quantization"":0,""fixed_quant_depth"":0,""component crossover"":0,""component crossover + repair"":0,""layer bundle crossover"":0,""layer bundle crossover + repair"":0},""quant_assignments_changed_by_type"":{""depth"":130,""quantization"":143,""joint_aware"":0,""interaction_aware"":0,""sequential_quantization"":0,""fixed_quant_depth"":0,""component crossover"":0,""component crossover + repair"":0,""layer bundle crossover"":0,""layer bundle crossover + repair"":0},""depth_mask_entries_changed_total"":196,""quant_assignments_changed_total"":273,""interaction_aware_details"":{""budget_repair_quant_changes"":0,""preferred_quant_exchanges_used"":0,""fallback_quant_exchanges_used"":0},""crossover_diagnostics"":{""crossover_type"":""component"",""crossover_parent_selection"":""uniform"",""crossover_offspring"":0,""crossover_offspring_accepted"":0,""mutation_offspring_accepted"":128,""mutation_offspring"":128,""crossover_offspring_attempted"":0,""crossover_duplicates"":0,""crossover_infeasible_candidates"":0,""crossover_repair_changed_gene_count"":0,""crossover_repaired_proposals"":0,""parent_distance_mean"":null,""parent_distance_min"":null,""parent_distance_max"":null,""child_distance_from_parent_a_mean"":null,""child_distance_from_parent_b_mean"":null,""layers_from_parent_a_mean"":null,""layers_from_parent_b_mean"":null,""crossover_no_legal_exchange"":0,""local_exchange_attention"":0,""local_exchange_mlp"":0,""local_exchange_quantization"":0,""local_exchange_block"":0,""child_distance_from_base_mean"":null,""child_distance_from_base_min"":null,""child_distance_from_base_max"":null,""child_distance_from_base_count"":0,""child_distance_from_donor_mean"":null,""child_distance_from_donor_min"":null,""child_distance_from_donor_max"":null,""child_distance_from_donor_count"":0,""donor_distance_reduction_mean"":null,""donor_distance_reduction_min"":null,""donor_distance_reduction_max"":null,""donor_distance_reduction_count"":0,""local_exchange_changed_gene_count_mean"":null,""local_exchange_changed_gene_count_min"":null,""local_exchange_changed_gene_count_max"":null,""local_exchange_changed_gene_count_count"":0,""child_distance_statistics_scope"":""accepted_unique_crossover_offspring"",""persistent_population_size"":1,""unique_population_size"":1,""best_population_fitness"":0.2265625,""configured_survivors_per_selection"":[16,4,1],""effective_survivors_per_selection"":[16,4,1],""effective_final_survivor_count"":1},""offspring_generation"":{""attempts"":129,""no_op_mutations"":1,""duplicate_candidates"":0,""infeasible_candidates"":0,""fixed_quant_legal_swap_counts"":[]},""maximum_depth_mutations_per_offspring"":3,""quantization_step_size"":1,""quantization_mutations_per_offspring"":1,""joint_aware_probability"":0.0,""adaptive_mutation"":false,""adaptive_mutation_strength"":1,""adaptive_mutation_patience"":3,""adaptive_mutation_max_strength"":3,""coarse_to_fine_mutation"":false,""coarse_to_fine_start_strength"":3,""coarse_to_fine_end_strength"":1,""stagnation_generations_after_selection"":0}",quantization,True,129,128,16,5,262144,262144,655360,15049,119144448,83848.44202018902,15276.82177734375
102,0.2119140625,0.2265625,kl,0.2119140625,,,,,0,{},128,16,4,1,"[16,4,1]","[2048,16384,131072]",6375608320,3.4642857142857144,3216.5078125,26982023168,26982023168,0,4,4,"{""type"":""mixed_depth_quantization"",""sequential_mode"":""none"",""joint_mutation_mode"":""standard"",""parent_before_generation_hash"":""5be579ee3bbeba89b8397e1cf14e87095bd295c379dc14d8f5be09a13d3f1048"",""parent_after_generation_hash"":""dd755cdeaa1116c47ad8816d1352ad9e6e99087e8274a9c28e98baf70d9d54a5"",""generated_offspring_by_type"":{""depth"":62,""quantization"":66,""joint_aware"":0,""interaction_aware"":0,""sequential_quantization"":0,""fixed_quant_depth"":0,""component crossover"":0,""component crossover + repair"":0,""layer bundle crossover"":0,""layer bundle crossover + repair"":0},""depth_mask_entries_changed_by_type"":{""depth"":174,""quantization"":0,""joint_aware"":0,""interaction_aware"":0,""sequential_quantization"":0,""fixed_quant_depth"":0,""component crossover"":0,""component crossover + repair"":0,""layer bundle crossover"":0,""layer bundle crossover + repair"":0},""quant_assignments_changed_by_type"":{""depth"":98,""quantization"":146,""joint_aware"":0,""interaction_aware"":0,""sequential_quantization"":0,""fixed_quant_depth"":0,""component crossover"":0,""component crossover + repair"":0,""layer bundle crossover"":0,""layer bundle crossover + repair"":0},""depth_mask_entries_changed_total"":174,""quant_assignments_changed_total"":244,""interaction_aware_details"":{""budget_repair_quant_changes"":0,""preferred_quant_exchanges_used"":0,""fallback_quant_exchanges_used"":0},""crossover_diagnostics"":{""crossover_type"":""component"",""crossover_parent_selection"":""uniform"",""crossover_offspring"":0,""crossover_offspring_accepted"":0,""mutation_offspring_accepted"":128,""mutation_offspring"":128,""crossover_offspring_attempted"":0,""crossover_duplicates"":0,""crossover_infeasible_candidates"":0,""crossover_repair_changed_gene_count"":0,""crossover_repaired_proposals"":0,""parent_distance_mean"":null,""parent_distance_min"":null,""parent_distance_max"":null,""child_distance_from_parent_a_mean"":null,""child_distance_from_parent_b_mean"":null,""layers_from_parent_a_mean"":null,""layers_from_parent_b_mean"":null,""crossover_no_legal_exchange"":0,""local_exchange_attention"":0,""local_exchange_mlp"":0,""local_exchange_quantization"":0,""local_exchange_block"":0,""child_distance_from_base_mean"":null,""child_distance_from_base_min"":null,""child_distance_from_base_max"":null,""child_distance_from_base_count"":0,""child_distance_from_donor_mean"":null,""child_distance_from_donor_min"":null,""child_distance_from_donor_max"":null,""child_distance_from_donor_count"":0,""donor_distance_reduction_mean"":null,""donor_distance_reduction_min"":null,""donor_distance_reduction_max"":null,""donor_distance_reduction_count"":0,""local_exchange_changed_gene_count_mean"":null,""local_exchange_changed_gene_count_min"":null,""local_exchange_changed_gene_count_max"":null,""local_exchange_changed_gene_count_count"":0,""child_distance_statistics_scope"":""accepted_unique_crossover_offspring"",""persistent_population_size"":1,""unique_population_size"":1,""best_population_fitness"":0.2119140625,""configured_survivors_per_selection"":[16,4,1],""effective_survivors_per_selection"":[16,4,1],""effective_final_survivor_count"":1},""offspring_generation"":{""attempts"":128,""no_op_mutations"":0,""duplicate_candidates"":0,""infeasible_candidates"":0,""fixed_quant_legal_swap_counts"":[]},""maximum_depth_mutations_per_offspring"":3,""quantization_step_size"":1,""quantization_mutations_per_offspring"":1,""joint_aware_probability"":0.0,""adaptive_mutation"":false,""adaptive_mutation_strength"":1,""adaptive_mutation_patience"":3,""adaptive_mutation_max_strength"":3,""coarse_to_fine_mutation"":false,""coarse_to_fine_start_strength"":3,""coarse_to_fine_end_strength"":1,""stagnation_generations_after_selection"":0}",quantization,True,128,128,16,5,262144,262144,655360,15198,120324096,84603.91764436802,15276.82177734375
103,0.2158203125,0.2119140625,kl,0.2158203125,,,,,0,{},128,16,4,1,"[16,4,1]","[2048,16384,131072]",6375608320,3.4642857142857144,3216.5078125,26982023168,26982023168,0,4,4,"{""type"":""mixed_depth_quantization"",""sequential_mode"":""none"",""joint_mutation_mode"":""standard"",""parent_before_generation_hash"":""dd755cdeaa1116c47ad8816d1352ad9e6e99087e8274a9c28e98baf70d9d54a5"",""parent_after_generation_hash"":""0ed2f7ca38241edde0063bb5ed8143d676441eac288dc1e2ab6f126923ce44d0"",""generated_offspring_by_type"":{""depth"":64,""quantization"":64,""joint_aware"":0,""interaction_aware"":0,""sequential_quantization"":0,""fixed_quant_depth"":0,""component crossover"":0,""component crossover + repair"":0,""layer bundle crossover"":0,""layer bundle crossover + repair"":0},""depth_mask_entries_changed_by_type"":{""depth"":190,""quantization"":0,""joint_aware"":0,""interaction_aware"":0,""sequential_quantization"":0,""fixed_quant_depth"":0,""component crossover"":0,""component crossover + repair"":0,""layer bundle crossover"":0,""layer bundle crossover + repair"":0},""quant_assignments_changed_by_type"":{""depth"":110,""quantization"":139,""joint_aware"":0,""interaction_aware"":0,""sequential_quantization"":0,""fixed_quant_depth"":0,""component crossover"":0,""component crossover + repair"":0,""layer bundle crossover"":0,""layer bundle crossover + repair"":0},""depth_mask_entries_changed_total"":190,""quant_assignments_changed_total"":249,""interaction_aware_details"":{""budget_repair_quant_changes"":0,""preferred_quant_exchanges_used"":0,""fallback_quant_exchanges_used"":0},""crossover_diagnostics"":{""crossover_type"":""component"",""crossover_parent_selection"":""uniform"",""crossover_offspring"":0,""crossover_offspring_accepted"":0,""mutation_offspring_accepted"":128,""mutation_offspring"":128,""crossover_offspring_attempted"":0,""crossover_duplicates"":0,""crossover_infeasible_candidates"":0,""crossover_repair_changed_gene_count"":0,""crossover_repaired_proposals"":0,""parent_distance_mean"":null,""parent_distance_min"":null,""parent_distance_max"":null,""child_distance_from_parent_a_mean"":null,""child_distance_from_parent_b_mean"":null,""layers_from_parent_a_mean"":null,""layers_from_parent_b_mean"":null,""crossover_no_legal_exchange"":0,""local_exchange_attention"":0,""local_exchange_mlp"":0,""local_exchange_quantization"":0,""local_exchange_block"":0,""child_distance_from_base_mean"":null,""child_distance_from_base_min"":null,""child_distance_from_base_max"":null,""child_distance_from_base_count"":0,""child_distance_from_donor_mean"":null,""child_distance_from_donor_min"":null,""child_distance_from_donor_max"":null,""child_distance_from_donor_count"":0,""donor_distance_reduction_mean"":null,""donor_distance_reduction_min"":null,""donor_distance_reduction_max"":null,""donor_distance_reduction_count"":0,""local_exchange_changed_gene_count_mean"":null,""local_exchange_changed_gene_count_min"":null,""local_exchange_changed_gene_count_max"":null,""local_exchange_changed_gene_count_count"":0,""child_distance_statistics_scope"":""accepted_unique_crossover_offspring"",""persistent_population_size"":1,""unique_population_size"":1,""best_population_fitness"":0.2158203125,""configured_survivors_per_selection"":[16,4,1],""effective_survivors_per_selection"":[16,4,1],""effective_final_survivor_count"":1},""offspring_generation"":{""attempts"":128,""no_op_mutations"":0,""duplicate_candidates"":0,""infeasible_candidates"":0,""fixed_quant_legal_swap_counts"":[]},""maximum_depth_mutations_per_offspring"":3,""quantization_step_size"":1,""quantization_mutations_per_offspring"":1,""joint_aware_probability"":0.0,""adaptive_mutation"":false,""adaptive_mutation_strength"":1,""adaptive_mutation_patience"":3,""adaptive_mutation_max_strength"":3,""coarse_to_fine_mutation"":false,""coarse_to_fine_start_strength"":3,""coarse_to_fine_end_strength"":1,""stagnation_generations_after_selection"":0}",quantization,True,128,128,16,5,262144,262144,655360,15347,121503744,85420.58592644904,15276.82177734375
104,0.217041015625,0.2158203125,kl,0.217041015625,,,,,0,{},128,16,4,1,"[16,4,1]","[2048,16384,131072]",6375608320,3.4642857142857144,3216.5078125,26982023168,26982023168,0,4,4,"{""type"":""mixed_depth_quantization"",""sequential_mode"":""none"",""joint_mutation_mode"":""standard"",""parent_before_generation_hash"":""0ed2f7ca38241edde0063bb5ed8143d676441eac288dc1e2ab6f126923ce44d0"",""parent_after_generation_hash"":""99fafc9ee7f8e31df6ba2174d6cf0db1682aa04b8aac901bd0a2f0ea1e15b43b"",""generated_offspring_by_type"":{""depth"":60,""quantization"":68,""joint_aware"":0,""interaction_aware"":0,""sequential_quantization"":0,""fixed_quant_depth"":0,""component crossover"":0,""component crossover + repair"":0,""layer bundle crossover"":0,""layer bundle crossover + repair"":0},""depth_mask_entries_changed_by_type"":{""depth"":172,""quantization"":0,""joint_aware"":0,""interaction_aware"":0,""sequential_quantization"":0,""fixed_quant_depth"":0,""component crossover"":0,""component crossover + repair"":0,""layer bundle crossover"":0,""layer bundle crossover + repair"":0},""quant_assignments_changed_by_type"":{""depth"":100,""quantization"":151,""joint_aware"":0,""interaction_aware"":0,""sequential_quantization"":0,""fixed_quant_depth"":0,""component crossover"":0,""component crossover + repair"":0,""layer bundle crossover"":0,""layer bundle crossover + repair"":0},""depth_mask_entries_changed_total"":172,""quant_assignments_changed_total"":251,""interaction_aware_details"":{""budget_repair_quant_changes"":0,""preferred_quant_exchanges_used"":0,""fallback_quant_exchanges_used"":0},""crossover_diagnostics"":{""crossover_type"":""component"",""crossover_parent_selection"":""uniform"",""crossover_offspring"":0,""crossover_offspring_accepted"":0,""mutation_offspring_accepted"":128,""mutation_offspring"":128,""crossover_offspring_attempted"":0,""crossover_duplicates"":0,""crossover_infeasible_candidates"":0,""crossover_repair_changed_gene_count"":0,""crossover_repaired_proposals"":0,""parent_distance_mean"":null,""parent_distance_min"":null,""parent_distance_max"":null,""child_distance_from_parent_a_mean"":null,""child_distance_from_parent_b_mean"":null,""layers_from_parent_a_mean"":null,""layers_from_parent_b_mean"":null,""crossover_no_legal_exchange"":0,""local_exchange_attention"":0,""local_exchange_mlp"":0,""local_exchange_quantization"":0,""local_exchange_block"":0,""child_distance_from_base_mean"":null,""child_distance_from_base_min"":null,""child_distance_from_base_max"":null,""child_distance_from_base_count"":0,""child_distance_from_donor_mean"":null,""child_distance_from_donor_min"":null,""child_distance_from_donor_max"":null,""child_distance_from_donor_count"":0,""donor_distance_reduction_mean"":null,""donor_distance_reduction_min"":null,""donor_distance_reduction_max"":null,""donor_distance_reduction_count"":0,""local_exchange_changed_gene_count_mean"":null,""local_exchange_changed_gene_count_min"":null,""local_exchange_changed_gene_count_max"":null,""local_exchange_changed_gene_count_count"":0,""child_distance_statistics_scope"":""accepted_unique_crossover_offspring"",""persistent_population_size"":1,""unique_population_size"":1,""best_population_fitness"":0.217041015625,""configured_survivors_per_selection"":[16,4,1],""effective_survivors_per_selection"":[16,4,1],""effective_final_survivor_count"":1},""offspring_generation"":{""attempts"":128,""no_op_mutations"":0,""duplicate_candidates"":0,""infeasible_candidates"":0,""fixed_quant_legal_swap_counts"":[]},""maximum_depth_mutations_per_offspring"":3,""quantization_step_size"":1,""quantization_mutations_per_offspring"":1,""joint_aware_probability"":0.0,""adaptive_mutation"":false,""adaptive_mutation_strength"":1,""adaptive_mutation_patience"":3,""adaptive_mutation_max_strength"":3,""coarse_to_fine_mutation"":false,""coarse_to_fine_start_strength"":3,""coarse_to_fine_end_strength"":1,""stagnation_generations_after_selection"":0}",quantization,True,128,128,16,5,262144,262144,655360,15496,122683392,86190.81129661505,15276.82177734375
105,0.225341796875,0.217041015625,kl,0.225341796875,,,,,0,{},128,16,4,1,"[16,4,1]","[2048,16384,131072]",6375608320,3.4642857142857144,3216.5078125,26982023168,26982023168,0,4,4,"{""type"":""mixed_depth_quantization"",""sequential_mode"":""none"",""joint_mutation_mode"":""standard"",""parent_before_generation_hash"":""99fafc9ee7f8e31df6ba2174d6cf0db1682aa04b8aac901bd0a2f0ea1e15b43b"",""parent_after_generation_hash"":""309716c83fa6d56c731932b6b4c20de272a7234d71554f7d84e82141e0169381"",""generated_offspring_by_type"":{""depth"":62,""quantization"":66,""joint_aware"":0,""interaction_aware"":0,""sequential_quantization"":0,""fixed_quant_depth"":0,""component crossover"":0,""component crossover + repair"":0,""layer bundle crossover"":0,""layer bundle crossover + repair"":0},""depth_mask_entries_changed_by_type"":{""depth"":176,""quantization"":0,""joint_aware"":0,""interaction_aware"":0,""sequential_quantization"":0,""fixed_quant_depth"":0,""component crossover"":0,""component crossover + repair"":0,""layer bundle crossover"":0,""layer bundle crossover + repair"":0},""quant_assignments_changed_by_type"":{""depth"":129,""quantization"":149,""joint_aware"":0,""interaction_aware"":0,""sequential_quantization"":0,""fixed_quant_depth"":0,""component crossover"":0,""component crossover + repair"":0,""layer bundle crossover"":0,""layer bundle crossover + repair"":0},""depth_mask_entries_changed_total"":176,""quant_assignments_changed_total"":278,""interaction_aware_details"":{""budget_repair_quant_changes"":0,""preferred_quant_exchanges_used"":0,""fallback_quant_exchanges_used"":0},""crossover_diagnostics"":{""crossover_type"":""component"",""crossover_parent_selection"":""uniform"",""crossover_offspring"":0,""crossover_offspring_accepted"":0,""mutation_offspring_accepted"":128,""mutation_offspring"":128,""crossover_offspring_attempted"":0,""crossover_duplicates"":0,""crossover_infeasible_candidates"":0,""crossover_repair_changed_gene_count"":0,""crossover_repaired_proposals"":0,""parent_distance_mean"":null,""parent_distance_min"":null,""parent_distance_max"":null,""child_distance_from_parent_a_mean"":null,""child_distance_from_parent_b_mean"":null,""layers_from_parent_a_mean"":null,""layers_from_parent_b_mean"":null,""crossover_no_legal_exchange"":0,""local_exchange_attention"":0,""local_exchange_mlp"":0,""local_exchange_quantization"":0,""local_exchange_block"":0,""child_distance_from_base_mean"":null,""child_distance_from_base_min"":null,""child_distance_from_base_max"":null,""child_distance_from_base_count"":0,""child_distance_from_donor_mean"":null,""child_distance_from_donor_min"":null,""child_distance_from_donor_max"":null,""child_distance_from_donor_count"":0,""donor_distance_reduction_mean"":null,""donor_distance_reduction_min"":null,""donor_distance_reduction_max"":null,""donor_distance_reduction_count"":0,""local_exchange_changed_gene_count_mean"":null,""local_exchange_changed_gene_count_min"":null,""local_exchange_changed_gene_count_max"":null,""local_exchange_changed_gene_count_count"":0,""child_distance_statistics_scope"":""accepted_unique_crossover_offspring"",""persistent_population_size"":1,""unique_population_size"":1,""best_population_fitness"":0.225341796875,""configured_survivors_per_selection"":[16,4,1],""effective_survivors_per_selection"":[16,4,1],""effective_final_survivor_count"":1},""offspring_generation"":{""attempts"":128,""no_op_mutations"":0,""duplicate_candidates"":0,""infeasible_candidates"":0,""fixed_quant_legal_swap_counts"":[]},""maximum_depth_mutations_per_offspring"":3,""quantization_step_size"":1,""quantization_mutations_per_offspring"":1,""joint_aware_probability"":0.0,""adaptive_mutation"":false,""adaptive_mutation_strength"":1,""adaptive_mutation_patience"":3,""adaptive_mutation_max_strength"":3,""coarse_to_fine_mutation"":false,""coarse_to_fine_start_strength"":3,""coarse_to_fine_end_strength"":1,""stagnation_generations_after_selection"":0}",quantization,True,128,128,16,5,262144,262144,655360,15645,123863040,86956.60263689305,15276.82177734375
106,0.2188720703125,0.225341796875,kl,0.2188720703125,7.92578125,6.6171875,9.7890625,,917504,"{""wikitext2"":327680,""c4"":589824}",128,16,4,1,"[16,4,1]","[2048,16384,131072]",6375608320,3.4642857142857144,3216.5078125,26982023168,26982023168,0,4,4,"{""type"":""mixed_depth_quantization"",""sequential_mode"":""none"",""joint_mutation_mode"":""standard"",""parent_before_generation_hash"":""309716c83fa6d56c731932b6b4c20de272a7234d71554f7d84e82141e0169381"",""parent_after_generation_hash"":""4e4818b5ba284f60afcd7e561a46bc135a7a88fe18f358c982224d784efbc276"",""generated_offspring_by_type"":{""depth"":58,""quantization"":70,""joint_aware"":0,""interaction_aware"":0,""sequential_quantization"":0,""fixed_quant_depth"":0,""component crossover"":0,""component crossover + repair"":0,""layer bundle crossover"":0,""layer bundle crossover + repair"":0},""depth_mask_entries_changed_by_type"":{""depth"":176,""quantization"":0,""joint_aware"":0,""interaction_aware"":0,""sequential_quantization"":0,""fixed_quant_depth"":0,""component crossover"":0,""component crossover + repair"":0,""layer bundle crossover"":0,""layer bundle crossover + repair"":0},""quant_assignments_changed_by_type"":{""depth"":109,""quantization"":154,""joint_aware"":0,""interaction_aware"":0,""sequential_quantization"":0,""fixed_quant_depth"":0,""component crossover"":0,""component crossover + repair"":0,""layer bundle crossover"":0,""layer bundle crossover + repair"":0},""depth_mask_entries_changed_total"":176,""quant_assignments_changed_total"":263,""interaction_aware_details"":{""budget_repair_quant_changes"":0,""preferred_quant_exchanges_used"":0,""fallback_quant_exchanges_used"":0},""crossover_diagnostics"":{""crossover_type"":""component"",""crossover_parent_selection"":""uniform"",""crossover_offspring"":0,""crossover_offspring_accepted"":0,""mutation_offspring_accepted"":128,""mutation_offspring"":128,""crossover_offspring_attempted"":0,""crossover_duplicates"":0,""crossover_infeasible_candidates"":0,""crossover_repair_changed_gene_count"":0,""crossover_repaired_proposals"":0,""parent_distance_mean"":null,""parent_distance_min"":null,""parent_distance_max"":null,""child_distance_from_parent_a_mean"":null,""child_distance_from_parent_b_mean"":null,""layers_from_parent_a_mean"":null,""layers_from_parent_b_mean"":null,""crossover_no_legal_exchange"":0,""local_exchange_attention"":0,""local_exchange_mlp"":0,""local_exchange_quantization"":0,""local_exchange_block"":0,""child_distance_from_base_mean"":null,""child_distance_from_base_min"":null,""child_distance_from_base_max"":null,""child_distance_from_base_count"":0,""child_distance_from_donor_mean"":null,""child_distance_from_donor_min"":null,""child_distance_from_donor_max"":null,""child_distance_from_donor_count"":0,""donor_distance_reduction_mean"":null,""donor_distance_reduction_min"":null,""donor_distance_reduction_max"":null,""donor_distance_reduction_count"":0,""local_exchange_changed_gene_count_mean"":null,""local_exchange_changed_gene_count_min"":null,""local_exchange_changed_gene_count_max"":null,""local_exchange_changed_gene_count_count"":0,""child_distance_statistics_scope"":""accepted_unique_crossover_offspring"",""persistent_population_size"":1,""unique_population_size"":1,""best_population_fitness"":0.2188720703125,""configured_survivors_per_selection"":[16,4,1],""effective_survivors_per_selection"":[16,4,1],""effective_final_survivor_count"":1},""offspring_generation"":{""attempts"":128,""no_op_mutations"":0,""duplicate_candidates"":0,""infeasible_candidates"":0,""fixed_quant_legal_swap_counts"":[]},""maximum_depth_mutations_per_offspring"":3,""quantization_step_size"":1,""quantization_mutations_per_offspring"":1,""joint_aware_probability"":0.0,""adaptive_mutation"":false,""adaptive_mutation_strength"":1,""adaptive_mutation_patience"":3,""adaptive_mutation_max_strength"":3,""coarse_to_fine_mutation"":false,""coarse_to_fine_start_strength"":3,""coarse_to_fine_end_strength"":1,""stagnation_generations_after_selection"":0}",quantization,True,128,128,16,5,262144,262144,655360,15794,125042688,88009.25078909006,15276.82177734375
107,0.2188720703125,0.2188720703125,kl,0.2188720703125,,,,,0,{},128,16,4,1,"[16,4,1]","[2048,16384,131072]",6375608320,3.4642857142857144,3216.5078125,26982023168,26982023168,0,4,4,"{""type"":""mixed_depth_quantization"",""sequential_mode"":""none"",""joint_mutation_mode"":""standard"",""parent_before_generation_hash"":""4e4818b5ba284f60afcd7e561a46bc135a7a88fe18f358c982224d784efbc276"",""parent_after_generation_hash"":""eccfaec31ef1ad90b346dcbcda845a41c8474cf8149af4cb0a28fb52928c3578"",""generated_offspring_by_type"":{""depth"":62,""quantization"":66,""joint_aware"":0,""interaction_aware"":0,""sequential_quantization"":0,""fixed_quant_depth"":0,""component crossover"":0,""component crossover + repair"":0,""layer bundle crossover"":0,""layer bundle crossover + repair"":0},""depth_mask_entries_changed_by_type"":{""depth"":184,""quantization"":0,""joint_aware"":0,""interaction_aware"":0,""sequential_quantization"":0,""fixed_quant_depth"":0,""component crossover"":0,""component crossover + repair"":0,""layer bundle crossover"":0,""layer bundle crossover + repair"":0},""quant_assignments_changed_by_type"":{""depth"":113,""quantization"":142,""joint_aware"":0,""interaction_aware"":0,""sequential_quantization"":0,""fixed_quant_depth"":0,""component crossover"":0,""component crossover + repair"":0,""layer bundle crossover"":0,""layer bundle crossover + repair"":0},""depth_mask_entries_changed_total"":184,""quant_assignments_changed_total"":255,""interaction_aware_details"":{""budget_repair_quant_changes"":0,""preferred_quant_exchanges_used"":0,""fallback_quant_exchanges_used"":0},""crossover_diagnostics"":{""crossover_type"":""component"",""crossover_parent_selection"":""uniform"",""crossover_offspring"":0,""crossover_offspring_accepted"":0,""mutation_offspring_accepted"":128,""mutation_offspring"":128,""crossover_offspring_attempted"":0,""crossover_duplicates"":0,""crossover_infeasible_candidates"":0,""crossover_repair_changed_gene_count"":0,""crossover_repaired_proposals"":0,""parent_distance_mean"":null,""parent_distance_min"":null,""parent_distance_max"":null,""child_distance_from_parent_a_mean"":null,""child_distance_from_parent_b_mean"":null,""layers_from_parent_a_mean"":null,""layers_from_parent_b_mean"":null,""crossover_no_legal_exchange"":0,""local_exchange_attention"":0,""local_exchange_mlp"":0,""local_exchange_quantization"":0,""local_exchange_block"":0,""child_distance_from_base_mean"":null,""child_distance_from_base_min"":null,""child_distance_from_base_max"":null,""child_distance_from_base_count"":0,""child_distance_from_donor_mean"":null,""child_distance_from_donor_min"":null,""child_distance_from_donor_max"":null,""child_distance_from_donor_count"":0,""donor_distance_reduction_mean"":null,""donor_distance_reduction_min"":null,""donor_distance_reduction_max"":null,""donor_distance_reduction_count"":0,""local_exchange_changed_gene_count_mean"":null,""local_exchange_changed_gene_count_min"":null,""local_exchange_changed_gene_count_max"":null,""local_exchange_changed_gene_count_count"":0,""child_distance_statistics_scope"":""accepted_unique_crossover_offspring"",""persistent_population_size"":1,""unique_population_size"":1,""best_population_fitness"":0.2188720703125,""configured_survivors_per_selection"":[16,4,1],""effective_survivors_per_selection"":[16,4,1],""effective_final_survivor_count"":1},""offspring_generation"":{""attempts"":129,""no_op_mutations"":0,""duplicate_candidates"":1,""infeasible_candidates"":0,""fixed_quant_legal_swap_counts"":[]},""maximum_depth_mutations_per_offspring"":3,""quantization_step_size"":1,""quantization_mutations_per_offspring"":1,""joint_aware_probability"":0.0,""adaptive_mutation"":false,""adaptive_mutation_strength"":1,""adaptive_mutation_patience"":3,""adaptive_mutation_max_strength"":3,""coarse_to_fine_mutation"":false,""coarse_to_fine_start_strength"":3,""coarse_to_fine_end_strength"":1,""stagnation_generations_after_selection"":0}",quantization,True,129,128,16,5,262144,262144,655360,15943,126222336,88754.69097957795,15276.82177734375
108,0.2109375,0.2188720703125,kl,0.2109375,,,,,0,{},128,16,4,1,"[16,4,1]","[2048,16384,131072]",6375608320,3.4642857142857144,3216.5078125,26982023168,26982023168,0,4,4,"{""type"":""mixed_depth_quantization"",""sequential_mode"":""none"",""joint_mutation_mode"":""standard"",""parent_before_generation_hash"":""eccfaec31ef1ad90b346dcbcda845a41c8474cf8149af4cb0a28fb52928c3578"",""parent_after_generation_hash"":""e7cfca8bc85792d49eac92536c02eedf98f797956c907226453c29a7f0a259be"",""generated_offspring_by_type"":{""depth"":67,""quantization"":61,""joint_aware"":0,""interaction_aware"":0,""sequential_quantization"":0,""fixed_quant_depth"":0,""component crossover"":0,""component crossover + repair"":0,""layer bundle crossover"":0,""layer bundle crossover + repair"":0},""depth_mask_entries_changed_by_type"":{""depth"":180,""quantization"":0,""joint_aware"":0,""interaction_aware"":0,""sequential_quantization"":0,""fixed_quant_depth"":0,""component crossover"":0,""component crossover + repair"":0,""layer bundle crossover"":0,""layer bundle crossover + repair"":0},""quant_assignments_changed_by_type"":{""depth"":130,""quantization"":135,""joint_aware"":0,""interaction_aware"":0,""sequential_quantization"":0,""fixed_quant_depth"":0,""component crossover"":0,""component crossover + repair"":0,""layer bundle crossover"":0,""layer bundle crossover + repair"":0},""depth_mask_entries_changed_total"":180,""quant_assignments_changed_total"":265,""interaction_aware_details"":{""budget_repair_quant_changes"":0,""preferred_quant_exchanges_used"":0,""fallback_quant_exchanges_used"":0},""crossover_diagnostics"":{""crossover_type"":""component"",""crossover_parent_selection"":""uniform"",""crossover_offspring"":0,""crossover_offspring_accepted"":0,""mutation_offspring_accepted"":128,""mutation_offspring"":128,""crossover_offspring_attempted"":0,""crossover_duplicates"":0,""crossover_infeasible_candidates"":0,""crossover_repair_changed_gene_count"":0,""crossover_repaired_proposals"":0,""parent_distance_mean"":null,""parent_distance_min"":null,""parent_distance_max"":null,""child_distance_from_parent_a_mean"":null,""child_distance_from_parent_b_mean"":null,""layers_from_parent_a_mean"":null,""layers_from_parent_b_mean"":null,""crossover_no_legal_exchange"":0,""local_exchange_attention"":0,""local_exchange_mlp"":0,""local_exchange_quantization"":0,""local_exchange_block"":0,""child_distance_from_base_mean"":null,""child_distance_from_base_min"":null,""child_distance_from_base_max"":null,""child_distance_from_base_count"":0,""child_distance_from_donor_mean"":null,""child_distance_from_donor_min"":null,""child_distance_from_donor_max"":null,""child_distance_from_donor_count"":0,""donor_distance_reduction_mean"":null,""donor_distance_reduction_min"":null,""donor_distance_reduction_max"":null,""donor_distance_reduction_count"":0,""local_exchange_changed_gene_count_mean"":null,""local_exchange_changed_gene_count_min"":null,""local_exchange_changed_gene_count_max"":null,""local_exchange_changed_gene_count_count"":0,""child_distance_statistics_scope"":""accepted_unique_crossover_offspring"",""persistent_population_size"":1,""unique_population_size"":1,""best_population_fitness"":0.2109375,""configured_survivors_per_selection"":[16,4,1],""effective_survivors_per_selection"":[16,4,1],""effective_final_survivor_count"":1},""offspring_generation"":{""attempts"":128,""no_op_mutations"":0,""duplicate_candidates"":0,""infeasible_candidates"":0,""fixed_quant_legal_swap_counts"":[]},""maximum_depth_mutations_per_offspring"":3,""quantization_step_size"":1,""quantization_mutations_per_offspring"":1,""joint_aware_probability"":0.0,""adaptive_mutation"":false,""adaptive_mutation_strength"":1,""adaptive_mutation_patience"":3,""adaptive_mutation_max_strength"":3,""coarse_to_fine_mutation"":false,""coarse_to_fine_start_strength"":3,""coarse_to_fine_end_strength"":1,""stagnation_generations_after_selection"":0}",quantization,True,128,128,16,5,262144,262144,655360,16092,127401984,89488.66901324096,15276.82177734375
109,0.2205810546875,0.2109375,kl,0.2205810546875,,,,,0,{},128,16,4,1,"[16,4,1]","[2048,16384,131072]",6375608320,3.4642857142857144,3216.5078125,26982023168,26982023168,0,4,4,"{""type"":""mixed_depth_quantization"",""sequential_mode"":""none"",""joint_mutation_mode"":""standard"",""parent_before_generation_hash"":""e7cfca8bc85792d49eac92536c02eedf98f797956c907226453c29a7f0a259be"",""parent_after_generation_hash"":""807d67c50d782866008b678693d281f95853733b676b4a3f2b300965ee5fdbf8"",""generated_offspring_by_type"":{""depth"":57,""quantization"":71,""joint_aware"":0,""interaction_aware"":0,""sequential_quantization"":0,""fixed_quant_depth"":0,""component crossover"":0,""component crossover + repair"":0,""layer bundle crossover"":0,""layer bundle crossover + repair"":0},""depth_mask_entries_changed_by_type"":{""depth"":158,""quantization"":0,""joint_aware"":0,""interaction_aware"":0,""sequential_quantization"":0,""fixed_quant_depth"":0,""component crossover"":0,""component crossover + repair"":0,""layer bundle crossover"":0,""layer bundle crossover + repair"":0},""quant_assignments_changed_by_type"":{""depth"":109,""quantization"":154,""joint_aware"":0,""interaction_aware"":0,""sequential_quantization"":0,""fixed_quant_depth"":0,""component crossover"":0,""component crossover + repair"":0,""layer bundle crossover"":0,""layer bundle crossover + repair"":0},""depth_mask_entries_changed_total"":158,""quant_assignments_changed_total"":263,""interaction_aware_details"":{""budget_repair_quant_changes"":0,""preferred_quant_exchanges_used"":0,""fallback_quant_exchanges_used"":0},""crossover_diagnostics"":{""crossover_type"":""component"",""crossover_parent_selection"":""uniform"",""crossover_offspring"":0,""crossover_offspring_accepted"":0,""mutation_offspring_accepted"":128,""mutation_offspring"":128,""crossover_offspring_attempted"":0,""crossover_duplicates"":0,""crossover_infeasible_candidates"":0,""crossover_repair_changed_gene_count"":0,""crossover_repaired_proposals"":0,""parent_distance_mean"":null,""parent_distance_min"":null,""parent_distance_max"":null,""child_distance_from_parent_a_mean"":null,""child_distance_from_parent_b_mean"":null,""layers_from_parent_a_mean"":null,""layers_from_parent_b_mean"":null,""crossover_no_legal_exchange"":0,""local_exchange_attention"":0,""local_exchange_mlp"":0,""local_exchange_quantization"":0,""local_exchange_block"":0,""child_distance_from_base_mean"":null,""child_distance_from_base_min"":null,""child_distance_from_base_max"":null,""child_distance_from_base_count"":0,""child_distance_from_donor_mean"":null,""child_distance_from_donor_min"":null,""child_distance_from_donor_max"":null,""child_distance_from_donor_count"":0,""donor_distance_reduction_mean"":null,""donor_distance_reduction_min"":null,""donor_distance_reduction_max"":null,""donor_distance_reduction_count"":0,""local_exchange_changed_gene_count_mean"":null,""local_exchange_changed_gene_count_min"":null,""local_exchange_changed_gene_count_max"":null,""local_exchange_changed_gene_count_count"":0,""child_distance_statistics_scope"":""accepted_unique_crossover_offspring"",""persistent_population_size"":1,""unique_population_size"":1,""best_population_fitness"":0.2205810546875,""configured_survivors_per_selection"":[16,4,1],""effective_survivors_per_selection"":[16,4,1],""effective_final_survivor_count"":1},""offspring_generation"":{""attempts"":128,""no_op_mutations"":0,""duplicate_candidates"":0,""infeasible_candidates"":0,""fixed_quant_legal_swap_counts"":[]},""maximum_depth_mutations_per_offspring"":3,""quantization_step_size"":1,""quantization_mutations_per_offspring"":1,""joint_aware_probability"":0.0,""adaptive_mutation"":false,""adaptive_mutation_strength"":1,""adaptive_mutation_patience"":3,""adaptive_mutation_max_strength"":3,""coarse_to_fine_mutation"":false,""coarse_to_fine_start_strength"":3,""coarse_to_fine_end_strength"":1,""stagnation_generations_after_selection"":0}",quantization,True,128,128,16,5,262144,262144,655360,16241,128581632,90200.54927674297,15276.82177734375
110,0.2137451171875,0.2205810546875,kl,0.2137451171875,,,,,0,{},128,16,4,1,"[16,4,1]","[2048,16384,131072]",6375608320,3.4642857142857144,3216.5078125,26982023168,26982023168,0,4,4,"{""type"":""mixed_depth_quantization"",""sequential_mode"":""none"",""joint_mutation_mode"":""standard"",""parent_before_generation_hash"":""807d67c50d782866008b678693d281f95853733b676b4a3f2b300965ee5fdbf8"",""parent_after_generation_hash"":""754e6318b57f1f80e1d1b720b3560f578bc1d346870a050247de798bb0d98b45"",""generated_offspring_by_type"":{""depth"":47,""quantization"":81,""joint_aware"":0,""interaction_aware"":0,""sequential_quantization"":0,""fixed_quant_depth"":0,""component crossover"":0,""component crossover + repair"":0,""layer bundle crossover"":0,""layer bundle crossover + repair"":0},""depth_mask_entries_changed_by_type"":{""depth"":132,""quantization"":0,""joint_aware"":0,""interaction_aware"":0,""sequential_quantization"":0,""fixed_quant_depth"":0,""component crossover"":0,""component crossover + repair"":0,""layer bundle crossover"":0,""layer bundle crossover + repair"":0},""quant_assignments_changed_by_type"":{""depth"":82,""quantization"":179,""joint_aware"":0,""interaction_aware"":0,""sequential_quantization"":0,""fixed_quant_depth"":0,""component crossover"":0,""component crossover + repair"":0,""layer bundle crossover"":0,""layer bundle crossover + repair"":0},""depth_mask_entries_changed_total"":132,""quant_assignments_changed_total"":261,""interaction_aware_details"":{""budget_repair_quant_changes"":0,""preferred_quant_exchanges_used"":0,""fallback_quant_exchanges_used"":0},""crossover_diagnostics"":{""crossover_type"":""component"",""crossover_parent_selection"":""uniform"",""crossover_offspring"":0,""crossover_offspring_accepted"":0,""mutation_offspring_accepted"":128,""mutation_offspring"":128,""crossover_offspring_attempted"":0,""crossover_duplicates"":0,""crossover_infeasible_candidates"":0,""crossover_repair_changed_gene_count"":0,""crossover_repaired_proposals"":0,""parent_distance_mean"":null,""parent_distance_min"":null,""parent_distance_max"":null,""child_distance_from_parent_a_mean"":null,""child_distance_from_parent_b_mean"":null,""layers_from_parent_a_mean"":null,""layers_from_parent_b_mean"":null,""crossover_no_legal_exchange"":0,""local_exchange_attention"":0,""local_exchange_mlp"":0,""local_exchange_quantization"":0,""local_exchange_block"":0,""child_distance_from_base_mean"":null,""child_distance_from_base_min"":null,""child_distance_from_base_max"":null,""child_distance_from_base_count"":0,""child_distance_from_donor_mean"":null,""child_distance_from_donor_min"":null,""child_distance_from_donor_max"":null,""child_distance_from_donor_count"":0,""donor_distance_reduction_mean"":null,""donor_distance_reduction_min"":null,""donor_distance_reduction_max"":null,""donor_distance_reduction_count"":0,""local_exchange_changed_gene_count_mean"":null,""local_exchange_changed_gene_count_min"":null,""local_exchange_changed_gene_count_max"":null,""local_exchange_changed_gene_count_count"":0,""child_distance_statistics_scope"":""accepted_unique_crossover_offspring"",""persistent_population_size"":1,""unique_population_size"":1,""best_population_fitness"":0.2137451171875,""configured_survivors_per_selection"":[16,4,1],""effective_survivors_per_selection"":[16,4,1],""effective_final_survivor_count"":1},""offspring_generation"":{""attempts"":129,""no_op_mutations"":0,""duplicate_candidates"":1,""infeasible_candidates"":0,""fixed_quant_legal_swap_counts"":[]},""maximum_depth_mutations_per_offspring"":3,""quantization_step_size"":1,""quantization_mutations_per_offspring"":1,""joint_aware_probability"":0.0,""adaptive_mutation"":false,""adaptive_mutation_strength"":1,""adaptive_mutation_patience"":3,""adaptive_mutation_max_strength"":3,""coarse_to_fine_mutation"":false,""coarse_to_fine_start_strength"":3,""coarse_to_fine_end_strength"":1,""stagnation_generations_after_selection"":0}",quantization,True,129,128,16,5,262144,262144,655360,16390,129761280,90931.46712002903,15276.82177734375
111,0.2169189453125,0.2137451171875,kl,0.2169189453125,7.94140625,6.71484375,9.75,,917504,"{""wikitext2"":327680,""c4"":589824}",128,16,4,1,"[16,4,1]","[2048,16384,131072]",6375608320,3.4642857142857144,3216.5078125,26982023168,26982023168,0,4,4,"{""type"":""mixed_depth_quantization"",""sequential_mode"":""none"",""joint_mutation_mode"":""standard"",""parent_before_generation_hash"":""754e6318b57f1f80e1d1b720b3560f578bc1d346870a050247de798bb0d98b45"",""parent_after_generation_hash"":""4449dfd43ebde2a00b39f4b0b7d7549e9fd3c077c445ad532c8a8063262b4302"",""generated_offspring_by_type"":{""depth"":62,""quantization"":66,""joint_aware"":0,""interaction_aware"":0,""sequential_quantization"":0,""fixed_quant_depth"":0,""component crossover"":0,""component crossover + repair"":0,""layer bundle crossover"":0,""layer bundle crossover + repair"":0},""depth_mask_entries_changed_by_type"":{""depth"":184,""quantization"":0,""joint_aware"":0,""interaction_aware"":0,""sequential_quantization"":0,""fixed_quant_depth"":0,""component crossover"":0,""component crossover + repair"":0,""layer bundle crossover"":0,""layer bundle crossover + repair"":0},""quant_assignments_changed_by_type"":{""depth"":124,""quantization"":143,""joint_aware"":0,""interaction_aware"":0,""sequential_quantization"":0,""fixed_quant_depth"":0,""component crossover"":0,""component crossover + repair"":0,""layer bundle crossover"":0,""layer bundle crossover + repair"":0},""depth_mask_entries_changed_total"":184,""quant_assignments_changed_total"":267,""interaction_aware_details"":{""budget_repair_quant_changes"":0,""preferred_quant_exchanges_used"":0,""fallback_quant_exchanges_used"":0},""crossover_diagnostics"":{""crossover_type"":""component"",""crossover_parent_selection"":""uniform"",""crossover_offspring"":0,""crossover_offspring_accepted"":0,""mutation_offspring_accepted"":128,""mutation_offspring"":128,""crossover_offspring_attempted"":0,""crossover_duplicates"":0,""crossover_infeasible_candidates"":0,""crossover_repair_changed_gene_count"":0,""crossover_repaired_proposals"":0,""parent_distance_mean"":null,""parent_distance_min"":null,""parent_distance_max"":null,""child_distance_from_parent_a_mean"":null,""child_distance_from_parent_b_mean"":null,""layers_from_parent_a_mean"":null,""layers_from_parent_b_mean"":null,""crossover_no_legal_exchange"":0,""local_exchange_attention"":0,""local_exchange_mlp"":0,""local_exchange_quantization"":0,""local_exchange_block"":0,""child_distance_from_base_mean"":null,""child_distance_from_base_min"":null,""child_distance_from_base_max"":null,""child_distance_from_base_count"":0,""child_distance_from_donor_mean"":null,""child_distance_from_donor_min"":null,""child_distance_from_donor_max"":null,""child_distance_from_donor_count"":0,""donor_distance_reduction_mean"":null,""donor_distance_reduction_min"":null,""donor_distance_reduction_max"":null,""donor_distance_reduction_count"":0,""local_exchange_changed_gene_count_mean"":null,""local_exchange_changed_gene_count_min"":null,""local_exchange_changed_gene_count_max"":null,""local_exchange_changed_gene_count_count"":0,""child_distance_statistics_scope"":""accepted_unique_crossover_offspring"",""persistent_population_size"":1,""unique_population_size"":1,""best_population_fitness"":0.2169189453125,""configured_survivors_per_selection"":[16,4,1],""effective_survivors_per_selection"":[16,4,1],""effective_final_survivor_count"":1},""offspring_generation"":{""attempts"":128,""no_op_mutations"":0,""duplicate_candidates"":0,""infeasible_candidates"":0,""fixed_quant_legal_swap_counts"":[]},""maximum_depth_mutations_per_offspring"":3,""quantization_step_size"":1,""quantization_mutations_per_offspring"":1,""joint_aware_probability"":0.0,""adaptive_mutation"":false,""adaptive_mutation_strength"":1,""adaptive_mutation_patience"":3,""adaptive_mutation_max_strength"":3,""coarse_to_fine_mutation"":false,""coarse_to_fine_start_strength"":3,""coarse_to_fine_end_strength"":1,""stagnation_generations_after_selection"":0}",quantization,True,128,128,16,5,262144,262144,655360,16539,130940928,91951.502953424,15276.82177734375
112,0.216064453125,0.2169189453125,kl,0.216064453125,,,,,0,{},128,16,4,1,"[16,4,1]","[2048,16384,131072]",6375608320,3.4642857142857144,3216.5078125,26982023168,26982023168,0,4,4,"{""type"":""mixed_depth_quantization"",""sequential_mode"":""none"",""joint_mutation_mode"":""standard"",""parent_before_generation_hash"":""4449dfd43ebde2a00b39f4b0b7d7549e9fd3c077c445ad532c8a8063262b4302"",""parent_after_generation_hash"":""e8c8debd41cc6e1282f1f78f3d25a19783da5453bed26139eb4a1c71253fdf78"",""generated_offspring_by_type"":{""depth"":61,""quantization"":67,""joint_aware"":0,""interaction_aware"":0,""sequential_quantization"":0,""fixed_quant_depth"":0,""component crossover"":0,""component crossover + repair"":0,""layer bundle crossover"":0,""layer bundle crossover + repair"":0},""depth_mask_entries_changed_by_type"":{""depth"":164,""quantization"":0,""joint_aware"":0,""interaction_aware"":0,""sequential_quantization"":0,""fixed_quant_depth"":0,""component crossover"":0,""component crossover + repair"":0,""layer bundle crossover"":0,""layer bundle crossover + repair"":0},""quant_assignments_changed_by_type"":{""depth"":104,""quantization"":148,""joint_aware"":0,""interaction_aware"":0,""sequential_quantization"":0,""fixed_quant_depth"":0,""component crossover"":0,""component crossover + repair"":0,""layer bundle crossover"":0,""layer bundle crossover + repair"":0},""depth_mask_entries_changed_total"":164,""quant_assignments_changed_total"":252,""interaction_aware_details"":{""budget_repair_quant_changes"":0,""preferred_quant_exchanges_used"":0,""fallback_quant_exchanges_used"":0},""crossover_diagnostics"":{""crossover_type"":""component"",""crossover_parent_selection"":""uniform"",""crossover_offspring"":0,""crossover_offspring_accepted"":0,""mutation_offspring_accepted"":128,""mutation_offspring"":128,""crossover_offspring_attempted"":0,""crossover_duplicates"":0,""crossover_infeasible_candidates"":0,""crossover_repair_changed_gene_count"":0,""crossover_repaired_proposals"":0,""parent_distance_mean"":null,""parent_distance_min"":null,""parent_distance_max"":null,""child_distance_from_parent_a_mean"":null,""child_distance_from_parent_b_mean"":null,""layers_from_parent_a_mean"":null,""layers_from_parent_b_mean"":null,""crossover_no_legal_exchange"":0,""local_exchange_attention"":0,""local_exchange_mlp"":0,""local_exchange_quantization"":0,""local_exchange_block"":0,""child_distance_from_base_mean"":null,""child_distance_from_base_min"":null,""child_distance_from_base_max"":null,""child_distance_from_base_count"":0,""child_distance_from_donor_mean"":null,""child_distance_from_donor_min"":null,""child_distance_from_donor_max"":null,""child_distance_from_donor_count"":0,""donor_distance_reduction_mean"":null,""donor_distance_reduction_min"":null,""donor_distance_reduction_max"":null,""donor_distance_reduction_count"":0,""local_exchange_changed_gene_count_mean"":null,""local_exchange_changed_gene_count_min"":null,""local_exchange_changed_gene_count_max"":null,""local_exchange_changed_gene_count_count"":0,""child_distance_statistics_scope"":""accepted_unique_crossover_offspring"",""persistent_population_size"":1,""unique_population_size"":1,""best_population_fitness"":0.216064453125,""configured_survivors_per_selection"":[16,4,1],""effective_survivors_per_selection"":[16,4,1],""effective_final_survivor_count"":1},""offspring_generation"":{""attempts"":128,""no_op_mutations"":0,""duplicate_candidates"":0,""infeasible_candidates"":0,""fixed_quant_legal_swap_counts"":[]},""maximum_depth_mutations_per_offspring"":3,""quantization_step_size"":1,""quantization_mutations_per_offspring"":1,""joint_aware_probability"":0.0,""adaptive_mutation"":false,""adaptive_mutation_strength"":1,""adaptive_mutation_patience"":3,""adaptive_mutation_max_strength"":3,""coarse_to_fine_mutation"":false,""coarse_to_fine_start_strength"":3,""coarse_to_fine_end_strength"":1,""stagnation_generations_after_selection"":0}",quantization,True,128,128,16,5,262144,262144,655360,16688,132120576,92777.68916608905,15276.82177734375
113,0.2158203125,0.216064453125,kl,0.2158203125,,,,,0,{},128,16,4,1,"[16,4,1]","[2048,16384,131072]",6375608320,3.4642857142857144,3216.5078125,26982023168,26982023168,0,4,4,"{""type"":""mixed_depth_quantization"",""sequential_mode"":""none"",""joint_mutation_mode"":""standard"",""parent_before_generation_hash"":""e8c8debd41cc6e1282f1f78f3d25a19783da5453bed26139eb4a1c71253fdf78"",""parent_after_generation_hash"":""c19fb96868553739c08a80b24a519e8f1d4b68c6d32031bae2a3be3ca4f54fd4"",""generated_offspring_by_type"":{""depth"":56,""quantization"":72,""joint_aware"":0,""interaction_aware"":0,""sequential_quantization"":0,""fixed_quant_depth"":0,""component crossover"":0,""component crossover + repair"":0,""layer bundle crossover"":0,""layer bundle crossover + repair"":0},""depth_mask_entries_changed_by_type"":{""depth"":176,""quantization"":0,""joint_aware"":0,""interaction_aware"":0,""sequential_quantization"":0,""fixed_quant_depth"":0,""component crossover"":0,""component crossover + repair"":0,""layer bundle crossover"":0,""layer bundle crossover + repair"":0},""quant_assignments_changed_by_type"":{""depth"":105,""quantization"":160,""joint_aware"":0,""interaction_aware"":0,""sequential_quantization"":0,""fixed_quant_depth"":0,""component crossover"":0,""component crossover + repair"":0,""layer bundle crossover"":0,""layer bundle crossover + repair"":0},""depth_mask_entries_changed_total"":176,""quant_assignments_changed_total"":265,""interaction_aware_details"":{""budget_repair_quant_changes"":0,""preferred_quant_exchanges_used"":0,""fallback_quant_exchanges_used"":0},""crossover_diagnostics"":{""crossover_type"":""component"",""crossover_parent_selection"":""uniform"",""crossover_offspring"":0,""crossover_offspring_accepted"":0,""mutation_offspring_accepted"":128,""mutation_offspring"":128,""crossover_offspring_attempted"":0,""crossover_duplicates"":0,""crossover_infeasible_candidates"":0,""crossover_repair_changed_gene_count"":0,""crossover_repaired_proposals"":0,""parent_distance_mean"":null,""parent_distance_min"":null,""parent_distance_max"":null,""child_distance_from_parent_a_mean"":null,""child_distance_from_parent_b_mean"":null,""layers_from_parent_a_mean"":null,""layers_from_parent_b_mean"":null,""crossover_no_legal_exchange"":0,""local_exchange_attention"":0,""local_exchange_mlp"":0,""local_exchange_quantization"":0,""local_exchange_block"":0,""child_distance_from_base_mean"":null,""child_distance_from_base_min"":null,""child_distance_from_base_max"":null,""child_distance_from_base_count"":0,""child_distance_from_donor_mean"":null,""child_distance_from_donor_min"":null,""child_distance_from_donor_max"":null,""child_distance_from_donor_count"":0,""donor_distance_reduction_mean"":null,""donor_distance_reduction_min"":null,""donor_distance_reduction_max"":null,""donor_distance_reduction_count"":0,""local_exchange_changed_gene_count_mean"":null,""local_exchange_changed_gene_count_min"":null,""local_exchange_changed_gene_count_max"":null,""local_exchange_changed_gene_count_count"":0,""child_distance_statistics_scope"":""accepted_unique_crossover_offspring"",""persistent_population_size"":1,""unique_population_size"":1,""best_population_fitness"":0.2158203125,""configured_survivors_per_selection"":[16,4,1],""effective_survivors_per_selection"":[16,4,1],""effective_final_survivor_count"":1},""offspring_generation"":{""attempts"":128,""no_op_mutations"":0,""duplicate_candidates"":0,""infeasible_candidates"":0,""fixed_quant_legal_swap_counts"":[]},""maximum_depth_mutations_per_offspring"":3,""quantization_step_size"":1,""quantization_mutations_per_offspring"":1,""joint_aware_probability"":0.0,""adaptive_mutation"":false,""adaptive_mutation_strength"":1,""adaptive_mutation_patience"":3,""adaptive_mutation_max_strength"":3,""coarse_to_fine_mutation"":false,""coarse_to_fine_start_strength"":3,""coarse_to_fine_end_strength"":1,""stagnation_generations_after_selection"":0}",quantization,True,128,128,16,5,262144,262144,655360,16837,133300224,93703.88852215803,15276.82177734375
114,0.2227783203125,0.2158203125,kl,0.2227783203125,,,,,0,{},128,16,4,1,"[16,4,1]","[2048,16384,131072]",6375608320,3.4642857142857144,3216.5078125,26982023168,26982023168,0,4,4,"{""type"":""mixed_depth_quantization"",""sequential_mode"":""none"",""joint_mutation_mode"":""standard"",""parent_before_generation_hash"":""c19fb96868553739c08a80b24a519e8f1d4b68c6d32031bae2a3be3ca4f54fd4"",""parent_after_generation_hash"":""0b7572d956b1d38171f74899784adc8d8d4885c79bce2a60e41ca36d925e0de4"",""generated_offspring_by_type"":{""depth"":70,""quantization"":58,""joint_aware"":0,""interaction_aware"":0,""sequential_quantization"":0,""fixed_quant_depth"":0,""component crossover"":0,""component crossover + repair"":0,""layer bundle crossover"":0,""layer bundle crossover + repair"":0},""depth_mask_entries_changed_by_type"":{""depth"":216,""quantization"":0,""joint_aware"":0,""interaction_aware"":0,""sequential_quantization"":0,""fixed_quant_depth"":0,""component crossover"":0,""component crossover + repair"":0,""layer bundle crossover"":0,""layer bundle crossover + repair"":0},""quant_assignments_changed_by_type"":{""depth"":138,""quantization"":126,""joint_aware"":0,""interaction_aware"":0,""sequential_quantization"":0,""fixed_quant_depth"":0,""component crossover"":0,""component crossover + repair"":0,""layer bundle crossover"":0,""layer bundle crossover + repair"":0},""depth_mask_entries_changed_total"":216,""quant_assignments_changed_total"":264,""interaction_aware_details"":{""budget_repair_quant_changes"":0,""preferred_quant_exchanges_used"":0,""fallback_quant_exchanges_used"":0},""crossover_diagnostics"":{""crossover_type"":""component"",""crossover_parent_selection"":""uniform"",""crossover_offspring"":0,""crossover_offspring_accepted"":0,""mutation_offspring_accepted"":128,""mutation_offspring"":128,""crossover_offspring_attempted"":0,""crossover_duplicates"":0,""crossover_infeasible_candidates"":0,""crossover_repair_changed_gene_count"":0,""crossover_repaired_proposals"":0,""parent_distance_mean"":null,""parent_distance_min"":null,""parent_distance_max"":null,""child_distance_from_parent_a_mean"":null,""child_distance_from_parent_b_mean"":null,""layers_from_parent_a_mean"":null,""layers_from_parent_b_mean"":null,""crossover_no_legal_exchange"":0,""local_exchange_attention"":0,""local_exchange_mlp"":0,""local_exchange_quantization"":0,""local_exchange_block"":0,""child_distance_from_base_mean"":null,""child_distance_from_base_min"":null,""child_distance_from_base_max"":null,""child_distance_from_base_count"":0,""child_distance_from_donor_mean"":null,""child_distance_from_donor_min"":null,""child_distance_from_donor_max"":null,""child_distance_from_donor_count"":0,""donor_distance_reduction_mean"":null,""donor_distance_reduction_min"":null,""donor_distance_reduction_max"":null,""donor_distance_reduction_count"":0,""local_exchange_changed_gene_count_mean"":null,""local_exchange_changed_gene_count_min"":null,""local_exchange_changed_gene_count_max"":null,""local_exchange_changed_gene_count_count"":0,""child_distance_statistics_scope"":""accepted_unique_crossover_offspring"",""persistent_population_size"":1,""unique_population_size"":1,""best_population_fitness"":0.2227783203125,""configured_survivors_per_selection"":[16,4,1],""effective_survivors_per_selection"":[16,4,1],""effective_final_survivor_count"":1},""offspring_generation"":{""attempts"":128,""no_op_mutations"":0,""duplicate_candidates"":0,""infeasible_candidates"":0,""fixed_quant_legal_swap_counts"":[]},""maximum_depth_mutations_per_offspring"":3,""quantization_step_size"":1,""quantization_mutations_per_offspring"":1,""joint_aware_probability"":0.0,""adaptive_mutation"":false,""adaptive_mutation_strength"":1,""adaptive_mutation_patience"":3,""adaptive_mutation_max_strength"":3,""coarse_to_fine_mutation"":false,""coarse_to_fine_start_strength"":3,""coarse_to_fine_end_strength"":1,""stagnation_generations_after_selection"":0}",quantization,True,128,128,16,5,262144,262144,655360,16986,134479872,94487.07022881298,15276.82177734375
115,0.21484375,0.2227783203125,kl,0.21484375,,,,,0,{},128,16,4,1,"[16,4,1]","[2048,16384,131072]",6375608320,3.4642857142857144,3216.5078125,26982023168,26982023168,0,4,4,"{""type"":""mixed_depth_quantization"",""sequential_mode"":""none"",""joint_mutation_mode"":""standard"",""parent_before_generation_hash"":""0b7572d956b1d38171f74899784adc8d8d4885c79bce2a60e41ca36d925e0de4"",""parent_after_generation_hash"":""0938d206f758f85ecc7cf3a10d0da9751e54e7b0398c89cdf2fdf9cca1605ac9"",""generated_offspring_by_type"":{""depth"":63,""quantization"":65,""joint_aware"":0,""interaction_aware"":0,""sequential_quantization"":0,""fixed_quant_depth"":0,""component crossover"":0,""component crossover + repair"":0,""layer bundle crossover"":0,""layer bundle crossover + repair"":0},""depth_mask_entries_changed_by_type"":{""depth"":190,""quantization"":0,""joint_aware"":0,""interaction_aware"":0,""sequential_quantization"":0,""fixed_quant_depth"":0,""component crossover"":0,""component crossover + repair"":0,""layer bundle crossover"":0,""layer bundle crossover + repair"":0},""quant_assignments_changed_by_type"":{""depth"":122,""quantization"":141,""joint_aware"":0,""interaction_aware"":0,""sequential_quantization"":0,""fixed_quant_depth"":0,""component crossover"":0,""component crossover + repair"":0,""layer bundle crossover"":0,""layer bundle crossover + repair"":0},""depth_mask_entries_changed_total"":190,""quant_assignments_changed_total"":263,""interaction_aware_details"":{""budget_repair_quant_changes"":0,""preferred_quant_exchanges_used"":0,""fallback_quant_exchanges_used"":0},""crossover_diagnostics"":{""crossover_type"":""component"",""crossover_parent_selection"":""uniform"",""crossover_offspring"":0,""crossover_offspring_accepted"":0,""mutation_offspring_accepted"":128,""mutation_offspring"":128,""crossover_offspring_attempted"":0,""crossover_duplicates"":0,""crossover_infeasible_candidates"":0,""crossover_repair_changed_gene_count"":0,""crossover_repaired_proposals"":0,""parent_distance_mean"":null,""parent_distance_min"":null,""parent_distance_max"":null,""child_distance_from_parent_a_mean"":null,""child_distance_from_parent_b_mean"":null,""layers_from_parent_a_mean"":null,""layers_from_parent_b_mean"":null,""crossover_no_legal_exchange"":0,""local_exchange_attention"":0,""local_exchange_mlp"":0,""local_exchange_quantization"":0,""local_exchange_block"":0,""child_distance_from_base_mean"":null,""child_distance_from_base_min"":null,""child_distance_from_base_max"":null,""child_distance_from_base_count"":0,""child_distance_from_donor_mean"":null,""child_distance_from_donor_min"":null,""child_distance_from_donor_max"":null,""child_distance_from_donor_count"":0,""donor_distance_reduction_mean"":null,""donor_distance_reduction_min"":null,""donor_distance_reduction_max"":null,""donor_distance_reduction_count"":0,""local_exchange_changed_gene_count_mean"":null,""local_exchange_changed_gene_count_min"":null,""local_exchange_changed_gene_count_max"":null,""local_exchange_changed_gene_count_count"":0,""child_distance_statistics_scope"":""accepted_unique_crossover_offspring"",""persistent_population_size"":1,""unique_population_size"":1,""best_population_fitness"":0.21484375,""configured_survivors_per_selection"":[16,4,1],""effective_survivors_per_selection"":[16,4,1],""effective_final_survivor_count"":1},""offspring_generation"":{""attempts"":128,""no_op_mutations"":0,""duplicate_candidates"":0,""infeasible_candidates"":0,""fixed_quant_legal_swap_counts"":[]},""maximum_depth_mutations_per_offspring"":3,""quantization_step_size"":1,""quantization_mutations_per_offspring"":1,""joint_aware_probability"":0.0,""adaptive_mutation"":false,""adaptive_mutation_strength"":1,""adaptive_mutation_patience"":3,""adaptive_mutation_max_strength"":3,""coarse_to_fine_mutation"":false,""coarse_to_fine_start_strength"":3,""coarse_to_fine_end_strength"":1,""stagnation_generations_after_selection"":0}",quantization,True,128,128,16,5,262144,262144,655360,17135,135659520,95247.24175615795,15276.82177734375
116,0.2237548828125,0.21484375,kl,0.2237548828125,7.92578125,6.71484375,9.8046875,,917504,"{""wikitext2"":327680,""c4"":589824}",128,16,4,1,"[16,4,1]","[2048,16384,131072]",6375608320,3.4642857142857144,3216.5078125,26982023168,26982023168,0,4,4,"{""type"":""mixed_depth_quantization"",""sequential_mode"":""none"",""joint_mutation_mode"":""standard"",""parent_before_generation_hash"":""0938d206f758f85ecc7cf3a10d0da9751e54e7b0398c89cdf2fdf9cca1605ac9"",""parent_after_generation_hash"":""2c37c5d96c7628b80cb8092cd14a5b80a6036f42740e5edf28dd6034fa141bfd"",""generated_offspring_by_type"":{""depth"":67,""quantization"":61,""joint_aware"":0,""interaction_aware"":0,""sequential_quantization"":0,""fixed_quant_depth"":0,""component crossover"":0,""component crossover + repair"":0,""layer bundle crossover"":0,""layer bundle crossover + repair"":0},""depth_mask_entries_changed_by_type"":{""depth"":206,""quantization"":0,""joint_aware"":0,""interaction_aware"":0,""sequential_quantization"":0,""fixed_quant_depth"":0,""component crossover"":0,""component crossover + repair"":0,""layer bundle crossover"":0,""layer bundle crossover + repair"":0},""quant_assignments_changed_by_type"":{""depth"":142,""quantization"":135,""joint_aware"":0,""interaction_aware"":0,""sequential_quantization"":0,""fixed_quant_depth"":0,""component crossover"":0,""component crossover + repair"":0,""layer bundle crossover"":0,""layer bundle crossover + repair"":0},""depth_mask_entries_changed_total"":206,""quant_assignments_changed_total"":277,""interaction_aware_details"":{""budget_repair_quant_changes"":0,""preferred_quant_exchanges_used"":0,""fallback_quant_exchanges_used"":0},""crossover_diagnostics"":{""crossover_type"":""component"",""crossover_parent_selection"":""uniform"",""crossover_offspring"":0,""crossover_offspring_accepted"":0,""mutation_offspring_accepted"":128,""mutation_offspring"":128,""crossover_offspring_attempted"":0,""crossover_duplicates"":0,""crossover_infeasible_candidates"":0,""crossover_repair_changed_gene_count"":0,""crossover_repaired_proposals"":0,""parent_distance_mean"":null,""parent_distance_min"":null,""parent_distance_max"":null,""child_distance_from_parent_a_mean"":null,""child_distance_from_parent_b_mean"":null,""layers_from_parent_a_mean"":null,""layers_from_parent_b_mean"":null,""crossover_no_legal_exchange"":0,""local_exchange_attention"":0,""local_exchange_mlp"":0,""local_exchange_quantization"":0,""local_exchange_block"":0,""child_distance_from_base_mean"":null,""child_distance_from_base_min"":null,""child_distance_from_base_max"":null,""child_distance_from_base_count"":0,""child_distance_from_donor_mean"":null,""child_distance_from_donor_min"":null,""child_distance_from_donor_max"":null,""child_distance_from_donor_count"":0,""donor_distance_reduction_mean"":null,""donor_distance_reduction_min"":null,""donor_distance_reduction_max"":null,""donor_distance_reduction_count"":0,""local_exchange_changed_gene_count_mean"":null,""local_exchange_changed_gene_count_min"":null,""local_exchange_changed_gene_count_max"":null,""local_exchange_changed_gene_count_count"":0,""child_distance_statistics_scope"":""accepted_unique_crossover_offspring"",""persistent_population_size"":1,""unique_population_size"":1,""best_population_fitness"":0.2237548828125,""configured_survivors_per_selection"":[16,4,1],""effective_survivors_per_selection"":[16,4,1],""effective_final_survivor_count"":1},""offspring_generation"":{""attempts"":130,""no_op_mutations"":1,""duplicate_candidates"":1,""infeasible_candidates"":0,""fixed_quant_legal_swap_counts"":[]},""maximum_depth_mutations_per_offspring"":3,""quantization_step_size"":1,""quantization_mutations_per_offspring"":1,""joint_aware_probability"":0.0,""adaptive_mutation"":false,""adaptive_mutation_strength"":1,""adaptive_mutation_patience"":3,""adaptive_mutation_max_strength"":3,""coarse_to_fine_mutation"":false,""coarse_to_fine_start_strength"":3,""coarse_to_fine_end_strength"":1,""stagnation_generations_after_selection"":0}",quantization,True,130,128,16,5,262144,262144,655360,17284,136839168,96219.48180761596,15276.82177734375
117,0.2125244140625,0.2237548828125,kl,0.2125244140625,,,,,0,{},128,16,4,1,"[16,4,1]","[2048,16384,131072]",6375608320,3.4642857142857144,3216.5078125,26982023168,26982023168,0,4,4,"{""type"":""mixed_depth_quantization"",""sequential_mode"":""none"",""joint_mutation_mode"":""standard"",""parent_before_generation_hash"":""2c37c5d96c7628b80cb8092cd14a5b80a6036f42740e5edf28dd6034fa141bfd"",""parent_after_generation_hash"":""f726d49686ea9f8911e1b6cefb1d5f9e4136157dfc351869ca2357150a71f13b"",""generated_offspring_by_type"":{""depth"":55,""quantization"":73,""joint_aware"":0,""interaction_aware"":0,""sequential_quantization"":0,""fixed_quant_depth"":0,""component crossover"":0,""component crossover + repair"":0,""layer bundle crossover"":0,""layer bundle crossover + repair"":0},""depth_mask_entries_changed_by_type"":{""depth"":154,""quantization"":0,""joint_aware"":0,""interaction_aware"":0,""sequential_quantization"":0,""fixed_quant_depth"":0,""component crossover"":0,""component crossover + repair"":0,""layer bundle crossover"":0,""layer bundle crossover + repair"":0},""quant_assignments_changed_by_type"":{""depth"":108,""quantization"":161,""joint_aware"":0,""interaction_aware"":0,""sequential_quantization"":0,""fixed_quant_depth"":0,""component crossover"":0,""component crossover + repair"":0,""layer bundle crossover"":0,""layer bundle crossover + repair"":0},""depth_mask_entries_changed_total"":154,""quant_assignments_changed_total"":269,""interaction_aware_details"":{""budget_repair_quant_changes"":0,""preferred_quant_exchanges_used"":0,""fallback_quant_exchanges_used"":0},""crossover_diagnostics"":{""crossover_type"":""component"",""crossover_parent_selection"":""uniform"",""crossover_offspring"":0,""crossover_offspring_accepted"":0,""mutation_offspring_accepted"":128,""mutation_offspring"":128,""crossover_offspring_attempted"":0,""crossover_duplicates"":0,""crossover_infeasible_candidates"":0,""crossover_repair_changed_gene_count"":0,""crossover_repaired_proposals"":0,""parent_distance_mean"":null,""parent_distance_min"":null,""parent_distance_max"":null,""child_distance_from_parent_a_mean"":null,""child_distance_from_parent_b_mean"":null,""layers_from_parent_a_mean"":null,""layers_from_parent_b_mean"":null,""crossover_no_legal_exchange"":0,""local_exchange_attention"":0,""local_exchange_mlp"":0,""local_exchange_quantization"":0,""local_exchange_block"":0,""child_distance_from_base_mean"":null,""child_distance_from_base_min"":null,""child_distance_from_base_max"":null,""child_distance_from_base_count"":0,""child_distance_from_donor_mean"":null,""child_distance_from_donor_min"":null,""child_distance_from_donor_max"":null,""child_distance_from_donor_count"":0,""donor_distance_reduction_mean"":null,""donor_distance_reduction_min"":null,""donor_distance_reduction_max"":null,""donor_distance_reduction_count"":0,""local_exchange_changed_gene_count_mean"":null,""local_exchange_changed_gene_count_min"":null,""local_exchange_changed_gene_count_max"":null,""local_exchange_changed_gene_count_count"":0,""child_distance_statistics_scope"":""accepted_unique_crossover_offspring"",""persistent_population_size"":1,""unique_population_size"":1,""best_population_fitness"":0.2125244140625,""configured_survivors_per_selection"":[16,4,1],""effective_survivors_per_selection"":[16,4,1],""effective_final_survivor_count"":1},""offspring_generation"":{""attempts"":128,""no_op_mutations"":0,""duplicate_candidates"":0,""infeasible_candidates"":0,""fixed_quant_legal_swap_counts"":[]},""maximum_depth_mutations_per_offspring"":3,""quantization_step_size"":1,""quantization_mutations_per_offspring"":1,""joint_aware_probability"":0.0,""adaptive_mutation"":false,""adaptive_mutation_strength"":1,""adaptive_mutation_patience"":3,""adaptive_mutation_max_strength"":3,""coarse_to_fine_mutation"":false,""coarse_to_fine_start_strength"":3,""coarse_to_fine_end_strength"":1,""stagnation_generations_after_selection"":0}",quantization,True,128,128,16,5,262144,262144,655360,17433,138018816,96953.08644068497,15276.82177734375
118,0.22265625,0.2125244140625,kl,0.22265625,,,,,0,{},128,16,4,1,"[16,4,1]","[2048,16384,131072]",6375608320,3.4642857142857144,3216.5078125,26982023168,26982023168,0,4,4,"{""type"":""mixed_depth_quantization"",""sequential_mode"":""none"",""joint_mutation_mode"":""standard"",""parent_before_generation_hash"":""f726d49686ea9f8911e1b6cefb1d5f9e4136157dfc351869ca2357150a71f13b"",""parent_after_generation_hash"":""b98146d74127b1210df5032a2502ba4c2a51c91aa99426461b5c02351d23bde6"",""generated_offspring_by_type"":{""depth"":64,""quantization"":64,""joint_aware"":0,""interaction_aware"":0,""sequential_quantization"":0,""fixed_quant_depth"":0,""component crossover"":0,""component crossover + repair"":0,""layer bundle crossover"":0,""layer bundle crossover + repair"":0},""depth_mask_entries_changed_by_type"":{""depth"":178,""quantization"":0,""joint_aware"":0,""interaction_aware"":0,""sequential_quantization"":0,""fixed_quant_depth"":0,""component crossover"":0,""component crossover + repair"":0,""layer bundle crossover"":0,""layer bundle crossover + repair"":0},""quant_assignments_changed_by_type"":{""depth"":139,""quantization"":136,""joint_aware"":0,""interaction_aware"":0,""sequential_quantization"":0,""fixed_quant_depth"":0,""component crossover"":0,""component crossover + repair"":0,""layer bundle crossover"":0,""layer bundle crossover + repair"":0},""depth_mask_entries_changed_total"":178,""quant_assignments_changed_total"":275,""interaction_aware_details"":{""budget_repair_quant_changes"":0,""preferred_quant_exchanges_used"":0,""fallback_quant_exchanges_used"":0},""crossover_diagnostics"":{""crossover_type"":""component"",""crossover_parent_selection"":""uniform"",""crossover_offspring"":0,""crossover_offspring_accepted"":0,""mutation_offspring_accepted"":128,""mutation_offspring"":128,""crossover_offspring_attempted"":0,""crossover_duplicates"":0,""crossover_infeasible_candidates"":0,""crossover_repair_changed_gene_count"":0,""crossover_repaired_proposals"":0,""parent_distance_mean"":null,""parent_distance_min"":null,""parent_distance_max"":null,""child_distance_from_parent_a_mean"":null,""child_distance_from_parent_b_mean"":null,""layers_from_parent_a_mean"":null,""layers_from_parent_b_mean"":null,""crossover_no_legal_exchange"":0,""local_exchange_attention"":0,""local_exchange_mlp"":0,""local_exchange_quantization"":0,""local_exchange_block"":0,""child_distance_from_base_mean"":null,""child_distance_from_base_min"":null,""child_distance_from_base_max"":null,""child_distance_from_base_count"":0,""child_distance_from_donor_mean"":null,""child_distance_from_donor_min"":null,""child_distance_from_donor_max"":null,""child_distance_from_donor_count"":0,""donor_distance_reduction_mean"":null,""donor_distance_reduction_min"":null,""donor_distance_reduction_max"":null,""donor_distance_reduction_count"":0,""local_exchange_changed_gene_count_mean"":null,""local_exchange_changed_gene_count_min"":null,""local_exchange_changed_gene_count_max"":null,""local_exchange_changed_gene_count_count"":0,""child_distance_statistics_scope"":""accepted_unique_crossover_offspring"",""persistent_population_size"":1,""unique_population_size"":1,""best_population_fitness"":0.22265625,""configured_survivors_per_selection"":[16,4,1],""effective_survivors_per_selection"":[16,4,1],""effective_final_survivor_count"":1},""offspring_generation"":{""attempts"":128,""no_op_mutations"":0,""duplicate_candidates"":0,""infeasible_candidates"":0,""fixed_quant_legal_swap_counts"":[]},""maximum_depth_mutations_per_offspring"":3,""quantization_step_size"":1,""quantization_mutations_per_offspring"":1,""joint_aware_probability"":0.0,""adaptive_mutation"":false,""adaptive_mutation_strength"":1,""adaptive_mutation_patience"":3,""adaptive_mutation_max_strength"":3,""coarse_to_fine_mutation"":false,""coarse_to_fine_start_strength"":3,""coarse_to_fine_end_strength"":1,""stagnation_generations_after_selection"":0}",quantization,True,128,128,16,5,262144,262144,655360,17582,139198464,97695.14641993202,15276.82177734375
119,0.2236328125,0.22265625,kl,0.2236328125,,,,,0,{},128,16,4,1,"[16,4,1]","[2048,16384,131072]",6375608320,3.4642857142857144,3216.5078125,26982023168,26982023168,0,4,4,"{""type"":""mixed_depth_quantization"",""sequential_mode"":""none"",""joint_mutation_mode"":""standard"",""parent_before_generation_hash"":""b98146d74127b1210df5032a2502ba4c2a51c91aa99426461b5c02351d23bde6"",""parent_after_generation_hash"":""b98146d74127b1210df5032a2502ba4c2a51c91aa99426461b5c02351d23bde6"",""generated_offspring_by_type"":{""depth"":64,""quantization"":64,""joint_aware"":0,""interaction_aware"":0,""sequential_quantization"":0,""fixed_quant_depth"":0,""component crossover"":0,""component crossover + repair"":0,""layer bundle crossover"":0,""layer bundle crossover + repair"":0},""depth_mask_entries_changed_by_type"":{""depth"":190,""quantization"":0,""joint_aware"":0,""interaction_aware"":0,""sequential_quantization"":0,""fixed_quant_depth"":0,""component crossover"":0,""component crossover + repair"":0,""layer bundle crossover"":0,""layer bundle crossover + repair"":0},""quant_assignments_changed_by_type"":{""depth"":141,""quantization"":140,""joint_aware"":0,""interaction_aware"":0,""sequential_quantization"":0,""fixed_quant_depth"":0,""component crossover"":0,""component crossover + repair"":0,""layer bundle crossover"":0,""layer bundle crossover + repair"":0},""depth_mask_entries_changed_total"":190,""quant_assignments_changed_total"":281,""interaction_aware_details"":{""budget_repair_quant_changes"":0,""preferred_quant_exchanges_used"":0,""fallback_quant_exchanges_used"":0},""crossover_diagnostics"":{""crossover_type"":""component"",""crossover_parent_selection"":""uniform"",""crossover_offspring"":0,""crossover_offspring_accepted"":0,""mutation_offspring_accepted"":128,""mutation_offspring"":128,""crossover_offspring_attempted"":0,""crossover_duplicates"":0,""crossover_infeasible_candidates"":0,""crossover_repair_changed_gene_count"":0,""crossover_repaired_proposals"":0,""parent_distance_mean"":null,""parent_distance_min"":null,""parent_distance_max"":null,""child_distance_from_parent_a_mean"":null,""child_distance_from_parent_b_mean"":null,""layers_from_parent_a_mean"":null,""layers_from_parent_b_mean"":null,""crossover_no_legal_exchange"":0,""local_exchange_attention"":0,""local_exchange_mlp"":0,""local_exchange_quantization"":0,""local_exchange_block"":0,""child_distance_from_base_mean"":null,""child_distance_from_base_min"":null,""child_distance_from_base_max"":null,""child_distance_from_base_count"":0,""child_distance_from_donor_mean"":null,""child_distance_from_donor_min"":null,""child_distance_from_donor_max"":null,""child_distance_from_donor_count"":0,""donor_distance_reduction_mean"":null,""donor_distance_reduction_min"":null,""donor_distance_reduction_max"":null,""donor_distance_reduction_count"":0,""local_exchange_changed_gene_count_mean"":null,""local_exchange_changed_gene_count_min"":null,""local_exchange_changed_gene_count_max"":null,""local_exchange_changed_gene_count_count"":0,""child_distance_statistics_scope"":""accepted_unique_crossover_offspring"",""persistent_population_size"":1,""unique_population_size"":1,""best_population_fitness"":0.2236328125,""configured_survivors_per_selection"":[16,4,1],""effective_survivors_per_selection"":[16,4,1],""effective_final_survivor_count"":1},""offspring_generation"":{""attempts"":129,""no_op_mutations"":0,""duplicate_candidates"":1,""infeasible_candidates"":0,""fixed_quant_legal_swap_counts"":[]},""maximum_depth_mutations_per_offspring"":3,""quantization_step_size"":1,""quantization_mutations_per_offspring"":1,""joint_aware_probability"":0.0,""adaptive_mutation"":false,""adaptive_mutation_strength"":1,""adaptive_mutation_patience"":3,""adaptive_mutation_max_strength"":3,""coarse_to_fine_mutation"":false,""coarse_to_fine_start_strength"":3,""coarse_to_fine_end_strength"":1,""stagnation_generations_after_selection"":1}",parent,False,129,128,16,5,262144,262144,655360,17731,140378112,98499.20770238305,15276.82177734375
120,0.2198486328125,0.2236328125,kl,0.2198486328125,,,,,0,{},128,16,4,1,"[16,4,1]","[2048,16384,131072]",6375608320,3.4642857142857144,3216.5078125,26982023168,26982023168,0,4,4,"{""type"":""mixed_depth_quantization"",""sequential_mode"":""none"",""joint_mutation_mode"":""standard"",""parent_before_generation_hash"":""b98146d74127b1210df5032a2502ba4c2a51c91aa99426461b5c02351d23bde6"",""parent_after_generation_hash"":""6f66a6d5b56fe76ea20835cb25c6fcab34c4ee546a5e16f32daaf5a30cf924b0"",""generated_offspring_by_type"":{""depth"":70,""quantization"":58,""joint_aware"":0,""interaction_aware"":0,""sequential_quantization"":0,""fixed_quant_depth"":0,""component crossover"":0,""component crossover + repair"":0,""layer bundle crossover"":0,""layer bundle crossover + repair"":0},""depth_mask_entries_changed_by_type"":{""depth"":230,""quantization"":0,""joint_aware"":0,""interaction_aware"":0,""sequential_quantization"":0,""fixed_quant_depth"":0,""component crossover"":0,""component crossover + repair"":0,""layer bundle crossover"":0,""layer bundle crossover + repair"":0},""quant_assignments_changed_by_type"":{""depth"":142,""quantization"":130,""joint_aware"":0,""interaction_aware"":0,""sequential_quantization"":0,""fixed_quant_depth"":0,""component crossover"":0,""component crossover + repair"":0,""layer bundle crossover"":0,""layer bundle crossover + repair"":0},""depth_mask_entries_changed_total"":230,""quant_assignments_changed_total"":272,""interaction_aware_details"":{""budget_repair_quant_changes"":0,""preferred_quant_exchanges_used"":0,""fallback_quant_exchanges_used"":0},""crossover_diagnostics"":{""crossover_type"":""component"",""crossover_parent_selection"":""uniform"",""crossover_offspring"":0,""crossover_offspring_accepted"":0,""mutation_offspring_accepted"":128,""mutation_offspring"":128,""crossover_offspring_attempted"":0,""crossover_duplicates"":0,""crossover_infeasible_candidates"":0,""crossover_repair_changed_gene_count"":0,""crossover_repaired_proposals"":0,""parent_distance_mean"":null,""parent_distance_min"":null,""parent_distance_max"":null,""child_distance_from_parent_a_mean"":null,""child_distance_from_parent_b_mean"":null,""layers_from_parent_a_mean"":null,""layers_from_parent_b_mean"":null,""crossover_no_legal_exchange"":0,""local_exchange_attention"":0,""local_exchange_mlp"":0,""local_exchange_quantization"":0,""local_exchange_block"":0,""child_distance_from_base_mean"":null,""child_distance_from_base_min"":null,""child_distance_from_base_max"":null,""child_distance_from_base_count"":0,""child_distance_from_donor_mean"":null,""child_distance_from_donor_min"":null,""child_distance_from_donor_max"":null,""child_distance_from_donor_count"":0,""donor_distance_reduction_mean"":null,""donor_distance_reduction_min"":null,""donor_distance_reduction_max"":null,""donor_distance_reduction_count"":0,""local_exchange_changed_gene_count_mean"":null,""local_exchange_changed_gene_count_min"":null,""local_exchange_changed_gene_count_max"":null,""local_exchange_changed_gene_count_count"":0,""child_distance_statistics_scope"":""accepted_unique_crossover_offspring"",""persistent_population_size"":1,""unique_population_size"":1,""best_population_fitness"":0.2198486328125,""configured_survivors_per_selection"":[16,4,1],""effective_survivors_per_selection"":[16,4,1],""effective_final_survivor_count"":1},""offspring_generation"":{""attempts"":128,""no_op_mutations"":0,""duplicate_candidates"":0,""infeasible_candidates"":0,""fixed_quant_legal_swap_counts"":[]},""maximum_depth_mutations_per_offspring"":3,""quantization_step_size"":1,""quantization_mutations_per_offspring"":1,""joint_aware_probability"":0.0,""adaptive_mutation"":false,""adaptive_mutation_strength"":1,""adaptive_mutation_patience"":3,""adaptive_mutation_max_strength"":3,""coarse_to_fine_mutation"":false,""coarse_to_fine_start_strength"":3,""coarse_to_fine_end_strength"":1,""stagnation_generations_after_selection"":0}",quantization,True,128,128,16,5,262144,262144,655360,17880,141557760,99192.274675539,15276.82177734375
121,0.22216796875,0.2198486328125,kl,0.22216796875,7.91015625,6.703125,9.75,,917504,"{""wikitext2"":327680,""c4"":589824}",128,16,4,1,"[16,4,1]","[2048,16384,131072]",6375608320,3.4642857142857144,3216.5078125,26982023168,26982023168,0,4,4,"{""type"":""mixed_depth_quantization"",""sequential_mode"":""none"",""joint_mutation_mode"":""standard"",""parent_before_generation_hash"":""6f66a6d5b56fe76ea20835cb25c6fcab34c4ee546a5e16f32daaf5a30cf924b0"",""parent_after_generation_hash"":""e50b6d3dc179424ea4e161fa10c27c2a53039761f2691c9131716a8d05c09199"",""generated_offspring_by_type"":{""depth"":78,""quantization"":50,""joint_aware"":0,""interaction_aware"":0,""sequential_quantization"":0,""fixed_quant_depth"":0,""component crossover"":0,""component crossover + repair"":0,""layer bundle crossover"":0,""layer bundle crossover + repair"":0},""depth_mask_entries_changed_by_type"":{""depth"":246,""quantization"":0,""joint_aware"":0,""interaction_aware"":0,""sequential_quantization"":0,""fixed_quant_depth"":0,""component crossover"":0,""component crossover + repair"":0,""layer bundle crossover"":0,""layer bundle crossover + repair"":0},""quant_assignments_changed_by_type"":{""depth"":140,""quantization"":106,""joint_aware"":0,""interaction_aware"":0,""sequential_quantization"":0,""fixed_quant_depth"":0,""component crossover"":0,""component crossover + repair"":0,""layer bundle crossover"":0,""layer bundle crossover + repair"":0},""depth_mask_entries_changed_total"":246,""quant_assignments_changed_total"":246,""interaction_aware_details"":{""budget_repair_quant_changes"":0,""preferred_quant_exchanges_used"":0,""fallback_quant_exchanges_used"":0},""crossover_diagnostics"":{""crossover_type"":""component"",""crossover_parent_selection"":""uniform"",""crossover_offspring"":0,""crossover_offspring_accepted"":0,""mutation_offspring_accepted"":128,""mutation_offspring"":128,""crossover_offspring_attempted"":0,""crossover_duplicates"":0,""crossover_infeasible_candidates"":0,""crossover_repair_changed_gene_count"":0,""crossover_repaired_proposals"":0,""parent_distance_mean"":null,""parent_distance_min"":null,""parent_distance_max"":null,""child_distance_from_parent_a_mean"":null,""child_distance_from_parent_b_mean"":null,""layers_from_parent_a_mean"":null,""layers_from_parent_b_mean"":null,""crossover_no_legal_exchange"":0,""local_exchange_attention"":0,""local_exchange_mlp"":0,""local_exchange_quantization"":0,""local_exchange_block"":0,""child_distance_from_base_mean"":null,""child_distance_from_base_min"":null,""child_distance_from_base_max"":null,""child_distance_from_base_count"":0,""child_distance_from_donor_mean"":null,""child_distance_from_donor_min"":null,""child_distance_from_donor_max"":null,""child_distance_from_donor_count"":0,""donor_distance_reduction_mean"":null,""donor_distance_reduction_min"":null,""donor_distance_reduction_max"":null,""donor_distance_reduction_count"":0,""local_exchange_changed_gene_count_mean"":null,""local_exchange_changed_gene_count_min"":null,""local_exchange_changed_gene_count_max"":null,""local_exchange_changed_gene_count_count"":0,""child_distance_statistics_scope"":""accepted_unique_crossover_offspring"",""persistent_population_size"":1,""unique_population_size"":1,""best_population_fitness"":0.22216796875,""configured_survivors_per_selection"":[16,4,1],""effective_survivors_per_selection"":[16,4,1],""effective_final_survivor_count"":1},""offspring_generation"":{""attempts"":128,""no_op_mutations"":0,""duplicate_candidates"":0,""infeasible_candidates"":0,""fixed_quant_legal_swap_counts"":[]},""maximum_depth_mutations_per_offspring"":3,""quantization_step_size"":1,""quantization_mutations_per_offspring"":1,""joint_aware_probability"":0.0,""adaptive_mutation"":false,""adaptive_mutation_strength"":1,""adaptive_mutation_patience"":3,""adaptive_mutation_max_strength"":3,""coarse_to_fine_mutation"":false,""coarse_to_fine_start_strength"":3,""coarse_to_fine_end_strength"":1,""stagnation_generations_after_selection"":0}",quantization,True,128,128,16,5,262144,262144,655360,18029,142737408,100174.23341875302,15276.82177734375
122,0.2174072265625,0.22216796875,kl,0.2174072265625,,,,,0,{},128,16,4,1,"[16,4,1]","[2048,16384,131072]",6375608320,3.4642857142857144,3216.5078125,26982023168,26982023168,0,4,4,"{""type"":""mixed_depth_quantization"",""sequential_mode"":""none"",""joint_mutation_mode"":""standard"",""parent_before_generation_hash"":""e50b6d3dc179424ea4e161fa10c27c2a53039761f2691c9131716a8d05c09199"",""parent_after_generation_hash"":""b76efad10e000b19768dae26c8ea18582b7cddbcadd16f6d40fbf292e40ff16f"",""generated_offspring_by_type"":{""depth"":59,""quantization"":69,""joint_aware"":0,""interaction_aware"":0,""sequential_quantization"":0,""fixed_quant_depth"":0,""component crossover"":0,""component crossover + repair"":0,""layer bundle crossover"":0,""layer bundle crossover + repair"":0},""depth_mask_entries_changed_by_type"":{""depth"":166,""quantization"":0,""joint_aware"":0,""interaction_aware"":0,""sequential_quantization"":0,""fixed_quant_depth"":0,""component crossover"":0,""component crossover + repair"":0,""layer bundle crossover"":0,""layer bundle crossover + repair"":0},""quant_assignments_changed_by_type"":{""depth"":101,""quantization"":146,""joint_aware"":0,""interaction_aware"":0,""sequential_quantization"":0,""fixed_quant_depth"":0,""component crossover"":0,""component crossover + repair"":0,""layer bundle crossover"":0,""layer bundle crossover + repair"":0},""depth_mask_entries_changed_total"":166,""quant_assignments_changed_total"":247,""interaction_aware_details"":{""budget_repair_quant_changes"":0,""preferred_quant_exchanges_used"":0,""fallback_quant_exchanges_used"":0},""crossover_diagnostics"":{""crossover_type"":""component"",""crossover_parent_selection"":""uniform"",""crossover_offspring"":0,""crossover_offspring_accepted"":0,""mutation_offspring_accepted"":128,""mutation_offspring"":128,""crossover_offspring_attempted"":0,""crossover_duplicates"":0,""crossover_infeasible_candidates"":0,""crossover_repair_changed_gene_count"":0,""crossover_repaired_proposals"":0,""parent_distance_mean"":null,""parent_distance_min"":null,""parent_distance_max"":null,""child_distance_from_parent_a_mean"":null,""child_distance_from_parent_b_mean"":null,""layers_from_parent_a_mean"":null,""layers_from_parent_b_mean"":null,""crossover_no_legal_exchange"":0,""local_exchange_attention"":0,""local_exchange_mlp"":0,""local_exchange_quantization"":0,""local_exchange_block"":0,""child_distance_from_base_mean"":null,""child_distance_from_base_min"":null,""child_distance_from_base_max"":null,""child_distance_from_base_count"":0,""child_distance_from_donor_mean"":null,""child_distance_from_donor_min"":null,""child_distance_from_donor_max"":null,""child_distance_from_donor_count"":0,""donor_distance_reduction_mean"":null,""donor_distance_reduction_min"":null,""donor_distance_reduction_max"":null,""donor_distance_reduction_count"":0,""local_exchange_changed_gene_count_mean"":null,""local_exchange_changed_gene_count_min"":null,""local_exchange_changed_gene_count_max"":null,""local_exchange_changed_gene_count_count"":0,""child_distance_statistics_scope"":""accepted_unique_crossover_offspring"",""persistent_population_size"":1,""unique_population_size"":1,""best_population_fitness"":0.2174072265625,""configured_survivors_per_selection"":[16,4,1],""effective_survivors_per_selection"":[16,4,1],""effective_final_survivor_count"":1},""offspring_generation"":{""attempts"":130,""no_op_mutations"":0,""duplicate_candidates"":2,""infeasible_candidates"":0,""fixed_quant_legal_swap_counts"":[]},""maximum_depth_mutations_per_offspring"":3,""quantization_step_size"":1,""quantization_mutations_per_offspring"":1,""joint_aware_probability"":0.0,""adaptive_mutation"":false,""adaptive_mutation_strength"":1,""adaptive_mutation_patience"":3,""adaptive_mutation_max_strength"":3,""coarse_to_fine_mutation"":false,""coarse_to_fine_start_strength"":3,""coarse_to_fine_end_strength"":1,""stagnation_generations_after_selection"":0}",quantization,True,130,128,16,5,262144,262144,655360,18178,143917056,100955.93934431695,15276.82177734375
123,0.2164306640625,0.2174072265625,kl,0.2164306640625,,,,,0,{},128,16,4,1,"[16,4,1]","[2048,16384,131072]",6375608320,3.4642857142857144,3216.5078125,26982023168,26982023168,0,4,4,"{""type"":""mixed_depth_quantization"",""sequential_mode"":""none"",""joint_mutation_mode"":""standard"",""parent_before_generation_hash"":""b76efad10e000b19768dae26c8ea18582b7cddbcadd16f6d40fbf292e40ff16f"",""parent_after_generation_hash"":""da07e565d4669eba41d8dc8f9d5fcda23e5b27d848f4417ffe3873425106840d"",""generated_offspring_by_type"":{""depth"":65,""quantization"":63,""joint_aware"":0,""interaction_aware"":0,""sequential_quantization"":0,""fixed_quant_depth"":0,""component crossover"":0,""component crossover + repair"":0,""layer bundle crossover"":0,""layer bundle crossover + repair"":0},""depth_mask_entries_changed_by_type"":{""depth"":180,""quantization"":0,""joint_aware"":0,""interaction_aware"":0,""sequential_quantization"":0,""fixed_quant_depth"":0,""component crossover"":0,""component crossover + repair"":0,""layer bundle crossover"":0,""layer bundle crossover + repair"":0},""quant_assignments_changed_by_type"":{""depth"":127,""quantization"":140,""joint_aware"":0,""interaction_aware"":0,""sequential_quantization"":0,""fixed_quant_depth"":0,""component crossover"":0,""component crossover + repair"":0,""layer bundle crossover"":0,""layer bundle crossover + repair"":0},""depth_mask_entries_changed_total"":180,""quant_assignments_changed_total"":267,""interaction_aware_details"":{""budget_repair_quant_changes"":0,""preferred_quant_exchanges_used"":0,""fallback_quant_exchanges_used"":0},""crossover_diagnostics"":{""crossover_type"":""component"",""crossover_parent_selection"":""uniform"",""crossover_offspring"":0,""crossover_offspring_accepted"":0,""mutation_offspring_accepted"":128,""mutation_offspring"":128,""crossover_offspring_attempted"":0,""crossover_duplicates"":0,""crossover_infeasible_candidates"":0,""crossover_repair_changed_gene_count"":0,""crossover_repaired_proposals"":0,""parent_distance_mean"":null,""parent_distance_min"":null,""parent_distance_max"":null,""child_distance_from_parent_a_mean"":null,""child_distance_from_parent_b_mean"":null,""layers_from_parent_a_mean"":null,""layers_from_parent_b_mean"":null,""crossover_no_legal_exchange"":0,""local_exchange_attention"":0,""local_exchange_mlp"":0,""local_exchange_quantization"":0,""local_exchange_block"":0,""child_distance_from_base_mean"":null,""child_distance_from_base_min"":null,""child_distance_from_base_max"":null,""child_distance_from_base_count"":0,""child_distance_from_donor_mean"":null,""child_distance_from_donor_min"":null,""child_distance_from_donor_max"":null,""child_distance_from_donor_count"":0,""donor_distance_reduction_mean"":null,""donor_distance_reduction_min"":null,""donor_distance_reduction_max"":null,""donor_distance_reduction_count"":0,""local_exchange_changed_gene_count_mean"":null,""local_exchange_changed_gene_count_min"":null,""local_exchange_changed_gene_count_max"":null,""local_exchange_changed_gene_count_count"":0,""child_distance_statistics_scope"":""accepted_unique_crossover_offspring"",""persistent_population_size"":1,""unique_population_size"":1,""best_population_fitness"":0.2164306640625,""configured_survivors_per_selection"":[16,4,1],""effective_survivors_per_selection"":[16,4,1],""effective_final_survivor_count"":1},""offspring_generation"":{""attempts"":128,""no_op_mutations"":0,""duplicate_candidates"":0,""infeasible_candidates"":0,""fixed_quant_legal_swap_counts"":[]},""maximum_depth_mutations_per_offspring"":3,""quantization_step_size"":1,""quantization_mutations_per_offspring"":1,""joint_aware_probability"":0.0,""adaptive_mutation"":false,""adaptive_mutation_strength"":1,""adaptive_mutation_patience"":3,""adaptive_mutation_max_strength"":3,""coarse_to_fine_mutation"":false,""coarse_to_fine_start_strength"":3,""coarse_to_fine_end_strength"":1,""stagnation_generations_after_selection"":0}",quantization,True,128,128,16,5,262144,262144,655360,18327,145096704,101746.87167669495,15276.82177734375
124,0.221923828125,0.2164306640625,kl,0.221923828125,,,,,0,{},128,16,4,1,"[16,4,1]","[2048,16384,131072]",6375608320,3.4642857142857144,3216.5078125,26982023168,26982023168,0,4,4,"{""type"":""mixed_depth_quantization"",""sequential_mode"":""none"",""joint_mutation_mode"":""standard"",""parent_before_generation_hash"":""da07e565d4669eba41d8dc8f9d5fcda23e5b27d848f4417ffe3873425106840d"",""parent_after_generation_hash"":""7eda07633a519989017d3c036912e538b3372b3b5d82937d1538637ba83029ac"",""generated_offspring_by_type"":{""depth"":64,""quantization"":64,""joint_aware"":0,""interaction_aware"":0,""sequential_quantization"":0,""fixed_quant_depth"":0,""component crossover"":0,""component crossover + repair"":0,""layer bundle crossover"":0,""layer bundle crossover + repair"":0},""depth_mask_entries_changed_by_type"":{""depth"":192,""quantization"":0,""joint_aware"":0,""interaction_aware"":0,""sequential_quantization"":0,""fixed_quant_depth"":0,""component crossover"":0,""component crossover + repair"":0,""layer bundle crossover"":0,""layer bundle crossover + repair"":0},""quant_assignments_changed_by_type"":{""depth"":124,""quantization"":145,""joint_aware"":0,""interaction_aware"":0,""sequential_quantization"":0,""fixed_quant_depth"":0,""component crossover"":0,""component crossover + repair"":0,""layer bundle crossover"":0,""layer bundle crossover + repair"":0},""depth_mask_entries_changed_total"":192,""quant_assignments_changed_total"":269,""interaction_aware_details"":{""budget_repair_quant_changes"":0,""preferred_quant_exchanges_used"":0,""fallback_quant_exchanges_used"":0},""crossover_diagnostics"":{""crossover_type"":""component"",""crossover_parent_selection"":""uniform"",""crossover_offspring"":0,""crossover_offspring_accepted"":0,""mutation_offspring_accepted"":128,""mutation_offspring"":128,""crossover_offspring_attempted"":0,""crossover_duplicates"":0,""crossover_infeasible_candidates"":0,""crossover_repair_changed_gene_count"":0,""crossover_repaired_proposals"":0,""parent_distance_mean"":null,""parent_distance_min"":null,""parent_distance_max"":null,""child_distance_from_parent_a_mean"":null,""child_distance_from_parent_b_mean"":null,""layers_from_parent_a_mean"":null,""layers_from_parent_b_mean"":null,""crossover_no_legal_exchange"":0,""local_exchange_attention"":0,""local_exchange_mlp"":0,""local_exchange_quantization"":0,""local_exchange_block"":0,""child_distance_from_base_mean"":null,""child_distance_from_base_min"":null,""child_distance_from_base_max"":null,""child_distance_from_base_count"":0,""child_distance_from_donor_mean"":null,""child_distance_from_donor_min"":null,""child_distance_from_donor_max"":null,""child_distance_from_donor_count"":0,""donor_distance_reduction_mean"":null,""donor_distance_reduction_min"":null,""donor_distance_reduction_max"":null,""donor_distance_reduction_count"":0,""local_exchange_changed_gene_count_mean"":null,""local_exchange_changed_gene_count_min"":null,""local_exchange_changed_gene_count_max"":null,""local_exchange_changed_gene_count_count"":0,""child_distance_statistics_scope"":""accepted_unique_crossover_offspring"",""persistent_population_size"":1,""unique_population_size"":1,""best_population_fitness"":0.221923828125,""configured_survivors_per_selection"":[16,4,1],""effective_survivors_per_selection"":[16,4,1],""effective_final_survivor_count"":1},""offspring_generation"":{""attempts"":128,""no_op_mutations"":0,""duplicate_candidates"":0,""infeasible_candidates"":0,""fixed_quant_legal_swap_counts"":[]},""maximum_depth_mutations_per_offspring"":3,""quantization_step_size"":1,""quantization_mutations_per_offspring"":1,""joint_aware_probability"":0.0,""adaptive_mutation"":false,""adaptive_mutation_strength"":1,""adaptive_mutation_patience"":3,""adaptive_mutation_max_strength"":3,""coarse_to_fine_mutation"":false,""coarse_to_fine_start_strength"":3,""coarse_to_fine_end_strength"":1,""stagnation_generations_after_selection"":0}",quantization,True,128,128,16,5,262144,262144,655360,18476,146276352,102482.55541051098,15276.82177734375
125,0.2254638671875,0.221923828125,kl,0.2254638671875,,,,,0,{},128,16,4,1,"[16,4,1]","[2048,16384,131072]",6375608320,3.4642857142857144,3216.5078125,26982023168,26982023168,0,4,4,"{""type"":""mixed_depth_quantization"",""sequential_mode"":""none"",""joint_mutation_mode"":""standard"",""parent_before_generation_hash"":""7eda07633a519989017d3c036912e538b3372b3b5d82937d1538637ba83029ac"",""parent_after_generation_hash"":""83ea2169d803b0a2619cefd17c4175ba95b439d860340afb9f8febf36ceee738"",""generated_offspring_by_type"":{""depth"":57,""quantization"":71,""joint_aware"":0,""interaction_aware"":0,""sequential_quantization"":0,""fixed_quant_depth"":0,""component crossover"":0,""component crossover + repair"":0,""layer bundle crossover"":0,""layer bundle crossover + repair"":0},""depth_mask_entries_changed_by_type"":{""depth"":162,""quantization"":0,""joint_aware"":0,""interaction_aware"":0,""sequential_quantization"":0,""fixed_quant_depth"":0,""component crossover"":0,""component crossover + repair"":0,""layer bundle crossover"":0,""layer bundle crossover + repair"":0},""quant_assignments_changed_by_type"":{""depth"":110,""quantization"":156,""joint_aware"":0,""interaction_aware"":0,""sequential_quantization"":0,""fixed_quant_depth"":0,""component crossover"":0,""component crossover + repair"":0,""layer bundle crossover"":0,""layer bundle crossover + repair"":0},""depth_mask_entries_changed_total"":162,""quant_assignments_changed_total"":266,""interaction_aware_details"":{""budget_repair_quant_changes"":0,""preferred_quant_exchanges_used"":0,""fallback_quant_exchanges_used"":0},""crossover_diagnostics"":{""crossover_type"":""component"",""crossover_parent_selection"":""uniform"",""crossover_offspring"":0,""crossover_offspring_accepted"":0,""mutation_offspring_accepted"":128,""mutation_offspring"":128,""crossover_offspring_attempted"":0,""crossover_duplicates"":0,""crossover_infeasible_candidates"":0,""crossover_repair_changed_gene_count"":0,""crossover_repaired_proposals"":0,""parent_distance_mean"":null,""parent_distance_min"":null,""parent_distance_max"":null,""child_distance_from_parent_a_mean"":null,""child_distance_from_parent_b_mean"":null,""layers_from_parent_a_mean"":null,""layers_from_parent_b_mean"":null,""crossover_no_legal_exchange"":0,""local_exchange_attention"":0,""local_exchange_mlp"":0,""local_exchange_quantization"":0,""local_exchange_block"":0,""child_distance_from_base_mean"":null,""child_distance_from_base_min"":null,""child_distance_from_base_max"":null,""child_distance_from_base_count"":0,""child_distance_from_donor_mean"":null,""child_distance_from_donor_min"":null,""child_distance_from_donor_max"":null,""child_distance_from_donor_count"":0,""donor_distance_reduction_mean"":null,""donor_distance_reduction_min"":null,""donor_distance_reduction_max"":null,""donor_distance_reduction_count"":0,""local_exchange_changed_gene_count_mean"":null,""local_exchange_changed_gene_count_min"":null,""local_exchange_changed_gene_count_max"":null,""local_exchange_changed_gene_count_count"":0,""child_distance_statistics_scope"":""accepted_unique_crossover_offspring"",""persistent_population_size"":1,""unique_population_size"":1,""best_population_fitness"":0.2254638671875,""configured_survivors_per_selection"":[16,4,1],""effective_survivors_per_selection"":[16,4,1],""effective_final_survivor_count"":1},""offspring_generation"":{""attempts"":129,""no_op_mutations"":0,""duplicate_candidates"":1,""infeasible_candidates"":0,""fixed_quant_legal_swap_counts"":[]},""maximum_depth_mutations_per_offspring"":3,""quantization_step_size"":1,""quantization_mutations_per_offspring"":1,""joint_aware_probability"":0.0,""adaptive_mutation"":false,""adaptive_mutation_strength"":1,""adaptive_mutation_patience"":3,""adaptive_mutation_max_strength"":3,""coarse_to_fine_mutation"":false,""coarse_to_fine_start_strength"":3,""coarse_to_fine_end_strength"":1,""stagnation_generations_after_selection"":0}",quantization,True,129,128,16,5,262144,262144,655360,18625,147456000,103281.400347088,15276.82177734375
126,0.20849609375,0.2254638671875,kl,0.20849609375,7.91015625,6.68359375,9.7109375,,917504,"{""wikitext2"":327680,""c4"":589824}",128,16,4,1,"[16,4,1]","[2048,16384,131072]",6375608320,3.4642857142857144,3216.5078125,26982023168,26982023168,0,4,4,"{""type"":""mixed_depth_quantization"",""sequential_mode"":""none"",""joint_mutation_mode"":""standard"",""parent_before_generation_hash"":""83ea2169d803b0a2619cefd17c4175ba95b439d860340afb9f8febf36ceee738"",""parent_after_generation_hash"":""220ae108a3ece338e06370a3dd6c35e3f93638d87b77246f7788c5396b980e46"",""generated_offspring_by_type"":{""depth"":69,""quantization"":59,""joint_aware"":0,""interaction_aware"":0,""sequential_quantization"":0,""fixed_quant_depth"":0,""component crossover"":0,""component crossover + repair"":0,""layer bundle crossover"":0,""layer bundle crossover + repair"":0},""depth_mask_entries_changed_by_type"":{""depth"":194,""quantization"":0,""joint_aware"":0,""interaction_aware"":0,""sequential_quantization"":0,""fixed_quant_depth"":0,""component crossover"":0,""component crossover + repair"":0,""layer bundle crossover"":0,""layer bundle crossover + repair"":0},""quant_assignments_changed_by_type"":{""depth"":123,""quantization"":131,""joint_aware"":0,""interaction_aware"":0,""sequential_quantization"":0,""fixed_quant_depth"":0,""component crossover"":0,""component crossover + repair"":0,""layer bundle crossover"":0,""layer bundle crossover + repair"":0},""depth_mask_entries_changed_total"":194,""quant_assignments_changed_total"":254,""interaction_aware_details"":{""budget_repair_quant_changes"":0,""preferred_quant_exchanges_used"":0,""fallback_quant_exchanges_used"":0},""crossover_diagnostics"":{""crossover_type"":""component"",""crossover_parent_selection"":""uniform"",""crossover_offspring"":0,""crossover_offspring_accepted"":0,""mutation_offspring_accepted"":128,""mutation_offspring"":128,""crossover_offspring_attempted"":0,""crossover_duplicates"":0,""crossover_infeasible_candidates"":0,""crossover_repair_changed_gene_count"":0,""crossover_repaired_proposals"":0,""parent_distance_mean"":null,""parent_distance_min"":null,""parent_distance_max"":null,""child_distance_from_parent_a_mean"":null,""child_distance_from_parent_b_mean"":null,""layers_from_parent_a_mean"":null,""layers_from_parent_b_mean"":null,""crossover_no_legal_exchange"":0,""local_exchange_attention"":0,""local_exchange_mlp"":0,""local_exchange_quantization"":0,""local_exchange_block"":0,""child_distance_from_base_mean"":null,""child_distance_from_base_min"":null,""child_distance_from_base_max"":null,""child_distance_from_base_count"":0,""child_distance_from_donor_mean"":null,""child_distance_from_donor_min"":null,""child_distance_from_donor_max"":null,""child_distance_from_donor_count"":0,""donor_distance_reduction_mean"":null,""donor_distance_reduction_min"":null,""donor_distance_reduction_max"":null,""donor_distance_reduction_count"":0,""local_exchange_changed_gene_count_mean"":null,""local_exchange_changed_gene_count_min"":null,""local_exchange_changed_gene_count_max"":null,""local_exchange_changed_gene_count_count"":0,""child_distance_statistics_scope"":""accepted_unique_crossover_offspring"",""persistent_population_size"":1,""unique_population_size"":1,""best_population_fitness"":0.20849609375,""configured_survivors_per_selection"":[16,4,1],""effective_survivors_per_selection"":[16,4,1],""effective_final_survivor_count"":1},""offspring_generation"":{""attempts"":129,""no_op_mutations"":0,""duplicate_candidates"":1,""infeasible_candidates"":0,""fixed_quant_legal_swap_counts"":[]},""maximum_depth_mutations_per_offspring"":3,""quantization_step_size"":1,""quantization_mutations_per_offspring"":1,""joint_aware_probability"":0.0,""adaptive_mutation"":false,""adaptive_mutation_strength"":1,""adaptive_mutation_patience"":3,""adaptive_mutation_max_strength"":3,""coarse_to_fine_mutation"":false,""coarse_to_fine_start_strength"":3,""coarse_to_fine_end_strength"":1,""stagnation_generations_after_selection"":0}",quantization,True,129,128,16,5,262144,262144,655360,18774,148635648,104239.38114857906,15276.82177734375
127,0.2093505859375,0.20849609375,kl,0.2093505859375,,,,,0,{},128,16,4,1,"[16,4,1]","[2048,16384,131072]",6375608320,3.4642857142857144,3216.5078125,26982023168,26982023168,0,4,4,"{""type"":""mixed_depth_quantization"",""sequential_mode"":""none"",""joint_mutation_mode"":""standard"",""parent_before_generation_hash"":""220ae108a3ece338e06370a3dd6c35e3f93638d87b77246f7788c5396b980e46"",""parent_after_generation_hash"":""dc3a3d41b1d9ab7fbdf804121171763514e3cecf7c90108b9f0229f2b0386158"",""generated_offspring_by_type"":{""depth"":62,""quantization"":66,""joint_aware"":0,""interaction_aware"":0,""sequential_quantization"":0,""fixed_quant_depth"":0,""component crossover"":0,""component crossover + repair"":0,""layer bundle crossover"":0,""layer bundle crossover + repair"":0},""depth_mask_entries_changed_by_type"":{""depth"":178,""quantization"":0,""joint_aware"":0,""interaction_aware"":0,""sequential_quantization"":0,""fixed_quant_depth"":0,""component crossover"":0,""component crossover + repair"":0,""layer bundle crossover"":0,""layer bundle crossover + repair"":0},""quant_assignments_changed_by_type"":{""depth"":127,""quantization"":149,""joint_aware"":0,""interaction_aware"":0,""sequential_quantization"":0,""fixed_quant_depth"":0,""component crossover"":0,""component crossover + repair"":0,""layer bundle crossover"":0,""layer bundle crossover + repair"":0},""depth_mask_entries_changed_total"":178,""quant_assignments_changed_total"":276,""interaction_aware_details"":{""budget_repair_quant_changes"":0,""preferred_quant_exchanges_used"":0,""fallback_quant_exchanges_used"":0},""crossover_diagnostics"":{""crossover_type"":""component"",""crossover_parent_selection"":""uniform"",""crossover_offspring"":0,""crossover_offspring_accepted"":0,""mutation_offspring_accepted"":128,""mutation_offspring"":128,""crossover_offspring_attempted"":0,""crossover_duplicates"":0,""crossover_infeasible_candidates"":0,""crossover_repair_changed_gene_count"":0,""crossover_repaired_proposals"":0,""parent_distance_mean"":null,""parent_distance_min"":null,""parent_distance_max"":null,""child_distance_from_parent_a_mean"":null,""child_distance_from_parent_b_mean"":null,""layers_from_parent_a_mean"":null,""layers_from_parent_b_mean"":null,""crossover_no_legal_exchange"":0,""local_exchange_attention"":0,""local_exchange_mlp"":0,""local_exchange_quantization"":0,""local_exchange_block"":0,""child_distance_from_base_mean"":null,""child_distance_from_base_min"":null,""child_distance_from_base_max"":null,""child_distance_from_base_count"":0,""child_distance_from_donor_mean"":null,""child_distance_from_donor_min"":null,""child_distance_from_donor_max"":null,""child_distance_from_donor_count"":0,""donor_distance_reduction_mean"":null,""donor_distance_reduction_min"":null,""donor_distance_reduction_max"":null,""donor_distance_reduction_count"":0,""local_exchange_changed_gene_count_mean"":null,""local_exchange_changed_gene_count_min"":null,""local_exchange_changed_gene_count_max"":null,""local_exchange_changed_gene_count_count"":0,""child_distance_statistics_scope"":""accepted_unique_crossover_offspring"",""persistent_population_size"":1,""unique_population_size"":1,""best_population_fitness"":0.2093505859375,""configured_survivors_per_selection"":[16,4,1],""effective_survivors_per_selection"":[16,4,1],""effective_final_survivor_count"":1},""offspring_generation"":{""attempts"":128,""no_op_mutations"":0,""duplicate_candidates"":0,""infeasible_candidates"":0,""fixed_quant_legal_swap_counts"":[]},""maximum_depth_mutations_per_offspring"":3,""quantization_step_size"":1,""quantization_mutations_per_offspring"":1,""joint_aware_probability"":0.0,""adaptive_mutation"":false,""adaptive_mutation_strength"":1,""adaptive_mutation_patience"":3,""adaptive_mutation_max_strength"":3,""coarse_to_fine_mutation"":false,""coarse_to_fine_start_strength"":3,""coarse_to_fine_end_strength"":1,""stagnation_generations_after_selection"":0}",quantization,True,128,128,16,5,262144,262144,655360,18923,149815296,105053.384234978,15276.82177734375
128,0.212890625,0.2093505859375,kl,0.212890625,,,,,0,{},128,16,4,1,"[16,4,1]","[2048,16384,131072]",6375608320,3.4642857142857144,3216.5078125,26982023168,26982023168,0,4,4,"{""type"":""mixed_depth_quantization"",""sequential_mode"":""none"",""joint_mutation_mode"":""standard"",""parent_before_generation_hash"":""dc3a3d41b1d9ab7fbdf804121171763514e3cecf7c90108b9f0229f2b0386158"",""parent_after_generation_hash"":""409a2ceec2183694a9ceb51fbbc0ef14ba9bca4c1ff43b29381a3cbd1edc1e57"",""generated_offspring_by_type"":{""depth"":61,""quantization"":67,""joint_aware"":0,""interaction_aware"":0,""sequential_quantization"":0,""fixed_quant_depth"":0,""component crossover"":0,""component crossover + repair"":0,""layer bundle crossover"":0,""layer bundle crossover + repair"":0},""depth_mask_entries_changed_by_type"":{""depth"":184,""quantization"":0,""joint_aware"":0,""interaction_aware"":0,""sequential_quantization"":0,""fixed_quant_depth"":0,""component crossover"":0,""component crossover + repair"":0,""layer bundle crossover"":0,""layer bundle crossover + repair"":0},""quant_assignments_changed_by_type"":{""depth"":117,""quantization"":147,""joint_aware"":0,""interaction_aware"":0,""sequential_quantization"":0,""fixed_quant_depth"":0,""component crossover"":0,""component crossover + repair"":0,""layer bundle crossover"":0,""layer bundle crossover + repair"":0},""depth_mask_entries_changed_total"":184,""quant_assignments_changed_total"":264,""interaction_aware_details"":{""budget_repair_quant_changes"":0,""preferred_quant_exchanges_used"":0,""fallback_quant_exchanges_used"":0},""crossover_diagnostics"":{""crossover_type"":""component"",""crossover_parent_selection"":""uniform"",""crossover_offspring"":0,""crossover_offspring_accepted"":0,""mutation_offspring_accepted"":128,""mutation_offspring"":128,""crossover_offspring_attempted"":0,""crossover_duplicates"":0,""crossover_infeasible_candidates"":0,""crossover_repair_changed_gene_count"":0,""crossover_repaired_proposals"":0,""parent_distance_mean"":null,""parent_distance_min"":null,""parent_distance_max"":null,""child_distance_from_parent_a_mean"":null,""child_distance_from_parent_b_mean"":null,""layers_from_parent_a_mean"":null,""layers_from_parent_b_mean"":null,""crossover_no_legal_exchange"":0,""local_exchange_attention"":0,""local_exchange_mlp"":0,""local_exchange_quantization"":0,""local_exchange_block"":0,""child_distance_from_base_mean"":null,""child_distance_from_base_min"":null,""child_distance_from_base_max"":null,""child_distance_from_base_count"":0,""child_distance_from_donor_mean"":null,""child_distance_from_donor_min"":null,""child_distance_from_donor_max"":null,""child_distance_from_donor_count"":0,""donor_distance_reduction_mean"":null,""donor_distance_reduction_min"":null,""donor_distance_reduction_max"":null,""donor_distance_reduction_count"":0,""local_exchange_changed_gene_count_mean"":null,""local_exchange_changed_gene_count_min"":null,""local_exchange_changed_gene_count_max"":null,""local_exchange_changed_gene_count_count"":0,""child_distance_statistics_scope"":""accepted_unique_crossover_offspring"",""persistent_population_size"":1,""unique_population_size"":1,""best_population_fitness"":0.212890625,""configured_survivors_per_selection"":[16,4,1],""effective_survivors_per_selection"":[16,4,1],""effective_final_survivor_count"":1},""offspring_generation"":{""attempts"":128,""no_op_mutations"":0,""duplicate_candidates"":0,""infeasible_candidates"":0,""fixed_quant_legal_swap_counts"":[]},""maximum_depth_mutations_per_offspring"":3,""quantization_step_size"":1,""quantization_mutations_per_offspring"":1,""joint_aware_probability"":0.0,""adaptive_mutation"":false,""adaptive_mutation_strength"":1,""adaptive_mutation_patience"":3,""adaptive_mutation_max_strength"":3,""coarse_to_fine_mutation"":false,""coarse_to_fine_start_strength"":3,""coarse_to_fine_end_strength"":1,""stagnation_generations_after_selection"":0}",quantization,True,128,128,16,5,262144,262144,655360,19072,150994944,105858.32559798798,15276.82177734375
129,0.223388671875,0.212890625,kl,0.223388671875,,,,,0,{},128,16,4,1,"[16,4,1]","[2048,16384,131072]",6375608320,3.4642857142857144,3216.5078125,26982023168,26982023168,0,4,4,"{""type"":""mixed_depth_quantization"",""sequential_mode"":""none"",""joint_mutation_mode"":""standard"",""parent_before_generation_hash"":""409a2ceec2183694a9ceb51fbbc0ef14ba9bca4c1ff43b29381a3cbd1edc1e57"",""parent_after_generation_hash"":""c39503b2c569b314116d323ffd0716154fd1a5da0a67bb7117bdd4bc2617b90e"",""generated_offspring_by_type"":{""depth"":67,""quantization"":61,""joint_aware"":0,""interaction_aware"":0,""sequential_quantization"":0,""fixed_quant_depth"":0,""component crossover"":0,""component crossover + repair"":0,""layer bundle crossover"":0,""layer bundle crossover + repair"":0},""depth_mask_entries_changed_by_type"":{""depth"":192,""quantization"":0,""joint_aware"":0,""interaction_aware"":0,""sequential_quantization"":0,""fixed_quant_depth"":0,""component crossover"":0,""component crossover + repair"":0,""layer bundle crossover"":0,""layer bundle crossover + repair"":0},""quant_assignments_changed_by_type"":{""depth"":138,""quantization"":136,""joint_aware"":0,""interaction_aware"":0,""sequential_quantization"":0,""fixed_quant_depth"":0,""component crossover"":0,""component crossover + repair"":0,""layer bundle crossover"":0,""layer bundle crossover + repair"":0},""depth_mask_entries_changed_total"":192,""quant_assignments_changed_total"":274,""interaction_aware_details"":{""budget_repair_quant_changes"":0,""preferred_quant_exchanges_used"":0,""fallback_quant_exchanges_used"":0},""crossover_diagnostics"":{""crossover_type"":""component"",""crossover_parent_selection"":""uniform"",""crossover_offspring"":0,""crossover_offspring_accepted"":0,""mutation_offspring_accepted"":128,""mutation_offspring"":128,""crossover_offspring_attempted"":0,""crossover_duplicates"":0,""crossover_infeasible_candidates"":0,""crossover_repair_changed_gene_count"":0,""crossover_repaired_proposals"":0,""parent_distance_mean"":null,""parent_distance_min"":null,""parent_distance_max"":null,""child_distance_from_parent_a_mean"":null,""child_distance_from_parent_b_mean"":null,""layers_from_parent_a_mean"":null,""layers_from_parent_b_mean"":null,""crossover_no_legal_exchange"":0,""local_exchange_attention"":0,""local_exchange_mlp"":0,""local_exchange_quantization"":0,""local_exchange_block"":0,""child_distance_from_base_mean"":null,""child_distance_from_base_min"":null,""child_distance_from_base_max"":null,""child_distance_from_base_count"":0,""child_distance_from_donor_mean"":null,""child_distance_from_donor_min"":null,""child_distance_from_donor_max"":null,""child_distance_from_donor_count"":0,""donor_distance_reduction_mean"":null,""donor_distance_reduction_min"":null,""donor_distance_reduction_max"":null,""donor_distance_reduction_count"":0,""local_exchange_changed_gene_count_mean"":null,""local_exchange_changed_gene_count_min"":null,""local_exchange_changed_gene_count_max"":null,""local_exchange_changed_gene_count_count"":0,""child_distance_statistics_scope"":""accepted_unique_crossover_offspring"",""persistent_population_size"":1,""unique_population_size"":1,""best_population_fitness"":0.223388671875,""configured_survivors_per_selection"":[16,4,1],""effective_survivors_per_selection"":[16,4,1],""effective_final_survivor_count"":1},""offspring_generation"":{""attempts"":128,""no_op_mutations"":0,""duplicate_candidates"":0,""infeasible_candidates"":0,""fixed_quant_legal_swap_counts"":[]},""maximum_depth_mutations_per_offspring"":3,""quantization_step_size"":1,""quantization_mutations_per_offspring"":1,""joint_aware_probability"":0.0,""adaptive_mutation"":false,""adaptive_mutation_strength"":1,""adaptive_mutation_patience"":3,""adaptive_mutation_max_strength"":3,""coarse_to_fine_mutation"":false,""coarse_to_fine_start_strength"":3,""coarse_to_fine_end_strength"":1,""stagnation_generations_after_selection"":0}",quantization,True,128,128,16,5,262144,262144,655360,19221,152174592,106603.59774644603,15276.82177734375
130,0.2142333984375,0.223388671875,kl,0.2142333984375,,,,,0,{},128,16,4,1,"[16,4,1]","[2048,16384,131072]",6375608320,3.4642857142857144,3216.5078125,26982023168,26982023168,0,4,4,"{""type"":""mixed_depth_quantization"",""sequential_mode"":""none"",""joint_mutation_mode"":""standard"",""parent_before_generation_hash"":""c39503b2c569b314116d323ffd0716154fd1a5da0a67bb7117bdd4bc2617b90e"",""parent_after_generation_hash"":""5b4df65146d7b43ac1e3d07da5b26345312019835be133fad25bb3f08efb1cdb"",""generated_offspring_by_type"":{""depth"":58,""quantization"":70,""joint_aware"":0,""interaction_aware"":0,""sequential_quantization"":0,""fixed_quant_depth"":0,""component crossover"":0,""component crossover + repair"":0,""layer bundle crossover"":0,""layer bundle crossover + repair"":0},""depth_mask_entries_changed_by_type"":{""depth"":184,""quantization"":0,""joint_aware"":0,""interaction_aware"":0,""sequential_quantization"":0,""fixed_quant_depth"":0,""component crossover"":0,""component crossover + repair"":0,""layer bundle crossover"":0,""layer bundle crossover + repair"":0},""quant_assignments_changed_by_type"":{""depth"":119,""quantization"":157,""joint_aware"":0,""interaction_aware"":0,""sequential_quantization"":0,""fixed_quant_depth"":0,""component crossover"":0,""component crossover + repair"":0,""layer bundle crossover"":0,""layer bundle crossover + repair"":0},""depth_mask_entries_changed_total"":184,""quant_assignments_changed_total"":276,""interaction_aware_details"":{""budget_repair_quant_changes"":0,""preferred_quant_exchanges_used"":0,""fallback_quant_exchanges_used"":0},""crossover_diagnostics"":{""crossover_type"":""component"",""crossover_parent_selection"":""uniform"",""crossover_offspring"":0,""crossover_offspring_accepted"":0,""mutation_offspring_accepted"":128,""mutation_offspring"":128,""crossover_offspring_attempted"":0,""crossover_duplicates"":0,""crossover_infeasible_candidates"":0,""crossover_repair_changed_gene_count"":0,""crossover_repaired_proposals"":0,""parent_distance_mean"":null,""parent_distance_min"":null,""parent_distance_max"":null,""child_distance_from_parent_a_mean"":null,""child_distance_from_parent_b_mean"":null,""layers_from_parent_a_mean"":null,""layers_from_parent_b_mean"":null,""crossover_no_legal_exchange"":0,""local_exchange_attention"":0,""local_exchange_mlp"":0,""local_exchange_quantization"":0,""local_exchange_block"":0,""child_distance_from_base_mean"":null,""child_distance_from_base_min"":null,""child_distance_from_base_max"":null,""child_distance_from_base_count"":0,""child_distance_from_donor_mean"":null,""child_distance_from_donor_min"":null,""child_distance_from_donor_max"":null,""child_distance_from_donor_count"":0,""donor_distance_reduction_mean"":null,""donor_distance_reduction_min"":null,""donor_distance_reduction_max"":null,""donor_distance_reduction_count"":0,""local_exchange_changed_gene_count_mean"":null,""local_exchange_changed_gene_count_min"":null,""local_exchange_changed_gene_count_max"":null,""local_exchange_changed_gene_count_count"":0,""child_distance_statistics_scope"":""accepted_unique_crossover_offspring"",""persistent_population_size"":1,""unique_population_size"":1,""best_population_fitness"":0.2142333984375,""configured_survivors_per_selection"":[16,4,1],""effective_survivors_per_selection"":[16,4,1],""effective_final_survivor_count"":1},""offspring_generation"":{""attempts"":128,""no_op_mutations"":0,""duplicate_candidates"":0,""infeasible_candidates"":0,""fixed_quant_legal_swap_counts"":[]},""maximum_depth_mutations_per_offspring"":3,""quantization_step_size"":1,""quantization_mutations_per_offspring"":1,""joint_aware_probability"":0.0,""adaptive_mutation"":false,""adaptive_mutation_strength"":1,""adaptive_mutation_patience"":3,""adaptive_mutation_max_strength"":3,""coarse_to_fine_mutation"":false,""coarse_to_fine_start_strength"":3,""coarse_to_fine_end_strength"":1,""stagnation_generations_after_selection"":0}",quantization,True,128,128,16,5,262144,262144,655360,19370,153354240,107305.19415759505,15276.82177734375
131,0.2137451171875,0.2142333984375,kl,0.2137451171875,7.91015625,6.6953125,9.734375,,917504,"{""wikitext2"":327680,""c4"":589824}",128,16,4,1,"[16,4,1]","[2048,16384,131072]",6375608320,3.4642857142857144,3216.5078125,26982023168,26982023168,0,4,4,"{""type"":""mixed_depth_quantization"",""sequential_mode"":""none"",""joint_mutation_mode"":""standard"",""parent_before_generation_hash"":""5b4df65146d7b43ac1e3d07da5b26345312019835be133fad25bb3f08efb1cdb"",""parent_after_generation_hash"":""4015aafb0e54935b09b99368974f1db9c92e1e4ae2563a9f0a5d5248350c4afb"",""generated_offspring_by_type"":{""depth"":69,""quantization"":59,""joint_aware"":0,""interaction_aware"":0,""sequential_quantization"":0,""fixed_quant_depth"":0,""component crossover"":0,""component crossover + repair"":0,""layer bundle crossover"":0,""layer bundle crossover + repair"":0},""depth_mask_entries_changed_by_type"":{""depth"":208,""quantization"":0,""joint_aware"":0,""interaction_aware"":0,""sequential_quantization"":0,""fixed_quant_depth"":0,""component crossover"":0,""component crossover + repair"":0,""layer bundle crossover"":0,""layer bundle crossover + repair"":0},""quant_assignments_changed_by_type"":{""depth"":129,""quantization"":131,""joint_aware"":0,""interaction_aware"":0,""sequential_quantization"":0,""fixed_quant_depth"":0,""component crossover"":0,""component crossover + repair"":0,""layer bundle crossover"":0,""layer bundle crossover + repair"":0},""depth_mask_entries_changed_total"":208,""quant_assignments_changed_total"":260,""interaction_aware_details"":{""budget_repair_quant_changes"":0,""preferred_quant_exchanges_used"":0,""fallback_quant_exchanges_used"":0},""crossover_diagnostics"":{""crossover_type"":""component"",""crossover_parent_selection"":""uniform"",""crossover_offspring"":0,""crossover_offspring_accepted"":0,""mutation_offspring_accepted"":128,""mutation_offspring"":128,""crossover_offspring_attempted"":0,""crossover_duplicates"":0,""crossover_infeasible_candidates"":0,""crossover_repair_changed_gene_count"":0,""crossover_repaired_proposals"":0,""parent_distance_mean"":null,""parent_distance_min"":null,""parent_distance_max"":null,""child_distance_from_parent_a_mean"":null,""child_distance_from_parent_b_mean"":null,""layers_from_parent_a_mean"":null,""layers_from_parent_b_mean"":null,""crossover_no_legal_exchange"":0,""local_exchange_attention"":0,""local_exchange_mlp"":0,""local_exchange_quantization"":0,""local_exchange_block"":0,""child_distance_from_base_mean"":null,""child_distance_from_base_min"":null,""child_distance_from_base_max"":null,""child_distance_from_base_count"":0,""child_distance_from_donor_mean"":null,""child_distance_from_donor_min"":null,""child_distance_from_donor_max"":null,""child_distance_from_donor_count"":0,""donor_distance_reduction_mean"":null,""donor_distance_reduction_min"":null,""donor_distance_reduction_max"":null,""donor_distance_reduction_count"":0,""local_exchange_changed_gene_count_mean"":null,""local_exchange_changed_gene_count_min"":null,""local_exchange_changed_gene_count_max"":null,""local_exchange_changed_gene_count_count"":0,""child_distance_statistics_scope"":""accepted_unique_crossover_offspring"",""persistent_population_size"":1,""unique_population_size"":1,""best_population_fitness"":0.2137451171875,""configured_survivors_per_selection"":[16,4,1],""effective_survivors_per_selection"":[16,4,1],""effective_final_survivor_count"":1},""offspring_generation"":{""attempts"":130,""no_op_mutations"":0,""duplicate_candidates"":2,""infeasible_candidates"":0,""fixed_quant_legal_swap_counts"":[]},""maximum_depth_mutations_per_offspring"":3,""quantization_step_size"":1,""quantization_mutations_per_offspring"":1,""joint_aware_probability"":0.0,""adaptive_mutation"":false,""adaptive_mutation_strength"":1,""adaptive_mutation_patience"":3,""adaptive_mutation_max_strength"":3,""coarse_to_fine_mutation"":false,""coarse_to_fine_start_strength"":3,""coarse_to_fine_end_strength"":1,""stagnation_generations_after_selection"":0}",quantization,True,130,128,16,5,262144,262144,655360,19519,154533888,108259.21838763298,15276.82177734375
132,0.207275390625,0.2137451171875,kl,0.207275390625,,,,,0,{},128,16,4,1,"[16,4,1]","[2048,16384,131072]",6375608320,3.4642857142857144,3216.5078125,26982023168,26982023168,0,4,4,"{""type"":""mixed_depth_quantization"",""sequential_mode"":""none"",""joint_mutation_mode"":""standard"",""parent_before_generation_hash"":""4015aafb0e54935b09b99368974f1db9c92e1e4ae2563a9f0a5d5248350c4afb"",""parent_after_generation_hash"":""4369164cfa9796d75b64744098832b0608cbedc14a65807a71ac26783e9708d7"",""generated_offspring_by_type"":{""depth"":61,""quantization"":67,""joint_aware"":0,""interaction_aware"":0,""sequential_quantization"":0,""fixed_quant_depth"":0,""component crossover"":0,""component crossover + repair"":0,""layer bundle crossover"":0,""layer bundle crossover + repair"":0},""depth_mask_entries_changed_by_type"":{""depth"":186,""quantization"":0,""joint_aware"":0,""interaction_aware"":0,""sequential_quantization"":0,""fixed_quant_depth"":0,""component crossover"":0,""component crossover + repair"":0,""layer bundle crossover"":0,""layer bundle crossover + repair"":0},""quant_assignments_changed_by_type"":{""depth"":128,""quantization"":153,""joint_aware"":0,""interaction_aware"":0,""sequential_quantization"":0,""fixed_quant_depth"":0,""component crossover"":0,""component crossover + repair"":0,""layer bundle crossover"":0,""layer bundle crossover + repair"":0},""depth_mask_entries_changed_total"":186,""quant_assignments_changed_total"":281,""interaction_aware_details"":{""budget_repair_quant_changes"":0,""preferred_quant_exchanges_used"":0,""fallback_quant_exchanges_used"":0},""crossover_diagnostics"":{""crossover_type"":""component"",""crossover_parent_selection"":""uniform"",""crossover_offspring"":0,""crossover_offspring_accepted"":0,""mutation_offspring_accepted"":128,""mutation_offspring"":128,""crossover_offspring_attempted"":0,""crossover_duplicates"":0,""crossover_infeasible_candidates"":0,""crossover_repair_changed_gene_count"":0,""crossover_repaired_proposals"":0,""parent_distance_mean"":null,""parent_distance_min"":null,""parent_distance_max"":null,""child_distance_from_parent_a_mean"":null,""child_distance_from_parent_b_mean"":null,""layers_from_parent_a_mean"":null,""layers_from_parent_b_mean"":null,""crossover_no_legal_exchange"":0,""local_exchange_attention"":0,""local_exchange_mlp"":0,""local_exchange_quantization"":0,""local_exchange_block"":0,""child_distance_from_base_mean"":null,""child_distance_from_base_min"":null,""child_distance_from_base_max"":null,""child_distance_from_base_count"":0,""child_distance_from_donor_mean"":null,""child_distance_from_donor_min"":null,""child_distance_from_donor_max"":null,""child_distance_from_donor_count"":0,""donor_distance_reduction_mean"":null,""donor_distance_reduction_min"":null,""donor_distance_reduction_max"":null,""donor_distance_reduction_count"":0,""local_exchange_changed_gene_count_mean"":null,""local_exchange_changed_gene_count_min"":null,""local_exchange_changed_gene_count_max"":null,""local_exchange_changed_gene_count_count"":0,""child_distance_statistics_scope"":""accepted_unique_crossover_offspring"",""persistent_population_size"":1,""unique_population_size"":1,""best_population_fitness"":0.207275390625,""configured_survivors_per_selection"":[16,4,1],""effective_survivors_per_selection"":[16,4,1],""effective_final_survivor_count"":1},""offspring_generation"":{""attempts"":129,""no_op_mutations"":1,""duplicate_candidates"":0,""infeasible_candidates"":0,""fixed_quant_legal_swap_counts"":[]},""maximum_depth_mutations_per_offspring"":3,""quantization_step_size"":1,""quantization_mutations_per_offspring"":1,""joint_aware_probability"":0.0,""adaptive_mutation"":false,""adaptive_mutation_strength"":1,""adaptive_mutation_patience"":3,""adaptive_mutation_max_strength"":3,""coarse_to_fine_mutation"":false,""coarse_to_fine_start_strength"":3,""coarse_to_fine_end_strength"":1,""stagnation_generations_after_selection"":0}",quantization,True,129,128,16,5,262144,262144,655360,19668,155713536,109011.44124903006,15276.82177734375
133,0.2171630859375,0.207275390625,kl,0.2171630859375,,,,,0,{},128,16,4,1,"[16,4,1]","[2048,16384,131072]",6375608320,3.4642857142857144,3216.5078125,26982023168,26982023168,0,4,4,"{""type"":""mixed_depth_quantization"",""sequential_mode"":""none"",""joint_mutation_mode"":""standard"",""parent_before_generation_hash"":""4369164cfa9796d75b64744098832b0608cbedc14a65807a71ac26783e9708d7"",""parent_after_generation_hash"":""4369164cfa9796d75b64744098832b0608cbedc14a65807a71ac26783e9708d7"",""generated_offspring_by_type"":{""depth"":59,""quantization"":69,""joint_aware"":0,""interaction_aware"":0,""sequential_quantization"":0,""fixed_quant_depth"":0,""component crossover"":0,""component crossover + repair"":0,""layer bundle crossover"":0,""layer bundle crossover + repair"":0},""depth_mask_entries_changed_by_type"":{""depth"":178,""quantization"":0,""joint_aware"":0,""interaction_aware"":0,""sequential_quantization"":0,""fixed_quant_depth"":0,""component crossover"":0,""component crossover + repair"":0,""layer bundle crossover"":0,""layer bundle crossover + repair"":0},""quant_assignments_changed_by_type"":{""depth"":127,""quantization"":148,""joint_aware"":0,""interaction_aware"":0,""sequential_quantization"":0,""fixed_quant_depth"":0,""component crossover"":0,""component crossover + repair"":0,""layer bundle crossover"":0,""layer bundle crossover + repair"":0},""depth_mask_entries_changed_total"":178,""quant_assignments_changed_total"":275,""interaction_aware_details"":{""budget_repair_quant_changes"":0,""preferred_quant_exchanges_used"":0,""fallback_quant_exchanges_used"":0},""crossover_diagnostics"":{""crossover_type"":""component"",""crossover_parent_selection"":""uniform"",""crossover_offspring"":0,""crossover_offspring_accepted"":0,""mutation_offspring_accepted"":128,""mutation_offspring"":128,""crossover_offspring_attempted"":0,""crossover_duplicates"":0,""crossover_infeasible_candidates"":0,""crossover_repair_changed_gene_count"":0,""crossover_repaired_proposals"":0,""parent_distance_mean"":null,""parent_distance_min"":null,""parent_distance_max"":null,""child_distance_from_parent_a_mean"":null,""child_distance_from_parent_b_mean"":null,""layers_from_parent_a_mean"":null,""layers_from_parent_b_mean"":null,""crossover_no_legal_exchange"":0,""local_exchange_attention"":0,""local_exchange_mlp"":0,""local_exchange_quantization"":0,""local_exchange_block"":0,""child_distance_from_base_mean"":null,""child_distance_from_base_min"":null,""child_distance_from_base_max"":null,""child_distance_from_base_count"":0,""child_distance_from_donor_mean"":null,""child_distance_from_donor_min"":null,""child_distance_from_donor_max"":null,""child_distance_from_donor_count"":0,""donor_distance_reduction_mean"":null,""donor_distance_reduction_min"":null,""donor_distance_reduction_max"":null,""donor_distance_reduction_count"":0,""local_exchange_changed_gene_count_mean"":null,""local_exchange_changed_gene_count_min"":null,""local_exchange_changed_gene_count_max"":null,""local_exchange_changed_gene_count_count"":0,""child_distance_statistics_scope"":""accepted_unique_crossover_offspring"",""persistent_population_size"":1,""unique_population_size"":1,""best_population_fitness"":0.2171630859375,""configured_survivors_per_selection"":[16,4,1],""effective_survivors_per_selection"":[16,4,1],""effective_final_survivor_count"":1},""offspring_generation"":{""attempts"":128,""no_op_mutations"":0,""duplicate_candidates"":0,""infeasible_candidates"":0,""fixed_quant_legal_swap_counts"":[]},""maximum_depth_mutations_per_offspring"":3,""quantization_step_size"":1,""quantization_mutations_per_offspring"":1,""joint_aware_probability"":0.0,""adaptive_mutation"":false,""adaptive_mutation_strength"":1,""adaptive_mutation_patience"":3,""adaptive_mutation_max_strength"":3,""coarse_to_fine_mutation"":false,""coarse_to_fine_start_strength"":3,""coarse_to_fine_end_strength"":1,""stagnation_generations_after_selection"":1}",parent,False,128,128,16,5,262144,262144,655360,19817,156893184,109739.76194889902,15276.82177734375
134,0.2161865234375,0.2171630859375,kl,0.2161865234375,,,,,0,{},128,16,4,1,"[16,4,1]","[2048,16384,131072]",6375608320,3.4642857142857144,3216.5078125,26982023168,26982023168,0,4,4,"{""type"":""mixed_depth_quantization"",""sequential_mode"":""none"",""joint_mutation_mode"":""standard"",""parent_before_generation_hash"":""4369164cfa9796d75b64744098832b0608cbedc14a65807a71ac26783e9708d7"",""parent_after_generation_hash"":""6f61b6c1eb7bfa3643e9e4aeccdc7fbf0dff889161cb167e3e65a64687e3d0ca"",""generated_offspring_by_type"":{""depth"":64,""quantization"":64,""joint_aware"":0,""interaction_aware"":0,""sequential_quantization"":0,""fixed_quant_depth"":0,""component crossover"":0,""component crossover + repair"":0,""layer bundle crossover"":0,""layer bundle crossover + repair"":0},""depth_mask_entries_changed_by_type"":{""depth"":172,""quantization"":0,""joint_aware"":0,""interaction_aware"":0,""sequential_quantization"":0,""fixed_quant_depth"":0,""component crossover"":0,""component crossover + repair"":0,""layer bundle crossover"":0,""layer bundle crossover + repair"":0},""quant_assignments_changed_by_type"":{""depth"":115,""quantization"":139,""joint_aware"":0,""interaction_aware"":0,""sequential_quantization"":0,""fixed_quant_depth"":0,""component crossover"":0,""component crossover + repair"":0,""layer bundle crossover"":0,""layer bundle crossover + repair"":0},""depth_mask_entries_changed_total"":172,""quant_assignments_changed_total"":254,""interaction_aware_details"":{""budget_repair_quant_changes"":0,""preferred_quant_exchanges_used"":0,""fallback_quant_exchanges_used"":0},""crossover_diagnostics"":{""crossover_type"":""component"",""crossover_parent_selection"":""uniform"",""crossover_offspring"":0,""crossover_offspring_accepted"":0,""mutation_offspring_accepted"":128,""mutation_offspring"":128,""crossover_offspring_attempted"":0,""crossover_duplicates"":0,""crossover_infeasible_candidates"":0,""crossover_repair_changed_gene_count"":0,""crossover_repaired_proposals"":0,""parent_distance_mean"":null,""parent_distance_min"":null,""parent_distance_max"":null,""child_distance_from_parent_a_mean"":null,""child_distance_from_parent_b_mean"":null,""layers_from_parent_a_mean"":null,""layers_from_parent_b_mean"":null,""crossover_no_legal_exchange"":0,""local_exchange_attention"":0,""local_exchange_mlp"":0,""local_exchange_quantization"":0,""local_exchange_block"":0,""child_distance_from_base_mean"":null,""child_distance_from_base_min"":null,""child_distance_from_base_max"":null,""child_distance_from_base_count"":0,""child_distance_from_donor_mean"":null,""child_distance_from_donor_min"":null,""child_distance_from_donor_max"":null,""child_distance_from_donor_count"":0,""donor_distance_reduction_mean"":null,""donor_distance_reduction_min"":null,""donor_distance_reduction_max"":null,""donor_distance_reduction_count"":0,""local_exchange_changed_gene_count_mean"":null,""local_exchange_changed_gene_count_min"":null,""local_exchange_changed_gene_count_max"":null,""local_exchange_changed_gene_count_count"":0,""child_distance_statistics_scope"":""accepted_unique_crossover_offspring"",""persistent_population_size"":1,""unique_population_size"":1,""best_population_fitness"":0.2161865234375,""configured_survivors_per_selection"":[16,4,1],""effective_survivors_per_selection"":[16,4,1],""effective_final_survivor_count"":1},""offspring_generation"":{""attempts"":128,""no_op_mutations"":0,""duplicate_candidates"":0,""infeasible_candidates"":0,""fixed_quant_legal_swap_counts"":[]},""maximum_depth_mutations_per_offspring"":3,""quantization_step_size"":1,""quantization_mutations_per_offspring"":1,""joint_aware_probability"":0.0,""adaptive_mutation"":false,""adaptive_mutation_strength"":1,""adaptive_mutation_patience"":3,""adaptive_mutation_max_strength"":3,""coarse_to_fine_mutation"":false,""coarse_to_fine_start_strength"":3,""coarse_to_fine_end_strength"":1,""stagnation_generations_after_selection"":0}",quantization,True,128,128,16,5,262144,262144,655360,19966,158072832,110558.72637641605,15276.82177734375
135,0.2198486328125,0.2161865234375,kl,0.2198486328125,,,,,0,{},128,16,4,1,"[16,4,1]","[2048,16384,131072]",6375608320,3.4642857142857144,3216.5078125,26982023168,26982023168,0,4,4,"{""type"":""mixed_depth_quantization"",""sequential_mode"":""none"",""joint_mutation_mode"":""standard"",""parent_before_generation_hash"":""6f61b6c1eb7bfa3643e9e4aeccdc7fbf0dff889161cb167e3e65a64687e3d0ca"",""parent_after_generation_hash"":""4ae513cfaab9cd54b900e875e1b04eb17e46a0917fc0674359fe1fbe64504881"",""generated_offspring_by_type"":{""depth"":60,""quantization"":68,""joint_aware"":0,""interaction_aware"":0,""sequential_quantization"":0,""fixed_quant_depth"":0,""component crossover"":0,""component crossover + repair"":0,""layer bundle crossover"":0,""layer bundle crossover + repair"":0},""depth_mask_entries_changed_by_type"":{""depth"":176,""quantization"":0,""joint_aware"":0,""interaction_aware"":0,""sequential_quantization"":0,""fixed_quant_depth"":0,""component crossover"":0,""component crossover + repair"":0,""layer bundle crossover"":0,""layer bundle crossover + repair"":0},""quant_assignments_changed_by_type"":{""depth"":128,""quantization"":149,""joint_aware"":0,""interaction_aware"":0,""sequential_quantization"":0,""fixed_quant_depth"":0,""component crossover"":0,""component crossover + repair"":0,""layer bundle crossover"":0,""layer bundle crossover + repair"":0},""depth_mask_entries_changed_total"":176,""quant_assignments_changed_total"":277,""interaction_aware_details"":{""budget_repair_quant_changes"":0,""preferred_quant_exchanges_used"":0,""fallback_quant_exchanges_used"":0},""crossover_diagnostics"":{""crossover_type"":""component"",""crossover_parent_selection"":""uniform"",""crossover_offspring"":0,""crossover_offspring_accepted"":0,""mutation_offspring_accepted"":128,""mutation_offspring"":128,""crossover_offspring_attempted"":0,""crossover_duplicates"":0,""crossover_infeasible_candidates"":0,""crossover_repair_changed_gene_count"":0,""crossover_repaired_proposals"":0,""parent_distance_mean"":null,""parent_distance_min"":null,""parent_distance_max"":null,""child_distance_from_parent_a_mean"":null,""child_distance_from_parent_b_mean"":null,""layers_from_parent_a_mean"":null,""layers_from_parent_b_mean"":null,""crossover_no_legal_exchange"":0,""local_exchange_attention"":0,""local_exchange_mlp"":0,""local_exchange_quantization"":0,""local_exchange_block"":0,""child_distance_from_base_mean"":null,""child_distance_from_base_min"":null,""child_distance_from_base_max"":null,""child_distance_from_base_count"":0,""child_distance_from_donor_mean"":null,""child_distance_from_donor_min"":null,""child_distance_from_donor_max"":null,""child_distance_from_donor_count"":0,""donor_distance_reduction_mean"":null,""donor_distance_reduction_min"":null,""donor_distance_reduction_max"":null,""donor_distance_reduction_count"":0,""local_exchange_changed_gene_count_mean"":null,""local_exchange_changed_gene_count_min"":null,""local_exchange_changed_gene_count_max"":null,""local_exchange_changed_gene_count_count"":0,""child_distance_statistics_scope"":""accepted_unique_crossover_offspring"",""persistent_population_size"":1,""unique_population_size"":1,""best_population_fitness"":0.2198486328125,""configured_survivors_per_selection"":[16,4,1],""effective_survivors_per_selection"":[16,4,1],""effective_final_survivor_count"":1},""offspring_generation"":{""attempts"":128,""no_op_mutations"":0,""duplicate_candidates"":0,""infeasible_candidates"":0,""fixed_quant_legal_swap_counts"":[]},""maximum_depth_mutations_per_offspring"":3,""quantization_step_size"":1,""quantization_mutations_per_offspring"":1,""joint_aware_probability"":0.0,""adaptive_mutation"":false,""adaptive_mutation_strength"":1,""adaptive_mutation_patience"":3,""adaptive_mutation_max_strength"":3,""coarse_to_fine_mutation"":false,""coarse_to_fine_start_strength"":3,""coarse_to_fine_end_strength"":1,""stagnation_generations_after_selection"":0}",quantization,True,128,128,16,5,262144,262144,655360,20115,159252480,111283.08828377305,15276.82177734375
136,0.2142333984375,0.2198486328125,kl,0.2142333984375,7.89453125,6.6953125,9.734375,,917504,"{""wikitext2"":327680,""c4"":589824}",128,16,4,1,"[16,4,1]","[2048,16384,131072]",6375608320,3.4642857142857144,3216.5078125,26982023168,26982023168,0,4,4,"{""type"":""mixed_depth_quantization"",""sequential_mode"":""none"",""joint_mutation_mode"":""standard"",""parent_before_generation_hash"":""4ae513cfaab9cd54b900e875e1b04eb17e46a0917fc0674359fe1fbe64504881"",""parent_after_generation_hash"":""c73377bf436587b085680b3a36bf2c58ea0e5df25808a01946af23f3ee8296ef"",""generated_offspring_by_type"":{""depth"":61,""quantization"":67,""joint_aware"":0,""interaction_aware"":0,""sequential_quantization"":0,""fixed_quant_depth"":0,""component crossover"":0,""component crossover + repair"":0,""layer bundle crossover"":0,""layer bundle crossover + repair"":0},""depth_mask_entries_changed_by_type"":{""depth"":186,""quantization"":0,""joint_aware"":0,""interaction_aware"":0,""sequential_quantization"":0,""fixed_quant_depth"":0,""component crossover"":0,""component crossover + repair"":0,""layer bundle crossover"":0,""layer bundle crossover + repair"":0},""quant_assignments_changed_by_type"":{""depth"":132,""quantization"":142,""joint_aware"":0,""interaction_aware"":0,""sequential_quantization"":0,""fixed_quant_depth"":0,""component crossover"":0,""component crossover + repair"":0,""layer bundle crossover"":0,""layer bundle crossover + repair"":0},""depth_mask_entries_changed_total"":186,""quant_assignments_changed_total"":274,""interaction_aware_details"":{""budget_repair_quant_changes"":0,""preferred_quant_exchanges_used"":0,""fallback_quant_exchanges_used"":0},""crossover_diagnostics"":{""crossover_type"":""component"",""crossover_parent_selection"":""uniform"",""crossover_offspring"":0,""crossover_offspring_accepted"":0,""mutation_offspring_accepted"":128,""mutation_offspring"":128,""crossover_offspring_attempted"":0,""crossover_duplicates"":0,""crossover_infeasible_candidates"":0,""crossover_repair_changed_gene_count"":0,""crossover_repaired_proposals"":0,""parent_distance_mean"":null,""parent_distance_min"":null,""parent_distance_max"":null,""child_distance_from_parent_a_mean"":null,""child_distance_from_parent_b_mean"":null,""layers_from_parent_a_mean"":null,""layers_from_parent_b_mean"":null,""crossover_no_legal_exchange"":0,""local_exchange_attention"":0,""local_exchange_mlp"":0,""local_exchange_quantization"":0,""local_exchange_block"":0,""child_distance_from_base_mean"":null,""child_distance_from_base_min"":null,""child_distance_from_base_max"":null,""child_distance_from_base_count"":0,""child_distance_from_donor_mean"":null,""child_distance_from_donor_min"":null,""child_distance_from_donor_max"":null,""child_distance_from_donor_count"":0,""donor_distance_reduction_mean"":null,""donor_distance_reduction_min"":null,""donor_distance_reduction_max"":null,""donor_distance_reduction_count"":0,""local_exchange_changed_gene_count_mean"":null,""local_exchange_changed_gene_count_min"":null,""local_exchange_changed_gene_count_max"":null,""local_exchange_changed_gene_count_count"":0,""child_distance_statistics_scope"":""accepted_unique_crossover_offspring"",""persistent_population_size"":1,""unique_population_size"":1,""best_population_fitness"":0.2142333984375,""configured_survivors_per_selection"":[16,4,1],""effective_survivors_per_selection"":[16,4,1],""effective_final_survivor_count"":1},""offspring_generation"":{""attempts"":129,""no_op_mutations"":0,""duplicate_candidates"":1,""infeasible_candidates"":0,""fixed_quant_legal_swap_counts"":[]},""maximum_depth_mutations_per_offspring"":3,""quantization_step_size"":1,""quantization_mutations_per_offspring"":1,""joint_aware_probability"":0.0,""adaptive_mutation"":false,""adaptive_mutation_strength"":1,""adaptive_mutation_patience"":3,""adaptive_mutation_max_strength"":3,""coarse_to_fine_mutation"":false,""coarse_to_fine_start_strength"":3,""coarse_to_fine_end_strength"":1,""stagnation_generations_after_selection"":0}",quantization,True,129,128,16,5,262144,262144,655360,20264,160432128,112326.66978615697,15276.82177734375
137,0.21142578125,0.2142333984375,kl,0.21142578125,,,,,0,{},128,16,4,1,"[16,4,1]","[2048,16384,131072]",6375608320,3.4642857142857144,3216.5078125,26982023168,26982023168,0,4,4,"{""type"":""mixed_depth_quantization"",""sequential_mode"":""none"",""joint_mutation_mode"":""standard"",""parent_before_generation_hash"":""c73377bf436587b085680b3a36bf2c58ea0e5df25808a01946af23f3ee8296ef"",""parent_after_generation_hash"":""6e71b98417fac38a7eccccaa17ba68e7a9c94f90cde2793660856df74cfed705"",""generated_offspring_by_type"":{""depth"":67,""quantization"":61,""joint_aware"":0,""interaction_aware"":0,""sequential_quantization"":0,""fixed_quant_depth"":0,""component crossover"":0,""component crossover + repair"":0,""layer bundle crossover"":0,""layer bundle crossover + repair"":0},""depth_mask_entries_changed_by_type"":{""depth"":196,""quantization"":0,""joint_aware"":0,""interaction_aware"":0,""sequential_quantization"":0,""fixed_quant_depth"":0,""component crossover"":0,""component crossover + repair"":0,""layer bundle crossover"":0,""layer bundle crossover + repair"":0},""quant_assignments_changed_by_type"":{""depth"":142,""quantization"":135,""joint_aware"":0,""interaction_aware"":0,""sequential_quantization"":0,""fixed_quant_depth"":0,""component crossover"":0,""component crossover + repair"":0,""layer bundle crossover"":0,""layer bundle crossover + repair"":0},""depth_mask_entries_changed_total"":196,""quant_assignments_changed_total"":277,""interaction_aware_details"":{""budget_repair_quant_changes"":0,""preferred_quant_exchanges_used"":0,""fallback_quant_exchanges_used"":0},""crossover_diagnostics"":{""crossover_type"":""component"",""crossover_parent_selection"":""uniform"",""crossover_offspring"":0,""crossover_offspring_accepted"":0,""mutation_offspring_accepted"":128,""mutation_offspring"":128,""crossover_offspring_attempted"":0,""crossover_duplicates"":0,""crossover_infeasible_candidates"":0,""crossover_repair_changed_gene_count"":0,""crossover_repaired_proposals"":0,""parent_distance_mean"":null,""parent_distance_min"":null,""parent_distance_max"":null,""child_distance_from_parent_a_mean"":null,""child_distance_from_parent_b_mean"":null,""layers_from_parent_a_mean"":null,""layers_from_parent_b_mean"":null,""crossover_no_legal_exchange"":0,""local_exchange_attention"":0,""local_exchange_mlp"":0,""local_exchange_quantization"":0,""local_exchange_block"":0,""child_distance_from_base_mean"":null,""child_distance_from_base_min"":null,""child_distance_from_base_max"":null,""child_distance_from_base_count"":0,""child_distance_from_donor_mean"":null,""child_distance_from_donor_min"":null,""child_distance_from_donor_max"":null,""child_distance_from_donor_count"":0,""donor_distance_reduction_mean"":null,""donor_distance_reduction_min"":null,""donor_distance_reduction_max"":null,""donor_distance_reduction_count"":0,""local_exchange_changed_gene_count_mean"":null,""local_exchange_changed_gene_count_min"":null,""local_exchange_changed_gene_count_max"":null,""local_exchange_changed_gene_count_count"":0,""child_distance_statistics_scope"":""accepted_unique_crossover_offspring"",""persistent_population_size"":1,""unique_population_size"":1,""best_population_fitness"":0.21142578125,""configured_survivors_per_selection"":[16,4,1],""effective_survivors_per_selection"":[16,4,1],""effective_final_survivor_count"":1},""offspring_generation"":{""attempts"":131,""no_op_mutations"":1,""duplicate_candidates"":2,""infeasible_candidates"":0,""fixed_quant_legal_swap_counts"":[]},""maximum_depth_mutations_per_offspring"":3,""quantization_step_size"":1,""quantization_mutations_per_offspring"":1,""joint_aware_probability"":0.0,""adaptive_mutation"":false,""adaptive_mutation_strength"":1,""adaptive_mutation_patience"":3,""adaptive_mutation_max_strength"":3,""coarse_to_fine_mutation"":false,""coarse_to_fine_start_strength"":3,""coarse_to_fine_end_strength"":1,""stagnation_generations_after_selection"":0}",quantization,True,131,128,16,5,262144,262144,655360,20413,161611776,113127.58000885102,15276.82177734375
138,0.2139892578125,0.21142578125,kl,0.2139892578125,,,,,0,{},128,16,4,1,"[16,4,1]","[2048,16384,131072]",6375608320,3.4642857142857144,3216.5078125,26982023168,26982023168,0,4,4,"{""type"":""mixed_depth_quantization"",""sequential_mode"":""none"",""joint_mutation_mode"":""standard"",""parent_before_generation_hash"":""6e71b98417fac38a7eccccaa17ba68e7a9c94f90cde2793660856df74cfed705"",""parent_after_generation_hash"":""1410d5eb5a42e0dc223131b84f8d6fa67c7b94534b2821126c3516642c5be4d5"",""generated_offspring_by_type"":{""depth"":52,""quantization"":76,""joint_aware"":0,""interaction_aware"":0,""sequential_quantization"":0,""fixed_quant_depth"":0,""component crossover"":0,""component crossover + repair"":0,""layer bundle crossover"":0,""layer bundle crossover + repair"":0},""depth_mask_entries_changed_by_type"":{""depth"":154,""quantization"":0,""joint_aware"":0,""interaction_aware"":0,""sequential_quantization"":0,""fixed_quant_depth"":0,""component crossover"":0,""component crossover + repair"":0,""layer bundle crossover"":0,""layer bundle crossover + repair"":0},""quant_assignments_changed_by_type"":{""depth"":109,""quantization"":166,""joint_aware"":0,""interaction_aware"":0,""sequential_quantization"":0,""fixed_quant_depth"":0,""component crossover"":0,""component crossover + repair"":0,""layer bundle crossover"":0,""layer bundle crossover + repair"":0},""depth_mask_entries_changed_total"":154,""quant_assignments_changed_total"":275,""interaction_aware_details"":{""budget_repair_quant_changes"":0,""preferred_quant_exchanges_used"":0,""fallback_quant_exchanges_used"":0},""crossover_diagnostics"":{""crossover_type"":""component"",""crossover_parent_selection"":""uniform"",""crossover_offspring"":0,""crossover_offspring_accepted"":0,""mutation_offspring_accepted"":128,""mutation_offspring"":128,""crossover_offspring_attempted"":0,""crossover_duplicates"":0,""crossover_infeasible_candidates"":0,""crossover_repair_changed_gene_count"":0,""crossover_repaired_proposals"":0,""parent_distance_mean"":null,""parent_distance_min"":null,""parent_distance_max"":null,""child_distance_from_parent_a_mean"":null,""child_distance_from_parent_b_mean"":null,""layers_from_parent_a_mean"":null,""layers_from_parent_b_mean"":null,""crossover_no_legal_exchange"":0,""local_exchange_attention"":0,""local_exchange_mlp"":0,""local_exchange_quantization"":0,""local_exchange_block"":0,""child_distance_from_base_mean"":null,""child_distance_from_base_min"":null,""child_distance_from_base_max"":null,""child_distance_from_base_count"":0,""child_distance_from_donor_mean"":null,""child_distance_from_donor_min"":null,""child_distance_from_donor_max"":null,""child_distance_from_donor_count"":0,""donor_distance_reduction_mean"":null,""donor_distance_reduction_min"":null,""donor_distance_reduction_max"":null,""donor_distance_reduction_count"":0,""local_exchange_changed_gene_count_mean"":null,""local_exchange_changed_gene_count_min"":null,""local_exchange_changed_gene_count_max"":null,""local_exchange_changed_gene_count_count"":0,""child_distance_statistics_scope"":""accepted_unique_crossover_offspring"",""persistent_population_size"":1,""unique_population_size"":1,""best_population_fitness"":0.2139892578125,""configured_survivors_per_selection"":[16,4,1],""effective_survivors_per_selection"":[16,4,1],""effective_final_survivor_count"":1},""offspring_generation"":{""attempts"":128,""no_op_mutations"":0,""duplicate_candidates"":0,""infeasible_candidates"":0,""fixed_quant_legal_swap_counts"":[]},""maximum_depth_mutations_per_offspring"":3,""quantization_step_size"":1,""quantization_mutations_per_offspring"":1,""joint_aware_probability"":0.0,""adaptive_mutation"":false,""adaptive_mutation_strength"":1,""adaptive_mutation_patience"":3,""adaptive_mutation_max_strength"":3,""coarse_to_fine_mutation"":false,""coarse_to_fine_start_strength"":3,""coarse_to_fine_end_strength"":1,""stagnation_generations_after_selection"":0}",quantization,True,128,128,16,5,262144,262144,655360,20562,162791424,113896.68080218905,15276.82177734375
139,0.209716796875,0.2139892578125,kl,0.209716796875,,,,,0,{},128,16,4,1,"[16,4,1]","[2048,16384,131072]",6375608320,3.4642857142857144,3216.5078125,26982023168,26982023168,0,4,4,"{""type"":""mixed_depth_quantization"",""sequential_mode"":""none"",""joint_mutation_mode"":""standard"",""parent_before_generation_hash"":""1410d5eb5a42e0dc223131b84f8d6fa67c7b94534b2821126c3516642c5be4d5"",""parent_after_generation_hash"":""b4e13ec0c9077cf5a6cfd6cdfce1e43e373fef32ae0d7bbbcb07b2f1a4c217a5"",""generated_offspring_by_type"":{""depth"":62,""quantization"":66,""joint_aware"":0,""interaction_aware"":0,""sequential_quantization"":0,""fixed_quant_depth"":0,""component crossover"":0,""component crossover + repair"":0,""layer bundle crossover"":0,""layer bundle crossover + repair"":0},""depth_mask_entries_changed_by_type"":{""depth"":194,""quantization"":0,""joint_aware"":0,""interaction_aware"":0,""sequential_quantization"":0,""fixed_quant_depth"":0,""component crossover"":0,""component crossover + repair"":0,""layer bundle crossover"":0,""layer bundle crossover + repair"":0},""quant_assignments_changed_by_type"":{""depth"":137,""quantization"":143,""joint_aware"":0,""interaction_aware"":0,""sequential_quantization"":0,""fixed_quant_depth"":0,""component crossover"":0,""component crossover + repair"":0,""layer bundle crossover"":0,""layer bundle crossover + repair"":0},""depth_mask_entries_changed_total"":194,""quant_assignments_changed_total"":280,""interaction_aware_details"":{""budget_repair_quant_changes"":0,""preferred_quant_exchanges_used"":0,""fallback_quant_exchanges_used"":0},""crossover_diagnostics"":{""crossover_type"":""component"",""crossover_parent_selection"":""uniform"",""crossover_offspring"":0,""crossover_offspring_accepted"":0,""mutation_offspring_accepted"":128,""mutation_offspring"":128,""crossover_offspring_attempted"":0,""crossover_duplicates"":0,""crossover_infeasible_candidates"":0,""crossover_repair_changed_gene_count"":0,""crossover_repaired_proposals"":0,""parent_distance_mean"":null,""parent_distance_min"":null,""parent_distance_max"":null,""child_distance_from_parent_a_mean"":null,""child_distance_from_parent_b_mean"":null,""layers_from_parent_a_mean"":null,""layers_from_parent_b_mean"":null,""crossover_no_legal_exchange"":0,""local_exchange_attention"":0,""local_exchange_mlp"":0,""local_exchange_quantization"":0,""local_exchange_block"":0,""child_distance_from_base_mean"":null,""child_distance_from_base_min"":null,""child_distance_from_base_max"":null,""child_distance_from_base_count"":0,""child_distance_from_donor_mean"":null,""child_distance_from_donor_min"":null,""child_distance_from_donor_max"":null,""child_distance_from_donor_count"":0,""donor_distance_reduction_mean"":null,""donor_distance_reduction_min"":null,""donor_distance_reduction_max"":null,""donor_distance_reduction_count"":0,""local_exchange_changed_gene_count_mean"":null,""local_exchange_changed_gene_count_min"":null,""local_exchange_changed_gene_count_max"":null,""local_exchange_changed_gene_count_count"":0,""child_distance_statistics_scope"":""accepted_unique_crossover_offspring"",""persistent_population_size"":1,""unique_population_size"":1,""best_population_fitness"":0.209716796875,""configured_survivors_per_selection"":[16,4,1],""effective_survivors_per_selection"":[16,4,1],""effective_final_survivor_count"":1},""offspring_generation"":{""attempts"":128,""no_op_mutations"":0,""duplicate_candidates"":0,""infeasible_candidates"":0,""fixed_quant_legal_swap_counts"":[]},""maximum_depth_mutations_per_offspring"":3,""quantization_step_size"":1,""quantization_mutations_per_offspring"":1,""joint_aware_probability"":0.0,""adaptive_mutation"":false,""adaptive_mutation_strength"":1,""adaptive_mutation_patience"":3,""adaptive_mutation_max_strength"":3,""coarse_to_fine_mutation"":false,""coarse_to_fine_start_strength"":3,""coarse_to_fine_end_strength"":1,""stagnation_generations_after_selection"":0}",quantization,True,128,128,16,5,262144,262144,655360,20711,163971072,114600.22490826296,15276.82177734375
140,0.220703125,0.209716796875,kl,0.220703125,,,,,0,{},128,16,4,1,"[16,4,1]","[2048,16384,131072]",6375608320,3.4642857142857144,3216.5078125,26982023168,26982023168,0,4,4,"{""type"":""mixed_depth_quantization"",""sequential_mode"":""none"",""joint_mutation_mode"":""standard"",""parent_before_generation_hash"":""b4e13ec0c9077cf5a6cfd6cdfce1e43e373fef32ae0d7bbbcb07b2f1a4c217a5"",""parent_after_generation_hash"":""63cdcb81ac5a5ac2323a727ca1fa0d01714782d99c72b4ee861a85eebbae3320"",""generated_offspring_by_type"":{""depth"":65,""quantization"":63,""joint_aware"":0,""interaction_aware"":0,""sequential_quantization"":0,""fixed_quant_depth"":0,""component crossover"":0,""component crossover + repair"":0,""layer bundle crossover"":0,""layer bundle crossover + repair"":0},""depth_mask_entries_changed_by_type"":{""depth"":200,""quantization"":0,""joint_aware"":0,""interaction_aware"":0,""sequential_quantization"":0,""fixed_quant_depth"":0,""component crossover"":0,""component crossover + repair"":0,""layer bundle crossover"":0,""layer bundle crossover + repair"":0},""quant_assignments_changed_by_type"":{""depth"":143,""quantization"":137,""joint_aware"":0,""interaction_aware"":0,""sequential_quantization"":0,""fixed_quant_depth"":0,""component crossover"":0,""component crossover + repair"":0,""layer bundle crossover"":0,""layer bundle crossover + repair"":0},""depth_mask_entries_changed_total"":200,""quant_assignments_changed_total"":280,""interaction_aware_details"":{""budget_repair_quant_changes"":0,""preferred_quant_exchanges_used"":0,""fallback_quant_exchanges_used"":0},""crossover_diagnostics"":{""crossover_type"":""component"",""crossover_parent_selection"":""uniform"",""crossover_offspring"":0,""crossover_offspring_accepted"":0,""mutation_offspring_accepted"":128,""mutation_offspring"":128,""crossover_offspring_attempted"":0,""crossover_duplicates"":0,""crossover_infeasible_candidates"":0,""crossover_repair_changed_gene_count"":0,""crossover_repaired_proposals"":0,""parent_distance_mean"":null,""parent_distance_min"":null,""parent_distance_max"":null,""child_distance_from_parent_a_mean"":null,""child_distance_from_parent_b_mean"":null,""layers_from_parent_a_mean"":null,""layers_from_parent_b_mean"":null,""crossover_no_legal_exchange"":0,""local_exchange_attention"":0,""local_exchange_mlp"":0,""local_exchange_quantization"":0,""local_exchange_block"":0,""child_distance_from_base_mean"":null,""child_distance_from_base_min"":null,""child_distance_from_base_max"":null,""child_distance_from_base_count"":0,""child_distance_from_donor_mean"":null,""child_distance_from_donor_min"":null,""child_distance_from_donor_max"":null,""child_distance_from_donor_count"":0,""donor_distance_reduction_mean"":null,""donor_distance_reduction_min"":null,""donor_distance_reduction_max"":null,""donor_distance_reduction_count"":0,""local_exchange_changed_gene_count_mean"":null,""local_exchange_changed_gene_count_min"":null,""local_exchange_changed_gene_count_max"":null,""local_exchange_changed_gene_count_count"":0,""child_distance_statistics_scope"":""accepted_unique_crossover_offspring"",""persistent_population_size"":1,""unique_population_size"":1,""best_population_fitness"":0.220703125,""configured_survivors_per_selection"":[16,4,1],""effective_survivors_per_selection"":[16,4,1],""effective_final_survivor_count"":1},""offspring_generation"":{""attempts"":128,""no_op_mutations"":0,""duplicate_candidates"":0,""infeasible_candidates"":0,""fixed_quant_legal_swap_counts"":[]},""maximum_depth_mutations_per_offspring"":3,""quantization_step_size"":1,""quantization_mutations_per_offspring"":1,""joint_aware_probability"":0.0,""adaptive_mutation"":false,""adaptive_mutation_strength"":1,""adaptive_mutation_patience"":3,""adaptive_mutation_max_strength"":3,""coarse_to_fine_mutation"":false,""coarse_to_fine_start_strength"":3,""coarse_to_fine_end_strength"":1,""stagnation_generations_after_selection"":0}",quantization,True,128,128,16,5,262144,262144,655360,20860,165150720,115313.98981572606,15276.82177734375
141,0.2177734375,0.220703125,kl,0.2177734375,7.91015625,6.71484375,9.7109375,,917504,"{""wikitext2"":327680,""c4"":589824}",128,16,4,1,"[16,4,1]","[2048,16384,131072]",6375608320,3.4642857142857144,3216.5078125,26982023168,26982023168,0,4,4,"{""type"":""mixed_depth_quantization"",""sequential_mode"":""none"",""joint_mutation_mode"":""standard"",""parent_before_generation_hash"":""63cdcb81ac5a5ac2323a727ca1fa0d01714782d99c72b4ee861a85eebbae3320"",""parent_after_generation_hash"":""4f8c74c01eb79967763dc442bdc5aa1b99e1b3dd1575b9310a068d6ab987b19d"",""generated_offspring_by_type"":{""depth"":63,""quantization"":65,""joint_aware"":0,""interaction_aware"":0,""sequential_quantization"":0,""fixed_quant_depth"":0,""component crossover"":0,""component crossover + repair"":0,""layer bundle crossover"":0,""layer bundle crossover + repair"":0},""depth_mask_entries_changed_by_type"":{""depth"":180,""quantization"":0,""joint_aware"":0,""interaction_aware"":0,""sequential_quantization"":0,""fixed_quant_depth"":0,""component crossover"":0,""component crossover + repair"":0,""layer bundle crossover"":0,""layer bundle crossover + repair"":0},""quant_assignments_changed_by_type"":{""depth"":123,""quantization"":142,""joint_aware"":0,""interaction_aware"":0,""sequential_quantization"":0,""fixed_quant_depth"":0,""component crossover"":0,""component crossover + repair"":0,""layer bundle crossover"":0,""layer bundle crossover + repair"":0},""depth_mask_entries_changed_total"":180,""quant_assignments_changed_total"":265,""interaction_aware_details"":{""budget_repair_quant_changes"":0,""preferred_quant_exchanges_used"":0,""fallback_quant_exchanges_used"":0},""crossover_diagnostics"":{""crossover_type"":""component"",""crossover_parent_selection"":""uniform"",""crossover_offspring"":0,""crossover_offspring_accepted"":0,""mutation_offspring_accepted"":128,""mutation_offspring"":128,""crossover_offspring_attempted"":0,""crossover_duplicates"":0,""crossover_infeasible_candidates"":0,""crossover_repair_changed_gene_count"":0,""crossover_repaired_proposals"":0,""parent_distance_mean"":null,""parent_distance_min"":null,""parent_distance_max"":null,""child_distance_from_parent_a_mean"":null,""child_distance_from_parent_b_mean"":null,""layers_from_parent_a_mean"":null,""layers_from_parent_b_mean"":null,""crossover_no_legal_exchange"":0,""local_exchange_attention"":0,""local_exchange_mlp"":0,""local_exchange_quantization"":0,""local_exchange_block"":0,""child_distance_from_base_mean"":null,""child_distance_from_base_min"":null,""child_distance_from_base_max"":null,""child_distance_from_base_count"":0,""child_distance_from_donor_mean"":null,""child_distance_from_donor_min"":null,""child_distance_from_donor_max"":null,""child_distance_from_donor_count"":0,""donor_distance_reduction_mean"":null,""donor_distance_reduction_min"":null,""donor_distance_reduction_max"":null,""donor_distance_reduction_count"":0,""local_exchange_changed_gene_count_mean"":null,""local_exchange_changed_gene_count_min"":null,""local_exchange_changed_gene_count_max"":null,""local_exchange_changed_gene_count_count"":0,""child_distance_statistics_scope"":""accepted_unique_crossover_offspring"",""persistent_population_size"":1,""unique_population_size"":1,""best_population_fitness"":0.2177734375,""configured_survivors_per_selection"":[16,4,1],""effective_survivors_per_selection"":[16,4,1],""effective_final_survivor_count"":1},""offspring_generation"":{""attempts"":128,""no_op_mutations"":0,""duplicate_candidates"":0,""infeasible_candidates"":0,""fixed_quant_legal_swap_counts"":[]},""maximum_depth_mutations_per_offspring"":3,""quantization_step_size"":1,""quantization_mutations_per_offspring"":1,""joint_aware_probability"":0.0,""adaptive_mutation"":false,""adaptive_mutation_strength"":1,""adaptive_mutation_patience"":3,""adaptive_mutation_max_strength"":3,""coarse_to_fine_mutation"":false,""coarse_to_fine_start_strength"":3,""coarse_to_fine_end_strength"":1,""stagnation_generations_after_selection"":0}",quantization,True,128,128,16,5,262144,262144,655360,21009,166330368,116306.97088429797,15276.82177734375
142,0.2122802734375,0.2177734375,kl,0.2122802734375,,,,,0,{},128,16,4,1,"[16,4,1]","[2048,16384,131072]",6375608320,3.4642857142857144,3216.5078125,26982023168,26982023168,0,4,4,"{""type"":""mixed_depth_quantization"",""sequential_mode"":""none"",""joint_mutation_mode"":""standard"",""parent_before_generation_hash"":""4f8c74c01eb79967763dc442bdc5aa1b99e1b3dd1575b9310a068d6ab987b19d"",""parent_after_generation_hash"":""eeb0c2a3460f0919eec74b787b843ac37c510d1ebd8bcd409f0c55075928ef09"",""generated_offspring_by_type"":{""depth"":63,""quantization"":65,""joint_aware"":0,""interaction_aware"":0,""sequential_quantization"":0,""fixed_quant_depth"":0,""component crossover"":0,""component crossover + repair"":0,""layer bundle crossover"":0,""layer bundle crossover + repair"":0},""depth_mask_entries_changed_by_type"":{""depth"":192,""quantization"":0,""joint_aware"":0,""interaction_aware"":0,""sequential_quantization"":0,""fixed_quant_depth"":0,""component crossover"":0,""component crossover + repair"":0,""layer bundle crossover"":0,""layer bundle crossover + repair"":0},""quant_assignments_changed_by_type"":{""depth"":133,""quantization"":144,""joint_aware"":0,""interaction_aware"":0,""sequential_quantization"":0,""fixed_quant_depth"":0,""component crossover"":0,""component crossover + repair"":0,""layer bundle crossover"":0,""layer bundle crossover + repair"":0},""depth_mask_entries_changed_total"":192,""quant_assignments_changed_total"":277,""interaction_aware_details"":{""budget_repair_quant_changes"":0,""preferred_quant_exchanges_used"":0,""fallback_quant_exchanges_used"":0},""crossover_diagnostics"":{""crossover_type"":""component"",""crossover_parent_selection"":""uniform"",""crossover_offspring"":0,""crossover_offspring_accepted"":0,""mutation_offspring_accepted"":128,""mutation_offspring"":128,""crossover_offspring_attempted"":0,""crossover_duplicates"":0,""crossover_infeasible_candidates"":0,""crossover_repair_changed_gene_count"":0,""crossover_repaired_proposals"":0,""parent_distance_mean"":null,""parent_distance_min"":null,""parent_distance_max"":null,""child_distance_from_parent_a_mean"":null,""child_distance_from_parent_b_mean"":null,""layers_from_parent_a_mean"":null,""layers_from_parent_b_mean"":null,""crossover_no_legal_exchange"":0,""local_exchange_attention"":0,""local_exchange_mlp"":0,""local_exchange_quantization"":0,""local_exchange_block"":0,""child_distance_from_base_mean"":null,""child_distance_from_base_min"":null,""child_distance_from_base_max"":null,""child_distance_from_base_count"":0,""child_distance_from_donor_mean"":null,""child_distance_from_donor_min"":null,""child_distance_from_donor_max"":null,""child_distance_from_donor_count"":0,""donor_distance_reduction_mean"":null,""donor_distance_reduction_min"":null,""donor_distance_reduction_max"":null,""donor_distance_reduction_count"":0,""local_exchange_changed_gene_count_mean"":null,""local_exchange_changed_gene_count_min"":null,""local_exchange_changed_gene_count_max"":null,""local_exchange_changed_gene_count_count"":0,""child_distance_statistics_scope"":""accepted_unique_crossover_offspring"",""persistent_population_size"":1,""unique_population_size"":1,""best_population_fitness"":0.2122802734375,""configured_survivors_per_selection"":[16,4,1],""effective_survivors_per_selection"":[16,4,1],""effective_final_survivor_count"":1},""offspring_generation"":{""attempts"":128,""no_op_mutations"":0,""duplicate_candidates"":0,""infeasible_candidates"":0,""fixed_quant_legal_swap_counts"":[]},""maximum_depth_mutations_per_offspring"":3,""quantization_step_size"":1,""quantization_mutations_per_offspring"":1,""joint_aware_probability"":0.0,""adaptive_mutation"":false,""adaptive_mutation_strength"":1,""adaptive_mutation_patience"":3,""adaptive_mutation_max_strength"":3,""coarse_to_fine_mutation"":false,""coarse_to_fine_start_strength"":3,""coarse_to_fine_end_strength"":1,""stagnation_generations_after_selection"":0}",quantization,True,128,128,16,5,262144,262144,655360,21158,167510016,117061.43577038404,15276.82177734375
143,0.2191162109375,0.2122802734375,kl,0.2191162109375,,,,,0,{},128,16,4,1,"[16,4,1]","[2048,16384,131072]",6375608320,3.4642857142857144,3216.5078125,26982023168,26982023168,0,4,4,"{""type"":""mixed_depth_quantization"",""sequential_mode"":""none"",""joint_mutation_mode"":""standard"",""parent_before_generation_hash"":""eeb0c2a3460f0919eec74b787b843ac37c510d1ebd8bcd409f0c55075928ef09"",""parent_after_generation_hash"":""666e68e89d87c029157054e36f3c92afc0ab14d1d2335d24270527da344ff6a1"",""generated_offspring_by_type"":{""depth"":62,""quantization"":66,""joint_aware"":0,""interaction_aware"":0,""sequential_quantization"":0,""fixed_quant_depth"":0,""component crossover"":0,""component crossover + repair"":0,""layer bundle crossover"":0,""layer bundle crossover + repair"":0},""depth_mask_entries_changed_by_type"":{""depth"":178,""quantization"":0,""joint_aware"":0,""interaction_aware"":0,""sequential_quantization"":0,""fixed_quant_depth"":0,""component crossover"":0,""component crossover + repair"":0,""layer bundle crossover"":0,""layer bundle crossover + repair"":0},""quant_assignments_changed_by_type"":{""depth"":112,""quantization"":148,""joint_aware"":0,""interaction_aware"":0,""sequential_quantization"":0,""fixed_quant_depth"":0,""component crossover"":0,""component crossover + repair"":0,""layer bundle crossover"":0,""layer bundle crossover + repair"":0},""depth_mask_entries_changed_total"":178,""quant_assignments_changed_total"":260,""interaction_aware_details"":{""budget_repair_quant_changes"":0,""preferred_quant_exchanges_used"":0,""fallback_quant_exchanges_used"":0},""crossover_diagnostics"":{""crossover_type"":""component"",""crossover_parent_selection"":""uniform"",""crossover_offspring"":0,""crossover_offspring_accepted"":0,""mutation_offspring_accepted"":128,""mutation_offspring"":128,""crossover_offspring_attempted"":0,""crossover_duplicates"":0,""crossover_infeasible_candidates"":0,""crossover_repair_changed_gene_count"":0,""crossover_repaired_proposals"":0,""parent_distance_mean"":null,""parent_distance_min"":null,""parent_distance_max"":null,""child_distance_from_parent_a_mean"":null,""child_distance_from_parent_b_mean"":null,""layers_from_parent_a_mean"":null,""layers_from_parent_b_mean"":null,""crossover_no_legal_exchange"":0,""local_exchange_attention"":0,""local_exchange_mlp"":0,""local_exchange_quantization"":0,""local_exchange_block"":0,""child_distance_from_base_mean"":null,""child_distance_from_base_min"":null,""child_distance_from_base_max"":null,""child_distance_from_base_count"":0,""child_distance_from_donor_mean"":null,""child_distance_from_donor_min"":null,""child_distance_from_donor_max"":null,""child_distance_from_donor_count"":0,""donor_distance_reduction_mean"":null,""donor_distance_reduction_min"":null,""donor_distance_reduction_max"":null,""donor_distance_reduction_count"":0,""local_exchange_changed_gene_count_mean"":null,""local_exchange_changed_gene_count_min"":null,""local_exchange_changed_gene_count_max"":null,""local_exchange_changed_gene_count_count"":0,""child_distance_statistics_scope"":""accepted_unique_crossover_offspring"",""persistent_population_size"":1,""unique_population_size"":1,""best_population_fitness"":0.2191162109375,""configured_survivors_per_selection"":[16,4,1],""effective_survivors_per_selection"":[16,4,1],""effective_final_survivor_count"":1},""offspring_generation"":{""attempts"":129,""no_op_mutations"":0,""duplicate_candidates"":1,""infeasible_candidates"":0,""fixed_quant_legal_swap_counts"":[]},""maximum_depth_mutations_per_offspring"":3,""quantization_step_size"":1,""quantization_mutations_per_offspring"":1,""joint_aware_probability"":0.0,""adaptive_mutation"":false,""adaptive_mutation_strength"":1,""adaptive_mutation_patience"":3,""adaptive_mutation_max_strength"":3,""coarse_to_fine_mutation"":false,""coarse_to_fine_start_strength"":3,""coarse_to_fine_end_strength"":1,""stagnation_generations_after_selection"":0}",quantization,True,129,128,16,5,262144,262144,655360,21307,168689664,117759.68091438792,15276.82177734375
144,0.21142578125,0.2191162109375,kl,0.21142578125,,,,,0,{},128,16,4,1,"[16,4,1]","[2048,16384,131072]",6375608320,3.4642857142857144,3216.5078125,26982023168,26982023168,0,4,4,"{""type"":""mixed_depth_quantization"",""sequential_mode"":""none"",""joint_mutation_mode"":""standard"",""parent_before_generation_hash"":""666e68e89d87c029157054e36f3c92afc0ab14d1d2335d24270527da344ff6a1"",""parent_after_generation_hash"":""2f0e0426e907a09c4443757d63d055c0b33fd435a0d53a710d15244cc6a75ab4"",""generated_offspring_by_type"":{""depth"":72,""quantization"":56,""joint_aware"":0,""interaction_aware"":0,""sequential_quantization"":0,""fixed_quant_depth"":0,""component crossover"":0,""component crossover + repair"":0,""layer bundle crossover"":0,""layer bundle crossover + repair"":0},""depth_mask_entries_changed_by_type"":{""depth"":202,""quantization"":0,""joint_aware"":0,""interaction_aware"":0,""sequential_quantization"":0,""fixed_quant_depth"":0,""component crossover"":0,""component crossover + repair"":0,""layer bundle crossover"":0,""layer bundle crossover + repair"":0},""quant_assignments_changed_by_type"":{""depth"":146,""quantization"":122,""joint_aware"":0,""interaction_aware"":0,""sequential_quantization"":0,""fixed_quant_depth"":0,""component crossover"":0,""component crossover + repair"":0,""layer bundle crossover"":0,""layer bundle crossover + repair"":0},""depth_mask_entries_changed_total"":202,""quant_assignments_changed_total"":268,""interaction_aware_details"":{""budget_repair_quant_changes"":0,""preferred_quant_exchanges_used"":0,""fallback_quant_exchanges_used"":0},""crossover_diagnostics"":{""crossover_type"":""component"",""crossover_parent_selection"":""uniform"",""crossover_offspring"":0,""crossover_offspring_accepted"":0,""mutation_offspring_accepted"":128,""mutation_offspring"":128,""crossover_offspring_attempted"":0,""crossover_duplicates"":0,""crossover_infeasible_candidates"":0,""crossover_repair_changed_gene_count"":0,""crossover_repaired_proposals"":0,""parent_distance_mean"":null,""parent_distance_min"":null,""parent_distance_max"":null,""child_distance_from_parent_a_mean"":null,""child_distance_from_parent_b_mean"":null,""layers_from_parent_a_mean"":null,""layers_from_parent_b_mean"":null,""crossover_no_legal_exchange"":0,""local_exchange_attention"":0,""local_exchange_mlp"":0,""local_exchange_quantization"":0,""local_exchange_block"":0,""child_distance_from_base_mean"":null,""child_distance_from_base_min"":null,""child_distance_from_base_max"":null,""child_distance_from_base_count"":0,""child_distance_from_donor_mean"":null,""child_distance_from_donor_min"":null,""child_distance_from_donor_max"":null,""child_distance_from_donor_count"":0,""donor_distance_reduction_mean"":null,""donor_distance_reduction_min"":null,""donor_distance_reduction_max"":null,""donor_distance_reduction_count"":0,""local_exchange_changed_gene_count_mean"":null,""local_exchange_changed_gene_count_min"":null,""local_exchange_changed_gene_count_max"":null,""local_exchange_changed_gene_count_count"":0,""child_distance_statistics_scope"":""accepted_unique_crossover_offspring"",""persistent_population_size"":1,""unique_population_size"":1,""best_population_fitness"":0.21142578125,""configured_survivors_per_selection"":[16,4,1],""effective_survivors_per_selection"":[16,4,1],""effective_final_survivor_count"":1},""offspring_generation"":{""attempts"":128,""no_op_mutations"":0,""duplicate_candidates"":0,""infeasible_candidates"":0,""fixed_quant_legal_swap_counts"":[]},""maximum_depth_mutations_per_offspring"":3,""quantization_step_size"":1,""quantization_mutations_per_offspring"":1,""joint_aware_probability"":0.0,""adaptive_mutation"":false,""adaptive_mutation_strength"":1,""adaptive_mutation_patience"":3,""adaptive_mutation_max_strength"":3,""coarse_to_fine_mutation"":false,""coarse_to_fine_start_strength"":3,""coarse_to_fine_end_strength"":1,""stagnation_generations_after_selection"":0}",quantization,True,128,128,16,5,262144,262144,655360,21456,169869312,118464.91730626405,15276.82177734375
145,0.2161865234375,0.21142578125,kl,0.2161865234375,,,,,0,{},128,16,4,1,"[16,4,1]","[2048,16384,131072]",6375608320,3.4642857142857144,3216.5078125,26982023168,26982023168,0,4,4,"{""type"":""mixed_depth_quantization"",""sequential_mode"":""none"",""joint_mutation_mode"":""standard"",""parent_before_generation_hash"":""2f0e0426e907a09c4443757d63d055c0b33fd435a0d53a710d15244cc6a75ab4"",""parent_after_generation_hash"":""7b23bc750707a6c2d4ed253304324bc2d25a8f4b2d57359a68024864b2964d9c"",""generated_offspring_by_type"":{""depth"":67,""quantization"":61,""joint_aware"":0,""interaction_aware"":0,""sequential_quantization"":0,""fixed_quant_depth"":0,""component crossover"":0,""component crossover + repair"":0,""layer bundle crossover"":0,""layer bundle crossover + repair"":0},""depth_mask_entries_changed_by_type"":{""depth"":204,""quantization"":0,""joint_aware"":0,""interaction_aware"":0,""sequential_quantization"":0,""fixed_quant_depth"":0,""component crossover"":0,""component crossover + repair"":0,""layer bundle crossover"":0,""layer bundle crossover + repair"":0},""quant_assignments_changed_by_type"":{""depth"":139,""quantization"":129,""joint_aware"":0,""interaction_aware"":0,""sequential_quantization"":0,""fixed_quant_depth"":0,""component crossover"":0,""component crossover + repair"":0,""layer bundle crossover"":0,""layer bundle crossover + repair"":0},""depth_mask_entries_changed_total"":204,""quant_assignments_changed_total"":268,""interaction_aware_details"":{""budget_repair_quant_changes"":0,""preferred_quant_exchanges_used"":0,""fallback_quant_exchanges_used"":0},""crossover_diagnostics"":{""crossover_type"":""component"",""crossover_parent_selection"":""uniform"",""crossover_offspring"":0,""crossover_offspring_accepted"":0,""mutation_offspring_accepted"":128,""mutation_offspring"":128,""crossover_offspring_attempted"":0,""crossover_duplicates"":0,""crossover_infeasible_candidates"":0,""crossover_repair_changed_gene_count"":0,""crossover_repaired_proposals"":0,""parent_distance_mean"":null,""parent_distance_min"":null,""parent_distance_max"":null,""child_distance_from_parent_a_mean"":null,""child_distance_from_parent_b_mean"":null,""layers_from_parent_a_mean"":null,""layers_from_parent_b_mean"":null,""crossover_no_legal_exchange"":0,""local_exchange_attention"":0,""local_exchange_mlp"":0,""local_exchange_quantization"":0,""local_exchange_block"":0,""child_distance_from_base_mean"":null,""child_distance_from_base_min"":null,""child_distance_from_base_max"":null,""child_distance_from_base_count"":0,""child_distance_from_donor_mean"":null,""child_distance_from_donor_min"":null,""child_distance_from_donor_max"":null,""child_distance_from_donor_count"":0,""donor_distance_reduction_mean"":null,""donor_distance_reduction_min"":null,""donor_distance_reduction_max"":null,""donor_distance_reduction_count"":0,""local_exchange_changed_gene_count_mean"":null,""local_exchange_changed_gene_count_min"":null,""local_exchange_changed_gene_count_max"":null,""local_exchange_changed_gene_count_count"":0,""child_distance_statistics_scope"":""accepted_unique_crossover_offspring"",""persistent_population_size"":1,""unique_population_size"":1,""best_population_fitness"":0.2161865234375,""configured_survivors_per_selection"":[16,4,1],""effective_survivors_per_selection"":[16,4,1],""effective_final_survivor_count"":1},""offspring_generation"":{""attempts"":129,""no_op_mutations"":0,""duplicate_candidates"":1,""infeasible_candidates"":0,""fixed_quant_legal_swap_counts"":[]},""maximum_depth_mutations_per_offspring"":3,""quantization_step_size"":1,""quantization_mutations_per_offspring"":1,""joint_aware_probability"":0.0,""adaptive_mutation"":false,""adaptive_mutation_strength"":1,""adaptive_mutation_patience"":3,""adaptive_mutation_max_strength"":3,""coarse_to_fine_mutation"":false,""coarse_to_fine_start_strength"":3,""coarse_to_fine_end_strength"":1,""stagnation_generations_after_selection"":0}",quantization,True,129,128,16,5,262144,262144,655360,21605,171048960,119125.6832011881,15276.82177734375
146,0.2135009765625,0.2161865234375,kl,0.2135009765625,7.94140625,6.89453125,9.7109375,,917504,"{""wikitext2"":327680,""c4"":589824}",128,16,4,1,"[16,4,1]","[2048,16384,131072]",6375608320,3.4642857142857144,3216.5078125,26982023168,26982023168,0,4,4,"{""type"":""mixed_depth_quantization"",""sequential_mode"":""none"",""joint_mutation_mode"":""standard"",""parent_before_generation_hash"":""7b23bc750707a6c2d4ed253304324bc2d25a8f4b2d57359a68024864b2964d9c"",""parent_after_generation_hash"":""d3a2569f8cb3d959c8ff44b139990da6094b2e3e31b81df3a83beaea457f14dc"",""generated_offspring_by_type"":{""depth"":64,""quantization"":64,""joint_aware"":0,""interaction_aware"":0,""sequential_quantization"":0,""fixed_quant_depth"":0,""component crossover"":0,""component crossover + repair"":0,""layer bundle crossover"":0,""layer bundle crossover + repair"":0},""depth_mask_entries_changed_by_type"":{""depth"":180,""quantization"":0,""joint_aware"":0,""interaction_aware"":0,""sequential_quantization"":0,""fixed_quant_depth"":0,""component crossover"":0,""component crossover + repair"":0,""layer bundle crossover"":0,""layer bundle crossover + repair"":0},""quant_assignments_changed_by_type"":{""depth"":116,""quantization"":139,""joint_aware"":0,""interaction_aware"":0,""sequential_quantization"":0,""fixed_quant_depth"":0,""component crossover"":0,""component crossover + repair"":0,""layer bundle crossover"":0,""layer bundle crossover + repair"":0},""depth_mask_entries_changed_total"":180,""quant_assignments_changed_total"":255,""interaction_aware_details"":{""budget_repair_quant_changes"":0,""preferred_quant_exchanges_used"":0,""fallback_quant_exchanges_used"":0},""crossover_diagnostics"":{""crossover_type"":""component"",""crossover_parent_selection"":""uniform"",""crossover_offspring"":0,""crossover_offspring_accepted"":0,""mutation_offspring_accepted"":128,""mutation_offspring"":128,""crossover_offspring_attempted"":0,""crossover_duplicates"":0,""crossover_infeasible_candidates"":0,""crossover_repair_changed_gene_count"":0,""crossover_repaired_proposals"":0,""parent_distance_mean"":null,""parent_distance_min"":null,""parent_distance_max"":null,""child_distance_from_parent_a_mean"":null,""child_distance_from_parent_b_mean"":null,""layers_from_parent_a_mean"":null,""layers_from_parent_b_mean"":null,""crossover_no_legal_exchange"":0,""local_exchange_attention"":0,""local_exchange_mlp"":0,""local_exchange_quantization"":0,""local_exchange_block"":0,""child_distance_from_base_mean"":null,""child_distance_from_base_min"":null,""child_distance_from_base_max"":null,""child_distance_from_base_count"":0,""child_distance_from_donor_mean"":null,""child_distance_from_donor_min"":null,""child_distance_from_donor_max"":null,""child_distance_from_donor_count"":0,""donor_distance_reduction_mean"":null,""donor_distance_reduction_min"":null,""donor_distance_reduction_max"":null,""donor_distance_reduction_count"":0,""local_exchange_changed_gene_count_mean"":null,""local_exchange_changed_gene_count_min"":null,""local_exchange_changed_gene_count_max"":null,""local_exchange_changed_gene_count_count"":0,""child_distance_statistics_scope"":""accepted_unique_crossover_offspring"",""persistent_population_size"":1,""unique_population_size"":1,""best_population_fitness"":0.2135009765625,""configured_survivors_per_selection"":[16,4,1],""effective_survivors_per_selection"":[16,4,1],""effective_final_survivor_count"":1},""offspring_generation"":{""attempts"":128,""no_op_mutations"":0,""duplicate_candidates"":0,""infeasible_candidates"":0,""fixed_quant_legal_swap_counts"":[]},""maximum_depth_mutations_per_offspring"":3,""quantization_step_size"":1,""quantization_mutations_per_offspring"":1,""joint_aware_probability"":0.0,""adaptive_mutation"":false,""adaptive_mutation_strength"":1,""adaptive_mutation_patience"":3,""adaptive_mutation_max_strength"":3,""coarse_to_fine_mutation"":false,""coarse_to_fine_start_strength"":3,""coarse_to_fine_end_strength"":1,""stagnation_generations_after_selection"":0}",quantization,True,128,128,16,5,262144,262144,655360,21754,172228608,120132.88100900699,15276.82177734375
147,0.224853515625,0.2135009765625,kl,0.224853515625,,,,,0,{},128,16,4,1,"[16,4,1]","[2048,16384,131072]",6375608320,3.4642857142857144,3216.5078125,26982023168,26982023168,0,4,4,"{""type"":""mixed_depth_quantization"",""sequential_mode"":""none"",""joint_mutation_mode"":""standard"",""parent_before_generation_hash"":""d3a2569f8cb3d959c8ff44b139990da6094b2e3e31b81df3a83beaea457f14dc"",""parent_after_generation_hash"":""0aff31d0a3a9b4462c00d01955aa19d90c228bbaca2e3b40b6dc341a20fe2f4e"",""generated_offspring_by_type"":{""depth"":66,""quantization"":62,""joint_aware"":0,""interaction_aware"":0,""sequential_quantization"":0,""fixed_quant_depth"":0,""component crossover"":0,""component crossover + repair"":0,""layer bundle crossover"":0,""layer bundle crossover + repair"":0},""depth_mask_entries_changed_by_type"":{""depth"":196,""quantization"":0,""joint_aware"":0,""interaction_aware"":0,""sequential_quantization"":0,""fixed_quant_depth"":0,""component crossover"":0,""component crossover + repair"":0,""layer bundle crossover"":0,""layer bundle crossover + repair"":0},""quant_assignments_changed_by_type"":{""depth"":114,""quantization"":134,""joint_aware"":0,""interaction_aware"":0,""sequential_quantization"":0,""fixed_quant_depth"":0,""component crossover"":0,""component crossover + repair"":0,""layer bundle crossover"":0,""layer bundle crossover + repair"":0},""depth_mask_entries_changed_total"":196,""quant_assignments_changed_total"":248,""interaction_aware_details"":{""budget_repair_quant_changes"":0,""preferred_quant_exchanges_used"":0,""fallback_quant_exchanges_used"":0},""crossover_diagnostics"":{""crossover_type"":""component"",""crossover_parent_selection"":""uniform"",""crossover_offspring"":0,""crossover_offspring_accepted"":0,""mutation_offspring_accepted"":128,""mutation_offspring"":128,""crossover_offspring_attempted"":0,""crossover_duplicates"":0,""crossover_infeasible_candidates"":0,""crossover_repair_changed_gene_count"":0,""crossover_repaired_proposals"":0,""parent_distance_mean"":null,""parent_distance_min"":null,""parent_distance_max"":null,""child_distance_from_parent_a_mean"":null,""child_distance_from_parent_b_mean"":null,""layers_from_parent_a_mean"":null,""layers_from_parent_b_mean"":null,""crossover_no_legal_exchange"":0,""local_exchange_attention"":0,""local_exchange_mlp"":0,""local_exchange_quantization"":0,""local_exchange_block"":0,""child_distance_from_base_mean"":null,""child_distance_from_base_min"":null,""child_distance_from_base_max"":null,""child_distance_from_base_count"":0,""child_distance_from_donor_mean"":null,""child_distance_from_donor_min"":null,""child_distance_from_donor_max"":null,""child_distance_from_donor_count"":0,""donor_distance_reduction_mean"":null,""donor_distance_reduction_min"":null,""donor_distance_reduction_max"":null,""donor_distance_reduction_count"":0,""local_exchange_changed_gene_count_mean"":null,""local_exchange_changed_gene_count_min"":null,""local_exchange_changed_gene_count_max"":null,""local_exchange_changed_gene_count_count"":0,""child_distance_statistics_scope"":""accepted_unique_crossover_offspring"",""persistent_population_size"":1,""unique_population_size"":1,""best_population_fitness"":0.224853515625,""configured_survivors_per_selection"":[16,4,1],""effective_survivors_per_selection"":[16,4,1],""effective_final_survivor_count"":1},""offspring_generation"":{""attempts"":128,""no_op_mutations"":0,""duplicate_candidates"":0,""infeasible_candidates"":0,""fixed_quant_legal_swap_counts"":[]},""maximum_depth_mutations_per_offspring"":3,""quantization_step_size"":1,""quantization_mutations_per_offspring"":1,""joint_aware_probability"":0.0,""adaptive_mutation"":false,""adaptive_mutation_strength"":1,""adaptive_mutation_patience"":3,""adaptive_mutation_max_strength"":3,""coarse_to_fine_mutation"":false,""coarse_to_fine_start_strength"":3,""coarse_to_fine_end_strength"":1,""stagnation_generations_after_selection"":0}",quantization,True,128,128,16,5,262144,262144,655360,21903,173408256,120872.33358537208,15276.82177734375
148,0.2119140625,0.224853515625,kl,0.2119140625,,,,,0,{},128,16,4,1,"[16,4,1]","[2048,16384,131072]",6375608320,3.4642857142857144,3216.5078125,26982023168,26982023168,0,4,4,"{""type"":""mixed_depth_quantization"",""sequential_mode"":""none"",""joint_mutation_mode"":""standard"",""parent_before_generation_hash"":""0aff31d0a3a9b4462c00d01955aa19d90c228bbaca2e3b40b6dc341a20fe2f4e"",""parent_after_generation_hash"":""0aff31d0a3a9b4462c00d01955aa19d90c228bbaca2e3b40b6dc341a20fe2f4e"",""generated_offspring_by_type"":{""depth"":59,""quantization"":69,""joint_aware"":0,""interaction_aware"":0,""sequential_quantization"":0,""fixed_quant_depth"":0,""component crossover"":0,""component crossover + repair"":0,""layer bundle crossover"":0,""layer bundle crossover + repair"":0},""depth_mask_entries_changed_by_type"":{""depth"":172,""quantization"":0,""joint_aware"":0,""interaction_aware"":0,""sequential_quantization"":0,""fixed_quant_depth"":0,""component crossover"":0,""component crossover + repair"":0,""layer bundle crossover"":0,""layer bundle crossover + repair"":0},""quant_assignments_changed_by_type"":{""depth"":96,""quantization"":146,""joint_aware"":0,""interaction_aware"":0,""sequential_quantization"":0,""fixed_quant_depth"":0,""component crossover"":0,""component crossover + repair"":0,""layer bundle crossover"":0,""layer bundle crossover + repair"":0},""depth_mask_entries_changed_total"":172,""quant_assignments_changed_total"":242,""interaction_aware_details"":{""budget_repair_quant_changes"":0,""preferred_quant_exchanges_used"":0,""fallback_quant_exchanges_used"":0},""crossover_diagnostics"":{""crossover_type"":""component"",""crossover_parent_selection"":""uniform"",""crossover_offspring"":0,""crossover_offspring_accepted"":0,""mutation_offspring_accepted"":128,""mutation_offspring"":128,""crossover_offspring_attempted"":0,""crossover_duplicates"":0,""crossover_infeasible_candidates"":0,""crossover_repair_changed_gene_count"":0,""crossover_repaired_proposals"":0,""parent_distance_mean"":null,""parent_distance_min"":null,""parent_distance_max"":null,""child_distance_from_parent_a_mean"":null,""child_distance_from_parent_b_mean"":null,""layers_from_parent_a_mean"":null,""layers_from_parent_b_mean"":null,""crossover_no_legal_exchange"":0,""local_exchange_attention"":0,""local_exchange_mlp"":0,""local_exchange_quantization"":0,""local_exchange_block"":0,""child_distance_from_base_mean"":null,""child_distance_from_base_min"":null,""child_distance_from_base_max"":null,""child_distance_from_base_count"":0,""child_distance_from_donor_mean"":null,""child_distance_from_donor_min"":null,""child_distance_from_donor_max"":null,""child_distance_from_donor_count"":0,""donor_distance_reduction_mean"":null,""donor_distance_reduction_min"":null,""donor_distance_reduction_max"":null,""donor_distance_reduction_count"":0,""local_exchange_changed_gene_count_mean"":null,""local_exchange_changed_gene_count_min"":null,""local_exchange_changed_gene_count_max"":null,""local_exchange_changed_gene_count_count"":0,""child_distance_statistics_scope"":""accepted_unique_crossover_offspring"",""persistent_population_size"":1,""unique_population_size"":1,""best_population_fitness"":0.2119140625,""configured_survivors_per_selection"":[16,4,1],""effective_survivors_per_selection"":[16,4,1],""effective_final_survivor_count"":1},""offspring_generation"":{""attempts"":130,""no_op_mutations"":1,""duplicate_candidates"":1,""infeasible_candidates"":0,""fixed_quant_legal_swap_counts"":[]},""maximum_depth_mutations_per_offspring"":3,""quantization_step_size"":1,""quantization_mutations_per_offspring"":1,""joint_aware_probability"":0.0,""adaptive_mutation"":false,""adaptive_mutation_strength"":1,""adaptive_mutation_patience"":3,""adaptive_mutation_max_strength"":3,""coarse_to_fine_mutation"":false,""coarse_to_fine_start_strength"":3,""coarse_to_fine_end_strength"":1,""stagnation_generations_after_selection"":1}",parent,False,130,128,16,5,262144,262144,655360,22052,174587904,121599.8387016299,15276.82177734375
149,0.2242431640625,0.2119140625,kl,0.2242431640625,,,,,0,{},128,16,4,1,"[16,4,1]","[2048,16384,131072]",6375608320,3.4642857142857144,3216.5078125,26982023168,26982023168,0,4,4,"{""type"":""mixed_depth_quantization"",""sequential_mode"":""none"",""joint_mutation_mode"":""standard"",""parent_before_generation_hash"":""0aff31d0a3a9b4462c00d01955aa19d90c228bbaca2e3b40b6dc341a20fe2f4e"",""parent_after_generation_hash"":""bda31f19522ff2bb6dbde86bc2c9e3ae103bcff6b8fd6aa646675c9dfe52ab83"",""generated_offspring_by_type"":{""depth"":64,""quantization"":64,""joint_aware"":0,""interaction_aware"":0,""sequential_quantization"":0,""fixed_quant_depth"":0,""component crossover"":0,""component crossover + repair"":0,""layer bundle crossover"":0,""layer bundle crossover + repair"":0},""depth_mask_entries_changed_by_type"":{""depth"":186,""quantization"":0,""joint_aware"":0,""interaction_aware"":0,""sequential_quantization"":0,""fixed_quant_depth"":0,""component crossover"":0,""component crossover + repair"":0,""layer bundle crossover"":0,""layer bundle crossover + repair"":0},""quant_assignments_changed_by_type"":{""depth"":98,""quantization"":145,""joint_aware"":0,""interaction_aware"":0,""sequential_quantization"":0,""fixed_quant_depth"":0,""component crossover"":0,""component crossover + repair"":0,""layer bundle crossover"":0,""layer bundle crossover + repair"":0},""depth_mask_entries_changed_total"":186,""quant_assignments_changed_total"":243,""interaction_aware_details"":{""budget_repair_quant_changes"":0,""preferred_quant_exchanges_used"":0,""fallback_quant_exchanges_used"":0},""crossover_diagnostics"":{""crossover_type"":""component"",""crossover_parent_selection"":""uniform"",""crossover_offspring"":0,""crossover_offspring_accepted"":0,""mutation_offspring_accepted"":128,""mutation_offspring"":128,""crossover_offspring_attempted"":0,""crossover_duplicates"":0,""crossover_infeasible_candidates"":0,""crossover_repair_changed_gene_count"":0,""crossover_repaired_proposals"":0,""parent_distance_mean"":null,""parent_distance_min"":null,""parent_distance_max"":null,""child_distance_from_parent_a_mean"":null,""child_distance_from_parent_b_mean"":null,""layers_from_parent_a_mean"":null,""layers_from_parent_b_mean"":null,""crossover_no_legal_exchange"":0,""local_exchange_attention"":0,""local_exchange_mlp"":0,""local_exchange_quantization"":0,""local_exchange_block"":0,""child_distance_from_base_mean"":null,""child_distance_from_base_min"":null,""child_distance_from_base_max"":null,""child_distance_from_base_count"":0,""child_distance_from_donor_mean"":null,""child_distance_from_donor_min"":null,""child_distance_from_donor_max"":null,""child_distance_from_donor_count"":0,""donor_distance_reduction_mean"":null,""donor_distance_reduction_min"":null,""donor_distance_reduction_max"":null,""donor_distance_reduction_count"":0,""local_exchange_changed_gene_count_mean"":null,""local_exchange_changed_gene_count_min"":null,""local_exchange_changed_gene_count_max"":null,""local_exchange_changed_gene_count_count"":0,""child_distance_statistics_scope"":""accepted_unique_crossover_offspring"",""persistent_population_size"":1,""unique_population_size"":1,""best_population_fitness"":0.2242431640625,""configured_survivors_per_selection"":[16,4,1],""effective_survivors_per_selection"":[16,4,1],""effective_final_survivor_count"":1},""offspring_generation"":{""attempts"":128,""no_op_mutations"":0,""duplicate_candidates"":0,""infeasible_candidates"":0,""fixed_quant_legal_swap_counts"":[]},""maximum_depth_mutations_per_offspring"":3,""quantization_step_size"":1,""quantization_mutations_per_offspring"":1,""joint_aware_probability"":0.0,""adaptive_mutation"":false,""adaptive_mutation_strength"":1,""adaptive_mutation_patience"":3,""adaptive_mutation_max_strength"":3,""coarse_to_fine_mutation"":false,""coarse_to_fine_start_strength"":3,""coarse_to_fine_end_strength"":1,""stagnation_generations_after_selection"":0}",quantization,True,128,128,16,5,262144,262144,655360,22201,175767552,122292.80229831312,15276.82177734375
150,0.2208251953125,0.2242431640625,kl,0.2208251953125,,,,,0,{},128,16,4,1,"[16,4,1]","[2048,16384,131072]",6375608320,3.4642857142857144,3216.5078125,26982023168,26982023168,0,4,4,"{""type"":""mixed_depth_quantization"",""sequential_mode"":""none"",""joint_mutation_mode"":""standard"",""parent_before_generation_hash"":""bda31f19522ff2bb6dbde86bc2c9e3ae103bcff6b8fd6aa646675c9dfe52ab83"",""parent_after_generation_hash"":""9f583acd088b8042174a1c173172f0576df1ce1a0f54f8b4b09a7e92cb223e4e"",""generated_offspring_by_type"":{""depth"":66,""quantization"":62,""joint_aware"":0,""interaction_aware"":0,""sequential_quantization"":0,""fixed_quant_depth"":0,""component crossover"":0,""component crossover + repair"":0,""layer bundle crossover"":0,""layer bundle crossover + repair"":0},""depth_mask_entries_changed_by_type"":{""depth"":196,""quantization"":0,""joint_aware"":0,""interaction_aware"":0,""sequential_quantization"":0,""fixed_quant_depth"":0,""component crossover"":0,""component crossover + repair"":0,""layer bundle crossover"":0,""layer bundle crossover + repair"":0},""quant_assignments_changed_by_type"":{""depth"":109,""quantization"":138,""joint_aware"":0,""interaction_aware"":0,""sequential_quantization"":0,""fixed_quant_depth"":0,""component crossover"":0,""component crossover + repair"":0,""layer bundle crossover"":0,""layer bundle crossover + repair"":0},""depth_mask_entries_changed_total"":196,""quant_assignments_changed_total"":247,""interaction_aware_details"":{""budget_repair_quant_changes"":0,""preferred_quant_exchanges_used"":0,""fallback_quant_exchanges_used"":0},""crossover_diagnostics"":{""crossover_type"":""component"",""crossover_parent_selection"":""uniform"",""crossover_offspring"":0,""crossover_offspring_accepted"":0,""mutation_offspring_accepted"":128,""mutation_offspring"":128,""crossover_offspring_attempted"":0,""crossover_duplicates"":0,""crossover_infeasible_candidates"":0,""crossover_repair_changed_gene_count"":0,""crossover_repaired_proposals"":0,""parent_distance_mean"":null,""parent_distance_min"":null,""parent_distance_max"":null,""child_distance_from_parent_a_mean"":null,""child_distance_from_parent_b_mean"":null,""layers_from_parent_a_mean"":null,""layers_from_parent_b_mean"":null,""crossover_no_legal_exchange"":0,""local_exchange_attention"":0,""local_exchange_mlp"":0,""local_exchange_quantization"":0,""local_exchange_block"":0,""child_distance_from_base_mean"":null,""child_distance_from_base_min"":null,""child_distance_from_base_max"":null,""child_distance_from_base_count"":0,""child_distance_from_donor_mean"":null,""child_distance_from_donor_min"":null,""child_distance_from_donor_max"":null,""child_distance_from_donor_count"":0,""donor_distance_reduction_mean"":null,""donor_distance_reduction_min"":null,""donor_distance_reduction_max"":null,""donor_distance_reduction_count"":0,""local_exchange_changed_gene_count_mean"":null,""local_exchange_changed_gene_count_min"":null,""local_exchange_changed_gene_count_max"":null,""local_exchange_changed_gene_count_count"":0,""child_distance_statistics_scope"":""accepted_unique_crossover_offspring"",""persistent_population_size"":1,""unique_population_size"":1,""best_population_fitness"":0.2208251953125,""configured_survivors_per_selection"":[16,4,1],""effective_survivors_per_selection"":[16,4,1],""effective_final_survivor_count"":1},""offspring_generation"":{""attempts"":131,""no_op_mutations"":0,""duplicate_candidates"":3,""infeasible_candidates"":0,""fixed_quant_legal_swap_counts"":[]},""maximum_depth_mutations_per_offspring"":3,""quantization_step_size"":1,""quantization_mutations_per_offspring"":1,""joint_aware_probability"":0.0,""adaptive_mutation"":false,""adaptive_mutation_strength"":1,""adaptive_mutation_patience"":3,""adaptive_mutation_max_strength"":3,""coarse_to_fine_mutation"":false,""coarse_to_fine_start_strength"":3,""coarse_to_fine_end_strength"":1,""stagnation_generations_after_selection"":0}",quantization,True,131,128,16,5,262144,262144,655360,22350,176947200,123087.43838211999,15276.82177734375
