generation,best_search_fitness,parent_search_fitness_before_generation,fitness_fn,best_calibration_kl,best_train_ppl,wikitext2_ppl,c4_ppl,fineweb_edu_ppl,eval_tokens_used,eval_tokens_by_dataset,num_offspring,num_survivors_stage_1,num_survivors_stage_2,num_survivors_stage_3,survivors_per_selection,tokens_per_selection,active_parameters,average_bitwidth_active,estimated_weight_memory_mb,compression_cost_bits,compression_target_bits,compression_difference_bits,dropped_attention_count,dropped_mlp_count,mutation_summary,selected_parent_mutation_type,accepted_parent_replacement,offspring_attempts,candidate_evaluations_stage_1,candidate_evaluations_stage_2,candidate_evaluations_stage_3,evaluation_tokens_stage_1,evaluation_tokens_stage_2,evaluation_tokens_stage_3,candidate_evaluations_search_cumulative,evaluation_tokens_search_cumulative,runtime_seconds_cumulative,peak_gpu_memory_mb
1,1.279296875,1.2099609375,kl,1.279296875,21.125,19.84375,,,333824,"{""wikitext2"":333824}",16,8,2,1,"[8,2,1]","[512,2048,8192]",5503193088,3.0,9872.5078125,82816598016,,,8,8,"{""type"":""mixed_depth_quantization"",""sequential_mode"":""none"",""joint_mutation_mode"":""standard"",""parent_before_generation_hash"":""6f094a85908cae5603bb3583915473338d3790171f521f61d583fc35cf69f323"",""parent_after_generation_hash"":""b5e0552ad25f62643a19447dc60d13b8e188b56bdc25ac9dd10cc7da77c08558"",""generated_offspring_by_type"":{""depth"":9,""quantization"":7,""joint_aware"":0,""interaction_aware"":0,""sequential_quantization"":0,""fixed_quant_depth"":0,""component crossover"":0,""component crossover + repair"":0,""layer bundle crossover"":0,""layer bundle crossover + repair"":0},""depth_mask_entries_changed_by_type"":{""depth"":28,""quantization"":0,""joint_aware"":0,""interaction_aware"":0,""sequential_quantization"":0,""fixed_quant_depth"":0,""component crossover"":0,""component crossover + repair"":0,""layer bundle crossover"":0,""layer bundle crossover + repair"":0},""quant_assignments_changed_by_type"":{""depth"":0,""quantization"":14,""joint_aware"":0,""interaction_aware"":0,""sequential_quantization"":0,""fixed_quant_depth"":0,""component crossover"":0,""component crossover + repair"":0,""layer bundle crossover"":0,""layer bundle crossover + repair"":0},""depth_mask_entries_changed_total"":28,""quant_assignments_changed_total"":14,""interaction_aware_details"":{""budget_repair_quant_changes"":0,""preferred_quant_exchanges_used"":0,""fallback_quant_exchanges_used"":0},""crossover_diagnostics"":{""crossover_type"":""component"",""crossover_parent_selection"":""uniform"",""crossover_offspring"":0,""crossover_offspring_accepted"":0,""mutation_offspring_accepted"":16,""mutation_offspring"":16,""crossover_offspring_attempted"":0,""crossover_duplicates"":0,""crossover_infeasible_candidates"":0,""crossover_repair_changed_gene_count"":0,""crossover_repaired_proposals"":0,""parent_distance_mean"":null,""parent_distance_min"":null,""parent_distance_max"":null,""child_distance_from_parent_a_mean"":null,""child_distance_from_parent_b_mean"":null,""layers_from_parent_a_mean"":null,""layers_from_parent_b_mean"":null,""crossover_no_legal_exchange"":0,""local_exchange_attention"":0,""local_exchange_mlp"":0,""local_exchange_quantization"":0,""local_exchange_block"":0,""child_distance_from_base_mean"":null,""child_distance_from_base_min"":null,""child_distance_from_base_max"":null,""child_distance_from_base_count"":0,""child_distance_from_donor_mean"":null,""child_distance_from_donor_min"":null,""child_distance_from_donor_max"":null,""child_distance_from_donor_count"":0,""donor_distance_reduction_mean"":null,""donor_distance_reduction_min"":null,""donor_distance_reduction_max"":null,""donor_distance_reduction_count"":0,""local_exchange_changed_gene_count_mean"":null,""local_exchange_changed_gene_count_min"":null,""local_exchange_changed_gene_count_max"":null,""local_exchange_changed_gene_count_count"":0,""child_distance_statistics_scope"":""accepted_unique_crossover_offspring"",""persistent_population_size"":4,""unique_population_size"":4,""best_population_fitness"":1.279296875,""configured_survivors_per_selection"":[8,2,1],""effective_survivors_per_selection"":[8,2,4],""effective_final_survivor_count"":4},""offspring_generation"":{""attempts"":16,""no_op_mutations"":0,""duplicate_candidates"":0,""infeasible_candidates"":0,""fixed_quant_legal_swap_counts"":[]},""maximum_depth_mutations_per_offspring"":3,""quantization_step_size"":1,""quantization_mutations_per_offspring"":1,""joint_aware_probability"":0.0,""adaptive_mutation"":false,""adaptive_mutation_strength"":1,""adaptive_mutation_patience"":3,""adaptive_mutation_max_strength"":3,""coarse_to_fine_mutation"":false,""coarse_to_fine_start_strength"":3,""coarse_to_fine_end_strength"":1,""stagnation_generations_after_selection"":0}",quantization,True,16,16,8,6,8192,16384,49152,62,90112,147.90766482800245,14280.6416015625
2,1.166015625,1.279296875,kl,1.166015625,,,,,0,{},16,8,2,1,"[8,2,1]","[512,2048,8192]",5503193088,3.0,9872.5078125,82816598016,,,8,8,"{""type"":""mixed_depth_quantization"",""sequential_mode"":""none"",""joint_mutation_mode"":""standard"",""parent_before_generation_hash"":""b5e0552ad25f62643a19447dc60d13b8e188b56bdc25ac9dd10cc7da77c08558"",""parent_after_generation_hash"":""b550241d95c9940eeb4b31d0e6f16977a3f7a5fefb8a01efb2ab275a98a1caff"",""generated_offspring_by_type"":{""depth"":7,""quantization"":9,""joint_aware"":0,""interaction_aware"":0,""sequential_quantization"":0,""fixed_quant_depth"":0,""component crossover"":0,""component crossover + repair"":0,""layer bundle crossover"":0,""layer bundle crossover + repair"":0},""depth_mask_entries_changed_by_type"":{""depth"":24,""quantization"":0,""joint_aware"":0,""interaction_aware"":0,""sequential_quantization"":0,""fixed_quant_depth"":0,""component crossover"":0,""component crossover + repair"":0,""layer bundle crossover"":0,""layer bundle crossover + repair"":0},""quant_assignments_changed_by_type"":{""depth"":0,""quantization"":18,""joint_aware"":0,""interaction_aware"":0,""sequential_quantization"":0,""fixed_quant_depth"":0,""component crossover"":0,""component crossover + repair"":0,""layer bundle crossover"":0,""layer bundle crossover + repair"":0},""depth_mask_entries_changed_total"":24,""quant_assignments_changed_total"":18,""interaction_aware_details"":{""budget_repair_quant_changes"":0,""preferred_quant_exchanges_used"":0,""fallback_quant_exchanges_used"":0},""crossover_diagnostics"":{""crossover_type"":""component"",""crossover_parent_selection"":""uniform"",""crossover_offspring"":0,""crossover_offspring_accepted"":0,""mutation_offspring_accepted"":16,""mutation_offspring"":16,""crossover_offspring_attempted"":0,""crossover_duplicates"":0,""crossover_infeasible_candidates"":0,""crossover_repair_changed_gene_count"":0,""crossover_repaired_proposals"":0,""parent_distance_mean"":null,""parent_distance_min"":null,""parent_distance_max"":null,""child_distance_from_parent_a_mean"":null,""child_distance_from_parent_b_mean"":null,""layers_from_parent_a_mean"":null,""layers_from_parent_b_mean"":null,""crossover_no_legal_exchange"":0,""local_exchange_attention"":0,""local_exchange_mlp"":0,""local_exchange_quantization"":0,""local_exchange_block"":0,""child_distance_from_base_mean"":null,""child_distance_from_base_min"":null,""child_distance_from_base_max"":null,""child_distance_from_base_count"":0,""child_distance_from_donor_mean"":null,""child_distance_from_donor_min"":null,""child_distance_from_donor_max"":null,""child_distance_from_donor_count"":0,""donor_distance_reduction_mean"":null,""donor_distance_reduction_min"":null,""donor_distance_reduction_max"":null,""donor_distance_reduction_count"":0,""local_exchange_changed_gene_count_mean"":null,""local_exchange_changed_gene_count_min"":null,""local_exchange_changed_gene_count_max"":null,""local_exchange_changed_gene_count_count"":0,""child_distance_statistics_scope"":""accepted_unique_crossover_offspring"",""persistent_population_size"":4,""unique_population_size"":4,""best_population_fitness"":1.166015625,""configured_survivors_per_selection"":[8,2,1],""effective_survivors_per_selection"":[8,2,4],""effective_final_survivor_count"":4},""offspring_generation"":{""attempts"":16,""no_op_mutations"":0,""duplicate_candidates"":0,""infeasible_candidates"":0,""fixed_quant_legal_swap_counts"":[]},""maximum_depth_mutations_per_offspring"":3,""quantization_step_size"":1,""quantization_mutations_per_offspring"":1,""joint_aware_probability"":0.0,""adaptive_mutation"":false,""adaptive_mutation_strength"":1,""adaptive_mutation_patience"":3,""adaptive_mutation_max_strength"":3,""coarse_to_fine_mutation"":false,""coarse_to_fine_start_strength"":3,""coarse_to_fine_end_strength"":1,""stagnation_generations_after_selection"":0}",depth,True,16,16,8,6,8192,16384,49152,92,163840,199.7119692490087,14280.6416015625
3,1.1015625,1.166015625,kl,1.1015625,,,,,0,{},16,8,2,1,"[8,2,1]","[512,2048,8192]",5503193088,3.0,9872.5078125,82816598016,,,8,8,"{""type"":""mixed_depth_quantization"",""sequential_mode"":""none"",""joint_mutation_mode"":""standard"",""parent_before_generation_hash"":""b550241d95c9940eeb4b31d0e6f16977a3f7a5fefb8a01efb2ab275a98a1caff"",""parent_after_generation_hash"":""724175e3e908af57896363c8ebdfedc872ae4e06aba8b8625848097b64fb99ed"",""generated_offspring_by_type"":{""depth"":9,""quantization"":7,""joint_aware"":0,""interaction_aware"":0,""sequential_quantization"":0,""fixed_quant_depth"":0,""component crossover"":0,""component crossover + repair"":0,""layer bundle crossover"":0,""layer bundle crossover + repair"":0},""depth_mask_entries_changed_by_type"":{""depth"":26,""quantization"":0,""joint_aware"":0,""interaction_aware"":0,""sequential_quantization"":0,""fixed_quant_depth"":0,""component crossover"":0,""component crossover + repair"":0,""layer bundle crossover"":0,""layer bundle crossover + repair"":0},""quant_assignments_changed_by_type"":{""depth"":0,""quantization"":14,""joint_aware"":0,""interaction_aware"":0,""sequential_quantization"":0,""fixed_quant_depth"":0,""component crossover"":0,""component crossover + repair"":0,""layer bundle crossover"":0,""layer bundle crossover + repair"":0},""depth_mask_entries_changed_total"":26,""quant_assignments_changed_total"":14,""interaction_aware_details"":{""budget_repair_quant_changes"":0,""preferred_quant_exchanges_used"":0,""fallback_quant_exchanges_used"":0},""crossover_diagnostics"":{""crossover_type"":""component"",""crossover_parent_selection"":""uniform"",""crossover_offspring"":0,""crossover_offspring_accepted"":0,""mutation_offspring_accepted"":16,""mutation_offspring"":16,""crossover_offspring_attempted"":0,""crossover_duplicates"":0,""crossover_infeasible_candidates"":0,""crossover_repair_changed_gene_count"":0,""crossover_repaired_proposals"":0,""parent_distance_mean"":null,""parent_distance_min"":null,""parent_distance_max"":null,""child_distance_from_parent_a_mean"":null,""child_distance_from_parent_b_mean"":null,""layers_from_parent_a_mean"":null,""layers_from_parent_b_mean"":null,""crossover_no_legal_exchange"":0,""local_exchange_attention"":0,""local_exchange_mlp"":0,""local_exchange_quantization"":0,""local_exchange_block"":0,""child_distance_from_base_mean"":null,""child_distance_from_base_min"":null,""child_distance_from_base_max"":null,""child_distance_from_base_count"":0,""child_distance_from_donor_mean"":null,""child_distance_from_donor_min"":null,""child_distance_from_donor_max"":null,""child_distance_from_donor_count"":0,""donor_distance_reduction_mean"":null,""donor_distance_reduction_min"":null,""donor_distance_reduction_max"":null,""donor_distance_reduction_count"":0,""local_exchange_changed_gene_count_mean"":null,""local_exchange_changed_gene_count_min"":null,""local_exchange_changed_gene_count_max"":null,""local_exchange_changed_gene_count_count"":0,""child_distance_statistics_scope"":""accepted_unique_crossover_offspring"",""persistent_population_size"":4,""unique_population_size"":4,""best_population_fitness"":1.1015625,""configured_survivors_per_selection"":[8,2,1],""effective_survivors_per_selection"":[8,2,4],""effective_final_survivor_count"":4},""offspring_generation"":{""attempts"":16,""no_op_mutations"":0,""duplicate_candidates"":0,""infeasible_candidates"":0,""fixed_quant_legal_swap_counts"":[]},""maximum_depth_mutations_per_offspring"":3,""quantization_step_size"":1,""quantization_mutations_per_offspring"":1,""joint_aware_probability"":0.0,""adaptive_mutation"":false,""adaptive_mutation_strength"":1,""adaptive_mutation_patience"":3,""adaptive_mutation_max_strength"":3,""coarse_to_fine_mutation"":false,""coarse_to_fine_start_strength"":3,""coarse_to_fine_end_strength"":1,""stagnation_generations_after_selection"":0}",depth,True,16,16,8,6,8192,16384,49152,122,237568,250.18553027301095,14280.6416015625
4,1.0947265625,1.1015625,kl,1.0947265625,,,,,0,{},16,8,2,1,"[8,2,1]","[512,2048,8192]",5503193088,3.0,9872.5078125,82816598016,,,8,8,"{""type"":""mixed_depth_quantization"",""sequential_mode"":""none"",""joint_mutation_mode"":""standard"",""parent_before_generation_hash"":""724175e3e908af57896363c8ebdfedc872ae4e06aba8b8625848097b64fb99ed"",""parent_after_generation_hash"":""34b5a15cba0993d8f034af52a8d5178379ade4c2e72eeadf8e373d2bba0cc3cd"",""generated_offspring_by_type"":{""depth"":5,""quantization"":11,""joint_aware"":0,""interaction_aware"":0,""sequential_quantization"":0,""fixed_quant_depth"":0,""component crossover"":0,""component crossover + repair"":0,""layer bundle crossover"":0,""layer bundle crossover + repair"":0},""depth_mask_entries_changed_by_type"":{""depth"":16,""quantization"":0,""joint_aware"":0,""interaction_aware"":0,""sequential_quantization"":0,""fixed_quant_depth"":0,""component crossover"":0,""component crossover + repair"":0,""layer bundle crossover"":0,""layer bundle crossover + repair"":0},""quant_assignments_changed_by_type"":{""depth"":0,""quantization"":22,""joint_aware"":0,""interaction_aware"":0,""sequential_quantization"":0,""fixed_quant_depth"":0,""component crossover"":0,""component crossover + repair"":0,""layer bundle crossover"":0,""layer bundle crossover + repair"":0},""depth_mask_entries_changed_total"":16,""quant_assignments_changed_total"":22,""interaction_aware_details"":{""budget_repair_quant_changes"":0,""preferred_quant_exchanges_used"":0,""fallback_quant_exchanges_used"":0},""crossover_diagnostics"":{""crossover_type"":""component"",""crossover_parent_selection"":""uniform"",""crossover_offspring"":0,""crossover_offspring_accepted"":0,""mutation_offspring_accepted"":16,""mutation_offspring"":16,""crossover_offspring_attempted"":0,""crossover_duplicates"":0,""crossover_infeasible_candidates"":0,""crossover_repair_changed_gene_count"":0,""crossover_repaired_proposals"":0,""parent_distance_mean"":null,""parent_distance_min"":null,""parent_distance_max"":null,""child_distance_from_parent_a_mean"":null,""child_distance_from_parent_b_mean"":null,""layers_from_parent_a_mean"":null,""layers_from_parent_b_mean"":null,""crossover_no_legal_exchange"":0,""local_exchange_attention"":0,""local_exchange_mlp"":0,""local_exchange_quantization"":0,""local_exchange_block"":0,""child_distance_from_base_mean"":null,""child_distance_from_base_min"":null,""child_distance_from_base_max"":null,""child_distance_from_base_count"":0,""child_distance_from_donor_mean"":null,""child_distance_from_donor_min"":null,""child_distance_from_donor_max"":null,""child_distance_from_donor_count"":0,""donor_distance_reduction_mean"":null,""donor_distance_reduction_min"":null,""donor_distance_reduction_max"":null,""donor_distance_reduction_count"":0,""local_exchange_changed_gene_count_mean"":null,""local_exchange_changed_gene_count_min"":null,""local_exchange_changed_gene_count_max"":null,""local_exchange_changed_gene_count_count"":0,""child_distance_statistics_scope"":""accepted_unique_crossover_offspring"",""persistent_population_size"":4,""unique_population_size"":4,""best_population_fitness"":1.0947265625,""configured_survivors_per_selection"":[8,2,1],""effective_survivors_per_selection"":[8,2,4],""effective_final_survivor_count"":4},""offspring_generation"":{""attempts"":16,""no_op_mutations"":0,""duplicate_candidates"":0,""infeasible_candidates"":0,""fixed_quant_legal_swap_counts"":[]},""maximum_depth_mutations_per_offspring"":3,""quantization_step_size"":1,""quantization_mutations_per_offspring"":1,""joint_aware_probability"":0.0,""adaptive_mutation"":false,""adaptive_mutation_strength"":1,""adaptive_mutation_patience"":3,""adaptive_mutation_max_strength"":3,""coarse_to_fine_mutation"":false,""coarse_to_fine_start_strength"":3,""coarse_to_fine_end_strength"":1,""stagnation_generations_after_selection"":0}",quantization,True,16,16,8,6,8192,16384,49152,152,311296,302.681284935039,14280.6416015625
5,1.04296875,1.0947265625,kl,1.04296875,,,,,0,{},16,8,2,1,"[8,2,1]","[512,2048,8192]",5503193088,3.0,9872.5078125,82816598016,,,8,8,"{""type"":""mixed_depth_quantization"",""sequential_mode"":""none"",""joint_mutation_mode"":""standard"",""parent_before_generation_hash"":""34b5a15cba0993d8f034af52a8d5178379ade4c2e72eeadf8e373d2bba0cc3cd"",""parent_after_generation_hash"":""31f295d14eddde27590cb26105eb2614a083a6bfad934b3d11299c7917c81603"",""generated_offspring_by_type"":{""depth"":9,""quantization"":7,""joint_aware"":0,""interaction_aware"":0,""sequential_quantization"":0,""fixed_quant_depth"":0,""component crossover"":0,""component crossover + repair"":0,""layer bundle crossover"":0,""layer bundle crossover + repair"":0},""depth_mask_entries_changed_by_type"":{""depth"":30,""quantization"":0,""joint_aware"":0,""interaction_aware"":0,""sequential_quantization"":0,""fixed_quant_depth"":0,""component crossover"":0,""component crossover + repair"":0,""layer bundle crossover"":0,""layer bundle crossover + repair"":0},""quant_assignments_changed_by_type"":{""depth"":1,""quantization"":14,""joint_aware"":0,""interaction_aware"":0,""sequential_quantization"":0,""fixed_quant_depth"":0,""component crossover"":0,""component crossover + repair"":0,""layer bundle crossover"":0,""layer bundle crossover + repair"":0},""depth_mask_entries_changed_total"":30,""quant_assignments_changed_total"":15,""interaction_aware_details"":{""budget_repair_quant_changes"":0,""preferred_quant_exchanges_used"":0,""fallback_quant_exchanges_used"":0},""crossover_diagnostics"":{""crossover_type"":""component"",""crossover_parent_selection"":""uniform"",""crossover_offspring"":0,""crossover_offspring_accepted"":0,""mutation_offspring_accepted"":16,""mutation_offspring"":16,""crossover_offspring_attempted"":0,""crossover_duplicates"":0,""crossover_infeasible_candidates"":0,""crossover_repair_changed_gene_count"":0,""crossover_repaired_proposals"":0,""parent_distance_mean"":null,""parent_distance_min"":null,""parent_distance_max"":null,""child_distance_from_parent_a_mean"":null,""child_distance_from_parent_b_mean"":null,""layers_from_parent_a_mean"":null,""layers_from_parent_b_mean"":null,""crossover_no_legal_exchange"":0,""local_exchange_attention"":0,""local_exchange_mlp"":0,""local_exchange_quantization"":0,""local_exchange_block"":0,""child_distance_from_base_mean"":null,""child_distance_from_base_min"":null,""child_distance_from_base_max"":null,""child_distance_from_base_count"":0,""child_distance_from_donor_mean"":null,""child_distance_from_donor_min"":null,""child_distance_from_donor_max"":null,""child_distance_from_donor_count"":0,""donor_distance_reduction_mean"":null,""donor_distance_reduction_min"":null,""donor_distance_reduction_max"":null,""donor_distance_reduction_count"":0,""local_exchange_changed_gene_count_mean"":null,""local_exchange_changed_gene_count_min"":null,""local_exchange_changed_gene_count_max"":null,""local_exchange_changed_gene_count_count"":0,""child_distance_statistics_scope"":""accepted_unique_crossover_offspring"",""persistent_population_size"":4,""unique_population_size"":4,""best_population_fitness"":1.04296875,""configured_survivors_per_selection"":[8,2,1],""effective_survivors_per_selection"":[8,2,4],""effective_final_survivor_count"":4},""offspring_generation"":{""attempts"":16,""no_op_mutations"":0,""duplicate_candidates"":0,""infeasible_candidates"":0,""fixed_quant_legal_swap_counts"":[]},""maximum_depth_mutations_per_offspring"":3,""quantization_step_size"":1,""quantization_mutations_per_offspring"":1,""joint_aware_probability"":0.0,""adaptive_mutation"":false,""adaptive_mutation_strength"":1,""adaptive_mutation_patience"":3,""adaptive_mutation_max_strength"":3,""coarse_to_fine_mutation"":false,""coarse_to_fine_start_strength"":3,""coarse_to_fine_end_strength"":1,""stagnation_generations_after_selection"":0}",depth,True,16,16,8,6,8192,16384,49152,182,385024,351.9513130050036,14280.6416015625
6,1.005859375,1.04296875,kl,1.005859375,16.65625,16.453125,,,333824,"{""wikitext2"":333824}",16,8,2,1,"[8,2,1]","[512,2048,8192]",5503193088,3.0,9872.5078125,82816598016,,,8,8,"{""type"":""mixed_depth_quantization"",""sequential_mode"":""none"",""joint_mutation_mode"":""standard"",""parent_before_generation_hash"":""31f295d14eddde27590cb26105eb2614a083a6bfad934b3d11299c7917c81603"",""parent_after_generation_hash"":""60134193f3dbe4970ef2d3b0018518830ffc444c7612d00e605111530bf6f8c9"",""generated_offspring_by_type"":{""depth"":6,""quantization"":10,""joint_aware"":0,""interaction_aware"":0,""sequential_quantization"":0,""fixed_quant_depth"":0,""component crossover"":0,""component crossover + repair"":0,""layer bundle crossover"":0,""layer bundle crossover + repair"":0},""depth_mask_entries_changed_by_type"":{""depth"":16,""quantization"":0,""joint_aware"":0,""interaction_aware"":0,""sequential_quantization"":0,""fixed_quant_depth"":0,""component crossover"":0,""component crossover + repair"":0,""layer bundle crossover"":0,""layer bundle crossover + repair"":0},""quant_assignments_changed_by_type"":{""depth"":2,""quantization"":20,""joint_aware"":0,""interaction_aware"":0,""sequential_quantization"":0,""fixed_quant_depth"":0,""component crossover"":0,""component crossover + repair"":0,""layer bundle crossover"":0,""layer bundle crossover + repair"":0},""depth_mask_entries_changed_total"":16,""quant_assignments_changed_total"":22,""interaction_aware_details"":{""budget_repair_quant_changes"":0,""preferred_quant_exchanges_used"":0,""fallback_quant_exchanges_used"":0},""crossover_diagnostics"":{""crossover_type"":""component"",""crossover_parent_selection"":""uniform"",""crossover_offspring"":0,""crossover_offspring_accepted"":0,""mutation_offspring_accepted"":16,""mutation_offspring"":16,""crossover_offspring_attempted"":0,""crossover_duplicates"":0,""crossover_infeasible_candidates"":0,""crossover_repair_changed_gene_count"":0,""crossover_repaired_proposals"":0,""parent_distance_mean"":null,""parent_distance_min"":null,""parent_distance_max"":null,""child_distance_from_parent_a_mean"":null,""child_distance_from_parent_b_mean"":null,""layers_from_parent_a_mean"":null,""layers_from_parent_b_mean"":null,""crossover_no_legal_exchange"":0,""local_exchange_attention"":0,""local_exchange_mlp"":0,""local_exchange_quantization"":0,""local_exchange_block"":0,""child_distance_from_base_mean"":null,""child_distance_from_base_min"":null,""child_distance_from_base_max"":null,""child_distance_from_base_count"":0,""child_distance_from_donor_mean"":null,""child_distance_from_donor_min"":null,""child_distance_from_donor_max"":null,""child_distance_from_donor_count"":0,""donor_distance_reduction_mean"":null,""donor_distance_reduction_min"":null,""donor_distance_reduction_max"":null,""donor_distance_reduction_count"":0,""local_exchange_changed_gene_count_mean"":null,""local_exchange_changed_gene_count_min"":null,""local_exchange_changed_gene_count_max"":null,""local_exchange_changed_gene_count_count"":0,""child_distance_statistics_scope"":""accepted_unique_crossover_offspring"",""persistent_population_size"":4,""unique_population_size"":4,""best_population_fitness"":1.005859375,""configured_survivors_per_selection"":[8,2,1],""effective_survivors_per_selection"":[8,2,4],""effective_final_survivor_count"":4},""offspring_generation"":{""attempts"":16,""no_op_mutations"":0,""duplicate_candidates"":0,""infeasible_candidates"":0,""fixed_quant_legal_swap_counts"":[]},""maximum_depth_mutations_per_offspring"":3,""quantization_step_size"":1,""quantization_mutations_per_offspring"":1,""joint_aware_probability"":0.0,""adaptive_mutation"":false,""adaptive_mutation_strength"":1,""adaptive_mutation_patience"":3,""adaptive_mutation_max_strength"":3,""coarse_to_fine_mutation"":false,""coarse_to_fine_start_strength"":3,""coarse_to_fine_end_strength"":1,""stagnation_generations_after_selection"":0}",depth,True,16,16,8,6,8192,16384,49152,212,458752,458.45513069001026,14280.6416015625
7,0.93994140625,1.005859375,kl,0.93994140625,,,,,0,{},16,8,2,1,"[8,2,1]","[512,2048,8192]",5503193088,3.0,9872.5078125,82816598016,,,8,8,"{""type"":""mixed_depth_quantization"",""sequential_mode"":""none"",""joint_mutation_mode"":""standard"",""parent_before_generation_hash"":""60134193f3dbe4970ef2d3b0018518830ffc444c7612d00e605111530bf6f8c9"",""parent_after_generation_hash"":""8fa17b3a75cd158b4e671f2c600dcd009ad974713f599f73f057c36960d640a2"",""generated_offspring_by_type"":{""depth"":9,""quantization"":7,""joint_aware"":0,""interaction_aware"":0,""sequential_quantization"":0,""fixed_quant_depth"":0,""component crossover"":0,""component crossover + repair"":0,""layer bundle crossover"":0,""layer bundle crossover + repair"":0},""depth_mask_entries_changed_by_type"":{""depth"":36,""quantization"":0,""joint_aware"":0,""interaction_aware"":0,""sequential_quantization"":0,""fixed_quant_depth"":0,""component crossover"":0,""component crossover + repair"":0,""layer bundle crossover"":0,""layer bundle crossover + repair"":0},""quant_assignments_changed_by_type"":{""depth"":1,""quantization"":14,""joint_aware"":0,""interaction_aware"":0,""sequential_quantization"":0,""fixed_quant_depth"":0,""component crossover"":0,""component crossover + repair"":0,""layer bundle crossover"":0,""layer bundle crossover + repair"":0},""depth_mask_entries_changed_total"":36,""quant_assignments_changed_total"":15,""interaction_aware_details"":{""budget_repair_quant_changes"":0,""preferred_quant_exchanges_used"":0,""fallback_quant_exchanges_used"":0},""crossover_diagnostics"":{""crossover_type"":""component"",""crossover_parent_selection"":""uniform"",""crossover_offspring"":0,""crossover_offspring_accepted"":0,""mutation_offspring_accepted"":16,""mutation_offspring"":16,""crossover_offspring_attempted"":0,""crossover_duplicates"":0,""crossover_infeasible_candidates"":0,""crossover_repair_changed_gene_count"":0,""crossover_repaired_proposals"":0,""parent_distance_mean"":null,""parent_distance_min"":null,""parent_distance_max"":null,""child_distance_from_parent_a_mean"":null,""child_distance_from_parent_b_mean"":null,""layers_from_parent_a_mean"":null,""layers_from_parent_b_mean"":null,""crossover_no_legal_exchange"":0,""local_exchange_attention"":0,""local_exchange_mlp"":0,""local_exchange_quantization"":0,""local_exchange_block"":0,""child_distance_from_base_mean"":null,""child_distance_from_base_min"":null,""child_distance_from_base_max"":null,""child_distance_from_base_count"":0,""child_distance_from_donor_mean"":null,""child_distance_from_donor_min"":null,""child_distance_from_donor_max"":null,""child_distance_from_donor_count"":0,""donor_distance_reduction_mean"":null,""donor_distance_reduction_min"":null,""donor_distance_reduction_max"":null,""donor_distance_reduction_count"":0,""local_exchange_changed_gene_count_mean"":null,""local_exchange_changed_gene_count_min"":null,""local_exchange_changed_gene_count_max"":null,""local_exchange_changed_gene_count_count"":0,""child_distance_statistics_scope"":""accepted_unique_crossover_offspring"",""persistent_population_size"":4,""unique_population_size"":4,""best_population_fitness"":0.93994140625,""configured_survivors_per_selection"":[8,2,1],""effective_survivors_per_selection"":[8,2,4],""effective_final_survivor_count"":4},""offspring_generation"":{""attempts"":16,""no_op_mutations"":0,""duplicate_candidates"":0,""infeasible_candidates"":0,""fixed_quant_legal_swap_counts"":[]},""maximum_depth_mutations_per_offspring"":3,""quantization_step_size"":1,""quantization_mutations_per_offspring"":1,""joint_aware_probability"":0.0,""adaptive_mutation"":false,""adaptive_mutation_strength"":1,""adaptive_mutation_patience"":3,""adaptive_mutation_max_strength"":3,""coarse_to_fine_mutation"":false,""coarse_to_fine_start_strength"":3,""coarse_to_fine_end_strength"":1,""stagnation_generations_after_selection"":0}",depth,True,16,16,8,6,8192,16384,49152,242,532480,504.7455538090435,14280.6416015625
8,0.939453125,0.93994140625,kl,0.939453125,,,,,0,{},16,8,2,1,"[8,2,1]","[512,2048,8192]",5503193088,3.0,9872.5078125,82816598016,,,8,8,"{""type"":""mixed_depth_quantization"",""sequential_mode"":""none"",""joint_mutation_mode"":""standard"",""parent_before_generation_hash"":""8fa17b3a75cd158b4e671f2c600dcd009ad974713f599f73f057c36960d640a2"",""parent_after_generation_hash"":""8fa17b3a75cd158b4e671f2c600dcd009ad974713f599f73f057c36960d640a2"",""generated_offspring_by_type"":{""depth"":8,""quantization"":8,""joint_aware"":0,""interaction_aware"":0,""sequential_quantization"":0,""fixed_quant_depth"":0,""component crossover"":0,""component crossover + repair"":0,""layer bundle crossover"":0,""layer bundle crossover + repair"":0},""depth_mask_entries_changed_by_type"":{""depth"":26,""quantization"":0,""joint_aware"":0,""interaction_aware"":0,""sequential_quantization"":0,""fixed_quant_depth"":0,""component crossover"":0,""component crossover + repair"":0,""layer bundle crossover"":0,""layer bundle crossover + repair"":0},""quant_assignments_changed_by_type"":{""depth"":0,""quantization"":16,""joint_aware"":0,""interaction_aware"":0,""sequential_quantization"":0,""fixed_quant_depth"":0,""component crossover"":0,""component crossover + repair"":0,""layer bundle crossover"":0,""layer bundle crossover + repair"":0},""depth_mask_entries_changed_total"":26,""quant_assignments_changed_total"":16,""interaction_aware_details"":{""budget_repair_quant_changes"":0,""preferred_quant_exchanges_used"":0,""fallback_quant_exchanges_used"":0},""crossover_diagnostics"":{""crossover_type"":""component"",""crossover_parent_selection"":""uniform"",""crossover_offspring"":0,""crossover_offspring_accepted"":0,""mutation_offspring_accepted"":16,""mutation_offspring"":16,""crossover_offspring_attempted"":0,""crossover_duplicates"":0,""crossover_infeasible_candidates"":0,""crossover_repair_changed_gene_count"":0,""crossover_repaired_proposals"":0,""parent_distance_mean"":null,""parent_distance_min"":null,""parent_distance_max"":null,""child_distance_from_parent_a_mean"":null,""child_distance_from_parent_b_mean"":null,""layers_from_parent_a_mean"":null,""layers_from_parent_b_mean"":null,""crossover_no_legal_exchange"":0,""local_exchange_attention"":0,""local_exchange_mlp"":0,""local_exchange_quantization"":0,""local_exchange_block"":0,""child_distance_from_base_mean"":null,""child_distance_from_base_min"":null,""child_distance_from_base_max"":null,""child_distance_from_base_count"":0,""child_distance_from_donor_mean"":null,""child_distance_from_donor_min"":null,""child_distance_from_donor_max"":null,""child_distance_from_donor_count"":0,""donor_distance_reduction_mean"":null,""donor_distance_reduction_min"":null,""donor_distance_reduction_max"":null,""donor_distance_reduction_count"":0,""local_exchange_changed_gene_count_mean"":null,""local_exchange_changed_gene_count_min"":null,""local_exchange_changed_gene_count_max"":null,""local_exchange_changed_gene_count_count"":0,""child_distance_statistics_scope"":""accepted_unique_crossover_offspring"",""persistent_population_size"":4,""unique_population_size"":4,""best_population_fitness"":0.939453125,""configured_survivors_per_selection"":[8,2,1],""effective_survivors_per_selection"":[8,2,4],""effective_final_survivor_count"":4},""offspring_generation"":{""attempts"":16,""no_op_mutations"":0,""duplicate_candidates"":0,""infeasible_candidates"":0,""fixed_quant_legal_swap_counts"":[]},""maximum_depth_mutations_per_offspring"":3,""quantization_step_size"":1,""quantization_mutations_per_offspring"":1,""joint_aware_probability"":0.0,""adaptive_mutation"":false,""adaptive_mutation_strength"":1,""adaptive_mutation_patience"":3,""adaptive_mutation_max_strength"":3,""coarse_to_fine_mutation"":false,""coarse_to_fine_start_strength"":3,""coarse_to_fine_end_strength"":1,""stagnation_generations_after_selection"":1}",parent,False,16,16,8,6,8192,16384,49152,272,606208,552.0450217670295,14280.6416015625
9,0.86376953125,0.939453125,kl,0.86376953125,,,,,0,{},16,8,2,1,"[8,2,1]","[512,2048,8192]",5503193088,3.0,9872.5078125,82816598016,,,8,8,"{""type"":""mixed_depth_quantization"",""sequential_mode"":""none"",""joint_mutation_mode"":""standard"",""parent_before_generation_hash"":""8fa17b3a75cd158b4e671f2c600dcd009ad974713f599f73f057c36960d640a2"",""parent_after_generation_hash"":""d4596e9d352d302c971396abdc1a1a26ce2a3344518da6f8db69767cfc870d93"",""generated_offspring_by_type"":{""depth"":12,""quantization"":4,""joint_aware"":0,""interaction_aware"":0,""sequential_quantization"":0,""fixed_quant_depth"":0,""component crossover"":0,""component crossover + repair"":0,""layer bundle crossover"":0,""layer bundle crossover + repair"":0},""depth_mask_entries_changed_by_type"":{""depth"":32,""quantization"":0,""joint_aware"":0,""interaction_aware"":0,""sequential_quantization"":0,""fixed_quant_depth"":0,""component crossover"":0,""component crossover + repair"":0,""layer bundle crossover"":0,""layer bundle crossover + repair"":0},""quant_assignments_changed_by_type"":{""depth"":1,""quantization"":8,""joint_aware"":0,""interaction_aware"":0,""sequential_quantization"":0,""fixed_quant_depth"":0,""component crossover"":0,""component crossover + repair"":0,""layer bundle crossover"":0,""layer bundle crossover + repair"":0},""depth_mask_entries_changed_total"":32,""quant_assignments_changed_total"":9,""interaction_aware_details"":{""budget_repair_quant_changes"":0,""preferred_quant_exchanges_used"":0,""fallback_quant_exchanges_used"":0},""crossover_diagnostics"":{""crossover_type"":""component"",""crossover_parent_selection"":""uniform"",""crossover_offspring"":0,""crossover_offspring_accepted"":0,""mutation_offspring_accepted"":16,""mutation_offspring"":16,""crossover_offspring_attempted"":0,""crossover_duplicates"":0,""crossover_infeasible_candidates"":0,""crossover_repair_changed_gene_count"":0,""crossover_repaired_proposals"":0,""parent_distance_mean"":null,""parent_distance_min"":null,""parent_distance_max"":null,""child_distance_from_parent_a_mean"":null,""child_distance_from_parent_b_mean"":null,""layers_from_parent_a_mean"":null,""layers_from_parent_b_mean"":null,""crossover_no_legal_exchange"":0,""local_exchange_attention"":0,""local_exchange_mlp"":0,""local_exchange_quantization"":0,""local_exchange_block"":0,""child_distance_from_base_mean"":null,""child_distance_from_base_min"":null,""child_distance_from_base_max"":null,""child_distance_from_base_count"":0,""child_distance_from_donor_mean"":null,""child_distance_from_donor_min"":null,""child_distance_from_donor_max"":null,""child_distance_from_donor_count"":0,""donor_distance_reduction_mean"":null,""donor_distance_reduction_min"":null,""donor_distance_reduction_max"":null,""donor_distance_reduction_count"":0,""local_exchange_changed_gene_count_mean"":null,""local_exchange_changed_gene_count_min"":null,""local_exchange_changed_gene_count_max"":null,""local_exchange_changed_gene_count_count"":0,""child_distance_statistics_scope"":""accepted_unique_crossover_offspring"",""persistent_population_size"":4,""unique_population_size"":4,""best_population_fitness"":0.86376953125,""configured_survivors_per_selection"":[8,2,1],""effective_survivors_per_selection"":[8,2,4],""effective_final_survivor_count"":4},""offspring_generation"":{""attempts"":16,""no_op_mutations"":0,""duplicate_candidates"":0,""infeasible_candidates"":0,""fixed_quant_legal_swap_counts"":[]},""maximum_depth_mutations_per_offspring"":3,""quantization_step_size"":1,""quantization_mutations_per_offspring"":1,""joint_aware_probability"":0.0,""adaptive_mutation"":false,""adaptive_mutation_strength"":1,""adaptive_mutation_patience"":3,""adaptive_mutation_max_strength"":3,""coarse_to_fine_mutation"":false,""coarse_to_fine_start_strength"":3,""coarse_to_fine_end_strength"":1,""stagnation_generations_after_selection"":0}",depth,True,16,16,8,6,8192,16384,49152,302,679936,598.8370458590216,14280.6416015625
10,0.86328125,0.86376953125,kl,0.86328125,,,,,0,{},16,8,2,1,"[8,2,1]","[512,2048,8192]",5503193088,3.0,9872.5078125,82816598016,,,8,8,"{""type"":""mixed_depth_quantization"",""sequential_mode"":""none"",""joint_mutation_mode"":""standard"",""parent_before_generation_hash"":""d4596e9d352d302c971396abdc1a1a26ce2a3344518da6f8db69767cfc870d93"",""parent_after_generation_hash"":""d4596e9d352d302c971396abdc1a1a26ce2a3344518da6f8db69767cfc870d93"",""generated_offspring_by_type"":{""depth"":10,""quantization"":6,""joint_aware"":0,""interaction_aware"":0,""sequential_quantization"":0,""fixed_quant_depth"":0,""component crossover"":0,""component crossover + repair"":0,""layer bundle crossover"":0,""layer bundle crossover + repair"":0},""depth_mask_entries_changed_by_type"":{""depth"":38,""quantization"":0,""joint_aware"":0,""interaction_aware"":0,""sequential_quantization"":0,""fixed_quant_depth"":0,""component crossover"":0,""component crossover + repair"":0,""layer bundle crossover"":0,""layer bundle crossover + repair"":0},""quant_assignments_changed_by_type"":{""depth"":2,""quantization"":12,""joint_aware"":0,""interaction_aware"":0,""sequential_quantization"":0,""fixed_quant_depth"":0,""component crossover"":0,""component crossover + repair"":0,""layer bundle crossover"":0,""layer bundle crossover + repair"":0},""depth_mask_entries_changed_total"":38,""quant_assignments_changed_total"":14,""interaction_aware_details"":{""budget_repair_quant_changes"":0,""preferred_quant_exchanges_used"":0,""fallback_quant_exchanges_used"":0},""crossover_diagnostics"":{""crossover_type"":""component"",""crossover_parent_selection"":""uniform"",""crossover_offspring"":0,""crossover_offspring_accepted"":0,""mutation_offspring_accepted"":16,""mutation_offspring"":16,""crossover_offspring_attempted"":0,""crossover_duplicates"":0,""crossover_infeasible_candidates"":0,""crossover_repair_changed_gene_count"":0,""crossover_repaired_proposals"":0,""parent_distance_mean"":null,""parent_distance_min"":null,""parent_distance_max"":null,""child_distance_from_parent_a_mean"":null,""child_distance_from_parent_b_mean"":null,""layers_from_parent_a_mean"":null,""layers_from_parent_b_mean"":null,""crossover_no_legal_exchange"":0,""local_exchange_attention"":0,""local_exchange_mlp"":0,""local_exchange_quantization"":0,""local_exchange_block"":0,""child_distance_from_base_mean"":null,""child_distance_from_base_min"":null,""child_distance_from_base_max"":null,""child_distance_from_base_count"":0,""child_distance_from_donor_mean"":null,""child_distance_from_donor_min"":null,""child_distance_from_donor_max"":null,""child_distance_from_donor_count"":0,""donor_distance_reduction_mean"":null,""donor_distance_reduction_min"":null,""donor_distance_reduction_max"":null,""donor_distance_reduction_count"":0,""local_exchange_changed_gene_count_mean"":null,""local_exchange_changed_gene_count_min"":null,""local_exchange_changed_gene_count_max"":null,""local_exchange_changed_gene_count_count"":0,""child_distance_statistics_scope"":""accepted_unique_crossover_offspring"",""persistent_population_size"":4,""unique_population_size"":4,""best_population_fitness"":0.86328125,""configured_survivors_per_selection"":[8,2,1],""effective_survivors_per_selection"":[8,2,4],""effective_final_survivor_count"":4},""offspring_generation"":{""attempts"":16,""no_op_mutations"":0,""duplicate_candidates"":0,""infeasible_candidates"":0,""fixed_quant_legal_swap_counts"":[]},""maximum_depth_mutations_per_offspring"":3,""quantization_step_size"":1,""quantization_mutations_per_offspring"":1,""joint_aware_probability"":0.0,""adaptive_mutation"":false,""adaptive_mutation_strength"":1,""adaptive_mutation_patience"":3,""adaptive_mutation_max_strength"":3,""coarse_to_fine_mutation"":false,""coarse_to_fine_start_strength"":3,""coarse_to_fine_end_strength"":1,""stagnation_generations_after_selection"":1}",parent,False,16,16,8,6,8192,16384,49152,332,753664,647.20082356903,14280.6416015625
11,0.86376953125,0.86328125,kl,0.86376953125,14.1328125,14.046875,,,333824,"{""wikitext2"":333824}",16,8,2,1,"[8,2,1]","[512,2048,8192]",5503193088,3.0,9872.5078125,82816598016,,,8,8,"{""type"":""mixed_depth_quantization"",""sequential_mode"":""none"",""joint_mutation_mode"":""standard"",""parent_before_generation_hash"":""d4596e9d352d302c971396abdc1a1a26ce2a3344518da6f8db69767cfc870d93"",""parent_after_generation_hash"":""d4596e9d352d302c971396abdc1a1a26ce2a3344518da6f8db69767cfc870d93"",""generated_offspring_by_type"":{""depth"":6,""quantization"":10,""joint_aware"":0,""interaction_aware"":0,""sequential_quantization"":0,""fixed_quant_depth"":0,""component crossover"":0,""component crossover + repair"":0,""layer bundle crossover"":0,""layer bundle crossover + repair"":0},""depth_mask_entries_changed_by_type"":{""depth"":18,""quantization"":0,""joint_aware"":0,""interaction_aware"":0,""sequential_quantization"":0,""fixed_quant_depth"":0,""component crossover"":0,""component crossover + repair"":0,""layer bundle crossover"":0,""layer bundle crossover + repair"":0},""quant_assignments_changed_by_type"":{""depth"":2,""quantization"":20,""joint_aware"":0,""interaction_aware"":0,""sequential_quantization"":0,""fixed_quant_depth"":0,""component crossover"":0,""component crossover + repair"":0,""layer bundle crossover"":0,""layer bundle crossover + repair"":0},""depth_mask_entries_changed_total"":18,""quant_assignments_changed_total"":22,""interaction_aware_details"":{""budget_repair_quant_changes"":0,""preferred_quant_exchanges_used"":0,""fallback_quant_exchanges_used"":0},""crossover_diagnostics"":{""crossover_type"":""component"",""crossover_parent_selection"":""uniform"",""crossover_offspring"":0,""crossover_offspring_accepted"":0,""mutation_offspring_accepted"":16,""mutation_offspring"":16,""crossover_offspring_attempted"":0,""crossover_duplicates"":0,""crossover_infeasible_candidates"":0,""crossover_repair_changed_gene_count"":0,""crossover_repaired_proposals"":0,""parent_distance_mean"":null,""parent_distance_min"":null,""parent_distance_max"":null,""child_distance_from_parent_a_mean"":null,""child_distance_from_parent_b_mean"":null,""layers_from_parent_a_mean"":null,""layers_from_parent_b_mean"":null,""crossover_no_legal_exchange"":0,""local_exchange_attention"":0,""local_exchange_mlp"":0,""local_exchange_quantization"":0,""local_exchange_block"":0,""child_distance_from_base_mean"":null,""child_distance_from_base_min"":null,""child_distance_from_base_max"":null,""child_distance_from_base_count"":0,""child_distance_from_donor_mean"":null,""child_distance_from_donor_min"":null,""child_distance_from_donor_max"":null,""child_distance_from_donor_count"":0,""donor_distance_reduction_mean"":null,""donor_distance_reduction_min"":null,""donor_distance_reduction_max"":null,""donor_distance_reduction_count"":0,""local_exchange_changed_gene_count_mean"":null,""local_exchange_changed_gene_count_min"":null,""local_exchange_changed_gene_count_max"":null,""local_exchange_changed_gene_count_count"":0,""child_distance_statistics_scope"":""accepted_unique_crossover_offspring"",""persistent_population_size"":4,""unique_population_size"":4,""best_population_fitness"":0.86376953125,""configured_survivors_per_selection"":[8,2,1],""effective_survivors_per_selection"":[8,2,4],""effective_final_survivor_count"":4},""offspring_generation"":{""attempts"":16,""no_op_mutations"":0,""duplicate_candidates"":0,""infeasible_candidates"":0,""fixed_quant_legal_swap_counts"":[]},""maximum_depth_mutations_per_offspring"":3,""quantization_step_size"":1,""quantization_mutations_per_offspring"":1,""joint_aware_probability"":0.0,""adaptive_mutation"":false,""adaptive_mutation_strength"":1,""adaptive_mutation_patience"":3,""adaptive_mutation_max_strength"":3,""coarse_to_fine_mutation"":false,""coarse_to_fine_start_strength"":3,""coarse_to_fine_end_strength"":1,""stagnation_generations_after_selection"":2}",parent,False,16,16,8,6,8192,16384,49152,362,827392,753.356162437005,14280.6416015625
12,0.86328125,0.86376953125,kl,0.86328125,,,,,0,{},16,8,2,1,"[8,2,1]","[512,2048,8192]",5503193088,3.0,9872.5078125,82816598016,,,8,8,"{""type"":""mixed_depth_quantization"",""sequential_mode"":""none"",""joint_mutation_mode"":""standard"",""parent_before_generation_hash"":""d4596e9d352d302c971396abdc1a1a26ce2a3344518da6f8db69767cfc870d93"",""parent_after_generation_hash"":""d4596e9d352d302c971396abdc1a1a26ce2a3344518da6f8db69767cfc870d93"",""generated_offspring_by_type"":{""depth"":8,""quantization"":8,""joint_aware"":0,""interaction_aware"":0,""sequential_quantization"":0,""fixed_quant_depth"":0,""component crossover"":0,""component crossover + repair"":0,""layer bundle crossover"":0,""layer bundle crossover + repair"":0},""depth_mask_entries_changed_by_type"":{""depth"":18,""quantization"":0,""joint_aware"":0,""interaction_aware"":0,""sequential_quantization"":0,""fixed_quant_depth"":0,""component crossover"":0,""component crossover + repair"":0,""layer bundle crossover"":0,""layer bundle crossover + repair"":0},""quant_assignments_changed_by_type"":{""depth"":0,""quantization"":16,""joint_aware"":0,""interaction_aware"":0,""sequential_quantization"":0,""fixed_quant_depth"":0,""component crossover"":0,""component crossover + repair"":0,""layer bundle crossover"":0,""layer bundle crossover + repair"":0},""depth_mask_entries_changed_total"":18,""quant_assignments_changed_total"":16,""interaction_aware_details"":{""budget_repair_quant_changes"":0,""preferred_quant_exchanges_used"":0,""fallback_quant_exchanges_used"":0},""crossover_diagnostics"":{""crossover_type"":""component"",""crossover_parent_selection"":""uniform"",""crossover_offspring"":0,""crossover_offspring_accepted"":0,""mutation_offspring_accepted"":16,""mutation_offspring"":16,""crossover_offspring_attempted"":0,""crossover_duplicates"":0,""crossover_infeasible_candidates"":0,""crossover_repair_changed_gene_count"":0,""crossover_repaired_proposals"":0,""parent_distance_mean"":null,""parent_distance_min"":null,""parent_distance_max"":null,""child_distance_from_parent_a_mean"":null,""child_distance_from_parent_b_mean"":null,""layers_from_parent_a_mean"":null,""layers_from_parent_b_mean"":null,""crossover_no_legal_exchange"":0,""local_exchange_attention"":0,""local_exchange_mlp"":0,""local_exchange_quantization"":0,""local_exchange_block"":0,""child_distance_from_base_mean"":null,""child_distance_from_base_min"":null,""child_distance_from_base_max"":null,""child_distance_from_base_count"":0,""child_distance_from_donor_mean"":null,""child_distance_from_donor_min"":null,""child_distance_from_donor_max"":null,""child_distance_from_donor_count"":0,""donor_distance_reduction_mean"":null,""donor_distance_reduction_min"":null,""donor_distance_reduction_max"":null,""donor_distance_reduction_count"":0,""local_exchange_changed_gene_count_mean"":null,""local_exchange_changed_gene_count_min"":null,""local_exchange_changed_gene_count_max"":null,""local_exchange_changed_gene_count_count"":0,""child_distance_statistics_scope"":""accepted_unique_crossover_offspring"",""persistent_population_size"":4,""unique_population_size"":4,""best_population_fitness"":0.86328125,""configured_survivors_per_selection"":[8,2,1],""effective_survivors_per_selection"":[8,2,4],""effective_final_survivor_count"":4},""offspring_generation"":{""attempts"":16,""no_op_mutations"":0,""duplicate_candidates"":0,""infeasible_candidates"":0,""fixed_quant_legal_swap_counts"":[]},""maximum_depth_mutations_per_offspring"":3,""quantization_step_size"":1,""quantization_mutations_per_offspring"":1,""joint_aware_probability"":0.0,""adaptive_mutation"":false,""adaptive_mutation_strength"":1,""adaptive_mutation_patience"":3,""adaptive_mutation_max_strength"":3,""coarse_to_fine_mutation"":false,""coarse_to_fine_start_strength"":3,""coarse_to_fine_end_strength"":1,""stagnation_generations_after_selection"":3}",parent,False,16,16,8,6,8192,16384,49152,392,901120,803.2216303110472,14280.6416015625
13,0.8486328125,0.86328125,kl,0.8486328125,,,,,0,{},16,8,2,1,"[8,2,1]","[512,2048,8192]",5503193088,3.0,9872.5078125,82816598016,,,8,8,"{""type"":""mixed_depth_quantization"",""sequential_mode"":""none"",""joint_mutation_mode"":""standard"",""parent_before_generation_hash"":""d4596e9d352d302c971396abdc1a1a26ce2a3344518da6f8db69767cfc870d93"",""parent_after_generation_hash"":""9fec7e2a388259e8b67230b644e2e1a41f486c979b5779e825735c83c7344b8d"",""generated_offspring_by_type"":{""depth"":9,""quantization"":7,""joint_aware"":0,""interaction_aware"":0,""sequential_quantization"":0,""fixed_quant_depth"":0,""component crossover"":0,""component crossover + repair"":0,""layer bundle crossover"":0,""layer bundle crossover + repair"":0},""depth_mask_entries_changed_by_type"":{""depth"":22,""quantization"":0,""joint_aware"":0,""interaction_aware"":0,""sequential_quantization"":0,""fixed_quant_depth"":0,""component crossover"":0,""component crossover + repair"":0,""layer bundle crossover"":0,""layer bundle crossover + repair"":0},""quant_assignments_changed_by_type"":{""depth"":1,""quantization"":14,""joint_aware"":0,""interaction_aware"":0,""sequential_quantization"":0,""fixed_quant_depth"":0,""component crossover"":0,""component crossover + repair"":0,""layer bundle crossover"":0,""layer bundle crossover + repair"":0},""depth_mask_entries_changed_total"":22,""quant_assignments_changed_total"":15,""interaction_aware_details"":{""budget_repair_quant_changes"":0,""preferred_quant_exchanges_used"":0,""fallback_quant_exchanges_used"":0},""crossover_diagnostics"":{""crossover_type"":""component"",""crossover_parent_selection"":""uniform"",""crossover_offspring"":0,""crossover_offspring_accepted"":0,""mutation_offspring_accepted"":16,""mutation_offspring"":16,""crossover_offspring_attempted"":0,""crossover_duplicates"":0,""crossover_infeasible_candidates"":0,""crossover_repair_changed_gene_count"":0,""crossover_repaired_proposals"":0,""parent_distance_mean"":null,""parent_distance_min"":null,""parent_distance_max"":null,""child_distance_from_parent_a_mean"":null,""child_distance_from_parent_b_mean"":null,""layers_from_parent_a_mean"":null,""layers_from_parent_b_mean"":null,""crossover_no_legal_exchange"":0,""local_exchange_attention"":0,""local_exchange_mlp"":0,""local_exchange_quantization"":0,""local_exchange_block"":0,""child_distance_from_base_mean"":null,""child_distance_from_base_min"":null,""child_distance_from_base_max"":null,""child_distance_from_base_count"":0,""child_distance_from_donor_mean"":null,""child_distance_from_donor_min"":null,""child_distance_from_donor_max"":null,""child_distance_from_donor_count"":0,""donor_distance_reduction_mean"":null,""donor_distance_reduction_min"":null,""donor_distance_reduction_max"":null,""donor_distance_reduction_count"":0,""local_exchange_changed_gene_count_mean"":null,""local_exchange_changed_gene_count_min"":null,""local_exchange_changed_gene_count_max"":null,""local_exchange_changed_gene_count_count"":0,""child_distance_statistics_scope"":""accepted_unique_crossover_offspring"",""persistent_population_size"":4,""unique_population_size"":4,""best_population_fitness"":0.8486328125,""configured_survivors_per_selection"":[8,2,1],""effective_survivors_per_selection"":[8,2,4],""effective_final_survivor_count"":4},""offspring_generation"":{""attempts"":16,""no_op_mutations"":0,""duplicate_candidates"":0,""infeasible_candidates"":0,""fixed_quant_legal_swap_counts"":[]},""maximum_depth_mutations_per_offspring"":3,""quantization_step_size"":1,""quantization_mutations_per_offspring"":1,""joint_aware_probability"":0.0,""adaptive_mutation"":false,""adaptive_mutation_strength"":1,""adaptive_mutation_patience"":3,""adaptive_mutation_max_strength"":3,""coarse_to_fine_mutation"":false,""coarse_to_fine_start_strength"":3,""coarse_to_fine_end_strength"":1,""stagnation_generations_after_selection"":0}",depth,True,16,16,8,6,8192,16384,49152,422,974848,857.5230830520159,14280.6416015625
14,0.7509765625,0.8486328125,kl,0.7509765625,,,,,0,{},16,8,2,1,"[8,2,1]","[512,2048,8192]",5503193088,3.0,9872.5078125,82816598016,,,8,8,"{""type"":""mixed_depth_quantization"",""sequential_mode"":""none"",""joint_mutation_mode"":""standard"",""parent_before_generation_hash"":""9fec7e2a388259e8b67230b644e2e1a41f486c979b5779e825735c83c7344b8d"",""parent_after_generation_hash"":""8a4f3e9388cb439b2e79c313e6ccd9627b97bb217dccd1b92afbde8d600a91d4"",""generated_offspring_by_type"":{""depth"":10,""quantization"":6,""joint_aware"":0,""interaction_aware"":0,""sequential_quantization"":0,""fixed_quant_depth"":0,""component crossover"":0,""component crossover + repair"":0,""layer bundle crossover"":0,""layer bundle crossover + repair"":0},""depth_mask_entries_changed_by_type"":{""depth"":28,""quantization"":0,""joint_aware"":0,""interaction_aware"":0,""sequential_quantization"":0,""fixed_quant_depth"":0,""component crossover"":0,""component crossover + repair"":0,""layer bundle crossover"":0,""layer bundle crossover + repair"":0},""quant_assignments_changed_by_type"":{""depth"":0,""quantization"":12,""joint_aware"":0,""interaction_aware"":0,""sequential_quantization"":0,""fixed_quant_depth"":0,""component crossover"":0,""component crossover + repair"":0,""layer bundle crossover"":0,""layer bundle crossover + repair"":0},""depth_mask_entries_changed_total"":28,""quant_assignments_changed_total"":12,""interaction_aware_details"":{""budget_repair_quant_changes"":0,""preferred_quant_exchanges_used"":0,""fallback_quant_exchanges_used"":0},""crossover_diagnostics"":{""crossover_type"":""component"",""crossover_parent_selection"":""uniform"",""crossover_offspring"":0,""crossover_offspring_accepted"":0,""mutation_offspring_accepted"":16,""mutation_offspring"":16,""crossover_offspring_attempted"":0,""crossover_duplicates"":0,""crossover_infeasible_candidates"":0,""crossover_repair_changed_gene_count"":0,""crossover_repaired_proposals"":0,""parent_distance_mean"":null,""parent_distance_min"":null,""parent_distance_max"":null,""child_distance_from_parent_a_mean"":null,""child_distance_from_parent_b_mean"":null,""layers_from_parent_a_mean"":null,""layers_from_parent_b_mean"":null,""crossover_no_legal_exchange"":0,""local_exchange_attention"":0,""local_exchange_mlp"":0,""local_exchange_quantization"":0,""local_exchange_block"":0,""child_distance_from_base_mean"":null,""child_distance_from_base_min"":null,""child_distance_from_base_max"":null,""child_distance_from_base_count"":0,""child_distance_from_donor_mean"":null,""child_distance_from_donor_min"":null,""child_distance_from_donor_max"":null,""child_distance_from_donor_count"":0,""donor_distance_reduction_mean"":null,""donor_distance_reduction_min"":null,""donor_distance_reduction_max"":null,""donor_distance_reduction_count"":0,""local_exchange_changed_gene_count_mean"":null,""local_exchange_changed_gene_count_min"":null,""local_exchange_changed_gene_count_max"":null,""local_exchange_changed_gene_count_count"":0,""child_distance_statistics_scope"":""accepted_unique_crossover_offspring"",""persistent_population_size"":4,""unique_population_size"":4,""best_population_fitness"":0.7509765625,""configured_survivors_per_selection"":[8,2,1],""effective_survivors_per_selection"":[8,2,4],""effective_final_survivor_count"":4},""offspring_generation"":{""attempts"":16,""no_op_mutations"":0,""duplicate_candidates"":0,""infeasible_candidates"":0,""fixed_quant_legal_swap_counts"":[]},""maximum_depth_mutations_per_offspring"":3,""quantization_step_size"":1,""quantization_mutations_per_offspring"":1,""joint_aware_probability"":0.0,""adaptive_mutation"":false,""adaptive_mutation_strength"":1,""adaptive_mutation_patience"":3,""adaptive_mutation_max_strength"":3,""coarse_to_fine_mutation"":false,""coarse_to_fine_start_strength"":3,""coarse_to_fine_end_strength"":1,""stagnation_generations_after_selection"":0}",depth,True,16,16,8,6,8192,16384,49152,452,1048576,907.4869114580215,14280.6416015625
15,0.75048828125,0.7509765625,kl,0.75048828125,,,,,0,{},16,8,2,1,"[8,2,1]","[512,2048,8192]",5503193088,3.0,9872.5078125,82816598016,,,8,8,"{""type"":""mixed_depth_quantization"",""sequential_mode"":""none"",""joint_mutation_mode"":""standard"",""parent_before_generation_hash"":""8a4f3e9388cb439b2e79c313e6ccd9627b97bb217dccd1b92afbde8d600a91d4"",""parent_after_generation_hash"":""c34a430764d6352edf831fe6077ad8d9afbc795bdf84d2d1d1da07d517e03c7b"",""generated_offspring_by_type"":{""depth"":9,""quantization"":7,""joint_aware"":0,""interaction_aware"":0,""sequential_quantization"":0,""fixed_quant_depth"":0,""component crossover"":0,""component crossover + repair"":0,""layer bundle crossover"":0,""layer bundle crossover + repair"":0},""depth_mask_entries_changed_by_type"":{""depth"":34,""quantization"":0,""joint_aware"":0,""interaction_aware"":0,""sequential_quantization"":0,""fixed_quant_depth"":0,""component crossover"":0,""component crossover + repair"":0,""layer bundle crossover"":0,""layer bundle crossover + repair"":0},""quant_assignments_changed_by_type"":{""depth"":3,""quantization"":14,""joint_aware"":0,""interaction_aware"":0,""sequential_quantization"":0,""fixed_quant_depth"":0,""component crossover"":0,""component crossover + repair"":0,""layer bundle crossover"":0,""layer bundle crossover + repair"":0},""depth_mask_entries_changed_total"":34,""quant_assignments_changed_total"":17,""interaction_aware_details"":{""budget_repair_quant_changes"":0,""preferred_quant_exchanges_used"":0,""fallback_quant_exchanges_used"":0},""crossover_diagnostics"":{""crossover_type"":""component"",""crossover_parent_selection"":""uniform"",""crossover_offspring"":0,""crossover_offspring_accepted"":0,""mutation_offspring_accepted"":16,""mutation_offspring"":16,""crossover_offspring_attempted"":0,""crossover_duplicates"":0,""crossover_infeasible_candidates"":0,""crossover_repair_changed_gene_count"":0,""crossover_repaired_proposals"":0,""parent_distance_mean"":null,""parent_distance_min"":null,""parent_distance_max"":null,""child_distance_from_parent_a_mean"":null,""child_distance_from_parent_b_mean"":null,""layers_from_parent_a_mean"":null,""layers_from_parent_b_mean"":null,""crossover_no_legal_exchange"":0,""local_exchange_attention"":0,""local_exchange_mlp"":0,""local_exchange_quantization"":0,""local_exchange_block"":0,""child_distance_from_base_mean"":null,""child_distance_from_base_min"":null,""child_distance_from_base_max"":null,""child_distance_from_base_count"":0,""child_distance_from_donor_mean"":null,""child_distance_from_donor_min"":null,""child_distance_from_donor_max"":null,""child_distance_from_donor_count"":0,""donor_distance_reduction_mean"":null,""donor_distance_reduction_min"":null,""donor_distance_reduction_max"":null,""donor_distance_reduction_count"":0,""local_exchange_changed_gene_count_mean"":null,""local_exchange_changed_gene_count_min"":null,""local_exchange_changed_gene_count_max"":null,""local_exchange_changed_gene_count_count"":0,""child_distance_statistics_scope"":""accepted_unique_crossover_offspring"",""persistent_population_size"":4,""unique_population_size"":4,""best_population_fitness"":0.75048828125,""configured_survivors_per_selection"":[8,2,1],""effective_survivors_per_selection"":[8,2,4],""effective_final_survivor_count"":4},""offspring_generation"":{""attempts"":16,""no_op_mutations"":0,""duplicate_candidates"":0,""infeasible_candidates"":0,""fixed_quant_legal_swap_counts"":[]},""maximum_depth_mutations_per_offspring"":3,""quantization_step_size"":1,""quantization_mutations_per_offspring"":1,""joint_aware_probability"":0.0,""adaptive_mutation"":false,""adaptive_mutation_strength"":1,""adaptive_mutation_patience"":3,""adaptive_mutation_max_strength"":3,""coarse_to_fine_mutation"":false,""coarse_to_fine_start_strength"":3,""coarse_to_fine_end_strength"":1,""stagnation_generations_after_selection"":0}",quantization,True,16,16,8,6,8192,16384,49152,482,1122304,955.6329449220211,14280.6416015625
16,0.75,0.75048828125,kl,0.75,12.5234375,12.84375,,,333824,"{""wikitext2"":333824}",16,8,2,1,"[8,2,1]","[512,2048,8192]",5503193088,3.0,9872.5078125,82816598016,,,8,8,"{""type"":""mixed_depth_quantization"",""sequential_mode"":""none"",""joint_mutation_mode"":""standard"",""parent_before_generation_hash"":""c34a430764d6352edf831fe6077ad8d9afbc795bdf84d2d1d1da07d517e03c7b"",""parent_after_generation_hash"":""6d615699c3a600fbd54ddb202c916da9f4d222ac1f6a040d7888684c37f8ce7b"",""generated_offspring_by_type"":{""depth"":10,""quantization"":6,""joint_aware"":0,""interaction_aware"":0,""sequential_quantization"":0,""fixed_quant_depth"":0,""component crossover"":0,""component crossover + repair"":0,""layer bundle crossover"":0,""layer bundle crossover + repair"":0},""depth_mask_entries_changed_by_type"":{""depth"":30,""quantization"":0,""joint_aware"":0,""interaction_aware"":0,""sequential_quantization"":0,""fixed_quant_depth"":0,""component crossover"":0,""component crossover + repair"":0,""layer bundle crossover"":0,""layer bundle crossover + repair"":0},""quant_assignments_changed_by_type"":{""depth"":2,""quantization"":12,""joint_aware"":0,""interaction_aware"":0,""sequential_quantization"":0,""fixed_quant_depth"":0,""component crossover"":0,""component crossover + repair"":0,""layer bundle crossover"":0,""layer bundle crossover + repair"":0},""depth_mask_entries_changed_total"":30,""quant_assignments_changed_total"":14,""interaction_aware_details"":{""budget_repair_quant_changes"":0,""preferred_quant_exchanges_used"":0,""fallback_quant_exchanges_used"":0},""crossover_diagnostics"":{""crossover_type"":""component"",""crossover_parent_selection"":""uniform"",""crossover_offspring"":0,""crossover_offspring_accepted"":0,""mutation_offspring_accepted"":16,""mutation_offspring"":16,""crossover_offspring_attempted"":0,""crossover_duplicates"":0,""crossover_infeasible_candidates"":0,""crossover_repair_changed_gene_count"":0,""crossover_repaired_proposals"":0,""parent_distance_mean"":null,""parent_distance_min"":null,""parent_distance_max"":null,""child_distance_from_parent_a_mean"":null,""child_distance_from_parent_b_mean"":null,""layers_from_parent_a_mean"":null,""layers_from_parent_b_mean"":null,""crossover_no_legal_exchange"":0,""local_exchange_attention"":0,""local_exchange_mlp"":0,""local_exchange_quantization"":0,""local_exchange_block"":0,""child_distance_from_base_mean"":null,""child_distance_from_base_min"":null,""child_distance_from_base_max"":null,""child_distance_from_base_count"":0,""child_distance_from_donor_mean"":null,""child_distance_from_donor_min"":null,""child_distance_from_donor_max"":null,""child_distance_from_donor_count"":0,""donor_distance_reduction_mean"":null,""donor_distance_reduction_min"":null,""donor_distance_reduction_max"":null,""donor_distance_reduction_count"":0,""local_exchange_changed_gene_count_mean"":null,""local_exchange_changed_gene_count_min"":null,""local_exchange_changed_gene_count_max"":null,""local_exchange_changed_gene_count_count"":0,""child_distance_statistics_scope"":""accepted_unique_crossover_offspring"",""persistent_population_size"":4,""unique_population_size"":4,""best_population_fitness"":0.75,""configured_survivors_per_selection"":[8,2,1],""effective_survivors_per_selection"":[8,2,4],""effective_final_survivor_count"":4},""offspring_generation"":{""attempts"":16,""no_op_mutations"":0,""duplicate_candidates"":0,""infeasible_candidates"":0,""fixed_quant_legal_swap_counts"":[]},""maximum_depth_mutations_per_offspring"":3,""quantization_step_size"":1,""quantization_mutations_per_offspring"":1,""joint_aware_probability"":0.0,""adaptive_mutation"":false,""adaptive_mutation_strength"":1,""adaptive_mutation_patience"":3,""adaptive_mutation_max_strength"":3,""coarse_to_fine_mutation"":false,""coarse_to_fine_start_strength"":3,""coarse_to_fine_end_strength"":1,""stagnation_generations_after_selection"":0}",quantization,True,16,16,8,6,8192,16384,49152,512,1196032,1057.2105622939998,14280.6416015625
17,0.74755859375,0.75,kl,0.74755859375,,,,,0,{},16,8,2,1,"[8,2,1]","[512,2048,8192]",5503193088,3.0,9872.5078125,82816598016,,,8,8,"{""type"":""mixed_depth_quantization"",""sequential_mode"":""none"",""joint_mutation_mode"":""standard"",""parent_before_generation_hash"":""6d615699c3a600fbd54ddb202c916da9f4d222ac1f6a040d7888684c37f8ce7b"",""parent_after_generation_hash"":""e3d68f49c31f067b37614a446ddc083abaee75cf6b39df9160a38444239846c2"",""generated_offspring_by_type"":{""depth"":7,""quantization"":9,""joint_aware"":0,""interaction_aware"":0,""sequential_quantization"":0,""fixed_quant_depth"":0,""component crossover"":0,""component crossover + repair"":0,""layer bundle crossover"":0,""layer bundle crossover + repair"":0},""depth_mask_entries_changed_by_type"":{""depth"":18,""quantization"":0,""joint_aware"":0,""interaction_aware"":0,""sequential_quantization"":0,""fixed_quant_depth"":0,""component crossover"":0,""component crossover + repair"":0,""layer bundle crossover"":0,""layer bundle crossover + repair"":0},""quant_assignments_changed_by_type"":{""depth"":2,""quantization"":18,""joint_aware"":0,""interaction_aware"":0,""sequential_quantization"":0,""fixed_quant_depth"":0,""component crossover"":0,""component crossover + repair"":0,""layer bundle crossover"":0,""layer bundle crossover + repair"":0},""depth_mask_entries_changed_total"":18,""quant_assignments_changed_total"":20,""interaction_aware_details"":{""budget_repair_quant_changes"":0,""preferred_quant_exchanges_used"":0,""fallback_quant_exchanges_used"":0},""crossover_diagnostics"":{""crossover_type"":""component"",""crossover_parent_selection"":""uniform"",""crossover_offspring"":0,""crossover_offspring_accepted"":0,""mutation_offspring_accepted"":16,""mutation_offspring"":16,""crossover_offspring_attempted"":0,""crossover_duplicates"":0,""crossover_infeasible_candidates"":0,""crossover_repair_changed_gene_count"":0,""crossover_repaired_proposals"":0,""parent_distance_mean"":null,""parent_distance_min"":null,""parent_distance_max"":null,""child_distance_from_parent_a_mean"":null,""child_distance_from_parent_b_mean"":null,""layers_from_parent_a_mean"":null,""layers_from_parent_b_mean"":null,""crossover_no_legal_exchange"":0,""local_exchange_attention"":0,""local_exchange_mlp"":0,""local_exchange_quantization"":0,""local_exchange_block"":0,""child_distance_from_base_mean"":null,""child_distance_from_base_min"":null,""child_distance_from_base_max"":null,""child_distance_from_base_count"":0,""child_distance_from_donor_mean"":null,""child_distance_from_donor_min"":null,""child_distance_from_donor_max"":null,""child_distance_from_donor_count"":0,""donor_distance_reduction_mean"":null,""donor_distance_reduction_min"":null,""donor_distance_reduction_max"":null,""donor_distance_reduction_count"":0,""local_exchange_changed_gene_count_mean"":null,""local_exchange_changed_gene_count_min"":null,""local_exchange_changed_gene_count_max"":null,""local_exchange_changed_gene_count_count"":0,""child_distance_statistics_scope"":""accepted_unique_crossover_offspring"",""persistent_population_size"":4,""unique_population_size"":4,""best_population_fitness"":0.74755859375,""configured_survivors_per_selection"":[8,2,1],""effective_survivors_per_selection"":[8,2,4],""effective_final_survivor_count"":4},""offspring_generation"":{""attempts"":16,""no_op_mutations"":0,""duplicate_candidates"":0,""infeasible_candidates"":0,""fixed_quant_legal_swap_counts"":[]},""maximum_depth_mutations_per_offspring"":3,""quantization_step_size"":1,""quantization_mutations_per_offspring"":1,""joint_aware_probability"":0.0,""adaptive_mutation"":false,""adaptive_mutation_strength"":1,""adaptive_mutation_patience"":3,""adaptive_mutation_max_strength"":3,""coarse_to_fine_mutation"":false,""coarse_to_fine_start_strength"":3,""coarse_to_fine_end_strength"":1,""stagnation_generations_after_selection"":0}",quantization,True,16,16,8,6,8192,16384,49152,542,1269760,1111.0397796310135,14280.6416015625
18,0.74658203125,0.74755859375,kl,0.74658203125,,,,,0,{},16,8,2,1,"[8,2,1]","[512,2048,8192]",5503193088,3.0,9872.5078125,82816598016,,,8,8,"{""type"":""mixed_depth_quantization"",""sequential_mode"":""none"",""joint_mutation_mode"":""standard"",""parent_before_generation_hash"":""e3d68f49c31f067b37614a446ddc083abaee75cf6b39df9160a38444239846c2"",""parent_after_generation_hash"":""189b1c0fdec7fd4b0678ec769226e430219541c28e2b607f7b30254c0d6e54e3"",""generated_offspring_by_type"":{""depth"":6,""quantization"":10,""joint_aware"":0,""interaction_aware"":0,""sequential_quantization"":0,""fixed_quant_depth"":0,""component crossover"":0,""component crossover + repair"":0,""layer bundle crossover"":0,""layer bundle crossover + repair"":0},""depth_mask_entries_changed_by_type"":{""depth"":22,""quantization"":0,""joint_aware"":0,""interaction_aware"":0,""sequential_quantization"":0,""fixed_quant_depth"":0,""component crossover"":0,""component crossover + repair"":0,""layer bundle crossover"":0,""layer bundle crossover + repair"":0},""quant_assignments_changed_by_type"":{""depth"":1,""quantization"":20,""joint_aware"":0,""interaction_aware"":0,""sequential_quantization"":0,""fixed_quant_depth"":0,""component crossover"":0,""component crossover + repair"":0,""layer bundle crossover"":0,""layer bundle crossover + repair"":0},""depth_mask_entries_changed_total"":22,""quant_assignments_changed_total"":21,""interaction_aware_details"":{""budget_repair_quant_changes"":0,""preferred_quant_exchanges_used"":0,""fallback_quant_exchanges_used"":0},""crossover_diagnostics"":{""crossover_type"":""component"",""crossover_parent_selection"":""uniform"",""crossover_offspring"":0,""crossover_offspring_accepted"":0,""mutation_offspring_accepted"":16,""mutation_offspring"":16,""crossover_offspring_attempted"":0,""crossover_duplicates"":0,""crossover_infeasible_candidates"":0,""crossover_repair_changed_gene_count"":0,""crossover_repaired_proposals"":0,""parent_distance_mean"":null,""parent_distance_min"":null,""parent_distance_max"":null,""child_distance_from_parent_a_mean"":null,""child_distance_from_parent_b_mean"":null,""layers_from_parent_a_mean"":null,""layers_from_parent_b_mean"":null,""crossover_no_legal_exchange"":0,""local_exchange_attention"":0,""local_exchange_mlp"":0,""local_exchange_quantization"":0,""local_exchange_block"":0,""child_distance_from_base_mean"":null,""child_distance_from_base_min"":null,""child_distance_from_base_max"":null,""child_distance_from_base_count"":0,""child_distance_from_donor_mean"":null,""child_distance_from_donor_min"":null,""child_distance_from_donor_max"":null,""child_distance_from_donor_count"":0,""donor_distance_reduction_mean"":null,""donor_distance_reduction_min"":null,""donor_distance_reduction_max"":null,""donor_distance_reduction_count"":0,""local_exchange_changed_gene_count_mean"":null,""local_exchange_changed_gene_count_min"":null,""local_exchange_changed_gene_count_max"":null,""local_exchange_changed_gene_count_count"":0,""child_distance_statistics_scope"":""accepted_unique_crossover_offspring"",""persistent_population_size"":4,""unique_population_size"":4,""best_population_fitness"":0.74658203125,""configured_survivors_per_selection"":[8,2,1],""effective_survivors_per_selection"":[8,2,4],""effective_final_survivor_count"":4},""offspring_generation"":{""attempts"":16,""no_op_mutations"":0,""duplicate_candidates"":0,""infeasible_candidates"":0,""fixed_quant_legal_swap_counts"":[]},""maximum_depth_mutations_per_offspring"":3,""quantization_step_size"":1,""quantization_mutations_per_offspring"":1,""joint_aware_probability"":0.0,""adaptive_mutation"":false,""adaptive_mutation_strength"":1,""adaptive_mutation_patience"":3,""adaptive_mutation_max_strength"":3,""coarse_to_fine_mutation"":false,""coarse_to_fine_start_strength"":3,""coarse_to_fine_end_strength"":1,""stagnation_generations_after_selection"":0}",quantization,True,16,16,8,6,8192,16384,49152,572,1343488,1167.5112572240178,14280.6416015625
19,0.74658203125,0.74658203125,kl,0.74658203125,,,,,0,{},16,8,2,1,"[8,2,1]","[512,2048,8192]",5503193088,3.0,9872.5078125,82816598016,,,8,8,"{""type"":""mixed_depth_quantization"",""sequential_mode"":""none"",""joint_mutation_mode"":""standard"",""parent_before_generation_hash"":""189b1c0fdec7fd4b0678ec769226e430219541c28e2b607f7b30254c0d6e54e3"",""parent_after_generation_hash"":""189b1c0fdec7fd4b0678ec769226e430219541c28e2b607f7b30254c0d6e54e3"",""generated_offspring_by_type"":{""depth"":8,""quantization"":8,""joint_aware"":0,""interaction_aware"":0,""sequential_quantization"":0,""fixed_quant_depth"":0,""component crossover"":0,""component crossover + repair"":0,""layer bundle crossover"":0,""layer bundle crossover + repair"":0},""depth_mask_entries_changed_by_type"":{""depth"":20,""quantization"":0,""joint_aware"":0,""interaction_aware"":0,""sequential_quantization"":0,""fixed_quant_depth"":0,""component crossover"":0,""component crossover + repair"":0,""layer bundle crossover"":0,""layer bundle crossover + repair"":0},""quant_assignments_changed_by_type"":{""depth"":0,""quantization"":16,""joint_aware"":0,""interaction_aware"":0,""sequential_quantization"":0,""fixed_quant_depth"":0,""component crossover"":0,""component crossover + repair"":0,""layer bundle crossover"":0,""layer bundle crossover + repair"":0},""depth_mask_entries_changed_total"":20,""quant_assignments_changed_total"":16,""interaction_aware_details"":{""budget_repair_quant_changes"":0,""preferred_quant_exchanges_used"":0,""fallback_quant_exchanges_used"":0},""crossover_diagnostics"":{""crossover_type"":""component"",""crossover_parent_selection"":""uniform"",""crossover_offspring"":0,""crossover_offspring_accepted"":0,""mutation_offspring_accepted"":16,""mutation_offspring"":16,""crossover_offspring_attempted"":0,""crossover_duplicates"":0,""crossover_infeasible_candidates"":0,""crossover_repair_changed_gene_count"":0,""crossover_repaired_proposals"":0,""parent_distance_mean"":null,""parent_distance_min"":null,""parent_distance_max"":null,""child_distance_from_parent_a_mean"":null,""child_distance_from_parent_b_mean"":null,""layers_from_parent_a_mean"":null,""layers_from_parent_b_mean"":null,""crossover_no_legal_exchange"":0,""local_exchange_attention"":0,""local_exchange_mlp"":0,""local_exchange_quantization"":0,""local_exchange_block"":0,""child_distance_from_base_mean"":null,""child_distance_from_base_min"":null,""child_distance_from_base_max"":null,""child_distance_from_base_count"":0,""child_distance_from_donor_mean"":null,""child_distance_from_donor_min"":null,""child_distance_from_donor_max"":null,""child_distance_from_donor_count"":0,""donor_distance_reduction_mean"":null,""donor_distance_reduction_min"":null,""donor_distance_reduction_max"":null,""donor_distance_reduction_count"":0,""local_exchange_changed_gene_count_mean"":null,""local_exchange_changed_gene_count_min"":null,""local_exchange_changed_gene_count_max"":null,""local_exchange_changed_gene_count_count"":0,""child_distance_statistics_scope"":""accepted_unique_crossover_offspring"",""persistent_population_size"":4,""unique_population_size"":4,""best_population_fitness"":0.74658203125,""configured_survivors_per_selection"":[8,2,1],""effective_survivors_per_selection"":[8,2,4],""effective_final_survivor_count"":4},""offspring_generation"":{""attempts"":16,""no_op_mutations"":0,""duplicate_candidates"":0,""infeasible_candidates"":0,""fixed_quant_legal_swap_counts"":[]},""maximum_depth_mutations_per_offspring"":3,""quantization_step_size"":1,""quantization_mutations_per_offspring"":1,""joint_aware_probability"":0.0,""adaptive_mutation"":false,""adaptive_mutation_strength"":1,""adaptive_mutation_patience"":3,""adaptive_mutation_max_strength"":3,""coarse_to_fine_mutation"":false,""coarse_to_fine_start_strength"":3,""coarse_to_fine_end_strength"":1,""stagnation_generations_after_selection"":1}",parent,False,16,16,8,6,8192,16384,49152,602,1417216,1221.7503355049994,14280.6416015625
20,0.666015625,0.74658203125,kl,0.666015625,,,,,0,{},16,8,2,1,"[8,2,1]","[512,2048,8192]",5503193088,3.0,9872.5078125,82816598016,,,8,8,"{""type"":""mixed_depth_quantization"",""sequential_mode"":""none"",""joint_mutation_mode"":""standard"",""parent_before_generation_hash"":""189b1c0fdec7fd4b0678ec769226e430219541c28e2b607f7b30254c0d6e54e3"",""parent_after_generation_hash"":""a3f65112f425b2eb603e52d21a3ffb3c27d0f3026b6f15584c25574beb91296c"",""generated_offspring_by_type"":{""depth"":8,""quantization"":8,""joint_aware"":0,""interaction_aware"":0,""sequential_quantization"":0,""fixed_quant_depth"":0,""component crossover"":0,""component crossover + repair"":0,""layer bundle crossover"":0,""layer bundle crossover + repair"":0},""depth_mask_entries_changed_by_type"":{""depth"":22,""quantization"":0,""joint_aware"":0,""interaction_aware"":0,""sequential_quantization"":0,""fixed_quant_depth"":0,""component crossover"":0,""component crossover + repair"":0,""layer bundle crossover"":0,""layer bundle crossover + repair"":0},""quant_assignments_changed_by_type"":{""depth"":3,""quantization"":16,""joint_aware"":0,""interaction_aware"":0,""sequential_quantization"":0,""fixed_quant_depth"":0,""component crossover"":0,""component crossover + repair"":0,""layer bundle crossover"":0,""layer bundle crossover + repair"":0},""depth_mask_entries_changed_total"":22,""quant_assignments_changed_total"":19,""interaction_aware_details"":{""budget_repair_quant_changes"":0,""preferred_quant_exchanges_used"":0,""fallback_quant_exchanges_used"":0},""crossover_diagnostics"":{""crossover_type"":""component"",""crossover_parent_selection"":""uniform"",""crossover_offspring"":0,""crossover_offspring_accepted"":0,""mutation_offspring_accepted"":16,""mutation_offspring"":16,""crossover_offspring_attempted"":0,""crossover_duplicates"":0,""crossover_infeasible_candidates"":0,""crossover_repair_changed_gene_count"":0,""crossover_repaired_proposals"":0,""parent_distance_mean"":null,""parent_distance_min"":null,""parent_distance_max"":null,""child_distance_from_parent_a_mean"":null,""child_distance_from_parent_b_mean"":null,""layers_from_parent_a_mean"":null,""layers_from_parent_b_mean"":null,""crossover_no_legal_exchange"":0,""local_exchange_attention"":0,""local_exchange_mlp"":0,""local_exchange_quantization"":0,""local_exchange_block"":0,""child_distance_from_base_mean"":null,""child_distance_from_base_min"":null,""child_distance_from_base_max"":null,""child_distance_from_base_count"":0,""child_distance_from_donor_mean"":null,""child_distance_from_donor_min"":null,""child_distance_from_donor_max"":null,""child_distance_from_donor_count"":0,""donor_distance_reduction_mean"":null,""donor_distance_reduction_min"":null,""donor_distance_reduction_max"":null,""donor_distance_reduction_count"":0,""local_exchange_changed_gene_count_mean"":null,""local_exchange_changed_gene_count_min"":null,""local_exchange_changed_gene_count_max"":null,""local_exchange_changed_gene_count_count"":0,""child_distance_statistics_scope"":""accepted_unique_crossover_offspring"",""persistent_population_size"":4,""unique_population_size"":4,""best_population_fitness"":0.666015625,""configured_survivors_per_selection"":[8,2,1],""effective_survivors_per_selection"":[8,2,4],""effective_final_survivor_count"":4},""offspring_generation"":{""attempts"":17,""no_op_mutations"":0,""duplicate_candidates"":1,""infeasible_candidates"":0,""fixed_quant_legal_swap_counts"":[]},""maximum_depth_mutations_per_offspring"":3,""quantization_step_size"":1,""quantization_mutations_per_offspring"":1,""joint_aware_probability"":0.0,""adaptive_mutation"":false,""adaptive_mutation_strength"":1,""adaptive_mutation_patience"":3,""adaptive_mutation_max_strength"":3,""coarse_to_fine_mutation"":false,""coarse_to_fine_start_strength"":3,""coarse_to_fine_end_strength"":1,""stagnation_generations_after_selection"":0}",depth,True,17,16,8,6,8192,16384,49152,632,1490944,1273.5253203910543,14280.6416015625
21,0.66650390625,0.666015625,kl,0.66650390625,11.53125,11.8515625,,,333824,"{""wikitext2"":333824}",16,8,2,1,"[8,2,1]","[512,2048,8192]",5503193088,3.0,9872.5078125,82816598016,,,8,8,"{""type"":""mixed_depth_quantization"",""sequential_mode"":""none"",""joint_mutation_mode"":""standard"",""parent_before_generation_hash"":""a3f65112f425b2eb603e52d21a3ffb3c27d0f3026b6f15584c25574beb91296c"",""parent_after_generation_hash"":""a3f65112f425b2eb603e52d21a3ffb3c27d0f3026b6f15584c25574beb91296c"",""generated_offspring_by_type"":{""depth"":9,""quantization"":7,""joint_aware"":0,""interaction_aware"":0,""sequential_quantization"":0,""fixed_quant_depth"":0,""component crossover"":0,""component crossover + repair"":0,""layer bundle crossover"":0,""layer bundle crossover + repair"":0},""depth_mask_entries_changed_by_type"":{""depth"":28,""quantization"":0,""joint_aware"":0,""interaction_aware"":0,""sequential_quantization"":0,""fixed_quant_depth"":0,""component crossover"":0,""component crossover + repair"":0,""layer bundle crossover"":0,""layer bundle crossover + repair"":0},""quant_assignments_changed_by_type"":{""depth"":2,""quantization"":14,""joint_aware"":0,""interaction_aware"":0,""sequential_quantization"":0,""fixed_quant_depth"":0,""component crossover"":0,""component crossover + repair"":0,""layer bundle crossover"":0,""layer bundle crossover + repair"":0},""depth_mask_entries_changed_total"":28,""quant_assignments_changed_total"":16,""interaction_aware_details"":{""budget_repair_quant_changes"":0,""preferred_quant_exchanges_used"":0,""fallback_quant_exchanges_used"":0},""crossover_diagnostics"":{""crossover_type"":""component"",""crossover_parent_selection"":""uniform"",""crossover_offspring"":0,""crossover_offspring_accepted"":0,""mutation_offspring_accepted"":16,""mutation_offspring"":16,""crossover_offspring_attempted"":0,""crossover_duplicates"":0,""crossover_infeasible_candidates"":0,""crossover_repair_changed_gene_count"":0,""crossover_repaired_proposals"":0,""parent_distance_mean"":null,""parent_distance_min"":null,""parent_distance_max"":null,""child_distance_from_parent_a_mean"":null,""child_distance_from_parent_b_mean"":null,""layers_from_parent_a_mean"":null,""layers_from_parent_b_mean"":null,""crossover_no_legal_exchange"":0,""local_exchange_attention"":0,""local_exchange_mlp"":0,""local_exchange_quantization"":0,""local_exchange_block"":0,""child_distance_from_base_mean"":null,""child_distance_from_base_min"":null,""child_distance_from_base_max"":null,""child_distance_from_base_count"":0,""child_distance_from_donor_mean"":null,""child_distance_from_donor_min"":null,""child_distance_from_donor_max"":null,""child_distance_from_donor_count"":0,""donor_distance_reduction_mean"":null,""donor_distance_reduction_min"":null,""donor_distance_reduction_max"":null,""donor_distance_reduction_count"":0,""local_exchange_changed_gene_count_mean"":null,""local_exchange_changed_gene_count_min"":null,""local_exchange_changed_gene_count_max"":null,""local_exchange_changed_gene_count_count"":0,""child_distance_statistics_scope"":""accepted_unique_crossover_offspring"",""persistent_population_size"":4,""unique_population_size"":4,""best_population_fitness"":0.66650390625,""configured_survivors_per_selection"":[8,2,1],""effective_survivors_per_selection"":[8,2,4],""effective_final_survivor_count"":4},""offspring_generation"":{""attempts"":16,""no_op_mutations"":0,""duplicate_candidates"":0,""infeasible_candidates"":0,""fixed_quant_legal_swap_counts"":[]},""maximum_depth_mutations_per_offspring"":3,""quantization_step_size"":1,""quantization_mutations_per_offspring"":1,""joint_aware_probability"":0.0,""adaptive_mutation"":false,""adaptive_mutation_strength"":1,""adaptive_mutation_patience"":3,""adaptive_mutation_max_strength"":3,""coarse_to_fine_mutation"":false,""coarse_to_fine_start_strength"":3,""coarse_to_fine_end_strength"":1,""stagnation_generations_after_selection"":1}",parent,False,16,16,8,6,8192,16384,49152,662,1564672,1379.7713329910184,14280.6416015625
22,0.6513671875,0.66650390625,kl,0.6513671875,,,,,0,{},16,8,2,1,"[8,2,1]","[512,2048,8192]",5503193088,3.0,9872.5078125,82816598016,,,8,8,"{""type"":""mixed_depth_quantization"",""sequential_mode"":""none"",""joint_mutation_mode"":""standard"",""parent_before_generation_hash"":""a3f65112f425b2eb603e52d21a3ffb3c27d0f3026b6f15584c25574beb91296c"",""parent_after_generation_hash"":""cd3b4e8ab3a92d1653566f5c0db10a1c5b59fc80831fb56cb1bfbd9d4c40b04a"",""generated_offspring_by_type"":{""depth"":10,""quantization"":6,""joint_aware"":0,""interaction_aware"":0,""sequential_quantization"":0,""fixed_quant_depth"":0,""component crossover"":0,""component crossover + repair"":0,""layer bundle crossover"":0,""layer bundle crossover + repair"":0},""depth_mask_entries_changed_by_type"":{""depth"":36,""quantization"":0,""joint_aware"":0,""interaction_aware"":0,""sequential_quantization"":0,""fixed_quant_depth"":0,""component crossover"":0,""component crossover + repair"":0,""layer bundle crossover"":0,""layer bundle crossover + repair"":0},""quant_assignments_changed_by_type"":{""depth"":6,""quantization"":12,""joint_aware"":0,""interaction_aware"":0,""sequential_quantization"":0,""fixed_quant_depth"":0,""component crossover"":0,""component crossover + repair"":0,""layer bundle crossover"":0,""layer bundle crossover + repair"":0},""depth_mask_entries_changed_total"":36,""quant_assignments_changed_total"":18,""interaction_aware_details"":{""budget_repair_quant_changes"":0,""preferred_quant_exchanges_used"":0,""fallback_quant_exchanges_used"":0},""crossover_diagnostics"":{""crossover_type"":""component"",""crossover_parent_selection"":""uniform"",""crossover_offspring"":0,""crossover_offspring_accepted"":0,""mutation_offspring_accepted"":16,""mutation_offspring"":16,""crossover_offspring_attempted"":0,""crossover_duplicates"":0,""crossover_infeasible_candidates"":0,""crossover_repair_changed_gene_count"":0,""crossover_repaired_proposals"":0,""parent_distance_mean"":null,""parent_distance_min"":null,""parent_distance_max"":null,""child_distance_from_parent_a_mean"":null,""child_distance_from_parent_b_mean"":null,""layers_from_parent_a_mean"":null,""layers_from_parent_b_mean"":null,""crossover_no_legal_exchange"":0,""local_exchange_attention"":0,""local_exchange_mlp"":0,""local_exchange_quantization"":0,""local_exchange_block"":0,""child_distance_from_base_mean"":null,""child_distance_from_base_min"":null,""child_distance_from_base_max"":null,""child_distance_from_base_count"":0,""child_distance_from_donor_mean"":null,""child_distance_from_donor_min"":null,""child_distance_from_donor_max"":null,""child_distance_from_donor_count"":0,""donor_distance_reduction_mean"":null,""donor_distance_reduction_min"":null,""donor_distance_reduction_max"":null,""donor_distance_reduction_count"":0,""local_exchange_changed_gene_count_mean"":null,""local_exchange_changed_gene_count_min"":null,""local_exchange_changed_gene_count_max"":null,""local_exchange_changed_gene_count_count"":0,""child_distance_statistics_scope"":""accepted_unique_crossover_offspring"",""persistent_population_size"":4,""unique_population_size"":4,""best_population_fitness"":0.6513671875,""configured_survivors_per_selection"":[8,2,1],""effective_survivors_per_selection"":[8,2,4],""effective_final_survivor_count"":4},""offspring_generation"":{""attempts"":16,""no_op_mutations"":0,""duplicate_candidates"":0,""infeasible_candidates"":0,""fixed_quant_legal_swap_counts"":[]},""maximum_depth_mutations_per_offspring"":3,""quantization_step_size"":1,""quantization_mutations_per_offspring"":1,""joint_aware_probability"":0.0,""adaptive_mutation"":false,""adaptive_mutation_strength"":1,""adaptive_mutation_patience"":3,""adaptive_mutation_max_strength"":3,""coarse_to_fine_mutation"":false,""coarse_to_fine_start_strength"":3,""coarse_to_fine_end_strength"":1,""stagnation_generations_after_selection"":0}",depth,True,16,16,8,6,8192,16384,49152,692,1638400,1432.0064284680411,14280.6416015625
23,0.65087890625,0.6513671875,kl,0.65087890625,,,,,0,{},16,8,2,1,"[8,2,1]","[512,2048,8192]",5503193088,3.0,9872.5078125,82816598016,,,8,8,"{""type"":""mixed_depth_quantization"",""sequential_mode"":""none"",""joint_mutation_mode"":""standard"",""parent_before_generation_hash"":""cd3b4e8ab3a92d1653566f5c0db10a1c5b59fc80831fb56cb1bfbd9d4c40b04a"",""parent_after_generation_hash"":""cd3b4e8ab3a92d1653566f5c0db10a1c5b59fc80831fb56cb1bfbd9d4c40b04a"",""generated_offspring_by_type"":{""depth"":5,""quantization"":11,""joint_aware"":0,""interaction_aware"":0,""sequential_quantization"":0,""fixed_quant_depth"":0,""component crossover"":0,""component crossover + repair"":0,""layer bundle crossover"":0,""layer bundle crossover + repair"":0},""depth_mask_entries_changed_by_type"":{""depth"":12,""quantization"":0,""joint_aware"":0,""interaction_aware"":0,""sequential_quantization"":0,""fixed_quant_depth"":0,""component crossover"":0,""component crossover + repair"":0,""layer bundle crossover"":0,""layer bundle crossover + repair"":0},""quant_assignments_changed_by_type"":{""depth"":3,""quantization"":22,""joint_aware"":0,""interaction_aware"":0,""sequential_quantization"":0,""fixed_quant_depth"":0,""component crossover"":0,""component crossover + repair"":0,""layer bundle crossover"":0,""layer bundle crossover + repair"":0},""depth_mask_entries_changed_total"":12,""quant_assignments_changed_total"":25,""interaction_aware_details"":{""budget_repair_quant_changes"":0,""preferred_quant_exchanges_used"":0,""fallback_quant_exchanges_used"":0},""crossover_diagnostics"":{""crossover_type"":""component"",""crossover_parent_selection"":""uniform"",""crossover_offspring"":0,""crossover_offspring_accepted"":0,""mutation_offspring_accepted"":16,""mutation_offspring"":16,""crossover_offspring_attempted"":0,""crossover_duplicates"":0,""crossover_infeasible_candidates"":0,""crossover_repair_changed_gene_count"":0,""crossover_repaired_proposals"":0,""parent_distance_mean"":null,""parent_distance_min"":null,""parent_distance_max"":null,""child_distance_from_parent_a_mean"":null,""child_distance_from_parent_b_mean"":null,""layers_from_parent_a_mean"":null,""layers_from_parent_b_mean"":null,""crossover_no_legal_exchange"":0,""local_exchange_attention"":0,""local_exchange_mlp"":0,""local_exchange_quantization"":0,""local_exchange_block"":0,""child_distance_from_base_mean"":null,""child_distance_from_base_min"":null,""child_distance_from_base_max"":null,""child_distance_from_base_count"":0,""child_distance_from_donor_mean"":null,""child_distance_from_donor_min"":null,""child_distance_from_donor_max"":null,""child_distance_from_donor_count"":0,""donor_distance_reduction_mean"":null,""donor_distance_reduction_min"":null,""donor_distance_reduction_max"":null,""donor_distance_reduction_count"":0,""local_exchange_changed_gene_count_mean"":null,""local_exchange_changed_gene_count_min"":null,""local_exchange_changed_gene_count_max"":null,""local_exchange_changed_gene_count_count"":0,""child_distance_statistics_scope"":""accepted_unique_crossover_offspring"",""persistent_population_size"":4,""unique_population_size"":4,""best_population_fitness"":0.65087890625,""configured_survivors_per_selection"":[8,2,1],""effective_survivors_per_selection"":[8,2,4],""effective_final_survivor_count"":4},""offspring_generation"":{""attempts"":16,""no_op_mutations"":0,""duplicate_candidates"":0,""infeasible_candidates"":0,""fixed_quant_legal_swap_counts"":[]},""maximum_depth_mutations_per_offspring"":3,""quantization_step_size"":1,""quantization_mutations_per_offspring"":1,""joint_aware_probability"":0.0,""adaptive_mutation"":false,""adaptive_mutation_strength"":1,""adaptive_mutation_patience"":3,""adaptive_mutation_max_strength"":3,""coarse_to_fine_mutation"":false,""coarse_to_fine_start_strength"":3,""coarse_to_fine_end_strength"":1,""stagnation_generations_after_selection"":1}",parent,False,16,16,8,6,8192,16384,49152,722,1712128,1489.779491301044,14280.6416015625
24,0.65087890625,0.65087890625,kl,0.65087890625,,,,,0,{},16,8,2,1,"[8,2,1]","[512,2048,8192]",5503193088,3.0,9872.5078125,82816598016,,,8,8,"{""type"":""mixed_depth_quantization"",""sequential_mode"":""none"",""joint_mutation_mode"":""standard"",""parent_before_generation_hash"":""cd3b4e8ab3a92d1653566f5c0db10a1c5b59fc80831fb56cb1bfbd9d4c40b04a"",""parent_after_generation_hash"":""a6bda52f9c6c0a986608cd02d674f814f9ff4dbe7c97264669c2001f441b1cf0"",""generated_offspring_by_type"":{""depth"":8,""quantization"":8,""joint_aware"":0,""interaction_aware"":0,""sequential_quantization"":0,""fixed_quant_depth"":0,""component crossover"":0,""component crossover + repair"":0,""layer bundle crossover"":0,""layer bundle crossover + repair"":0},""depth_mask_entries_changed_by_type"":{""depth"":26,""quantization"":0,""joint_aware"":0,""interaction_aware"":0,""sequential_quantization"":0,""fixed_quant_depth"":0,""component crossover"":0,""component crossover + repair"":0,""layer bundle crossover"":0,""layer bundle crossover + repair"":0},""quant_assignments_changed_by_type"":{""depth"":4,""quantization"":16,""joint_aware"":0,""interaction_aware"":0,""sequential_quantization"":0,""fixed_quant_depth"":0,""component crossover"":0,""component crossover + repair"":0,""layer bundle crossover"":0,""layer bundle crossover + repair"":0},""depth_mask_entries_changed_total"":26,""quant_assignments_changed_total"":20,""interaction_aware_details"":{""budget_repair_quant_changes"":0,""preferred_quant_exchanges_used"":0,""fallback_quant_exchanges_used"":0},""crossover_diagnostics"":{""crossover_type"":""component"",""crossover_parent_selection"":""uniform"",""crossover_offspring"":0,""crossover_offspring_accepted"":0,""mutation_offspring_accepted"":16,""mutation_offspring"":16,""crossover_offspring_attempted"":0,""crossover_duplicates"":0,""crossover_infeasible_candidates"":0,""crossover_repair_changed_gene_count"":0,""crossover_repaired_proposals"":0,""parent_distance_mean"":null,""parent_distance_min"":null,""parent_distance_max"":null,""child_distance_from_parent_a_mean"":null,""child_distance_from_parent_b_mean"":null,""layers_from_parent_a_mean"":null,""layers_from_parent_b_mean"":null,""crossover_no_legal_exchange"":0,""local_exchange_attention"":0,""local_exchange_mlp"":0,""local_exchange_quantization"":0,""local_exchange_block"":0,""child_distance_from_base_mean"":null,""child_distance_from_base_min"":null,""child_distance_from_base_max"":null,""child_distance_from_base_count"":0,""child_distance_from_donor_mean"":null,""child_distance_from_donor_min"":null,""child_distance_from_donor_max"":null,""child_distance_from_donor_count"":0,""donor_distance_reduction_mean"":null,""donor_distance_reduction_min"":null,""donor_distance_reduction_max"":null,""donor_distance_reduction_count"":0,""local_exchange_changed_gene_count_mean"":null,""local_exchange_changed_gene_count_min"":null,""local_exchange_changed_gene_count_max"":null,""local_exchange_changed_gene_count_count"":0,""child_distance_statistics_scope"":""accepted_unique_crossover_offspring"",""persistent_population_size"":4,""unique_population_size"":4,""best_population_fitness"":0.65087890625,""configured_survivors_per_selection"":[8,2,1],""effective_survivors_per_selection"":[8,2,4],""effective_final_survivor_count"":4},""offspring_generation"":{""attempts"":16,""no_op_mutations"":0,""duplicate_candidates"":0,""infeasible_candidates"":0,""fixed_quant_legal_swap_counts"":[]},""maximum_depth_mutations_per_offspring"":3,""quantization_step_size"":1,""quantization_mutations_per_offspring"":1,""joint_aware_probability"":0.0,""adaptive_mutation"":false,""adaptive_mutation_strength"":1,""adaptive_mutation_patience"":3,""adaptive_mutation_max_strength"":3,""coarse_to_fine_mutation"":false,""coarse_to_fine_start_strength"":3,""coarse_to_fine_end_strength"":1,""stagnation_generations_after_selection"":0}",quantization,True,16,16,8,6,8192,16384,49152,752,1785856,1544.5245323950076,14280.6416015625
25,0.64794921875,0.65087890625,kl,0.64794921875,,,,,0,{},16,8,2,1,"[8,2,1]","[512,2048,8192]",5503193088,3.0,9872.5078125,82816598016,,,8,8,"{""type"":""mixed_depth_quantization"",""sequential_mode"":""none"",""joint_mutation_mode"":""standard"",""parent_before_generation_hash"":""a6bda52f9c6c0a986608cd02d674f814f9ff4dbe7c97264669c2001f441b1cf0"",""parent_after_generation_hash"":""e5a55c258a02a2ca491af8a528d6c73ce44360f4524e901e495c7cd40213d3c2"",""generated_offspring_by_type"":{""depth"":8,""quantization"":8,""joint_aware"":0,""interaction_aware"":0,""sequential_quantization"":0,""fixed_quant_depth"":0,""component crossover"":0,""component crossover + repair"":0,""layer bundle crossover"":0,""layer bundle crossover + repair"":0},""depth_mask_entries_changed_by_type"":{""depth"":24,""quantization"":0,""joint_aware"":0,""interaction_aware"":0,""sequential_quantization"":0,""fixed_quant_depth"":0,""component crossover"":0,""component crossover + repair"":0,""layer bundle crossover"":0,""layer bundle crossover + repair"":0},""quant_assignments_changed_by_type"":{""depth"":2,""quantization"":16,""joint_aware"":0,""interaction_aware"":0,""sequential_quantization"":0,""fixed_quant_depth"":0,""component crossover"":0,""component crossover + repair"":0,""layer bundle crossover"":0,""layer bundle crossover + repair"":0},""depth_mask_entries_changed_total"":24,""quant_assignments_changed_total"":18,""interaction_aware_details"":{""budget_repair_quant_changes"":0,""preferred_quant_exchanges_used"":0,""fallback_quant_exchanges_used"":0},""crossover_diagnostics"":{""crossover_type"":""component"",""crossover_parent_selection"":""uniform"",""crossover_offspring"":0,""crossover_offspring_accepted"":0,""mutation_offspring_accepted"":16,""mutation_offspring"":16,""crossover_offspring_attempted"":0,""crossover_duplicates"":0,""crossover_infeasible_candidates"":0,""crossover_repair_changed_gene_count"":0,""crossover_repaired_proposals"":0,""parent_distance_mean"":null,""parent_distance_min"":null,""parent_distance_max"":null,""child_distance_from_parent_a_mean"":null,""child_distance_from_parent_b_mean"":null,""layers_from_parent_a_mean"":null,""layers_from_parent_b_mean"":null,""crossover_no_legal_exchange"":0,""local_exchange_attention"":0,""local_exchange_mlp"":0,""local_exchange_quantization"":0,""local_exchange_block"":0,""child_distance_from_base_mean"":null,""child_distance_from_base_min"":null,""child_distance_from_base_max"":null,""child_distance_from_base_count"":0,""child_distance_from_donor_mean"":null,""child_distance_from_donor_min"":null,""child_distance_from_donor_max"":null,""child_distance_from_donor_count"":0,""donor_distance_reduction_mean"":null,""donor_distance_reduction_min"":null,""donor_distance_reduction_max"":null,""donor_distance_reduction_count"":0,""local_exchange_changed_gene_count_mean"":null,""local_exchange_changed_gene_count_min"":null,""local_exchange_changed_gene_count_max"":null,""local_exchange_changed_gene_count_count"":0,""child_distance_statistics_scope"":""accepted_unique_crossover_offspring"",""persistent_population_size"":4,""unique_population_size"":4,""best_population_fitness"":0.64794921875,""configured_survivors_per_selection"":[8,2,1],""effective_survivors_per_selection"":[8,2,4],""effective_final_survivor_count"":4},""offspring_generation"":{""attempts"":16,""no_op_mutations"":0,""duplicate_candidates"":0,""infeasible_candidates"":0,""fixed_quant_legal_swap_counts"":[]},""maximum_depth_mutations_per_offspring"":3,""quantization_step_size"":1,""quantization_mutations_per_offspring"":1,""joint_aware_probability"":0.0,""adaptive_mutation"":false,""adaptive_mutation_strength"":1,""adaptive_mutation_patience"":3,""adaptive_mutation_max_strength"":3,""coarse_to_fine_mutation"":false,""coarse_to_fine_start_strength"":3,""coarse_to_fine_end_strength"":1,""stagnation_generations_after_selection"":0}",quantization,True,16,16,8,6,8192,16384,49152,782,1859584,1598.1244486850337,14280.6416015625
26,0.6474609375,0.64794921875,kl,0.6474609375,11.375,11.71875,,,333824,"{""wikitext2"":333824}",16,8,2,1,"[8,2,1]","[512,2048,8192]",5503193088,3.0,9872.5078125,82816598016,,,8,8,"{""type"":""mixed_depth_quantization"",""sequential_mode"":""none"",""joint_mutation_mode"":""standard"",""parent_before_generation_hash"":""e5a55c258a02a2ca491af8a528d6c73ce44360f4524e901e495c7cd40213d3c2"",""parent_after_generation_hash"":""420028872d334b4a7bdee69fbca0dbdb81febf6f0400bdeff9969a14b344190f"",""generated_offspring_by_type"":{""depth"":5,""quantization"":11,""joint_aware"":0,""interaction_aware"":0,""sequential_quantization"":0,""fixed_quant_depth"":0,""component crossover"":0,""component crossover + repair"":0,""layer bundle crossover"":0,""layer bundle crossover + repair"":0},""depth_mask_entries_changed_by_type"":{""depth"":18,""quantization"":0,""joint_aware"":0,""interaction_aware"":0,""sequential_quantization"":0,""fixed_quant_depth"":0,""component crossover"":0,""component crossover + repair"":0,""layer bundle crossover"":0,""layer bundle crossover + repair"":0},""quant_assignments_changed_by_type"":{""depth"":3,""quantization"":22,""joint_aware"":0,""interaction_aware"":0,""sequential_quantization"":0,""fixed_quant_depth"":0,""component crossover"":0,""component crossover + repair"":0,""layer bundle crossover"":0,""layer bundle crossover + repair"":0},""depth_mask_entries_changed_total"":18,""quant_assignments_changed_total"":25,""interaction_aware_details"":{""budget_repair_quant_changes"":0,""preferred_quant_exchanges_used"":0,""fallback_quant_exchanges_used"":0},""crossover_diagnostics"":{""crossover_type"":""component"",""crossover_parent_selection"":""uniform"",""crossover_offspring"":0,""crossover_offspring_accepted"":0,""mutation_offspring_accepted"":16,""mutation_offspring"":16,""crossover_offspring_attempted"":0,""crossover_duplicates"":0,""crossover_infeasible_candidates"":0,""crossover_repair_changed_gene_count"":0,""crossover_repaired_proposals"":0,""parent_distance_mean"":null,""parent_distance_min"":null,""parent_distance_max"":null,""child_distance_from_parent_a_mean"":null,""child_distance_from_parent_b_mean"":null,""layers_from_parent_a_mean"":null,""layers_from_parent_b_mean"":null,""crossover_no_legal_exchange"":0,""local_exchange_attention"":0,""local_exchange_mlp"":0,""local_exchange_quantization"":0,""local_exchange_block"":0,""child_distance_from_base_mean"":null,""child_distance_from_base_min"":null,""child_distance_from_base_max"":null,""child_distance_from_base_count"":0,""child_distance_from_donor_mean"":null,""child_distance_from_donor_min"":null,""child_distance_from_donor_max"":null,""child_distance_from_donor_count"":0,""donor_distance_reduction_mean"":null,""donor_distance_reduction_min"":null,""donor_distance_reduction_max"":null,""donor_distance_reduction_count"":0,""local_exchange_changed_gene_count_mean"":null,""local_exchange_changed_gene_count_min"":null,""local_exchange_changed_gene_count_max"":null,""local_exchange_changed_gene_count_count"":0,""child_distance_statistics_scope"":""accepted_unique_crossover_offspring"",""persistent_population_size"":4,""unique_population_size"":4,""best_population_fitness"":0.6474609375,""configured_survivors_per_selection"":[8,2,1],""effective_survivors_per_selection"":[8,2,4],""effective_final_survivor_count"":4},""offspring_generation"":{""attempts"":16,""no_op_mutations"":0,""duplicate_candidates"":0,""infeasible_candidates"":0,""fixed_quant_legal_swap_counts"":[]},""maximum_depth_mutations_per_offspring"":3,""quantization_step_size"":1,""quantization_mutations_per_offspring"":1,""joint_aware_probability"":0.0,""adaptive_mutation"":false,""adaptive_mutation_strength"":1,""adaptive_mutation_patience"":3,""adaptive_mutation_max_strength"":3,""coarse_to_fine_mutation"":false,""coarse_to_fine_start_strength"":3,""coarse_to_fine_end_strength"":1,""stagnation_generations_after_selection"":0}",quantization,True,16,16,8,6,8192,16384,49152,812,1933312,1711.1635370100266,14280.6416015625
27,0.6328125,0.6474609375,kl,0.6328125,,,,,0,{},16,8,2,1,"[8,2,1]","[512,2048,8192]",5503193088,3.0,9872.5078125,82816598016,,,8,8,"{""type"":""mixed_depth_quantization"",""sequential_mode"":""none"",""joint_mutation_mode"":""standard"",""parent_before_generation_hash"":""420028872d334b4a7bdee69fbca0dbdb81febf6f0400bdeff9969a14b344190f"",""parent_after_generation_hash"":""4d24d40837c83ddced9d215b36273201a9cc7ef325a0f7e94f023a2fae833f25"",""generated_offspring_by_type"":{""depth"":8,""quantization"":8,""joint_aware"":0,""interaction_aware"":0,""sequential_quantization"":0,""fixed_quant_depth"":0,""component crossover"":0,""component crossover + repair"":0,""layer bundle crossover"":0,""layer bundle crossover + repair"":0},""depth_mask_entries_changed_by_type"":{""depth"":20,""quantization"":0,""joint_aware"":0,""interaction_aware"":0,""sequential_quantization"":0,""fixed_quant_depth"":0,""component crossover"":0,""component crossover + repair"":0,""layer bundle crossover"":0,""layer bundle crossover + repair"":0},""quant_assignments_changed_by_type"":{""depth"":2,""quantization"":16,""joint_aware"":0,""interaction_aware"":0,""sequential_quantization"":0,""fixed_quant_depth"":0,""component crossover"":0,""component crossover + repair"":0,""layer bundle crossover"":0,""layer bundle crossover + repair"":0},""depth_mask_entries_changed_total"":20,""quant_assignments_changed_total"":18,""interaction_aware_details"":{""budget_repair_quant_changes"":0,""preferred_quant_exchanges_used"":0,""fallback_quant_exchanges_used"":0},""crossover_diagnostics"":{""crossover_type"":""component"",""crossover_parent_selection"":""uniform"",""crossover_offspring"":0,""crossover_offspring_accepted"":0,""mutation_offspring_accepted"":16,""mutation_offspring"":16,""crossover_offspring_attempted"":0,""crossover_duplicates"":0,""crossover_infeasible_candidates"":0,""crossover_repair_changed_gene_count"":0,""crossover_repaired_proposals"":0,""parent_distance_mean"":null,""parent_distance_min"":null,""parent_distance_max"":null,""child_distance_from_parent_a_mean"":null,""child_distance_from_parent_b_mean"":null,""layers_from_parent_a_mean"":null,""layers_from_parent_b_mean"":null,""crossover_no_legal_exchange"":0,""local_exchange_attention"":0,""local_exchange_mlp"":0,""local_exchange_quantization"":0,""local_exchange_block"":0,""child_distance_from_base_mean"":null,""child_distance_from_base_min"":null,""child_distance_from_base_max"":null,""child_distance_from_base_count"":0,""child_distance_from_donor_mean"":null,""child_distance_from_donor_min"":null,""child_distance_from_donor_max"":null,""child_distance_from_donor_count"":0,""donor_distance_reduction_mean"":null,""donor_distance_reduction_min"":null,""donor_distance_reduction_max"":null,""donor_distance_reduction_count"":0,""local_exchange_changed_gene_count_mean"":null,""local_exchange_changed_gene_count_min"":null,""local_exchange_changed_gene_count_max"":null,""local_exchange_changed_gene_count_count"":0,""child_distance_statistics_scope"":""accepted_unique_crossover_offspring"",""persistent_population_size"":4,""unique_population_size"":4,""best_population_fitness"":0.6328125,""configured_survivors_per_selection"":[8,2,1],""effective_survivors_per_selection"":[8,2,4],""effective_final_survivor_count"":4},""offspring_generation"":{""attempts"":16,""no_op_mutations"":0,""duplicate_candidates"":0,""infeasible_candidates"":0,""fixed_quant_legal_swap_counts"":[]},""maximum_depth_mutations_per_offspring"":3,""quantization_step_size"":1,""quantization_mutations_per_offspring"":1,""joint_aware_probability"":0.0,""adaptive_mutation"":false,""adaptive_mutation_strength"":1,""adaptive_mutation_patience"":3,""adaptive_mutation_max_strength"":3,""coarse_to_fine_mutation"":false,""coarse_to_fine_start_strength"":3,""coarse_to_fine_end_strength"":1,""stagnation_generations_after_selection"":0}",depth,True,16,16,8,6,8192,16384,49152,842,2007040,1772.8356651780196,14280.6416015625
28,0.62890625,0.6328125,kl,0.62890625,,,,,0,{},16,8,2,1,"[8,2,1]","[512,2048,8192]",5503193088,3.0,9872.5078125,82816598016,,,8,8,"{""type"":""mixed_depth_quantization"",""sequential_mode"":""none"",""joint_mutation_mode"":""standard"",""parent_before_generation_hash"":""4d24d40837c83ddced9d215b36273201a9cc7ef325a0f7e94f023a2fae833f25"",""parent_after_generation_hash"":""9068ec6743d79d35343dd08dbd583b0231b5a0ef75adac6edd6cc884203da885"",""generated_offspring_by_type"":{""depth"":10,""quantization"":6,""joint_aware"":0,""interaction_aware"":0,""sequential_quantization"":0,""fixed_quant_depth"":0,""component crossover"":0,""component crossover + repair"":0,""layer bundle crossover"":0,""layer bundle crossover + repair"":0},""depth_mask_entries_changed_by_type"":{""depth"":26,""quantization"":0,""joint_aware"":0,""interaction_aware"":0,""sequential_quantization"":0,""fixed_quant_depth"":0,""component crossover"":0,""component crossover + repair"":0,""layer bundle crossover"":0,""layer bundle crossover + repair"":0},""quant_assignments_changed_by_type"":{""depth"":5,""quantization"":12,""joint_aware"":0,""interaction_aware"":0,""sequential_quantization"":0,""fixed_quant_depth"":0,""component crossover"":0,""component crossover + repair"":0,""layer bundle crossover"":0,""layer bundle crossover + repair"":0},""depth_mask_entries_changed_total"":26,""quant_assignments_changed_total"":17,""interaction_aware_details"":{""budget_repair_quant_changes"":0,""preferred_quant_exchanges_used"":0,""fallback_quant_exchanges_used"":0},""crossover_diagnostics"":{""crossover_type"":""component"",""crossover_parent_selection"":""uniform"",""crossover_offspring"":0,""crossover_offspring_accepted"":0,""mutation_offspring_accepted"":16,""mutation_offspring"":16,""crossover_offspring_attempted"":0,""crossover_duplicates"":0,""crossover_infeasible_candidates"":0,""crossover_repair_changed_gene_count"":0,""crossover_repaired_proposals"":0,""parent_distance_mean"":null,""parent_distance_min"":null,""parent_distance_max"":null,""child_distance_from_parent_a_mean"":null,""child_distance_from_parent_b_mean"":null,""layers_from_parent_a_mean"":null,""layers_from_parent_b_mean"":null,""crossover_no_legal_exchange"":0,""local_exchange_attention"":0,""local_exchange_mlp"":0,""local_exchange_quantization"":0,""local_exchange_block"":0,""child_distance_from_base_mean"":null,""child_distance_from_base_min"":null,""child_distance_from_base_max"":null,""child_distance_from_base_count"":0,""child_distance_from_donor_mean"":null,""child_distance_from_donor_min"":null,""child_distance_from_donor_max"":null,""child_distance_from_donor_count"":0,""donor_distance_reduction_mean"":null,""donor_distance_reduction_min"":null,""donor_distance_reduction_max"":null,""donor_distance_reduction_count"":0,""local_exchange_changed_gene_count_mean"":null,""local_exchange_changed_gene_count_min"":null,""local_exchange_changed_gene_count_max"":null,""local_exchange_changed_gene_count_count"":0,""child_distance_statistics_scope"":""accepted_unique_crossover_offspring"",""persistent_population_size"":4,""unique_population_size"":4,""best_population_fitness"":0.62890625,""configured_survivors_per_selection"":[8,2,1],""effective_survivors_per_selection"":[8,2,4],""effective_final_survivor_count"":4},""offspring_generation"":{""attempts"":16,""no_op_mutations"":0,""duplicate_candidates"":0,""infeasible_candidates"":0,""fixed_quant_legal_swap_counts"":[]},""maximum_depth_mutations_per_offspring"":3,""quantization_step_size"":1,""quantization_mutations_per_offspring"":1,""joint_aware_probability"":0.0,""adaptive_mutation"":false,""adaptive_mutation_strength"":1,""adaptive_mutation_patience"":3,""adaptive_mutation_max_strength"":3,""coarse_to_fine_mutation"":false,""coarse_to_fine_start_strength"":3,""coarse_to_fine_end_strength"":1,""stagnation_generations_after_selection"":0}",quantization,True,16,16,8,6,8192,16384,49152,872,2080768,1828.452499658044,14280.6416015625
29,0.626953125,0.62890625,kl,0.626953125,,,,,0,{},16,8,2,1,"[8,2,1]","[512,2048,8192]",5503193088,3.0,9872.5078125,82816598016,,,8,8,"{""type"":""mixed_depth_quantization"",""sequential_mode"":""none"",""joint_mutation_mode"":""standard"",""parent_before_generation_hash"":""9068ec6743d79d35343dd08dbd583b0231b5a0ef75adac6edd6cc884203da885"",""parent_after_generation_hash"":""b27b37446e00e1628e815b442cd2864b237e590b8f7b4fc33aae1b3091764957"",""generated_offspring_by_type"":{""depth"":7,""quantization"":9,""joint_aware"":0,""interaction_aware"":0,""sequential_quantization"":0,""fixed_quant_depth"":0,""component crossover"":0,""component crossover + repair"":0,""layer bundle crossover"":0,""layer bundle crossover + repair"":0},""depth_mask_entries_changed_by_type"":{""depth"":22,""quantization"":0,""joint_aware"":0,""interaction_aware"":0,""sequential_quantization"":0,""fixed_quant_depth"":0,""component crossover"":0,""component crossover + repair"":0,""layer bundle crossover"":0,""layer bundle crossover + repair"":0},""quant_assignments_changed_by_type"":{""depth"":2,""quantization"":18,""joint_aware"":0,""interaction_aware"":0,""sequential_quantization"":0,""fixed_quant_depth"":0,""component crossover"":0,""component crossover + repair"":0,""layer bundle crossover"":0,""layer bundle crossover + repair"":0},""depth_mask_entries_changed_total"":22,""quant_assignments_changed_total"":20,""interaction_aware_details"":{""budget_repair_quant_changes"":0,""preferred_quant_exchanges_used"":0,""fallback_quant_exchanges_used"":0},""crossover_diagnostics"":{""crossover_type"":""component"",""crossover_parent_selection"":""uniform"",""crossover_offspring"":0,""crossover_offspring_accepted"":0,""mutation_offspring_accepted"":16,""mutation_offspring"":16,""crossover_offspring_attempted"":0,""crossover_duplicates"":0,""crossover_infeasible_candidates"":0,""crossover_repair_changed_gene_count"":0,""crossover_repaired_proposals"":0,""parent_distance_mean"":null,""parent_distance_min"":null,""parent_distance_max"":null,""child_distance_from_parent_a_mean"":null,""child_distance_from_parent_b_mean"":null,""layers_from_parent_a_mean"":null,""layers_from_parent_b_mean"":null,""crossover_no_legal_exchange"":0,""local_exchange_attention"":0,""local_exchange_mlp"":0,""local_exchange_quantization"":0,""local_exchange_block"":0,""child_distance_from_base_mean"":null,""child_distance_from_base_min"":null,""child_distance_from_base_max"":null,""child_distance_from_base_count"":0,""child_distance_from_donor_mean"":null,""child_distance_from_donor_min"":null,""child_distance_from_donor_max"":null,""child_distance_from_donor_count"":0,""donor_distance_reduction_mean"":null,""donor_distance_reduction_min"":null,""donor_distance_reduction_max"":null,""donor_distance_reduction_count"":0,""local_exchange_changed_gene_count_mean"":null,""local_exchange_changed_gene_count_min"":null,""local_exchange_changed_gene_count_max"":null,""local_exchange_changed_gene_count_count"":0,""child_distance_statistics_scope"":""accepted_unique_crossover_offspring"",""persistent_population_size"":4,""unique_population_size"":4,""best_population_fitness"":0.626953125,""configured_survivors_per_selection"":[8,2,1],""effective_survivors_per_selection"":[8,2,4],""effective_final_survivor_count"":4},""offspring_generation"":{""attempts"":16,""no_op_mutations"":0,""duplicate_candidates"":0,""infeasible_candidates"":0,""fixed_quant_legal_swap_counts"":[]},""maximum_depth_mutations_per_offspring"":3,""quantization_step_size"":1,""quantization_mutations_per_offspring"":1,""joint_aware_probability"":0.0,""adaptive_mutation"":false,""adaptive_mutation_strength"":1,""adaptive_mutation_patience"":3,""adaptive_mutation_max_strength"":3,""coarse_to_fine_mutation"":false,""coarse_to_fine_start_strength"":3,""coarse_to_fine_end_strength"":1,""stagnation_generations_after_selection"":0}",depth,True,16,16,8,6,8192,16384,49152,902,2154496,1886.0168099830044,14280.6416015625
30,0.625,0.626953125,kl,0.625,,,,,0,{},16,8,2,1,"[8,2,1]","[512,2048,8192]",5503193088,3.0,9872.5078125,82816598016,,,8,8,"{""type"":""mixed_depth_quantization"",""sequential_mode"":""none"",""joint_mutation_mode"":""standard"",""parent_before_generation_hash"":""b27b37446e00e1628e815b442cd2864b237e590b8f7b4fc33aae1b3091764957"",""parent_after_generation_hash"":""c2a9a02e0aa94f9fe23d71194e54fe5311804ef3908c57b1b2bb84d78387590e"",""generated_offspring_by_type"":{""depth"":8,""quantization"":8,""joint_aware"":0,""interaction_aware"":0,""sequential_quantization"":0,""fixed_quant_depth"":0,""component crossover"":0,""component crossover + repair"":0,""layer bundle crossover"":0,""layer bundle crossover + repair"":0},""depth_mask_entries_changed_by_type"":{""depth"":28,""quantization"":0,""joint_aware"":0,""interaction_aware"":0,""sequential_quantization"":0,""fixed_quant_depth"":0,""component crossover"":0,""component crossover + repair"":0,""layer bundle crossover"":0,""layer bundle crossover + repair"":0},""quant_assignments_changed_by_type"":{""depth"":5,""quantization"":16,""joint_aware"":0,""interaction_aware"":0,""sequential_quantization"":0,""fixed_quant_depth"":0,""component crossover"":0,""component crossover + repair"":0,""layer bundle crossover"":0,""layer bundle crossover + repair"":0},""depth_mask_entries_changed_total"":28,""quant_assignments_changed_total"":21,""interaction_aware_details"":{""budget_repair_quant_changes"":0,""preferred_quant_exchanges_used"":0,""fallback_quant_exchanges_used"":0},""crossover_diagnostics"":{""crossover_type"":""component"",""crossover_parent_selection"":""uniform"",""crossover_offspring"":0,""crossover_offspring_accepted"":0,""mutation_offspring_accepted"":16,""mutation_offspring"":16,""crossover_offspring_attempted"":0,""crossover_duplicates"":0,""crossover_infeasible_candidates"":0,""crossover_repair_changed_gene_count"":0,""crossover_repaired_proposals"":0,""parent_distance_mean"":null,""parent_distance_min"":null,""parent_distance_max"":null,""child_distance_from_parent_a_mean"":null,""child_distance_from_parent_b_mean"":null,""layers_from_parent_a_mean"":null,""layers_from_parent_b_mean"":null,""crossover_no_legal_exchange"":0,""local_exchange_attention"":0,""local_exchange_mlp"":0,""local_exchange_quantization"":0,""local_exchange_block"":0,""child_distance_from_base_mean"":null,""child_distance_from_base_min"":null,""child_distance_from_base_max"":null,""child_distance_from_base_count"":0,""child_distance_from_donor_mean"":null,""child_distance_from_donor_min"":null,""child_distance_from_donor_max"":null,""child_distance_from_donor_count"":0,""donor_distance_reduction_mean"":null,""donor_distance_reduction_min"":null,""donor_distance_reduction_max"":null,""donor_distance_reduction_count"":0,""local_exchange_changed_gene_count_mean"":null,""local_exchange_changed_gene_count_min"":null,""local_exchange_changed_gene_count_max"":null,""local_exchange_changed_gene_count_count"":0,""child_distance_statistics_scope"":""accepted_unique_crossover_offspring"",""persistent_population_size"":4,""unique_population_size"":4,""best_population_fitness"":0.625,""configured_survivors_per_selection"":[8,2,1],""effective_survivors_per_selection"":[8,2,4],""effective_final_survivor_count"":4},""offspring_generation"":{""attempts"":17,""no_op_mutations"":0,""duplicate_candidates"":1,""infeasible_candidates"":0,""fixed_quant_legal_swap_counts"":[]},""maximum_depth_mutations_per_offspring"":3,""quantization_step_size"":1,""quantization_mutations_per_offspring"":1,""joint_aware_probability"":0.0,""adaptive_mutation"":false,""adaptive_mutation_strength"":1,""adaptive_mutation_patience"":3,""adaptive_mutation_max_strength"":3,""coarse_to_fine_mutation"":false,""coarse_to_fine_start_strength"":3,""coarse_to_fine_end_strength"":1,""stagnation_generations_after_selection"":0}",quantization,True,17,16,8,6,8192,16384,49152,932,2228224,1933.8103709400166,14280.6416015625
31,0.62548828125,0.625,kl,0.62548828125,11.1171875,11.421875,,,333824,"{""wikitext2"":333824}",16,8,2,1,"[8,2,1]","[512,2048,8192]",5503193088,3.0,9872.5078125,82816598016,,,8,8,"{""type"":""mixed_depth_quantization"",""sequential_mode"":""none"",""joint_mutation_mode"":""standard"",""parent_before_generation_hash"":""c2a9a02e0aa94f9fe23d71194e54fe5311804ef3908c57b1b2bb84d78387590e"",""parent_after_generation_hash"":""c2a9a02e0aa94f9fe23d71194e54fe5311804ef3908c57b1b2bb84d78387590e"",""generated_offspring_by_type"":{""depth"":9,""quantization"":7,""joint_aware"":0,""interaction_aware"":0,""sequential_quantization"":0,""fixed_quant_depth"":0,""component crossover"":0,""component crossover + repair"":0,""layer bundle crossover"":0,""layer bundle crossover + repair"":0},""depth_mask_entries_changed_by_type"":{""depth"":28,""quantization"":0,""joint_aware"":0,""interaction_aware"":0,""sequential_quantization"":0,""fixed_quant_depth"":0,""component crossover"":0,""component crossover + repair"":0,""layer bundle crossover"":0,""layer bundle crossover + repair"":0},""quant_assignments_changed_by_type"":{""depth"":5,""quantization"":14,""joint_aware"":0,""interaction_aware"":0,""sequential_quantization"":0,""fixed_quant_depth"":0,""component crossover"":0,""component crossover + repair"":0,""layer bundle crossover"":0,""layer bundle crossover + repair"":0},""depth_mask_entries_changed_total"":28,""quant_assignments_changed_total"":19,""interaction_aware_details"":{""budget_repair_quant_changes"":0,""preferred_quant_exchanges_used"":0,""fallback_quant_exchanges_used"":0},""crossover_diagnostics"":{""crossover_type"":""component"",""crossover_parent_selection"":""uniform"",""crossover_offspring"":0,""crossover_offspring_accepted"":0,""mutation_offspring_accepted"":16,""mutation_offspring"":16,""crossover_offspring_attempted"":0,""crossover_duplicates"":0,""crossover_infeasible_candidates"":0,""crossover_repair_changed_gene_count"":0,""crossover_repaired_proposals"":0,""parent_distance_mean"":null,""parent_distance_min"":null,""parent_distance_max"":null,""child_distance_from_parent_a_mean"":null,""child_distance_from_parent_b_mean"":null,""layers_from_parent_a_mean"":null,""layers_from_parent_b_mean"":null,""crossover_no_legal_exchange"":0,""local_exchange_attention"":0,""local_exchange_mlp"":0,""local_exchange_quantization"":0,""local_exchange_block"":0,""child_distance_from_base_mean"":null,""child_distance_from_base_min"":null,""child_distance_from_base_max"":null,""child_distance_from_base_count"":0,""child_distance_from_donor_mean"":null,""child_distance_from_donor_min"":null,""child_distance_from_donor_max"":null,""child_distance_from_donor_count"":0,""donor_distance_reduction_mean"":null,""donor_distance_reduction_min"":null,""donor_distance_reduction_max"":null,""donor_distance_reduction_count"":0,""local_exchange_changed_gene_count_mean"":null,""local_exchange_changed_gene_count_min"":null,""local_exchange_changed_gene_count_max"":null,""local_exchange_changed_gene_count_count"":0,""child_distance_statistics_scope"":""accepted_unique_crossover_offspring"",""persistent_population_size"":4,""unique_population_size"":4,""best_population_fitness"":0.62548828125,""configured_survivors_per_selection"":[8,2,1],""effective_survivors_per_selection"":[8,2,4],""effective_final_survivor_count"":4},""offspring_generation"":{""attempts"":16,""no_op_mutations"":0,""duplicate_candidates"":0,""infeasible_candidates"":0,""fixed_quant_legal_swap_counts"":[]},""maximum_depth_mutations_per_offspring"":3,""quantization_step_size"":1,""quantization_mutations_per_offspring"":1,""joint_aware_probability"":0.0,""adaptive_mutation"":false,""adaptive_mutation_strength"":1,""adaptive_mutation_patience"":3,""adaptive_mutation_max_strength"":3,""coarse_to_fine_mutation"":false,""coarse_to_fine_start_strength"":3,""coarse_to_fine_end_strength"":1,""stagnation_generations_after_selection"":1}",parent,False,16,16,8,6,8192,16384,49152,962,2301952,2035.195853275014,14280.6416015625
32,0.625,0.62548828125,kl,0.625,,,,,0,{},16,8,2,1,"[8,2,1]","[512,2048,8192]",5503193088,3.0,9872.5078125,82816598016,,,8,8,"{""type"":""mixed_depth_quantization"",""sequential_mode"":""none"",""joint_mutation_mode"":""standard"",""parent_before_generation_hash"":""c2a9a02e0aa94f9fe23d71194e54fe5311804ef3908c57b1b2bb84d78387590e"",""parent_after_generation_hash"":""c2a9a02e0aa94f9fe23d71194e54fe5311804ef3908c57b1b2bb84d78387590e"",""generated_offspring_by_type"":{""depth"":6,""quantization"":10,""joint_aware"":0,""interaction_aware"":0,""sequential_quantization"":0,""fixed_quant_depth"":0,""component crossover"":0,""component crossover + repair"":0,""layer bundle crossover"":0,""layer bundle crossover + repair"":0},""depth_mask_entries_changed_by_type"":{""depth"":16,""quantization"":0,""joint_aware"":0,""interaction_aware"":0,""sequential_quantization"":0,""fixed_quant_depth"":0,""component crossover"":0,""component crossover + repair"":0,""layer bundle crossover"":0,""layer bundle crossover + repair"":0},""quant_assignments_changed_by_type"":{""depth"":1,""quantization"":20,""joint_aware"":0,""interaction_aware"":0,""sequential_quantization"":0,""fixed_quant_depth"":0,""component crossover"":0,""component crossover + repair"":0,""layer bundle crossover"":0,""layer bundle crossover + repair"":0},""depth_mask_entries_changed_total"":16,""quant_assignments_changed_total"":21,""interaction_aware_details"":{""budget_repair_quant_changes"":0,""preferred_quant_exchanges_used"":0,""fallback_quant_exchanges_used"":0},""crossover_diagnostics"":{""crossover_type"":""component"",""crossover_parent_selection"":""uniform"",""crossover_offspring"":0,""crossover_offspring_accepted"":0,""mutation_offspring_accepted"":16,""mutation_offspring"":16,""crossover_offspring_attempted"":0,""crossover_duplicates"":0,""crossover_infeasible_candidates"":0,""crossover_repair_changed_gene_count"":0,""crossover_repaired_proposals"":0,""parent_distance_mean"":null,""parent_distance_min"":null,""parent_distance_max"":null,""child_distance_from_parent_a_mean"":null,""child_distance_from_parent_b_mean"":null,""layers_from_parent_a_mean"":null,""layers_from_parent_b_mean"":null,""crossover_no_legal_exchange"":0,""local_exchange_attention"":0,""local_exchange_mlp"":0,""local_exchange_quantization"":0,""local_exchange_block"":0,""child_distance_from_base_mean"":null,""child_distance_from_base_min"":null,""child_distance_from_base_max"":null,""child_distance_from_base_count"":0,""child_distance_from_donor_mean"":null,""child_distance_from_donor_min"":null,""child_distance_from_donor_max"":null,""child_distance_from_donor_count"":0,""donor_distance_reduction_mean"":null,""donor_distance_reduction_min"":null,""donor_distance_reduction_max"":null,""donor_distance_reduction_count"":0,""local_exchange_changed_gene_count_mean"":null,""local_exchange_changed_gene_count_min"":null,""local_exchange_changed_gene_count_max"":null,""local_exchange_changed_gene_count_count"":0,""child_distance_statistics_scope"":""accepted_unique_crossover_offspring"",""persistent_population_size"":4,""unique_population_size"":4,""best_population_fitness"":0.625,""configured_survivors_per_selection"":[8,2,1],""effective_survivors_per_selection"":[8,2,4],""effective_final_survivor_count"":4},""offspring_generation"":{""attempts"":16,""no_op_mutations"":0,""duplicate_candidates"":0,""infeasible_candidates"":0,""fixed_quant_legal_swap_counts"":[]},""maximum_depth_mutations_per_offspring"":3,""quantization_step_size"":1,""quantization_mutations_per_offspring"":1,""joint_aware_probability"":0.0,""adaptive_mutation"":false,""adaptive_mutation_strength"":1,""adaptive_mutation_patience"":3,""adaptive_mutation_max_strength"":3,""coarse_to_fine_mutation"":false,""coarse_to_fine_start_strength"":3,""coarse_to_fine_end_strength"":1,""stagnation_generations_after_selection"":2}",parent,False,16,16,8,6,8192,16384,49152,992,2375680,2087.6742189270444,14280.6416015625
33,0.6240234375,0.625,kl,0.6240234375,,,,,0,{},16,8,2,1,"[8,2,1]","[512,2048,8192]",5503193088,3.0,9872.5078125,82816598016,,,8,8,"{""type"":""mixed_depth_quantization"",""sequential_mode"":""none"",""joint_mutation_mode"":""standard"",""parent_before_generation_hash"":""c2a9a02e0aa94f9fe23d71194e54fe5311804ef3908c57b1b2bb84d78387590e"",""parent_after_generation_hash"":""c58b3989e92378ca7086ca7762a25442cb91ea8513b00e40b2db197ecc50f648"",""generated_offspring_by_type"":{""depth"":8,""quantization"":8,""joint_aware"":0,""interaction_aware"":0,""sequential_quantization"":0,""fixed_quant_depth"":0,""component crossover"":0,""component crossover + repair"":0,""layer bundle crossover"":0,""layer bundle crossover + repair"":0},""depth_mask_entries_changed_by_type"":{""depth"":20,""quantization"":0,""joint_aware"":0,""interaction_aware"":0,""sequential_quantization"":0,""fixed_quant_depth"":0,""component crossover"":0,""component crossover + repair"":0,""layer bundle crossover"":0,""layer bundle crossover + repair"":0},""quant_assignments_changed_by_type"":{""depth"":3,""quantization"":16,""joint_aware"":0,""interaction_aware"":0,""sequential_quantization"":0,""fixed_quant_depth"":0,""component crossover"":0,""component crossover + repair"":0,""layer bundle crossover"":0,""layer bundle crossover + repair"":0},""depth_mask_entries_changed_total"":20,""quant_assignments_changed_total"":19,""interaction_aware_details"":{""budget_repair_quant_changes"":0,""preferred_quant_exchanges_used"":0,""fallback_quant_exchanges_used"":0},""crossover_diagnostics"":{""crossover_type"":""component"",""crossover_parent_selection"":""uniform"",""crossover_offspring"":0,""crossover_offspring_accepted"":0,""mutation_offspring_accepted"":16,""mutation_offspring"":16,""crossover_offspring_attempted"":0,""crossover_duplicates"":0,""crossover_infeasible_candidates"":0,""crossover_repair_changed_gene_count"":0,""crossover_repaired_proposals"":0,""parent_distance_mean"":null,""parent_distance_min"":null,""parent_distance_max"":null,""child_distance_from_parent_a_mean"":null,""child_distance_from_parent_b_mean"":null,""layers_from_parent_a_mean"":null,""layers_from_parent_b_mean"":null,""crossover_no_legal_exchange"":0,""local_exchange_attention"":0,""local_exchange_mlp"":0,""local_exchange_quantization"":0,""local_exchange_block"":0,""child_distance_from_base_mean"":null,""child_distance_from_base_min"":null,""child_distance_from_base_max"":null,""child_distance_from_base_count"":0,""child_distance_from_donor_mean"":null,""child_distance_from_donor_min"":null,""child_distance_from_donor_max"":null,""child_distance_from_donor_count"":0,""donor_distance_reduction_mean"":null,""donor_distance_reduction_min"":null,""donor_distance_reduction_max"":null,""donor_distance_reduction_count"":0,""local_exchange_changed_gene_count_mean"":null,""local_exchange_changed_gene_count_min"":null,""local_exchange_changed_gene_count_max"":null,""local_exchange_changed_gene_count_count"":0,""child_distance_statistics_scope"":""accepted_unique_crossover_offspring"",""persistent_population_size"":4,""unique_population_size"":4,""best_population_fitness"":0.6240234375,""configured_survivors_per_selection"":[8,2,1],""effective_survivors_per_selection"":[8,2,4],""effective_final_survivor_count"":4},""offspring_generation"":{""attempts"":16,""no_op_mutations"":0,""duplicate_candidates"":0,""infeasible_candidates"":0,""fixed_quant_legal_swap_counts"":[]},""maximum_depth_mutations_per_offspring"":3,""quantization_step_size"":1,""quantization_mutations_per_offspring"":1,""joint_aware_probability"":0.0,""adaptive_mutation"":false,""adaptive_mutation_strength"":1,""adaptive_mutation_patience"":3,""adaptive_mutation_max_strength"":3,""coarse_to_fine_mutation"":false,""coarse_to_fine_start_strength"":3,""coarse_to_fine_end_strength"":1,""stagnation_generations_after_selection"":0}",quantization,True,16,16,8,6,8192,16384,49152,1022,2449408,2142.091600050044,14280.6416015625
34,0.623046875,0.6240234375,kl,0.623046875,,,,,0,{},16,8,2,1,"[8,2,1]","[512,2048,8192]",5503193088,3.0,9872.5078125,82816598016,,,8,8,"{""type"":""mixed_depth_quantization"",""sequential_mode"":""none"",""joint_mutation_mode"":""standard"",""parent_before_generation_hash"":""c58b3989e92378ca7086ca7762a25442cb91ea8513b00e40b2db197ecc50f648"",""parent_after_generation_hash"":""c58b3989e92378ca7086ca7762a25442cb91ea8513b00e40b2db197ecc50f648"",""generated_offspring_by_type"":{""depth"":8,""quantization"":8,""joint_aware"":0,""interaction_aware"":0,""sequential_quantization"":0,""fixed_quant_depth"":0,""component crossover"":0,""component crossover + repair"":0,""layer bundle crossover"":0,""layer bundle crossover + repair"":0},""depth_mask_entries_changed_by_type"":{""depth"":26,""quantization"":0,""joint_aware"":0,""interaction_aware"":0,""sequential_quantization"":0,""fixed_quant_depth"":0,""component crossover"":0,""component crossover + repair"":0,""layer bundle crossover"":0,""layer bundle crossover + repair"":0},""quant_assignments_changed_by_type"":{""depth"":1,""quantization"":16,""joint_aware"":0,""interaction_aware"":0,""sequential_quantization"":0,""fixed_quant_depth"":0,""component crossover"":0,""component crossover + repair"":0,""layer bundle crossover"":0,""layer bundle crossover + repair"":0},""depth_mask_entries_changed_total"":26,""quant_assignments_changed_total"":17,""interaction_aware_details"":{""budget_repair_quant_changes"":0,""preferred_quant_exchanges_used"":0,""fallback_quant_exchanges_used"":0},""crossover_diagnostics"":{""crossover_type"":""component"",""crossover_parent_selection"":""uniform"",""crossover_offspring"":0,""crossover_offspring_accepted"":0,""mutation_offspring_accepted"":16,""mutation_offspring"":16,""crossover_offspring_attempted"":0,""crossover_duplicates"":0,""crossover_infeasible_candidates"":0,""crossover_repair_changed_gene_count"":0,""crossover_repaired_proposals"":0,""parent_distance_mean"":null,""parent_distance_min"":null,""parent_distance_max"":null,""child_distance_from_parent_a_mean"":null,""child_distance_from_parent_b_mean"":null,""layers_from_parent_a_mean"":null,""layers_from_parent_b_mean"":null,""crossover_no_legal_exchange"":0,""local_exchange_attention"":0,""local_exchange_mlp"":0,""local_exchange_quantization"":0,""local_exchange_block"":0,""child_distance_from_base_mean"":null,""child_distance_from_base_min"":null,""child_distance_from_base_max"":null,""child_distance_from_base_count"":0,""child_distance_from_donor_mean"":null,""child_distance_from_donor_min"":null,""child_distance_from_donor_max"":null,""child_distance_from_donor_count"":0,""donor_distance_reduction_mean"":null,""donor_distance_reduction_min"":null,""donor_distance_reduction_max"":null,""donor_distance_reduction_count"":0,""local_exchange_changed_gene_count_mean"":null,""local_exchange_changed_gene_count_min"":null,""local_exchange_changed_gene_count_max"":null,""local_exchange_changed_gene_count_count"":0,""child_distance_statistics_scope"":""accepted_unique_crossover_offspring"",""persistent_population_size"":4,""unique_population_size"":4,""best_population_fitness"":0.623046875,""configured_survivors_per_selection"":[8,2,1],""effective_survivors_per_selection"":[8,2,4],""effective_final_survivor_count"":4},""offspring_generation"":{""attempts"":16,""no_op_mutations"":0,""duplicate_candidates"":0,""infeasible_candidates"":0,""fixed_quant_legal_swap_counts"":[]},""maximum_depth_mutations_per_offspring"":3,""quantization_step_size"":1,""quantization_mutations_per_offspring"":1,""joint_aware_probability"":0.0,""adaptive_mutation"":false,""adaptive_mutation_strength"":1,""adaptive_mutation_patience"":3,""adaptive_mutation_max_strength"":3,""coarse_to_fine_mutation"":false,""coarse_to_fine_start_strength"":3,""coarse_to_fine_end_strength"":1,""stagnation_generations_after_selection"":1}",parent,False,16,16,8,6,8192,16384,49152,1052,2523136,2195.3834413770237,14280.6416015625
35,0.6220703125,0.623046875,kl,0.6220703125,,,,,0,{},16,8,2,1,"[8,2,1]","[512,2048,8192]",5503193088,3.0,9872.5078125,82816598016,,,8,8,"{""type"":""mixed_depth_quantization"",""sequential_mode"":""none"",""joint_mutation_mode"":""standard"",""parent_before_generation_hash"":""c58b3989e92378ca7086ca7762a25442cb91ea8513b00e40b2db197ecc50f648"",""parent_after_generation_hash"":""c58b3989e92378ca7086ca7762a25442cb91ea8513b00e40b2db197ecc50f648"",""generated_offspring_by_type"":{""depth"":8,""quantization"":8,""joint_aware"":0,""interaction_aware"":0,""sequential_quantization"":0,""fixed_quant_depth"":0,""component crossover"":0,""component crossover + repair"":0,""layer bundle crossover"":0,""layer bundle crossover + repair"":0},""depth_mask_entries_changed_by_type"":{""depth"":28,""quantization"":0,""joint_aware"":0,""interaction_aware"":0,""sequential_quantization"":0,""fixed_quant_depth"":0,""component crossover"":0,""component crossover + repair"":0,""layer bundle crossover"":0,""layer bundle crossover + repair"":0},""quant_assignments_changed_by_type"":{""depth"":3,""quantization"":16,""joint_aware"":0,""interaction_aware"":0,""sequential_quantization"":0,""fixed_quant_depth"":0,""component crossover"":0,""component crossover + repair"":0,""layer bundle crossover"":0,""layer bundle crossover + repair"":0},""depth_mask_entries_changed_total"":28,""quant_assignments_changed_total"":19,""interaction_aware_details"":{""budget_repair_quant_changes"":0,""preferred_quant_exchanges_used"":0,""fallback_quant_exchanges_used"":0},""crossover_diagnostics"":{""crossover_type"":""component"",""crossover_parent_selection"":""uniform"",""crossover_offspring"":0,""crossover_offspring_accepted"":0,""mutation_offspring_accepted"":16,""mutation_offspring"":16,""crossover_offspring_attempted"":0,""crossover_duplicates"":0,""crossover_infeasible_candidates"":0,""crossover_repair_changed_gene_count"":0,""crossover_repaired_proposals"":0,""parent_distance_mean"":null,""parent_distance_min"":null,""parent_distance_max"":null,""child_distance_from_parent_a_mean"":null,""child_distance_from_parent_b_mean"":null,""layers_from_parent_a_mean"":null,""layers_from_parent_b_mean"":null,""crossover_no_legal_exchange"":0,""local_exchange_attention"":0,""local_exchange_mlp"":0,""local_exchange_quantization"":0,""local_exchange_block"":0,""child_distance_from_base_mean"":null,""child_distance_from_base_min"":null,""child_distance_from_base_max"":null,""child_distance_from_base_count"":0,""child_distance_from_donor_mean"":null,""child_distance_from_donor_min"":null,""child_distance_from_donor_max"":null,""child_distance_from_donor_count"":0,""donor_distance_reduction_mean"":null,""donor_distance_reduction_min"":null,""donor_distance_reduction_max"":null,""donor_distance_reduction_count"":0,""local_exchange_changed_gene_count_mean"":null,""local_exchange_changed_gene_count_min"":null,""local_exchange_changed_gene_count_max"":null,""local_exchange_changed_gene_count_count"":0,""child_distance_statistics_scope"":""accepted_unique_crossover_offspring"",""persistent_population_size"":4,""unique_population_size"":4,""best_population_fitness"":0.6220703125,""configured_survivors_per_selection"":[8,2,1],""effective_survivors_per_selection"":[8,2,4],""effective_final_survivor_count"":4},""offspring_generation"":{""attempts"":16,""no_op_mutations"":0,""duplicate_candidates"":0,""infeasible_candidates"":0,""fixed_quant_legal_swap_counts"":[]},""maximum_depth_mutations_per_offspring"":3,""quantization_step_size"":1,""quantization_mutations_per_offspring"":1,""joint_aware_probability"":0.0,""adaptive_mutation"":false,""adaptive_mutation_strength"":1,""adaptive_mutation_patience"":3,""adaptive_mutation_max_strength"":3,""coarse_to_fine_mutation"":false,""coarse_to_fine_start_strength"":3,""coarse_to_fine_end_strength"":1,""stagnation_generations_after_selection"":2}",parent,False,16,16,8,6,8192,16384,49152,1082,2596864,2251.7444456550293,14280.6416015625
36,0.60400390625,0.6220703125,kl,0.60400390625,11.1328125,11.3515625,,,333824,"{""wikitext2"":333824}",16,8,2,1,"[8,2,1]","[512,2048,8192]",5503193088,3.0,9872.5078125,82816598016,,,8,8,"{""type"":""mixed_depth_quantization"",""sequential_mode"":""none"",""joint_mutation_mode"":""standard"",""parent_before_generation_hash"":""c58b3989e92378ca7086ca7762a25442cb91ea8513b00e40b2db197ecc50f648"",""parent_after_generation_hash"":""3ed1172bc9cbae7f2700d2b91a52dae7f2a1d6662fb016096e5325166365cb56"",""generated_offspring_by_type"":{""depth"":8,""quantization"":8,""joint_aware"":0,""interaction_aware"":0,""sequential_quantization"":0,""fixed_quant_depth"":0,""component crossover"":0,""component crossover + repair"":0,""layer bundle crossover"":0,""layer bundle crossover + repair"":0},""depth_mask_entries_changed_by_type"":{""depth"":22,""quantization"":0,""joint_aware"":0,""interaction_aware"":0,""sequential_quantization"":0,""fixed_quant_depth"":0,""component crossover"":0,""component crossover + repair"":0,""layer bundle crossover"":0,""layer bundle crossover + repair"":0},""quant_assignments_changed_by_type"":{""depth"":2,""quantization"":16,""joint_aware"":0,""interaction_aware"":0,""sequential_quantization"":0,""fixed_quant_depth"":0,""component crossover"":0,""component crossover + repair"":0,""layer bundle crossover"":0,""layer bundle crossover + repair"":0},""depth_mask_entries_changed_total"":22,""quant_assignments_changed_total"":18,""interaction_aware_details"":{""budget_repair_quant_changes"":0,""preferred_quant_exchanges_used"":0,""fallback_quant_exchanges_used"":0},""crossover_diagnostics"":{""crossover_type"":""component"",""crossover_parent_selection"":""uniform"",""crossover_offspring"":0,""crossover_offspring_accepted"":0,""mutation_offspring_accepted"":16,""mutation_offspring"":16,""crossover_offspring_attempted"":0,""crossover_duplicates"":0,""crossover_infeasible_candidates"":0,""crossover_repair_changed_gene_count"":0,""crossover_repaired_proposals"":0,""parent_distance_mean"":null,""parent_distance_min"":null,""parent_distance_max"":null,""child_distance_from_parent_a_mean"":null,""child_distance_from_parent_b_mean"":null,""layers_from_parent_a_mean"":null,""layers_from_parent_b_mean"":null,""crossover_no_legal_exchange"":0,""local_exchange_attention"":0,""local_exchange_mlp"":0,""local_exchange_quantization"":0,""local_exchange_block"":0,""child_distance_from_base_mean"":null,""child_distance_from_base_min"":null,""child_distance_from_base_max"":null,""child_distance_from_base_count"":0,""child_distance_from_donor_mean"":null,""child_distance_from_donor_min"":null,""child_distance_from_donor_max"":null,""child_distance_from_donor_count"":0,""donor_distance_reduction_mean"":null,""donor_distance_reduction_min"":null,""donor_distance_reduction_max"":null,""donor_distance_reduction_count"":0,""local_exchange_changed_gene_count_mean"":null,""local_exchange_changed_gene_count_min"":null,""local_exchange_changed_gene_count_max"":null,""local_exchange_changed_gene_count_count"":0,""child_distance_statistics_scope"":""accepted_unique_crossover_offspring"",""persistent_population_size"":4,""unique_population_size"":4,""best_population_fitness"":0.60400390625,""configured_survivors_per_selection"":[8,2,1],""effective_survivors_per_selection"":[8,2,4],""effective_final_survivor_count"":4},""offspring_generation"":{""attempts"":16,""no_op_mutations"":0,""duplicate_candidates"":0,""infeasible_candidates"":0,""fixed_quant_legal_swap_counts"":[]},""maximum_depth_mutations_per_offspring"":3,""quantization_step_size"":1,""quantization_mutations_per_offspring"":1,""joint_aware_probability"":0.0,""adaptive_mutation"":false,""adaptive_mutation_strength"":1,""adaptive_mutation_patience"":3,""adaptive_mutation_max_strength"":3,""coarse_to_fine_mutation"":false,""coarse_to_fine_start_strength"":3,""coarse_to_fine_end_strength"":1,""stagnation_generations_after_selection"":0}",depth,True,16,16,8,6,8192,16384,49152,1112,2670592,2361.539199071005,14280.6416015625
37,0.603515625,0.60400390625,kl,0.603515625,,,,,0,{},16,8,2,1,"[8,2,1]","[512,2048,8192]",5503193088,3.0,9872.5078125,82816598016,,,8,8,"{""type"":""mixed_depth_quantization"",""sequential_mode"":""none"",""joint_mutation_mode"":""standard"",""parent_before_generation_hash"":""3ed1172bc9cbae7f2700d2b91a52dae7f2a1d6662fb016096e5325166365cb56"",""parent_after_generation_hash"":""3ed1172bc9cbae7f2700d2b91a52dae7f2a1d6662fb016096e5325166365cb56"",""generated_offspring_by_type"":{""depth"":6,""quantization"":10,""joint_aware"":0,""interaction_aware"":0,""sequential_quantization"":0,""fixed_quant_depth"":0,""component crossover"":0,""component crossover + repair"":0,""layer bundle crossover"":0,""layer bundle crossover + repair"":0},""depth_mask_entries_changed_by_type"":{""depth"":20,""quantization"":0,""joint_aware"":0,""interaction_aware"":0,""sequential_quantization"":0,""fixed_quant_depth"":0,""component crossover"":0,""component crossover + repair"":0,""layer bundle crossover"":0,""layer bundle crossover + repair"":0},""quant_assignments_changed_by_type"":{""depth"":2,""quantization"":20,""joint_aware"":0,""interaction_aware"":0,""sequential_quantization"":0,""fixed_quant_depth"":0,""component crossover"":0,""component crossover + repair"":0,""layer bundle crossover"":0,""layer bundle crossover + repair"":0},""depth_mask_entries_changed_total"":20,""quant_assignments_changed_total"":22,""interaction_aware_details"":{""budget_repair_quant_changes"":0,""preferred_quant_exchanges_used"":0,""fallback_quant_exchanges_used"":0},""crossover_diagnostics"":{""crossover_type"":""component"",""crossover_parent_selection"":""uniform"",""crossover_offspring"":0,""crossover_offspring_accepted"":0,""mutation_offspring_accepted"":16,""mutation_offspring"":16,""crossover_offspring_attempted"":0,""crossover_duplicates"":0,""crossover_infeasible_candidates"":0,""crossover_repair_changed_gene_count"":0,""crossover_repaired_proposals"":0,""parent_distance_mean"":null,""parent_distance_min"":null,""parent_distance_max"":null,""child_distance_from_parent_a_mean"":null,""child_distance_from_parent_b_mean"":null,""layers_from_parent_a_mean"":null,""layers_from_parent_b_mean"":null,""crossover_no_legal_exchange"":0,""local_exchange_attention"":0,""local_exchange_mlp"":0,""local_exchange_quantization"":0,""local_exchange_block"":0,""child_distance_from_base_mean"":null,""child_distance_from_base_min"":null,""child_distance_from_base_max"":null,""child_distance_from_base_count"":0,""child_distance_from_donor_mean"":null,""child_distance_from_donor_min"":null,""child_distance_from_donor_max"":null,""child_distance_from_donor_count"":0,""donor_distance_reduction_mean"":null,""donor_distance_reduction_min"":null,""donor_distance_reduction_max"":null,""donor_distance_reduction_count"":0,""local_exchange_changed_gene_count_mean"":null,""local_exchange_changed_gene_count_min"":null,""local_exchange_changed_gene_count_max"":null,""local_exchange_changed_gene_count_count"":0,""child_distance_statistics_scope"":""accepted_unique_crossover_offspring"",""persistent_population_size"":4,""unique_population_size"":4,""best_population_fitness"":0.603515625,""configured_survivors_per_selection"":[8,2,1],""effective_survivors_per_selection"":[8,2,4],""effective_final_survivor_count"":4},""offspring_generation"":{""attempts"":17,""no_op_mutations"":0,""duplicate_candidates"":1,""infeasible_candidates"":0,""fixed_quant_legal_swap_counts"":[]},""maximum_depth_mutations_per_offspring"":3,""quantization_step_size"":1,""quantization_mutations_per_offspring"":1,""joint_aware_probability"":0.0,""adaptive_mutation"":false,""adaptive_mutation_strength"":1,""adaptive_mutation_patience"":3,""adaptive_mutation_max_strength"":3,""coarse_to_fine_mutation"":false,""coarse_to_fine_start_strength"":3,""coarse_to_fine_end_strength"":1,""stagnation_generations_after_selection"":1}",parent,False,17,16,8,6,8192,16384,49152,1142,2744320,2413.7258834120003,14280.6416015625
38,0.603515625,0.603515625,kl,0.603515625,,,,,0,{},16,8,2,1,"[8,2,1]","[512,2048,8192]",5503193088,3.0,9872.5078125,82816598016,,,8,8,"{""type"":""mixed_depth_quantization"",""sequential_mode"":""none"",""joint_mutation_mode"":""standard"",""parent_before_generation_hash"":""3ed1172bc9cbae7f2700d2b91a52dae7f2a1d6662fb016096e5325166365cb56"",""parent_after_generation_hash"":""f68d2a93a26800102584914d295362282d5624ad20bdebd9459da680a2414c11"",""generated_offspring_by_type"":{""depth"":8,""quantization"":8,""joint_aware"":0,""interaction_aware"":0,""sequential_quantization"":0,""fixed_quant_depth"":0,""component crossover"":0,""component crossover + repair"":0,""layer bundle crossover"":0,""layer bundle crossover + repair"":0},""depth_mask_entries_changed_by_type"":{""depth"":28,""quantization"":0,""joint_aware"":0,""interaction_aware"":0,""sequential_quantization"":0,""fixed_quant_depth"":0,""component crossover"":0,""component crossover + repair"":0,""layer bundle crossover"":0,""layer bundle crossover + repair"":0},""quant_assignments_changed_by_type"":{""depth"":3,""quantization"":16,""joint_aware"":0,""interaction_aware"":0,""sequential_quantization"":0,""fixed_quant_depth"":0,""component crossover"":0,""component crossover + repair"":0,""layer bundle crossover"":0,""layer bundle crossover + repair"":0},""depth_mask_entries_changed_total"":28,""quant_assignments_changed_total"":19,""interaction_aware_details"":{""budget_repair_quant_changes"":0,""preferred_quant_exchanges_used"":0,""fallback_quant_exchanges_used"":0},""crossover_diagnostics"":{""crossover_type"":""component"",""crossover_parent_selection"":""uniform"",""crossover_offspring"":0,""crossover_offspring_accepted"":0,""mutation_offspring_accepted"":16,""mutation_offspring"":16,""crossover_offspring_attempted"":0,""crossover_duplicates"":0,""crossover_infeasible_candidates"":0,""crossover_repair_changed_gene_count"":0,""crossover_repaired_proposals"":0,""parent_distance_mean"":null,""parent_distance_min"":null,""parent_distance_max"":null,""child_distance_from_parent_a_mean"":null,""child_distance_from_parent_b_mean"":null,""layers_from_parent_a_mean"":null,""layers_from_parent_b_mean"":null,""crossover_no_legal_exchange"":0,""local_exchange_attention"":0,""local_exchange_mlp"":0,""local_exchange_quantization"":0,""local_exchange_block"":0,""child_distance_from_base_mean"":null,""child_distance_from_base_min"":null,""child_distance_from_base_max"":null,""child_distance_from_base_count"":0,""child_distance_from_donor_mean"":null,""child_distance_from_donor_min"":null,""child_distance_from_donor_max"":null,""child_distance_from_donor_count"":0,""donor_distance_reduction_mean"":null,""donor_distance_reduction_min"":null,""donor_distance_reduction_max"":null,""donor_distance_reduction_count"":0,""local_exchange_changed_gene_count_mean"":null,""local_exchange_changed_gene_count_min"":null,""local_exchange_changed_gene_count_max"":null,""local_exchange_changed_gene_count_count"":0,""child_distance_statistics_scope"":""accepted_unique_crossover_offspring"",""persistent_population_size"":4,""unique_population_size"":4,""best_population_fitness"":0.603515625,""configured_survivors_per_selection"":[8,2,1],""effective_survivors_per_selection"":[8,2,4],""effective_final_survivor_count"":4},""offspring_generation"":{""attempts"":16,""no_op_mutations"":0,""duplicate_candidates"":0,""infeasible_candidates"":0,""fixed_quant_legal_swap_counts"":[]},""maximum_depth_mutations_per_offspring"":3,""quantization_step_size"":1,""quantization_mutations_per_offspring"":1,""joint_aware_probability"":0.0,""adaptive_mutation"":false,""adaptive_mutation_strength"":1,""adaptive_mutation_patience"":3,""adaptive_mutation_max_strength"":3,""coarse_to_fine_mutation"":false,""coarse_to_fine_start_strength"":3,""coarse_to_fine_end_strength"":1,""stagnation_generations_after_selection"":0}",quantization,True,16,16,8,6,8192,16384,49152,1172,2818048,2467.4769454230554,14280.6416015625
39,0.60400390625,0.603515625,kl,0.60400390625,,,,,0,{},16,8,2,1,"[8,2,1]","[512,2048,8192]",5503193088,3.0,9872.5078125,82816598016,,,8,8,"{""type"":""mixed_depth_quantization"",""sequential_mode"":""none"",""joint_mutation_mode"":""standard"",""parent_before_generation_hash"":""f68d2a93a26800102584914d295362282d5624ad20bdebd9459da680a2414c11"",""parent_after_generation_hash"":""3ed1172bc9cbae7f2700d2b91a52dae7f2a1d6662fb016096e5325166365cb56"",""generated_offspring_by_type"":{""depth"":9,""quantization"":7,""joint_aware"":0,""interaction_aware"":0,""sequential_quantization"":0,""fixed_quant_depth"":0,""component crossover"":0,""component crossover + repair"":0,""layer bundle crossover"":0,""layer bundle crossover + repair"":0},""depth_mask_entries_changed_by_type"":{""depth"":26,""quantization"":0,""joint_aware"":0,""interaction_aware"":0,""sequential_quantization"":0,""fixed_quant_depth"":0,""component crossover"":0,""component crossover + repair"":0,""layer bundle crossover"":0,""layer bundle crossover + repair"":0},""quant_assignments_changed_by_type"":{""depth"":1,""quantization"":14,""joint_aware"":0,""interaction_aware"":0,""sequential_quantization"":0,""fixed_quant_depth"":0,""component crossover"":0,""component crossover + repair"":0,""layer bundle crossover"":0,""layer bundle crossover + repair"":0},""depth_mask_entries_changed_total"":26,""quant_assignments_changed_total"":15,""interaction_aware_details"":{""budget_repair_quant_changes"":0,""preferred_quant_exchanges_used"":0,""fallback_quant_exchanges_used"":0},""crossover_diagnostics"":{""crossover_type"":""component"",""crossover_parent_selection"":""uniform"",""crossover_offspring"":0,""crossover_offspring_accepted"":0,""mutation_offspring_accepted"":16,""mutation_offspring"":16,""crossover_offspring_attempted"":0,""crossover_duplicates"":0,""crossover_infeasible_candidates"":0,""crossover_repair_changed_gene_count"":0,""crossover_repaired_proposals"":0,""parent_distance_mean"":null,""parent_distance_min"":null,""parent_distance_max"":null,""child_distance_from_parent_a_mean"":null,""child_distance_from_parent_b_mean"":null,""layers_from_parent_a_mean"":null,""layers_from_parent_b_mean"":null,""crossover_no_legal_exchange"":0,""local_exchange_attention"":0,""local_exchange_mlp"":0,""local_exchange_quantization"":0,""local_exchange_block"":0,""child_distance_from_base_mean"":null,""child_distance_from_base_min"":null,""child_distance_from_base_max"":null,""child_distance_from_base_count"":0,""child_distance_from_donor_mean"":null,""child_distance_from_donor_min"":null,""child_distance_from_donor_max"":null,""child_distance_from_donor_count"":0,""donor_distance_reduction_mean"":null,""donor_distance_reduction_min"":null,""donor_distance_reduction_max"":null,""donor_distance_reduction_count"":0,""local_exchange_changed_gene_count_mean"":null,""local_exchange_changed_gene_count_min"":null,""local_exchange_changed_gene_count_max"":null,""local_exchange_changed_gene_count_count"":0,""child_distance_statistics_scope"":""accepted_unique_crossover_offspring"",""persistent_population_size"":4,""unique_population_size"":4,""best_population_fitness"":0.60400390625,""configured_survivors_per_selection"":[8,2,1],""effective_survivors_per_selection"":[8,2,4],""effective_final_survivor_count"":4},""offspring_generation"":{""attempts"":16,""no_op_mutations"":0,""duplicate_candidates"":0,""infeasible_candidates"":0,""fixed_quant_legal_swap_counts"":[]},""maximum_depth_mutations_per_offspring"":3,""quantization_step_size"":1,""quantization_mutations_per_offspring"":1,""joint_aware_probability"":0.0,""adaptive_mutation"":false,""adaptive_mutation_strength"":1,""adaptive_mutation_patience"":3,""adaptive_mutation_max_strength"":3,""coarse_to_fine_mutation"":false,""coarse_to_fine_start_strength"":3,""coarse_to_fine_end_strength"":1,""stagnation_generations_after_selection"":0}",parent,True,16,16,8,6,8192,16384,49152,1202,2891776,2518.079701897048,14280.6416015625
40,0.60009765625,0.60400390625,kl,0.60009765625,,,,,0,{},16,8,2,1,"[8,2,1]","[512,2048,8192]",5503193088,3.0,9872.5078125,82816598016,,,8,8,"{""type"":""mixed_depth_quantization"",""sequential_mode"":""none"",""joint_mutation_mode"":""standard"",""parent_before_generation_hash"":""3ed1172bc9cbae7f2700d2b91a52dae7f2a1d6662fb016096e5325166365cb56"",""parent_after_generation_hash"":""ab7b2e792d1ab1786f7bc729ee196ed80e2af9c3bcc732a2a60495a3ee4e1ae0"",""generated_offspring_by_type"":{""depth"":10,""quantization"":6,""joint_aware"":0,""interaction_aware"":0,""sequential_quantization"":0,""fixed_quant_depth"":0,""component crossover"":0,""component crossover + repair"":0,""layer bundle crossover"":0,""layer bundle crossover + repair"":0},""depth_mask_entries_changed_by_type"":{""depth"":24,""quantization"":0,""joint_aware"":0,""interaction_aware"":0,""sequential_quantization"":0,""fixed_quant_depth"":0,""component crossover"":0,""component crossover + repair"":0,""layer bundle crossover"":0,""layer bundle crossover + repair"":0},""quant_assignments_changed_by_type"":{""depth"":5,""quantization"":12,""joint_aware"":0,""interaction_aware"":0,""sequential_quantization"":0,""fixed_quant_depth"":0,""component crossover"":0,""component crossover + repair"":0,""layer bundle crossover"":0,""layer bundle crossover + repair"":0},""depth_mask_entries_changed_total"":24,""quant_assignments_changed_total"":17,""interaction_aware_details"":{""budget_repair_quant_changes"":0,""preferred_quant_exchanges_used"":0,""fallback_quant_exchanges_used"":0},""crossover_diagnostics"":{""crossover_type"":""component"",""crossover_parent_selection"":""uniform"",""crossover_offspring"":0,""crossover_offspring_accepted"":0,""mutation_offspring_accepted"":16,""mutation_offspring"":16,""crossover_offspring_attempted"":0,""crossover_duplicates"":0,""crossover_infeasible_candidates"":0,""crossover_repair_changed_gene_count"":0,""crossover_repaired_proposals"":0,""parent_distance_mean"":null,""parent_distance_min"":null,""parent_distance_max"":null,""child_distance_from_parent_a_mean"":null,""child_distance_from_parent_b_mean"":null,""layers_from_parent_a_mean"":null,""layers_from_parent_b_mean"":null,""crossover_no_legal_exchange"":0,""local_exchange_attention"":0,""local_exchange_mlp"":0,""local_exchange_quantization"":0,""local_exchange_block"":0,""child_distance_from_base_mean"":null,""child_distance_from_base_min"":null,""child_distance_from_base_max"":null,""child_distance_from_base_count"":0,""child_distance_from_donor_mean"":null,""child_distance_from_donor_min"":null,""child_distance_from_donor_max"":null,""child_distance_from_donor_count"":0,""donor_distance_reduction_mean"":null,""donor_distance_reduction_min"":null,""donor_distance_reduction_max"":null,""donor_distance_reduction_count"":0,""local_exchange_changed_gene_count_mean"":null,""local_exchange_changed_gene_count_min"":null,""local_exchange_changed_gene_count_max"":null,""local_exchange_changed_gene_count_count"":0,""child_distance_statistics_scope"":""accepted_unique_crossover_offspring"",""persistent_population_size"":4,""unique_population_size"":4,""best_population_fitness"":0.60009765625,""configured_survivors_per_selection"":[8,2,1],""effective_survivors_per_selection"":[8,2,4],""effective_final_survivor_count"":4},""offspring_generation"":{""attempts"":16,""no_op_mutations"":0,""duplicate_candidates"":0,""infeasible_candidates"":0,""fixed_quant_legal_swap_counts"":[]},""maximum_depth_mutations_per_offspring"":3,""quantization_step_size"":1,""quantization_mutations_per_offspring"":1,""joint_aware_probability"":0.0,""adaptive_mutation"":false,""adaptive_mutation_strength"":1,""adaptive_mutation_patience"":3,""adaptive_mutation_max_strength"":3,""coarse_to_fine_mutation"":false,""coarse_to_fine_start_strength"":3,""coarse_to_fine_end_strength"":1,""stagnation_generations_after_selection"":0}",depth,True,16,16,8,6,8192,16384,49152,1232,2965504,2569.790871073026,14280.6416015625
41,0.58740234375,0.60009765625,kl,0.58740234375,11.0703125,11.2421875,,,333824,"{""wikitext2"":333824}",16,8,2,1,"[8,2,1]","[512,2048,8192]",5503193088,3.0,9872.5078125,82816598016,,,8,8,"{""type"":""mixed_depth_quantization"",""sequential_mode"":""none"",""joint_mutation_mode"":""standard"",""parent_before_generation_hash"":""ab7b2e792d1ab1786f7bc729ee196ed80e2af9c3bcc732a2a60495a3ee4e1ae0"",""parent_after_generation_hash"":""e7a60fe6b775e79d1831d06d037e9b4e68112367eb88dbaacd33e677ab034c14"",""generated_offspring_by_type"":{""depth"":8,""quantization"":8,""joint_aware"":0,""interaction_aware"":0,""sequential_quantization"":0,""fixed_quant_depth"":0,""component crossover"":0,""component crossover + repair"":0,""layer bundle crossover"":0,""layer bundle crossover + repair"":0},""depth_mask_entries_changed_by_type"":{""depth"":26,""quantization"":0,""joint_aware"":0,""interaction_aware"":0,""sequential_quantization"":0,""fixed_quant_depth"":0,""component crossover"":0,""component crossover + repair"":0,""layer bundle crossover"":0,""layer bundle crossover + repair"":0},""quant_assignments_changed_by_type"":{""depth"":1,""quantization"":16,""joint_aware"":0,""interaction_aware"":0,""sequential_quantization"":0,""fixed_quant_depth"":0,""component crossover"":0,""component crossover + repair"":0,""layer bundle crossover"":0,""layer bundle crossover + repair"":0},""depth_mask_entries_changed_total"":26,""quant_assignments_changed_total"":17,""interaction_aware_details"":{""budget_repair_quant_changes"":0,""preferred_quant_exchanges_used"":0,""fallback_quant_exchanges_used"":0},""crossover_diagnostics"":{""crossover_type"":""component"",""crossover_parent_selection"":""uniform"",""crossover_offspring"":0,""crossover_offspring_accepted"":0,""mutation_offspring_accepted"":16,""mutation_offspring"":16,""crossover_offspring_attempted"":0,""crossover_duplicates"":0,""crossover_infeasible_candidates"":0,""crossover_repair_changed_gene_count"":0,""crossover_repaired_proposals"":0,""parent_distance_mean"":null,""parent_distance_min"":null,""parent_distance_max"":null,""child_distance_from_parent_a_mean"":null,""child_distance_from_parent_b_mean"":null,""layers_from_parent_a_mean"":null,""layers_from_parent_b_mean"":null,""crossover_no_legal_exchange"":0,""local_exchange_attention"":0,""local_exchange_mlp"":0,""local_exchange_quantization"":0,""local_exchange_block"":0,""child_distance_from_base_mean"":null,""child_distance_from_base_min"":null,""child_distance_from_base_max"":null,""child_distance_from_base_count"":0,""child_distance_from_donor_mean"":null,""child_distance_from_donor_min"":null,""child_distance_from_donor_max"":null,""child_distance_from_donor_count"":0,""donor_distance_reduction_mean"":null,""donor_distance_reduction_min"":null,""donor_distance_reduction_max"":null,""donor_distance_reduction_count"":0,""local_exchange_changed_gene_count_mean"":null,""local_exchange_changed_gene_count_min"":null,""local_exchange_changed_gene_count_max"":null,""local_exchange_changed_gene_count_count"":0,""child_distance_statistics_scope"":""accepted_unique_crossover_offspring"",""persistent_population_size"":4,""unique_population_size"":4,""best_population_fitness"":0.58740234375,""configured_survivors_per_selection"":[8,2,1],""effective_survivors_per_selection"":[8,2,4],""effective_final_survivor_count"":4},""offspring_generation"":{""attempts"":16,""no_op_mutations"":0,""duplicate_candidates"":0,""infeasible_candidates"":0,""fixed_quant_legal_swap_counts"":[]},""maximum_depth_mutations_per_offspring"":3,""quantization_step_size"":1,""quantization_mutations_per_offspring"":1,""joint_aware_probability"":0.0,""adaptive_mutation"":false,""adaptive_mutation_strength"":1,""adaptive_mutation_patience"":3,""adaptive_mutation_max_strength"":3,""coarse_to_fine_mutation"":false,""coarse_to_fine_start_strength"":3,""coarse_to_fine_end_strength"":1,""stagnation_generations_after_selection"":0}",depth,True,16,16,8,6,8192,16384,49152,1262,3039232,2674.1615445979987,14280.6416015625
42,0.576171875,0.58740234375,kl,0.576171875,,,,,0,{},16,8,2,1,"[8,2,1]","[512,2048,8192]",5503193088,3.0,9872.5078125,82816598016,,,8,8,"{""type"":""mixed_depth_quantization"",""sequential_mode"":""none"",""joint_mutation_mode"":""standard"",""parent_before_generation_hash"":""e7a60fe6b775e79d1831d06d037e9b4e68112367eb88dbaacd33e677ab034c14"",""parent_after_generation_hash"":""45677271f964352cdf4c078b3d56c6f2ba0f4d351a4332aded70a02f0179a5c1"",""generated_offspring_by_type"":{""depth"":11,""quantization"":5,""joint_aware"":0,""interaction_aware"":0,""sequential_quantization"":0,""fixed_quant_depth"":0,""component crossover"":0,""component crossover + repair"":0,""layer bundle crossover"":0,""layer bundle crossover + repair"":0},""depth_mask_entries_changed_by_type"":{""depth"":36,""quantization"":0,""joint_aware"":0,""interaction_aware"":0,""sequential_quantization"":0,""fixed_quant_depth"":0,""component crossover"":0,""component crossover + repair"":0,""layer bundle crossover"":0,""layer bundle crossover + repair"":0},""quant_assignments_changed_by_type"":{""depth"":2,""quantization"":10,""joint_aware"":0,""interaction_aware"":0,""sequential_quantization"":0,""fixed_quant_depth"":0,""component crossover"":0,""component crossover + repair"":0,""layer bundle crossover"":0,""layer bundle crossover + repair"":0},""depth_mask_entries_changed_total"":36,""quant_assignments_changed_total"":12,""interaction_aware_details"":{""budget_repair_quant_changes"":0,""preferred_quant_exchanges_used"":0,""fallback_quant_exchanges_used"":0},""crossover_diagnostics"":{""crossover_type"":""component"",""crossover_parent_selection"":""uniform"",""crossover_offspring"":0,""crossover_offspring_accepted"":0,""mutation_offspring_accepted"":16,""mutation_offspring"":16,""crossover_offspring_attempted"":0,""crossover_duplicates"":0,""crossover_infeasible_candidates"":0,""crossover_repair_changed_gene_count"":0,""crossover_repaired_proposals"":0,""parent_distance_mean"":null,""parent_distance_min"":null,""parent_distance_max"":null,""child_distance_from_parent_a_mean"":null,""child_distance_from_parent_b_mean"":null,""layers_from_parent_a_mean"":null,""layers_from_parent_b_mean"":null,""crossover_no_legal_exchange"":0,""local_exchange_attention"":0,""local_exchange_mlp"":0,""local_exchange_quantization"":0,""local_exchange_block"":0,""child_distance_from_base_mean"":null,""child_distance_from_base_min"":null,""child_distance_from_base_max"":null,""child_distance_from_base_count"":0,""child_distance_from_donor_mean"":null,""child_distance_from_donor_min"":null,""child_distance_from_donor_max"":null,""child_distance_from_donor_count"":0,""donor_distance_reduction_mean"":null,""donor_distance_reduction_min"":null,""donor_distance_reduction_max"":null,""donor_distance_reduction_count"":0,""local_exchange_changed_gene_count_mean"":null,""local_exchange_changed_gene_count_min"":null,""local_exchange_changed_gene_count_max"":null,""local_exchange_changed_gene_count_count"":0,""child_distance_statistics_scope"":""accepted_unique_crossover_offspring"",""persistent_population_size"":4,""unique_population_size"":4,""best_population_fitness"":0.576171875,""configured_survivors_per_selection"":[8,2,1],""effective_survivors_per_selection"":[8,2,4],""effective_final_survivor_count"":4},""offspring_generation"":{""attempts"":16,""no_op_mutations"":0,""duplicate_candidates"":0,""infeasible_candidates"":0,""fixed_quant_legal_swap_counts"":[]},""maximum_depth_mutations_per_offspring"":3,""quantization_step_size"":1,""quantization_mutations_per_offspring"":1,""joint_aware_probability"":0.0,""adaptive_mutation"":false,""adaptive_mutation_strength"":1,""adaptive_mutation_patience"":3,""adaptive_mutation_max_strength"":3,""coarse_to_fine_mutation"":false,""coarse_to_fine_start_strength"":3,""coarse_to_fine_end_strength"":1,""stagnation_generations_after_selection"":0}",depth,True,16,16,8,6,8192,16384,49152,1292,3112960,2724.2144282550435,14280.6416015625
43,0.576171875,0.576171875,kl,0.576171875,,,,,0,{},16,8,2,1,"[8,2,1]","[512,2048,8192]",5503193088,3.0,9872.5078125,82816598016,,,8,8,"{""type"":""mixed_depth_quantization"",""sequential_mode"":""none"",""joint_mutation_mode"":""standard"",""parent_before_generation_hash"":""45677271f964352cdf4c078b3d56c6f2ba0f4d351a4332aded70a02f0179a5c1"",""parent_after_generation_hash"":""45677271f964352cdf4c078b3d56c6f2ba0f4d351a4332aded70a02f0179a5c1"",""generated_offspring_by_type"":{""depth"":9,""quantization"":7,""joint_aware"":0,""interaction_aware"":0,""sequential_quantization"":0,""fixed_quant_depth"":0,""component crossover"":0,""component crossover + repair"":0,""layer bundle crossover"":0,""layer bundle crossover + repair"":0},""depth_mask_entries_changed_by_type"":{""depth"":34,""quantization"":0,""joint_aware"":0,""interaction_aware"":0,""sequential_quantization"":0,""fixed_quant_depth"":0,""component crossover"":0,""component crossover + repair"":0,""layer bundle crossover"":0,""layer bundle crossover + repair"":0},""quant_assignments_changed_by_type"":{""depth"":2,""quantization"":14,""joint_aware"":0,""interaction_aware"":0,""sequential_quantization"":0,""fixed_quant_depth"":0,""component crossover"":0,""component crossover + repair"":0,""layer bundle crossover"":0,""layer bundle crossover + repair"":0},""depth_mask_entries_changed_total"":34,""quant_assignments_changed_total"":16,""interaction_aware_details"":{""budget_repair_quant_changes"":0,""preferred_quant_exchanges_used"":0,""fallback_quant_exchanges_used"":0},""crossover_diagnostics"":{""crossover_type"":""component"",""crossover_parent_selection"":""uniform"",""crossover_offspring"":0,""crossover_offspring_accepted"":0,""mutation_offspring_accepted"":16,""mutation_offspring"":16,""crossover_offspring_attempted"":0,""crossover_duplicates"":0,""crossover_infeasible_candidates"":0,""crossover_repair_changed_gene_count"":0,""crossover_repaired_proposals"":0,""parent_distance_mean"":null,""parent_distance_min"":null,""parent_distance_max"":null,""child_distance_from_parent_a_mean"":null,""child_distance_from_parent_b_mean"":null,""layers_from_parent_a_mean"":null,""layers_from_parent_b_mean"":null,""crossover_no_legal_exchange"":0,""local_exchange_attention"":0,""local_exchange_mlp"":0,""local_exchange_quantization"":0,""local_exchange_block"":0,""child_distance_from_base_mean"":null,""child_distance_from_base_min"":null,""child_distance_from_base_max"":null,""child_distance_from_base_count"":0,""child_distance_from_donor_mean"":null,""child_distance_from_donor_min"":null,""child_distance_from_donor_max"":null,""child_distance_from_donor_count"":0,""donor_distance_reduction_mean"":null,""donor_distance_reduction_min"":null,""donor_distance_reduction_max"":null,""donor_distance_reduction_count"":0,""local_exchange_changed_gene_count_mean"":null,""local_exchange_changed_gene_count_min"":null,""local_exchange_changed_gene_count_max"":null,""local_exchange_changed_gene_count_count"":0,""child_distance_statistics_scope"":""accepted_unique_crossover_offspring"",""persistent_population_size"":4,""unique_population_size"":4,""best_population_fitness"":0.576171875,""configured_survivors_per_selection"":[8,2,1],""effective_survivors_per_selection"":[8,2,4],""effective_final_survivor_count"":4},""offspring_generation"":{""attempts"":16,""no_op_mutations"":0,""duplicate_candidates"":0,""infeasible_candidates"":0,""fixed_quant_legal_swap_counts"":[]},""maximum_depth_mutations_per_offspring"":3,""quantization_step_size"":1,""quantization_mutations_per_offspring"":1,""joint_aware_probability"":0.0,""adaptive_mutation"":false,""adaptive_mutation_strength"":1,""adaptive_mutation_patience"":3,""adaptive_mutation_max_strength"":3,""coarse_to_fine_mutation"":false,""coarse_to_fine_start_strength"":3,""coarse_to_fine_end_strength"":1,""stagnation_generations_after_selection"":1}",parent,False,16,16,8,6,8192,16384,49152,1322,3186688,2773.7060063190293,14280.6416015625
44,0.576171875,0.576171875,kl,0.576171875,,,,,0,{},16,8,2,1,"[8,2,1]","[512,2048,8192]",5503193088,3.0,9872.5078125,82816598016,,,8,8,"{""type"":""mixed_depth_quantization"",""sequential_mode"":""none"",""joint_mutation_mode"":""standard"",""parent_before_generation_hash"":""45677271f964352cdf4c078b3d56c6f2ba0f4d351a4332aded70a02f0179a5c1"",""parent_after_generation_hash"":""1e2714f9dc17bad2fc389ed8363c983968c064bbb6c8491283e970f480f9f028"",""generated_offspring_by_type"":{""depth"":8,""quantization"":8,""joint_aware"":0,""interaction_aware"":0,""sequential_quantization"":0,""fixed_quant_depth"":0,""component crossover"":0,""component crossover + repair"":0,""layer bundle crossover"":0,""layer bundle crossover + repair"":0},""depth_mask_entries_changed_by_type"":{""depth"":22,""quantization"":0,""joint_aware"":0,""interaction_aware"":0,""sequential_quantization"":0,""fixed_quant_depth"":0,""component crossover"":0,""component crossover + repair"":0,""layer bundle crossover"":0,""layer bundle crossover + repair"":0},""quant_assignments_changed_by_type"":{""depth"":2,""quantization"":16,""joint_aware"":0,""interaction_aware"":0,""sequential_quantization"":0,""fixed_quant_depth"":0,""component crossover"":0,""component crossover + repair"":0,""layer bundle crossover"":0,""layer bundle crossover + repair"":0},""depth_mask_entries_changed_total"":22,""quant_assignments_changed_total"":18,""interaction_aware_details"":{""budget_repair_quant_changes"":0,""preferred_quant_exchanges_used"":0,""fallback_quant_exchanges_used"":0},""crossover_diagnostics"":{""crossover_type"":""component"",""crossover_parent_selection"":""uniform"",""crossover_offspring"":0,""crossover_offspring_accepted"":0,""mutation_offspring_accepted"":16,""mutation_offspring"":16,""crossover_offspring_attempted"":0,""crossover_duplicates"":0,""crossover_infeasible_candidates"":0,""crossover_repair_changed_gene_count"":0,""crossover_repaired_proposals"":0,""parent_distance_mean"":null,""parent_distance_min"":null,""parent_distance_max"":null,""child_distance_from_parent_a_mean"":null,""child_distance_from_parent_b_mean"":null,""layers_from_parent_a_mean"":null,""layers_from_parent_b_mean"":null,""crossover_no_legal_exchange"":0,""local_exchange_attention"":0,""local_exchange_mlp"":0,""local_exchange_quantization"":0,""local_exchange_block"":0,""child_distance_from_base_mean"":null,""child_distance_from_base_min"":null,""child_distance_from_base_max"":null,""child_distance_from_base_count"":0,""child_distance_from_donor_mean"":null,""child_distance_from_donor_min"":null,""child_distance_from_donor_max"":null,""child_distance_from_donor_count"":0,""donor_distance_reduction_mean"":null,""donor_distance_reduction_min"":null,""donor_distance_reduction_max"":null,""donor_distance_reduction_count"":0,""local_exchange_changed_gene_count_mean"":null,""local_exchange_changed_gene_count_min"":null,""local_exchange_changed_gene_count_max"":null,""local_exchange_changed_gene_count_count"":0,""child_distance_statistics_scope"":""accepted_unique_crossover_offspring"",""persistent_population_size"":4,""unique_population_size"":4,""best_population_fitness"":0.576171875,""configured_survivors_per_selection"":[8,2,1],""effective_survivors_per_selection"":[8,2,4],""effective_final_survivor_count"":4},""offspring_generation"":{""attempts"":16,""no_op_mutations"":0,""duplicate_candidates"":0,""infeasible_candidates"":0,""fixed_quant_legal_swap_counts"":[]},""maximum_depth_mutations_per_offspring"":3,""quantization_step_size"":1,""quantization_mutations_per_offspring"":1,""joint_aware_probability"":0.0,""adaptive_mutation"":false,""adaptive_mutation_strength"":1,""adaptive_mutation_patience"":3,""adaptive_mutation_max_strength"":3,""coarse_to_fine_mutation"":false,""coarse_to_fine_start_strength"":3,""coarse_to_fine_end_strength"":1,""stagnation_generations_after_selection"":0}",parent,True,16,16,8,6,8192,16384,49152,1352,3260416,2822.8866922919988,14280.6416015625
45,0.576171875,0.576171875,kl,0.576171875,,,,,0,{},16,8,2,1,"[8,2,1]","[512,2048,8192]",5503193088,3.0,9872.5078125,82816598016,,,8,8,"{""type"":""mixed_depth_quantization"",""sequential_mode"":""none"",""joint_mutation_mode"":""standard"",""parent_before_generation_hash"":""1e2714f9dc17bad2fc389ed8363c983968c064bbb6c8491283e970f480f9f028"",""parent_after_generation_hash"":""45677271f964352cdf4c078b3d56c6f2ba0f4d351a4332aded70a02f0179a5c1"",""generated_offspring_by_type"":{""depth"":10,""quantization"":6,""joint_aware"":0,""interaction_aware"":0,""sequential_quantization"":0,""fixed_quant_depth"":0,""component crossover"":0,""component crossover + repair"":0,""layer bundle crossover"":0,""layer bundle crossover + repair"":0},""depth_mask_entries_changed_by_type"":{""depth"":36,""quantization"":0,""joint_aware"":0,""interaction_aware"":0,""sequential_quantization"":0,""fixed_quant_depth"":0,""component crossover"":0,""component crossover + repair"":0,""layer bundle crossover"":0,""layer bundle crossover + repair"":0},""quant_assignments_changed_by_type"":{""depth"":5,""quantization"":12,""joint_aware"":0,""interaction_aware"":0,""sequential_quantization"":0,""fixed_quant_depth"":0,""component crossover"":0,""component crossover + repair"":0,""layer bundle crossover"":0,""layer bundle crossover + repair"":0},""depth_mask_entries_changed_total"":36,""quant_assignments_changed_total"":17,""interaction_aware_details"":{""budget_repair_quant_changes"":0,""preferred_quant_exchanges_used"":0,""fallback_quant_exchanges_used"":0},""crossover_diagnostics"":{""crossover_type"":""component"",""crossover_parent_selection"":""uniform"",""crossover_offspring"":0,""crossover_offspring_accepted"":0,""mutation_offspring_accepted"":16,""mutation_offspring"":16,""crossover_offspring_attempted"":0,""crossover_duplicates"":0,""crossover_infeasible_candidates"":0,""crossover_repair_changed_gene_count"":0,""crossover_repaired_proposals"":0,""parent_distance_mean"":null,""parent_distance_min"":null,""parent_distance_max"":null,""child_distance_from_parent_a_mean"":null,""child_distance_from_parent_b_mean"":null,""layers_from_parent_a_mean"":null,""layers_from_parent_b_mean"":null,""crossover_no_legal_exchange"":0,""local_exchange_attention"":0,""local_exchange_mlp"":0,""local_exchange_quantization"":0,""local_exchange_block"":0,""child_distance_from_base_mean"":null,""child_distance_from_base_min"":null,""child_distance_from_base_max"":null,""child_distance_from_base_count"":0,""child_distance_from_donor_mean"":null,""child_distance_from_donor_min"":null,""child_distance_from_donor_max"":null,""child_distance_from_donor_count"":0,""donor_distance_reduction_mean"":null,""donor_distance_reduction_min"":null,""donor_distance_reduction_max"":null,""donor_distance_reduction_count"":0,""local_exchange_changed_gene_count_mean"":null,""local_exchange_changed_gene_count_min"":null,""local_exchange_changed_gene_count_max"":null,""local_exchange_changed_gene_count_count"":0,""child_distance_statistics_scope"":""accepted_unique_crossover_offspring"",""persistent_population_size"":4,""unique_population_size"":4,""best_population_fitness"":0.576171875,""configured_survivors_per_selection"":[8,2,1],""effective_survivors_per_selection"":[8,2,4],""effective_final_survivor_count"":4},""offspring_generation"":{""attempts"":16,""no_op_mutations"":0,""duplicate_candidates"":0,""infeasible_candidates"":0,""fixed_quant_legal_swap_counts"":[]},""maximum_depth_mutations_per_offspring"":3,""quantization_step_size"":1,""quantization_mutations_per_offspring"":1,""joint_aware_probability"":0.0,""adaptive_mutation"":false,""adaptive_mutation_strength"":1,""adaptive_mutation_patience"":3,""adaptive_mutation_max_strength"":3,""coarse_to_fine_mutation"":false,""coarse_to_fine_start_strength"":3,""coarse_to_fine_end_strength"":1,""stagnation_generations_after_selection"":0}",parent,True,16,16,8,6,8192,16384,49152,1382,3334144,2873.061898600019,14280.6416015625
46,0.57568359375,0.576171875,kl,0.57568359375,10.7734375,10.8359375,,,333824,"{""wikitext2"":333824}",16,8,2,1,"[8,2,1]","[512,2048,8192]",5503193088,3.0,9872.5078125,82816598016,,,8,8,"{""type"":""mixed_depth_quantization"",""sequential_mode"":""none"",""joint_mutation_mode"":""standard"",""parent_before_generation_hash"":""45677271f964352cdf4c078b3d56c6f2ba0f4d351a4332aded70a02f0179a5c1"",""parent_after_generation_hash"":""1e2714f9dc17bad2fc389ed8363c983968c064bbb6c8491283e970f480f9f028"",""generated_offspring_by_type"":{""depth"":8,""quantization"":8,""joint_aware"":0,""interaction_aware"":0,""sequential_quantization"":0,""fixed_quant_depth"":0,""component crossover"":0,""component crossover + repair"":0,""layer bundle crossover"":0,""layer bundle crossover + repair"":0},""depth_mask_entries_changed_by_type"":{""depth"":18,""quantization"":0,""joint_aware"":0,""interaction_aware"":0,""sequential_quantization"":0,""fixed_quant_depth"":0,""component crossover"":0,""component crossover + repair"":0,""layer bundle crossover"":0,""layer bundle crossover + repair"":0},""quant_assignments_changed_by_type"":{""depth"":3,""quantization"":16,""joint_aware"":0,""interaction_aware"":0,""sequential_quantization"":0,""fixed_quant_depth"":0,""component crossover"":0,""component crossover + repair"":0,""layer bundle crossover"":0,""layer bundle crossover + repair"":0},""depth_mask_entries_changed_total"":18,""quant_assignments_changed_total"":19,""interaction_aware_details"":{""budget_repair_quant_changes"":0,""preferred_quant_exchanges_used"":0,""fallback_quant_exchanges_used"":0},""crossover_diagnostics"":{""crossover_type"":""component"",""crossover_parent_selection"":""uniform"",""crossover_offspring"":0,""crossover_offspring_accepted"":0,""mutation_offspring_accepted"":16,""mutation_offspring"":16,""crossover_offspring_attempted"":0,""crossover_duplicates"":0,""crossover_infeasible_candidates"":0,""crossover_repair_changed_gene_count"":0,""crossover_repaired_proposals"":0,""parent_distance_mean"":null,""parent_distance_min"":null,""parent_distance_max"":null,""child_distance_from_parent_a_mean"":null,""child_distance_from_parent_b_mean"":null,""layers_from_parent_a_mean"":null,""layers_from_parent_b_mean"":null,""crossover_no_legal_exchange"":0,""local_exchange_attention"":0,""local_exchange_mlp"":0,""local_exchange_quantization"":0,""local_exchange_block"":0,""child_distance_from_base_mean"":null,""child_distance_from_base_min"":null,""child_distance_from_base_max"":null,""child_distance_from_base_count"":0,""child_distance_from_donor_mean"":null,""child_distance_from_donor_min"":null,""child_distance_from_donor_max"":null,""child_distance_from_donor_count"":0,""donor_distance_reduction_mean"":null,""donor_distance_reduction_min"":null,""donor_distance_reduction_max"":null,""donor_distance_reduction_count"":0,""local_exchange_changed_gene_count_mean"":null,""local_exchange_changed_gene_count_min"":null,""local_exchange_changed_gene_count_max"":null,""local_exchange_changed_gene_count_count"":0,""child_distance_statistics_scope"":""accepted_unique_crossover_offspring"",""persistent_population_size"":4,""unique_population_size"":4,""best_population_fitness"":0.57568359375,""configured_survivors_per_selection"":[8,2,1],""effective_survivors_per_selection"":[8,2,4],""effective_final_survivor_count"":4},""offspring_generation"":{""attempts"":17,""no_op_mutations"":1,""duplicate_candidates"":0,""infeasible_candidates"":0,""fixed_quant_legal_swap_counts"":[]},""maximum_depth_mutations_per_offspring"":3,""quantization_step_size"":1,""quantization_mutations_per_offspring"":1,""joint_aware_probability"":0.0,""adaptive_mutation"":false,""adaptive_mutation_strength"":1,""adaptive_mutation_patience"":3,""adaptive_mutation_max_strength"":3,""coarse_to_fine_mutation"":false,""coarse_to_fine_start_strength"":3,""coarse_to_fine_end_strength"":1,""stagnation_generations_after_selection"":0}",parent,True,17,16,8,6,8192,16384,49152,1412,3407872,2979.399144631054,14280.6416015625
47,0.576171875,0.57568359375,kl,0.576171875,,,,,0,{},16,8,2,1,"[8,2,1]","[512,2048,8192]",5503193088,3.0,9872.5078125,82816598016,,,8,8,"{""type"":""mixed_depth_quantization"",""sequential_mode"":""none"",""joint_mutation_mode"":""standard"",""parent_before_generation_hash"":""1e2714f9dc17bad2fc389ed8363c983968c064bbb6c8491283e970f480f9f028"",""parent_after_generation_hash"":""45677271f964352cdf4c078b3d56c6f2ba0f4d351a4332aded70a02f0179a5c1"",""generated_offspring_by_type"":{""depth"":11,""quantization"":5,""joint_aware"":0,""interaction_aware"":0,""sequential_quantization"":0,""fixed_quant_depth"":0,""component crossover"":0,""component crossover + repair"":0,""layer bundle crossover"":0,""layer bundle crossover + repair"":0},""depth_mask_entries_changed_by_type"":{""depth"":34,""quantization"":0,""joint_aware"":0,""interaction_aware"":0,""sequential_quantization"":0,""fixed_quant_depth"":0,""component crossover"":0,""component crossover + repair"":0,""layer bundle crossover"":0,""layer bundle crossover + repair"":0},""quant_assignments_changed_by_type"":{""depth"":7,""quantization"":10,""joint_aware"":0,""interaction_aware"":0,""sequential_quantization"":0,""fixed_quant_depth"":0,""component crossover"":0,""component crossover + repair"":0,""layer bundle crossover"":0,""layer bundle crossover + repair"":0},""depth_mask_entries_changed_total"":34,""quant_assignments_changed_total"":17,""interaction_aware_details"":{""budget_repair_quant_changes"":0,""preferred_quant_exchanges_used"":0,""fallback_quant_exchanges_used"":0},""crossover_diagnostics"":{""crossover_type"":""component"",""crossover_parent_selection"":""uniform"",""crossover_offspring"":0,""crossover_offspring_accepted"":0,""mutation_offspring_accepted"":16,""mutation_offspring"":16,""crossover_offspring_attempted"":0,""crossover_duplicates"":0,""crossover_infeasible_candidates"":0,""crossover_repair_changed_gene_count"":0,""crossover_repaired_proposals"":0,""parent_distance_mean"":null,""parent_distance_min"":null,""parent_distance_max"":null,""child_distance_from_parent_a_mean"":null,""child_distance_from_parent_b_mean"":null,""layers_from_parent_a_mean"":null,""layers_from_parent_b_mean"":null,""crossover_no_legal_exchange"":0,""local_exchange_attention"":0,""local_exchange_mlp"":0,""local_exchange_quantization"":0,""local_exchange_block"":0,""child_distance_from_base_mean"":null,""child_distance_from_base_min"":null,""child_distance_from_base_max"":null,""child_distance_from_base_count"":0,""child_distance_from_donor_mean"":null,""child_distance_from_donor_min"":null,""child_distance_from_donor_max"":null,""child_distance_from_donor_count"":0,""donor_distance_reduction_mean"":null,""donor_distance_reduction_min"":null,""donor_distance_reduction_max"":null,""donor_distance_reduction_count"":0,""local_exchange_changed_gene_count_mean"":null,""local_exchange_changed_gene_count_min"":null,""local_exchange_changed_gene_count_max"":null,""local_exchange_changed_gene_count_count"":0,""child_distance_statistics_scope"":""accepted_unique_crossover_offspring"",""persistent_population_size"":4,""unique_population_size"":4,""best_population_fitness"":0.576171875,""configured_survivors_per_selection"":[8,2,1],""effective_survivors_per_selection"":[8,2,4],""effective_final_survivor_count"":4},""offspring_generation"":{""attempts"":16,""no_op_mutations"":0,""duplicate_candidates"":0,""infeasible_candidates"":0,""fixed_quant_legal_swap_counts"":[]},""maximum_depth_mutations_per_offspring"":3,""quantization_step_size"":1,""quantization_mutations_per_offspring"":1,""joint_aware_probability"":0.0,""adaptive_mutation"":false,""adaptive_mutation_strength"":1,""adaptive_mutation_patience"":3,""adaptive_mutation_max_strength"":3,""coarse_to_fine_mutation"":false,""coarse_to_fine_start_strength"":3,""coarse_to_fine_end_strength"":1,""stagnation_generations_after_selection"":0}",parent,True,16,16,8,6,8192,16384,49152,1442,3481600,3030.289349243045,14280.6416015625
48,0.576171875,0.576171875,kl,0.576171875,,,,,0,{},16,8,2,1,"[8,2,1]","[512,2048,8192]",5503193088,3.0,9872.5078125,82816598016,,,8,8,"{""type"":""mixed_depth_quantization"",""sequential_mode"":""none"",""joint_mutation_mode"":""standard"",""parent_before_generation_hash"":""45677271f964352cdf4c078b3d56c6f2ba0f4d351a4332aded70a02f0179a5c1"",""parent_after_generation_hash"":""efff57ad2f1eb1d0e0b2783b83674d1464f7cc58d65ff599e6e97c08d5bb5650"",""generated_offspring_by_type"":{""depth"":10,""quantization"":6,""joint_aware"":0,""interaction_aware"":0,""sequential_quantization"":0,""fixed_quant_depth"":0,""component crossover"":0,""component crossover + repair"":0,""layer bundle crossover"":0,""layer bundle crossover + repair"":0},""depth_mask_entries_changed_by_type"":{""depth"":26,""quantization"":0,""joint_aware"":0,""interaction_aware"":0,""sequential_quantization"":0,""fixed_quant_depth"":0,""component crossover"":0,""component crossover + repair"":0,""layer bundle crossover"":0,""layer bundle crossover + repair"":0},""quant_assignments_changed_by_type"":{""depth"":1,""quantization"":12,""joint_aware"":0,""interaction_aware"":0,""sequential_quantization"":0,""fixed_quant_depth"":0,""component crossover"":0,""component crossover + repair"":0,""layer bundle crossover"":0,""layer bundle crossover + repair"":0},""depth_mask_entries_changed_total"":26,""quant_assignments_changed_total"":13,""interaction_aware_details"":{""budget_repair_quant_changes"":0,""preferred_quant_exchanges_used"":0,""fallback_quant_exchanges_used"":0},""crossover_diagnostics"":{""crossover_type"":""component"",""crossover_parent_selection"":""uniform"",""crossover_offspring"":0,""crossover_offspring_accepted"":0,""mutation_offspring_accepted"":16,""mutation_offspring"":16,""crossover_offspring_attempted"":0,""crossover_duplicates"":0,""crossover_infeasible_candidates"":0,""crossover_repair_changed_gene_count"":0,""crossover_repaired_proposals"":0,""parent_distance_mean"":null,""parent_distance_min"":null,""parent_distance_max"":null,""child_distance_from_parent_a_mean"":null,""child_distance_from_parent_b_mean"":null,""layers_from_parent_a_mean"":null,""layers_from_parent_b_mean"":null,""crossover_no_legal_exchange"":0,""local_exchange_attention"":0,""local_exchange_mlp"":0,""local_exchange_quantization"":0,""local_exchange_block"":0,""child_distance_from_base_mean"":null,""child_distance_from_base_min"":null,""child_distance_from_base_max"":null,""child_distance_from_base_count"":0,""child_distance_from_donor_mean"":null,""child_distance_from_donor_min"":null,""child_distance_from_donor_max"":null,""child_distance_from_donor_count"":0,""donor_distance_reduction_mean"":null,""donor_distance_reduction_min"":null,""donor_distance_reduction_max"":null,""donor_distance_reduction_count"":0,""local_exchange_changed_gene_count_mean"":null,""local_exchange_changed_gene_count_min"":null,""local_exchange_changed_gene_count_max"":null,""local_exchange_changed_gene_count_count"":0,""child_distance_statistics_scope"":""accepted_unique_crossover_offspring"",""persistent_population_size"":4,""unique_population_size"":4,""best_population_fitness"":0.576171875,""configured_survivors_per_selection"":[8,2,1],""effective_survivors_per_selection"":[8,2,4],""effective_final_survivor_count"":4},""offspring_generation"":{""attempts"":16,""no_op_mutations"":0,""duplicate_candidates"":0,""infeasible_candidates"":0,""fixed_quant_legal_swap_counts"":[]},""maximum_depth_mutations_per_offspring"":3,""quantization_step_size"":1,""quantization_mutations_per_offspring"":1,""joint_aware_probability"":0.0,""adaptive_mutation"":false,""adaptive_mutation_strength"":1,""adaptive_mutation_patience"":3,""adaptive_mutation_max_strength"":3,""coarse_to_fine_mutation"":false,""coarse_to_fine_start_strength"":3,""coarse_to_fine_end_strength"":1,""stagnation_generations_after_selection"":0}",quantization,True,16,16,8,6,8192,16384,49152,1472,3555328,3082.078735868039,14280.6416015625
49,0.5751953125,0.576171875,kl,0.5751953125,,,,,0,{},16,8,2,1,"[8,2,1]","[512,2048,8192]",5503193088,3.0,9872.5078125,82816598016,,,8,8,"{""type"":""mixed_depth_quantization"",""sequential_mode"":""none"",""joint_mutation_mode"":""standard"",""parent_before_generation_hash"":""efff57ad2f1eb1d0e0b2783b83674d1464f7cc58d65ff599e6e97c08d5bb5650"",""parent_after_generation_hash"":""45677271f964352cdf4c078b3d56c6f2ba0f4d351a4332aded70a02f0179a5c1"",""generated_offspring_by_type"":{""depth"":9,""quantization"":7,""joint_aware"":0,""interaction_aware"":0,""sequential_quantization"":0,""fixed_quant_depth"":0,""component crossover"":0,""component crossover + repair"":0,""layer bundle crossover"":0,""layer bundle crossover + repair"":0},""depth_mask_entries_changed_by_type"":{""depth"":26,""quantization"":0,""joint_aware"":0,""interaction_aware"":0,""sequential_quantization"":0,""fixed_quant_depth"":0,""component crossover"":0,""component crossover + repair"":0,""layer bundle crossover"":0,""layer bundle crossover + repair"":0},""quant_assignments_changed_by_type"":{""depth"":4,""quantization"":14,""joint_aware"":0,""interaction_aware"":0,""sequential_quantization"":0,""fixed_quant_depth"":0,""component crossover"":0,""component crossover + repair"":0,""layer bundle crossover"":0,""layer bundle crossover + repair"":0},""depth_mask_entries_changed_total"":26,""quant_assignments_changed_total"":18,""interaction_aware_details"":{""budget_repair_quant_changes"":0,""preferred_quant_exchanges_used"":0,""fallback_quant_exchanges_used"":0},""crossover_diagnostics"":{""crossover_type"":""component"",""crossover_parent_selection"":""uniform"",""crossover_offspring"":0,""crossover_offspring_accepted"":0,""mutation_offspring_accepted"":16,""mutation_offspring"":16,""crossover_offspring_attempted"":0,""crossover_duplicates"":0,""crossover_infeasible_candidates"":0,""crossover_repair_changed_gene_count"":0,""crossover_repaired_proposals"":0,""parent_distance_mean"":null,""parent_distance_min"":null,""parent_distance_max"":null,""child_distance_from_parent_a_mean"":null,""child_distance_from_parent_b_mean"":null,""layers_from_parent_a_mean"":null,""layers_from_parent_b_mean"":null,""crossover_no_legal_exchange"":0,""local_exchange_attention"":0,""local_exchange_mlp"":0,""local_exchange_quantization"":0,""local_exchange_block"":0,""child_distance_from_base_mean"":null,""child_distance_from_base_min"":null,""child_distance_from_base_max"":null,""child_distance_from_base_count"":0,""child_distance_from_donor_mean"":null,""child_distance_from_donor_min"":null,""child_distance_from_donor_max"":null,""child_distance_from_donor_count"":0,""donor_distance_reduction_mean"":null,""donor_distance_reduction_min"":null,""donor_distance_reduction_max"":null,""donor_distance_reduction_count"":0,""local_exchange_changed_gene_count_mean"":null,""local_exchange_changed_gene_count_min"":null,""local_exchange_changed_gene_count_max"":null,""local_exchange_changed_gene_count_count"":0,""child_distance_statistics_scope"":""accepted_unique_crossover_offspring"",""persistent_population_size"":4,""unique_population_size"":4,""best_population_fitness"":0.5751953125,""configured_survivors_per_selection"":[8,2,1],""effective_survivors_per_selection"":[8,2,4],""effective_final_survivor_count"":4},""offspring_generation"":{""attempts"":16,""no_op_mutations"":0,""duplicate_candidates"":0,""infeasible_candidates"":0,""fixed_quant_legal_swap_counts"":[]},""maximum_depth_mutations_per_offspring"":3,""quantization_step_size"":1,""quantization_mutations_per_offspring"":1,""joint_aware_probability"":0.0,""adaptive_mutation"":false,""adaptive_mutation_strength"":1,""adaptive_mutation_patience"":3,""adaptive_mutation_max_strength"":3,""coarse_to_fine_mutation"":false,""coarse_to_fine_start_strength"":3,""coarse_to_fine_end_strength"":1,""stagnation_generations_after_selection"":0}",parent,True,16,16,8,6,8192,16384,49152,1502,3629056,3139.708548821043,14280.6416015625
50,0.57568359375,0.5751953125,kl,0.57568359375,,,,,0,{},16,8,2,1,"[8,2,1]","[512,2048,8192]",5503193088,3.0,9872.5078125,82816598016,,,8,8,"{""type"":""mixed_depth_quantization"",""sequential_mode"":""none"",""joint_mutation_mode"":""standard"",""parent_before_generation_hash"":""45677271f964352cdf4c078b3d56c6f2ba0f4d351a4332aded70a02f0179a5c1"",""parent_after_generation_hash"":""45677271f964352cdf4c078b3d56c6f2ba0f4d351a4332aded70a02f0179a5c1"",""generated_offspring_by_type"":{""depth"":5,""quantization"":11,""joint_aware"":0,""interaction_aware"":0,""sequential_quantization"":0,""fixed_quant_depth"":0,""component crossover"":0,""component crossover + repair"":0,""layer bundle crossover"":0,""layer bundle crossover + repair"":0},""depth_mask_entries_changed_by_type"":{""depth"":16,""quantization"":0,""joint_aware"":0,""interaction_aware"":0,""sequential_quantization"":0,""fixed_quant_depth"":0,""component crossover"":0,""component crossover + repair"":0,""layer bundle crossover"":0,""layer bundle crossover + repair"":0},""quant_assignments_changed_by_type"":{""depth"":0,""quantization"":22,""joint_aware"":0,""interaction_aware"":0,""sequential_quantization"":0,""fixed_quant_depth"":0,""component crossover"":0,""component crossover + repair"":0,""layer bundle crossover"":0,""layer bundle crossover + repair"":0},""depth_mask_entries_changed_total"":16,""quant_assignments_changed_total"":22,""interaction_aware_details"":{""budget_repair_quant_changes"":0,""preferred_quant_exchanges_used"":0,""fallback_quant_exchanges_used"":0},""crossover_diagnostics"":{""crossover_type"":""component"",""crossover_parent_selection"":""uniform"",""crossover_offspring"":0,""crossover_offspring_accepted"":0,""mutation_offspring_accepted"":16,""mutation_offspring"":16,""crossover_offspring_attempted"":0,""crossover_duplicates"":0,""crossover_infeasible_candidates"":0,""crossover_repair_changed_gene_count"":0,""crossover_repaired_proposals"":0,""parent_distance_mean"":null,""parent_distance_min"":null,""parent_distance_max"":null,""child_distance_from_parent_a_mean"":null,""child_distance_from_parent_b_mean"":null,""layers_from_parent_a_mean"":null,""layers_from_parent_b_mean"":null,""crossover_no_legal_exchange"":0,""local_exchange_attention"":0,""local_exchange_mlp"":0,""local_exchange_quantization"":0,""local_exchange_block"":0,""child_distance_from_base_mean"":null,""child_distance_from_base_min"":null,""child_distance_from_base_max"":null,""child_distance_from_base_count"":0,""child_distance_from_donor_mean"":null,""child_distance_from_donor_min"":null,""child_distance_from_donor_max"":null,""child_distance_from_donor_count"":0,""donor_distance_reduction_mean"":null,""donor_distance_reduction_min"":null,""donor_distance_reduction_max"":null,""donor_distance_reduction_count"":0,""local_exchange_changed_gene_count_mean"":null,""local_exchange_changed_gene_count_min"":null,""local_exchange_changed_gene_count_max"":null,""local_exchange_changed_gene_count_count"":0,""child_distance_statistics_scope"":""accepted_unique_crossover_offspring"",""persistent_population_size"":4,""unique_population_size"":4,""best_population_fitness"":0.57568359375,""configured_survivors_per_selection"":[8,2,1],""effective_survivors_per_selection"":[8,2,4],""effective_final_survivor_count"":4},""offspring_generation"":{""attempts"":16,""no_op_mutations"":0,""duplicate_candidates"":0,""infeasible_candidates"":0,""fixed_quant_legal_swap_counts"":[]},""maximum_depth_mutations_per_offspring"":3,""quantization_step_size"":1,""quantization_mutations_per_offspring"":1,""joint_aware_probability"":0.0,""adaptive_mutation"":false,""adaptive_mutation_strength"":1,""adaptive_mutation_patience"":3,""adaptive_mutation_max_strength"":3,""coarse_to_fine_mutation"":false,""coarse_to_fine_start_strength"":3,""coarse_to_fine_end_strength"":1,""stagnation_generations_after_selection"":1}",parent,False,16,16,8,6,8192,16384,49152,1532,3702784,3194.792862766015,14280.6416015625
