generation,best_search_fitness,parent_search_fitness_before_generation,fitness_fn,best_calibration_kl,best_train_ppl,wikitext2_ppl,c4_ppl,fineweb_edu_ppl,eval_tokens_used,eval_tokens_by_dataset,num_offspring,num_survivors_stage_1,num_survivors_stage_2,num_survivors_stage_3,survivors_per_selection,tokens_per_selection,active_parameters,average_bitwidth_active,estimated_weight_memory_mb,compression_cost_bits,compression_target_bits,compression_difference_bits,dropped_attention_count,dropped_mlp_count,mutation_summary,selected_parent_mutation_type,accepted_parent_replacement,offspring_attempts,candidate_evaluations_stage_1,candidate_evaluations_stage_2,candidate_evaluations_stage_3,evaluation_tokens_stage_1,evaluation_tokens_stage_2,evaluation_tokens_stage_3,candidate_evaluations_search_cumulative,evaluation_tokens_search_cumulative,runtime_seconds_cumulative,peak_gpu_memory_mb
22,0.5029296875,0.50537109375,kl,0.5029296875,,,,,0,{},128,16,4,1,"[16,4,1]","[2048,16384,131072]",5503193088,4.083333333333333,3216.5078125,26982023168,26982023168,0,8,8,"{""type"":""mixed_depth_quantization"",""sequential_mode"":""none"",""joint_mutation_mode"":""standard"",""parent_before_generation_hash"":""e4d459fae510f1dab82b06742782eacd2e7d602e7007ea791afa31e9529e3670"",""parent_after_generation_hash"":""fb42e3fb2682e0740f8c9d3135e91bacf73a3ef80116d7133c00e898344d5635"",""generated_offspring_by_type"":{""depth"":67,""quantization"":61,""joint_aware"":0,""interaction_aware"":0,""sequential_quantization"":0,""fixed_quant_depth"":0,""component crossover"":0,""component crossover + repair"":0},""depth_mask_entries_changed_by_type"":{""depth"":186,""quantization"":0,""joint_aware"":0,""interaction_aware"":0,""sequential_quantization"":0,""fixed_quant_depth"":0,""component crossover"":0,""component crossover + repair"":0},""quant_assignments_changed_by_type"":{""depth"":124,""quantization"":146,""joint_aware"":0,""interaction_aware"":0,""sequential_quantization"":0,""fixed_quant_depth"":0,""component crossover"":0,""component crossover + repair"":0},""depth_mask_entries_changed_total"":186,""quant_assignments_changed_total"":270,""interaction_aware_details"":{""budget_repair_quant_changes"":0,""preferred_quant_exchanges_used"":0,""fallback_quant_exchanges_used"":0},""crossover_diagnostics"":{""crossover_offspring"":0,""mutation_offspring"":128,""crossover_offspring_attempted"":0,""crossover_duplicates"":0,""crossover_infeasible_candidates"":0,""crossover_repair_changed_gene_count"":0,""persistent_population_size"":1,""unique_population_size"":1,""best_population_fitness"":0.5029296875,""configured_survivors_per_selection"":[16,4,1],""effective_survivors_per_selection"":[16,4,1],""effective_final_survivor_count"":1},""offspring_generation"":{""attempts"":129,""no_op_mutations"":0,""duplicate_candidates"":1,""infeasible_candidates"":0,""fixed_quant_legal_swap_counts"":[]},""maximum_depth_mutations_per_offspring"":3,""quantization_step_size"":1,""quantization_mutations_per_offspring"":1,""joint_aware_probability"":0.0,""adaptive_mutation"":false,""adaptive_mutation_strength"":1,""adaptive_mutation_patience"":3,""adaptive_mutation_max_strength"":3,""coarse_to_fine_mutation"":false,""coarse_to_fine_start_strength"":3,""coarse_to_fine_end_strength"":1,""stagnation_generations_after_selection"":0}",quantization,True,129,128,16,5,262144,262144,655360,3278,25952256,17798.152110116098,15138.6298828125
23,0.5126953125,0.5029296875,kl,0.5126953125,,,,,0,{},128,16,4,1,"[16,4,1]","[2048,16384,131072]",5503193088,4.083333333333333,3216.5078125,26982023168,26982023168,0,8,8,"{""type"":""mixed_depth_quantization"",""sequential_mode"":""none"",""joint_mutation_mode"":""standard"",""parent_before_generation_hash"":""fb42e3fb2682e0740f8c9d3135e91bacf73a3ef80116d7133c00e898344d5635"",""parent_after_generation_hash"":""60b009617aa96718f44bcc081be682d3cf14ea6cd8e51c855fd2a49e9e4ae016"",""generated_offspring_by_type"":{""depth"":71,""quantization"":57,""joint_aware"":0,""interaction_aware"":0,""sequential_quantization"":0,""fixed_quant_depth"":0,""component crossover"":0,""component crossover + repair"":0},""depth_mask_entries_changed_by_type"":{""depth"":198,""quantization"":0,""joint_aware"":0,""interaction_aware"":0,""sequential_quantization"":0,""fixed_quant_depth"":0,""component crossover"":0,""component crossover + repair"":0},""quant_assignments_changed_by_type"":{""depth"":146,""quantization"":136,""joint_aware"":0,""interaction_aware"":0,""sequential_quantization"":0,""fixed_quant_depth"":0,""component crossover"":0,""component crossover + repair"":0},""depth_mask_entries_changed_total"":198,""quant_assignments_changed_total"":282,""interaction_aware_details"":{""budget_repair_quant_changes"":0,""preferred_quant_exchanges_used"":0,""fallback_quant_exchanges_used"":0},""crossover_diagnostics"":{""crossover_offspring"":0,""mutation_offspring"":128,""crossover_offspring_attempted"":0,""crossover_duplicates"":0,""crossover_infeasible_candidates"":0,""crossover_repair_changed_gene_count"":0,""persistent_population_size"":1,""unique_population_size"":1,""best_population_fitness"":0.5126953125,""configured_survivors_per_selection"":[16,4,1],""effective_survivors_per_selection"":[16,4,1],""effective_final_survivor_count"":1},""offspring_generation"":{""attempts"":128,""no_op_mutations"":0,""duplicate_candidates"":0,""infeasible_candidates"":0,""fixed_quant_legal_swap_counts"":[]},""maximum_depth_mutations_per_offspring"":3,""quantization_step_size"":1,""quantization_mutations_per_offspring"":1,""joint_aware_probability"":0.0,""adaptive_mutation"":false,""adaptive_mutation_strength"":1,""adaptive_mutation_patience"":3,""adaptive_mutation_max_strength"":3,""coarse_to_fine_mutation"":false,""coarse_to_fine_start_strength"":3,""coarse_to_fine_end_strength"":1,""stagnation_generations_after_selection"":0}",quantization,True,128,128,16,5,262144,262144,655360,3427,27131904,18558.137845205096,15276.7587890625
24,0.50439453125,0.5126953125,kl,0.50439453125,,,,,0,{},128,16,4,1,"[16,4,1]","[2048,16384,131072]",5503193088,4.083333333333333,3216.5078125,26982023168,26982023168,0,8,8,"{""type"":""mixed_depth_quantization"",""sequential_mode"":""none"",""joint_mutation_mode"":""standard"",""parent_before_generation_hash"":""60b009617aa96718f44bcc081be682d3cf14ea6cd8e51c855fd2a49e9e4ae016"",""parent_after_generation_hash"":""b6bee055a76bf78a3fd226da168996cea84a2ffa93b41cbe0fd669c577feb10f"",""generated_offspring_by_type"":{""depth"":72,""quantization"":56,""joint_aware"":0,""interaction_aware"":0,""sequential_quantization"":0,""fixed_quant_depth"":0,""component crossover"":0,""component crossover + repair"":0},""depth_mask_entries_changed_by_type"":{""depth"":214,""quantization"":0,""joint_aware"":0,""interaction_aware"":0,""sequential_quantization"":0,""fixed_quant_depth"":0,""component crossover"":0,""component crossover + repair"":0},""quant_assignments_changed_by_type"":{""depth"":163,""quantization"":139,""joint_aware"":0,""interaction_aware"":0,""sequential_quantization"":0,""fixed_quant_depth"":0,""component crossover"":0,""component crossover + repair"":0},""depth_mask_entries_changed_total"":214,""quant_assignments_changed_total"":302,""interaction_aware_details"":{""budget_repair_quant_changes"":0,""preferred_quant_exchanges_used"":0,""fallback_quant_exchanges_used"":0},""crossover_diagnostics"":{""crossover_offspring"":0,""mutation_offspring"":128,""crossover_offspring_attempted"":0,""crossover_duplicates"":0,""crossover_infeasible_candidates"":0,""crossover_repair_changed_gene_count"":0,""persistent_population_size"":1,""unique_population_size"":1,""best_population_fitness"":0.50439453125,""configured_survivors_per_selection"":[16,4,1],""effective_survivors_per_selection"":[16,4,1],""effective_final_survivor_count"":1},""offspring_generation"":{""attempts"":129,""no_op_mutations"":0,""duplicate_candidates"":1,""infeasible_candidates"":0,""fixed_quant_legal_swap_counts"":[]},""maximum_depth_mutations_per_offspring"":3,""quantization_step_size"":1,""quantization_mutations_per_offspring"":1,""joint_aware_probability"":0.0,""adaptive_mutation"":false,""adaptive_mutation_strength"":1,""adaptive_mutation_patience"":3,""adaptive_mutation_max_strength"":3,""coarse_to_fine_mutation"":false,""coarse_to_fine_start_strength"":3,""coarse_to_fine_end_strength"":1,""stagnation_generations_after_selection"":0}",quantization,True,129,128,16,5,262144,262144,655360,3576,28311552,19281.198717268097,15276.7587890625
25,0.491455078125,0.50439453125,kl,0.491455078125,,,,,0,{},128,16,4,1,"[16,4,1]","[2048,16384,131072]",5503193088,4.083333333333333,3216.5078125,26982023168,26982023168,0,8,8,"{""type"":""mixed_depth_quantization"",""sequential_mode"":""none"",""joint_mutation_mode"":""standard"",""parent_before_generation_hash"":""b6bee055a76bf78a3fd226da168996cea84a2ffa93b41cbe0fd669c577feb10f"",""parent_after_generation_hash"":""f0c163996999407a0bd0273fea240c568d30a2e3dc8c9e5cf5481d45fe6af1cc"",""generated_offspring_by_type"":{""depth"":65,""quantization"":63,""joint_aware"":0,""interaction_aware"":0,""sequential_quantization"":0,""fixed_quant_depth"":0,""component crossover"":0,""component crossover + repair"":0},""depth_mask_entries_changed_by_type"":{""depth"":196,""quantization"":0,""joint_aware"":0,""interaction_aware"":0,""sequential_quantization"":0,""fixed_quant_depth"":0,""component crossover"":0,""component crossover + repair"":0},""quant_assignments_changed_by_type"":{""depth"":156,""quantization"":148,""joint_aware"":0,""interaction_aware"":0,""sequential_quantization"":0,""fixed_quant_depth"":0,""component crossover"":0,""component crossover + repair"":0},""depth_mask_entries_changed_total"":196,""quant_assignments_changed_total"":304,""interaction_aware_details"":{""budget_repair_quant_changes"":0,""preferred_quant_exchanges_used"":0,""fallback_quant_exchanges_used"":0},""crossover_diagnostics"":{""crossover_offspring"":0,""mutation_offspring"":128,""crossover_offspring_attempted"":0,""crossover_duplicates"":0,""crossover_infeasible_candidates"":0,""crossover_repair_changed_gene_count"":0,""persistent_population_size"":1,""unique_population_size"":1,""best_population_fitness"":0.491455078125,""configured_survivors_per_selection"":[16,4,1],""effective_survivors_per_selection"":[16,4,1],""effective_final_survivor_count"":1},""offspring_generation"":{""attempts"":128,""no_op_mutations"":0,""duplicate_candidates"":0,""infeasible_candidates"":0,""fixed_quant_legal_swap_counts"":[]},""maximum_depth_mutations_per_offspring"":3,""quantization_step_size"":1,""quantization_mutations_per_offspring"":1,""joint_aware_probability"":0.0,""adaptive_mutation"":false,""adaptive_mutation_strength"":1,""adaptive_mutation_patience"":3,""adaptive_mutation_max_strength"":3,""coarse_to_fine_mutation"":false,""coarse_to_fine_start_strength"":3,""coarse_to_fine_end_strength"":1,""stagnation_generations_after_selection"":0}",quantization,True,128,128,16,5,262144,262144,655360,3725,29491200,20067.891434820096,15276.7587890625
26,0.4970703125,0.491455078125,kl,0.4970703125,10.484375,9.5234375,12.96875,,917504,"{""wikitext2"":327680,""c4"":589824}",128,16,4,1,"[16,4,1]","[2048,16384,131072]",5503193088,4.083333333333333,3216.5078125,26982023168,26982023168,0,8,8,"{""type"":""mixed_depth_quantization"",""sequential_mode"":""none"",""joint_mutation_mode"":""standard"",""parent_before_generation_hash"":""f0c163996999407a0bd0273fea240c568d30a2e3dc8c9e5cf5481d45fe6af1cc"",""parent_after_generation_hash"":""2f8c56944b513cdc8df22bb91010e033b4c69abd4426562cd24b14062866f650"",""generated_offspring_by_type"":{""depth"":63,""quantization"":65,""joint_aware"":0,""interaction_aware"":0,""sequential_quantization"":0,""fixed_quant_depth"":0,""component crossover"":0,""component crossover + repair"":0},""depth_mask_entries_changed_by_type"":{""depth"":176,""quantization"":0,""joint_aware"":0,""interaction_aware"":0,""sequential_quantization"":0,""fixed_quant_depth"":0,""component crossover"":0,""component crossover + repair"":0},""quant_assignments_changed_by_type"":{""depth"":116,""quantization"":151,""joint_aware"":0,""interaction_aware"":0,""sequential_quantization"":0,""fixed_quant_depth"":0,""component crossover"":0,""component crossover + repair"":0},""depth_mask_entries_changed_total"":176,""quant_assignments_changed_total"":267,""interaction_aware_details"":{""budget_repair_quant_changes"":0,""preferred_quant_exchanges_used"":0,""fallback_quant_exchanges_used"":0},""crossover_diagnostics"":{""crossover_offspring"":0,""mutation_offspring"":128,""crossover_offspring_attempted"":0,""crossover_duplicates"":0,""crossover_infeasible_candidates"":0,""crossover_repair_changed_gene_count"":0,""persistent_population_size"":1,""unique_population_size"":1,""best_population_fitness"":0.4970703125,""configured_survivors_per_selection"":[16,4,1],""effective_survivors_per_selection"":[16,4,1],""effective_final_survivor_count"":1},""offspring_generation"":{""attempts"":128,""no_op_mutations"":0,""duplicate_candidates"":0,""infeasible_candidates"":0,""fixed_quant_legal_swap_counts"":[]},""maximum_depth_mutations_per_offspring"":3,""quantization_step_size"":1,""quantization_mutations_per_offspring"":1,""joint_aware_probability"":0.0,""adaptive_mutation"":false,""adaptive_mutation_strength"":1,""adaptive_mutation_patience"":3,""adaptive_mutation_max_strength"":3,""coarse_to_fine_mutation"":false,""coarse_to_fine_start_strength"":3,""coarse_to_fine_end_strength"":1,""stagnation_generations_after_selection"":0}",quantization,True,128,128,16,5,262144,262144,655360,3874,30670848,21019.148307635096,15276.82177734375
27,0.49072265625,0.4970703125,kl,0.49072265625,,,,,0,{},128,16,4,1,"[16,4,1]","[2048,16384,131072]",5503193088,4.083333333333333,3216.5078125,26982023168,26982023168,0,8,8,"{""type"":""mixed_depth_quantization"",""sequential_mode"":""none"",""joint_mutation_mode"":""standard"",""parent_before_generation_hash"":""2f8c56944b513cdc8df22bb91010e033b4c69abd4426562cd24b14062866f650"",""parent_after_generation_hash"":""840a0e73b2b97be4816c1b11ec508234ca9fe2c2aea0b55db94e6ffb23c97809"",""generated_offspring_by_type"":{""depth"":72,""quantization"":56,""joint_aware"":0,""interaction_aware"":0,""sequential_quantization"":0,""fixed_quant_depth"":0,""component crossover"":0,""component crossover + repair"":0},""depth_mask_entries_changed_by_type"":{""depth"":228,""quantization"":0,""joint_aware"":0,""interaction_aware"":0,""sequential_quantization"":0,""fixed_quant_depth"":0,""component crossover"":0,""component crossover + repair"":0},""quant_assignments_changed_by_type"":{""depth"":181,""quantization"":138,""joint_aware"":0,""interaction_aware"":0,""sequential_quantization"":0,""fixed_quant_depth"":0,""component crossover"":0,""component crossover + repair"":0},""depth_mask_entries_changed_total"":228,""quant_assignments_changed_total"":319,""interaction_aware_details"":{""budget_repair_quant_changes"":0,""preferred_quant_exchanges_used"":0,""fallback_quant_exchanges_used"":0},""crossover_diagnostics"":{""crossover_offspring"":0,""mutation_offspring"":128,""crossover_offspring_attempted"":0,""crossover_duplicates"":0,""crossover_infeasible_candidates"":0,""crossover_repair_changed_gene_count"":0,""persistent_population_size"":1,""unique_population_size"":1,""best_population_fitness"":0.49072265625,""configured_survivors_per_selection"":[16,4,1],""effective_survivors_per_selection"":[16,4,1],""effective_final_survivor_count"":1},""offspring_generation"":{""attempts"":128,""no_op_mutations"":0,""duplicate_candidates"":0,""infeasible_candidates"":0,""fixed_quant_legal_swap_counts"":[]},""maximum_depth_mutations_per_offspring"":3,""quantization_step_size"":1,""quantization_mutations_per_offspring"":1,""joint_aware_probability"":0.0,""adaptive_mutation"":false,""adaptive_mutation_strength"":1,""adaptive_mutation_patience"":3,""adaptive_mutation_max_strength"":3,""coarse_to_fine_mutation"":false,""coarse_to_fine_start_strength"":3,""coarse_to_fine_end_strength"":1,""stagnation_generations_after_selection"":0}",quantization,True,128,128,16,5,262144,262144,655360,4023,31850496,21777.287426415096,15276.82177734375
28,0.4912109375,0.49072265625,kl,0.4912109375,,,,,0,{},128,16,4,1,"[16,4,1]","[2048,16384,131072]",5503193088,4.083333333333333,3216.5078125,26982023168,26982023168,0,8,8,"{""type"":""mixed_depth_quantization"",""sequential_mode"":""none"",""joint_mutation_mode"":""standard"",""parent_before_generation_hash"":""840a0e73b2b97be4816c1b11ec508234ca9fe2c2aea0b55db94e6ffb23c97809"",""parent_after_generation_hash"":""84138394faaab2dd5a685a1b5c8e49b4501e0b84cf81c71156a0a3f92a3233ca"",""generated_offspring_by_type"":{""depth"":61,""quantization"":67,""joint_aware"":0,""interaction_aware"":0,""sequential_quantization"":0,""fixed_quant_depth"":0,""component crossover"":0,""component crossover + repair"":0},""depth_mask_entries_changed_by_type"":{""depth"":174,""quantization"":0,""joint_aware"":0,""interaction_aware"":0,""sequential_quantization"":0,""fixed_quant_depth"":0,""component crossover"":0,""component crossover + repair"":0},""quant_assignments_changed_by_type"":{""depth"":137,""quantization"":154,""joint_aware"":0,""interaction_aware"":0,""sequential_quantization"":0,""fixed_quant_depth"":0,""component crossover"":0,""component crossover + repair"":0},""depth_mask_entries_changed_total"":174,""quant_assignments_changed_total"":291,""interaction_aware_details"":{""budget_repair_quant_changes"":0,""preferred_quant_exchanges_used"":0,""fallback_quant_exchanges_used"":0},""crossover_diagnostics"":{""crossover_offspring"":0,""mutation_offspring"":128,""crossover_offspring_attempted"":0,""crossover_duplicates"":0,""crossover_infeasible_candidates"":0,""crossover_repair_changed_gene_count"":0,""persistent_population_size"":1,""unique_population_size"":1,""best_population_fitness"":0.4912109375,""configured_survivors_per_selection"":[16,4,1],""effective_survivors_per_selection"":[16,4,1],""effective_final_survivor_count"":1},""offspring_generation"":{""attempts"":128,""no_op_mutations"":0,""duplicate_candidates"":0,""infeasible_candidates"":0,""fixed_quant_legal_swap_counts"":[]},""maximum_depth_mutations_per_offspring"":3,""quantization_step_size"":1,""quantization_mutations_per_offspring"":1,""joint_aware_probability"":0.0,""adaptive_mutation"":false,""adaptive_mutation_strength"":1,""adaptive_mutation_patience"":3,""adaptive_mutation_max_strength"":3,""coarse_to_fine_mutation"":false,""coarse_to_fine_start_strength"":3,""coarse_to_fine_end_strength"":1,""stagnation_generations_after_selection"":0}",quantization,True,128,128,16,5,262144,262144,655360,4172,33030144,22490.801405433096,15276.82177734375
29,0.51025390625,0.4912109375,kl,0.51025390625,,,,,0,{},128,16,4,1,"[16,4,1]","[2048,16384,131072]",5503193088,4.083333333333333,3216.5078125,26982023168,26982023168,0,8,8,"{""type"":""mixed_depth_quantization"",""sequential_mode"":""none"",""joint_mutation_mode"":""standard"",""parent_before_generation_hash"":""84138394faaab2dd5a685a1b5c8e49b4501e0b84cf81c71156a0a3f92a3233ca"",""parent_after_generation_hash"":""fd0314688c359dbf2d1d8ca47aa4e6ed9ae70945fdae81969f8f98625f3c2044"",""generated_offspring_by_type"":{""depth"":61,""quantization"":67,""joint_aware"":0,""interaction_aware"":0,""sequential_quantization"":0,""fixed_quant_depth"":0,""component crossover"":0,""component crossover + repair"":0},""depth_mask_entries_changed_by_type"":{""depth"":188,""quantization"":0,""joint_aware"":0,""interaction_aware"":0,""sequential_quantization"":0,""fixed_quant_depth"":0,""component crossover"":0,""component crossover + repair"":0},""quant_assignments_changed_by_type"":{""depth"":150,""quantization"":164,""joint_aware"":0,""interaction_aware"":0,""sequential_quantization"":0,""fixed_quant_depth"":0,""component crossover"":0,""component crossover + repair"":0},""depth_mask_entries_changed_total"":188,""quant_assignments_changed_total"":314,""interaction_aware_details"":{""budget_repair_quant_changes"":0,""preferred_quant_exchanges_used"":0,""fallback_quant_exchanges_used"":0},""crossover_diagnostics"":{""crossover_offspring"":0,""mutation_offspring"":128,""crossover_offspring_attempted"":0,""crossover_duplicates"":0,""crossover_infeasible_candidates"":0,""crossover_repair_changed_gene_count"":0,""persistent_population_size"":1,""unique_population_size"":1,""best_population_fitness"":0.51025390625,""configured_survivors_per_selection"":[16,4,1],""effective_survivors_per_selection"":[16,4,1],""effective_final_survivor_count"":1},""offspring_generation"":{""attempts"":128,""no_op_mutations"":0,""duplicate_candidates"":0,""infeasible_candidates"":0,""fixed_quant_legal_swap_counts"":[]},""maximum_depth_mutations_per_offspring"":3,""quantization_step_size"":1,""quantization_mutations_per_offspring"":1,""joint_aware_probability"":0.0,""adaptive_mutation"":false,""adaptive_mutation_strength"":1,""adaptive_mutation_patience"":3,""adaptive_mutation_max_strength"":3,""coarse_to_fine_mutation"":false,""coarse_to_fine_start_strength"":3,""coarse_to_fine_end_strength"":1,""stagnation_generations_after_selection"":0}",quantization,True,128,128,16,5,262144,262144,655360,4321,34209792,23167.134708637095,15276.82177734375
30,0.51318359375,0.51025390625,kl,0.51318359375,,,,,0,{},128,16,4,1,"[16,4,1]","[2048,16384,131072]",5503193088,4.083333333333333,3216.5078125,26982023168,26982023168,0,8,8,"{""type"":""mixed_depth_quantization"",""sequential_mode"":""none"",""joint_mutation_mode"":""standard"",""parent_before_generation_hash"":""fd0314688c359dbf2d1d8ca47aa4e6ed9ae70945fdae81969f8f98625f3c2044"",""parent_after_generation_hash"":""98e27ca3569f28393fa5063db411dccbe9c799a2dcecce63d6f35cce85e722a5"",""generated_offspring_by_type"":{""depth"":60,""quantization"":68,""joint_aware"":0,""interaction_aware"":0,""sequential_quantization"":0,""fixed_quant_depth"":0,""component crossover"":0,""component crossover + repair"":0},""depth_mask_entries_changed_by_type"":{""depth"":192,""quantization"":0,""joint_aware"":0,""interaction_aware"":0,""sequential_quantization"":0,""fixed_quant_depth"":0,""component crossover"":0,""component crossover + repair"":0},""quant_assignments_changed_by_type"":{""depth"":137,""quantization"":168,""joint_aware"":0,""interaction_aware"":0,""sequential_quantization"":0,""fixed_quant_depth"":0,""component crossover"":0,""component crossover + repair"":0},""depth_mask_entries_changed_total"":192,""quant_assignments_changed_total"":305,""interaction_aware_details"":{""budget_repair_quant_changes"":0,""preferred_quant_exchanges_used"":0,""fallback_quant_exchanges_used"":0},""crossover_diagnostics"":{""crossover_offspring"":0,""mutation_offspring"":128,""crossover_offspring_attempted"":0,""crossover_duplicates"":0,""crossover_infeasible_candidates"":0,""crossover_repair_changed_gene_count"":0,""persistent_population_size"":1,""unique_population_size"":1,""best_population_fitness"":0.51318359375,""configured_survivors_per_selection"":[16,4,1],""effective_survivors_per_selection"":[16,4,1],""effective_final_survivor_count"":1},""offspring_generation"":{""attempts"":129,""no_op_mutations"":0,""duplicate_candidates"":1,""infeasible_candidates"":0,""fixed_quant_legal_swap_counts"":[]},""maximum_depth_mutations_per_offspring"":3,""quantization_step_size"":1,""quantization_mutations_per_offspring"":1,""joint_aware_probability"":0.0,""adaptive_mutation"":false,""adaptive_mutation_strength"":1,""adaptive_mutation_patience"":3,""adaptive_mutation_max_strength"":3,""coarse_to_fine_mutation"":false,""coarse_to_fine_start_strength"":3,""coarse_to_fine_end_strength"":1,""stagnation_generations_after_selection"":0}",quantization,True,129,128,16,5,262144,262144,655360,4470,35389440,23848.994930684094,15276.82177734375
31,0.4775390625,0.51318359375,kl,0.4775390625,10.421875,9.4140625,12.8671875,,917504,"{""wikitext2"":327680,""c4"":589824}",128,16,4,1,"[16,4,1]","[2048,16384,131072]",5503193088,4.083333333333333,3216.5078125,26982023168,26982023168,0,8,8,"{""type"":""mixed_depth_quantization"",""sequential_mode"":""none"",""joint_mutation_mode"":""standard"",""parent_before_generation_hash"":""98e27ca3569f28393fa5063db411dccbe9c799a2dcecce63d6f35cce85e722a5"",""parent_after_generation_hash"":""0f4318e0d45841ec9c26107bbf1f3df2b2901d7bd660513f974ff461e5625ea5"",""generated_offspring_by_type"":{""depth"":67,""quantization"":61,""joint_aware"":0,""interaction_aware"":0,""sequential_quantization"":0,""fixed_quant_depth"":0,""component crossover"":0,""component crossover + repair"":0},""depth_mask_entries_changed_by_type"":{""depth"":202,""quantization"":0,""joint_aware"":0,""interaction_aware"":0,""sequential_quantization"":0,""fixed_quant_depth"":0,""component crossover"":0,""component crossover + repair"":0},""quant_assignments_changed_by_type"":{""depth"":144,""quantization"":151,""joint_aware"":0,""interaction_aware"":0,""sequential_quantization"":0,""fixed_quant_depth"":0,""component crossover"":0,""component crossover + repair"":0},""depth_mask_entries_changed_total"":202,""quant_assignments_changed_total"":295,""interaction_aware_details"":{""budget_repair_quant_changes"":0,""preferred_quant_exchanges_used"":0,""fallback_quant_exchanges_used"":0},""crossover_diagnostics"":{""crossover_offspring"":0,""mutation_offspring"":128,""crossover_offspring_attempted"":0,""crossover_duplicates"":0,""crossover_infeasible_candidates"":0,""crossover_repair_changed_gene_count"":0,""persistent_population_size"":1,""unique_population_size"":1,""best_population_fitness"":0.4775390625,""configured_survivors_per_selection"":[16,4,1],""effective_survivors_per_selection"":[16,4,1],""effective_final_survivor_count"":1},""offspring_generation"":{""attempts"":128,""no_op_mutations"":0,""duplicate_candidates"":0,""infeasible_candidates"":0,""fixed_quant_legal_swap_counts"":[]},""maximum_depth_mutations_per_offspring"":3,""quantization_step_size"":1,""quantization_mutations_per_offspring"":1,""joint_aware_probability"":0.0,""adaptive_mutation"":false,""adaptive_mutation_strength"":1,""adaptive_mutation_patience"":3,""adaptive_mutation_max_strength"":3,""coarse_to_fine_mutation"":false,""coarse_to_fine_start_strength"":3,""coarse_to_fine_end_strength"":1,""stagnation_generations_after_selection"":0}",quantization,True,128,128,16,5,262144,262144,655360,4619,36569088,24819.713535731098,15276.82177734375
32,0.53466796875,0.4775390625,kl,0.53466796875,,,,,0,{},128,16,4,1,"[16,4,1]","[2048,16384,131072]",5503193088,4.083333333333333,3216.5078125,26982023168,26982023168,0,8,8,"{""type"":""mixed_depth_quantization"",""sequential_mode"":""none"",""joint_mutation_mode"":""standard"",""parent_before_generation_hash"":""0f4318e0d45841ec9c26107bbf1f3df2b2901d7bd660513f974ff461e5625ea5"",""parent_after_generation_hash"":""9a8d075991226d1d36c0901c619a66a28082e7e6c7681b13b54a0fd5d3dfd2e4"",""generated_offspring_by_type"":{""depth"":54,""quantization"":74,""joint_aware"":0,""interaction_aware"":0,""sequential_quantization"":0,""fixed_quant_depth"":0,""component crossover"":0,""component crossover + repair"":0},""depth_mask_entries_changed_by_type"":{""depth"":174,""quantization"":0,""joint_aware"":0,""interaction_aware"":0,""sequential_quantization"":0,""fixed_quant_depth"":0,""component crossover"":0,""component crossover + repair"":0},""quant_assignments_changed_by_type"":{""depth"":145,""quantization"":182,""joint_aware"":0,""interaction_aware"":0,""sequential_quantization"":0,""fixed_quant_depth"":0,""component crossover"":0,""component crossover + repair"":0},""depth_mask_entries_changed_total"":174,""quant_assignments_changed_total"":327,""interaction_aware_details"":{""budget_repair_quant_changes"":0,""preferred_quant_exchanges_used"":0,""fallback_quant_exchanges_used"":0},""crossover_diagnostics"":{""crossover_offspring"":0,""mutation_offspring"":128,""crossover_offspring_attempted"":0,""crossover_duplicates"":0,""crossover_infeasible_candidates"":0,""crossover_repair_changed_gene_count"":0,""persistent_population_size"":1,""unique_population_size"":1,""best_population_fitness"":0.53466796875,""configured_survivors_per_selection"":[16,4,1],""effective_survivors_per_selection"":[16,4,1],""effective_final_survivor_count"":1},""offspring_generation"":{""attempts"":128,""no_op_mutations"":0,""duplicate_candidates"":0,""infeasible_candidates"":0,""fixed_quant_legal_swap_counts"":[]},""maximum_depth_mutations_per_offspring"":3,""quantization_step_size"":1,""quantization_mutations_per_offspring"":1,""joint_aware_probability"":0.0,""adaptive_mutation"":false,""adaptive_mutation_strength"":1,""adaptive_mutation_patience"":3,""adaptive_mutation_max_strength"":3,""coarse_to_fine_mutation"":false,""coarse_to_fine_start_strength"":3,""coarse_to_fine_end_strength"":1,""stagnation_generations_after_selection"":0}",quantization,True,128,128,16,5,262144,262144,655360,4768,37748736,25605.787244660096,15276.82177734375
33,0.4990234375,0.53466796875,kl,0.4990234375,,,,,0,{},128,16,4,1,"[16,4,1]","[2048,16384,131072]",5503193088,4.083333333333333,3216.5078125,26982023168,26982023168,0,8,8,"{""type"":""mixed_depth_quantization"",""sequential_mode"":""none"",""joint_mutation_mode"":""standard"",""parent_before_generation_hash"":""9a8d075991226d1d36c0901c619a66a28082e7e6c7681b13b54a0fd5d3dfd2e4"",""parent_after_generation_hash"":""8632f12f48bfb40c5b81fd64fde1e43ca4fdc8af02ed049f8aa03653cc529984"",""generated_offspring_by_type"":{""depth"":63,""quantization"":65,""joint_aware"":0,""interaction_aware"":0,""sequential_quantization"":0,""fixed_quant_depth"":0,""component crossover"":0,""component crossover + repair"":0},""depth_mask_entries_changed_by_type"":{""depth"":190,""quantization"":0,""joint_aware"":0,""interaction_aware"":0,""sequential_quantization"":0,""fixed_quant_depth"":0,""component crossover"":0,""component crossover + repair"":0},""quant_assignments_changed_by_type"":{""depth"":146,""quantization"":146,""joint_aware"":0,""interaction_aware"":0,""sequential_quantization"":0,""fixed_quant_depth"":0,""component crossover"":0,""component crossover + repair"":0},""depth_mask_entries_changed_total"":190,""quant_assignments_changed_total"":292,""interaction_aware_details"":{""budget_repair_quant_changes"":0,""preferred_quant_exchanges_used"":0,""fallback_quant_exchanges_used"":0},""crossover_diagnostics"":{""crossover_offspring"":0,""mutation_offspring"":128,""crossover_offspring_attempted"":0,""crossover_duplicates"":0,""crossover_infeasible_candidates"":0,""crossover_repair_changed_gene_count"":0,""persistent_population_size"":1,""unique_population_size"":1,""best_population_fitness"":0.4990234375,""configured_survivors_per_selection"":[16,4,1],""effective_survivors_per_selection"":[16,4,1],""effective_final_survivor_count"":1},""offspring_generation"":{""attempts"":129,""no_op_mutations"":0,""duplicate_candidates"":1,""infeasible_candidates"":0,""fixed_quant_legal_swap_counts"":[]},""maximum_depth_mutations_per_offspring"":3,""quantization_step_size"":1,""quantization_mutations_per_offspring"":1,""joint_aware_probability"":0.0,""adaptive_mutation"":false,""adaptive_mutation_strength"":1,""adaptive_mutation_patience"":3,""adaptive_mutation_max_strength"":3,""coarse_to_fine_mutation"":false,""coarse_to_fine_start_strength"":3,""coarse_to_fine_end_strength"":1,""stagnation_generations_after_selection"":0}",quantization,True,129,128,16,5,262144,262144,655360,4917,38928384,26296.541756690094,15276.82177734375
34,0.494384765625,0.4990234375,kl,0.494384765625,,,,,0,{},128,16,4,1,"[16,4,1]","[2048,16384,131072]",5503193088,4.083333333333333,3216.5078125,26982023168,26982023168,0,8,8,"{""type"":""mixed_depth_quantization"",""sequential_mode"":""none"",""joint_mutation_mode"":""standard"",""parent_before_generation_hash"":""8632f12f48bfb40c5b81fd64fde1e43ca4fdc8af02ed049f8aa03653cc529984"",""parent_after_generation_hash"":""67717190cf68ce9de60149d31145d68b8542fb5f6df2d159929352dc112984b5"",""generated_offspring_by_type"":{""depth"":65,""quantization"":63,""joint_aware"":0,""interaction_aware"":0,""sequential_quantization"":0,""fixed_quant_depth"":0,""component crossover"":0,""component crossover + repair"":0},""depth_mask_entries_changed_by_type"":{""depth"":210,""quantization"":0,""joint_aware"":0,""interaction_aware"":0,""sequential_quantization"":0,""fixed_quant_depth"":0,""component crossover"":0,""component crossover + repair"":0},""quant_assignments_changed_by_type"":{""depth"":151,""quantization"":153,""joint_aware"":0,""interaction_aware"":0,""sequential_quantization"":0,""fixed_quant_depth"":0,""component crossover"":0,""component crossover + repair"":0},""depth_mask_entries_changed_total"":210,""quant_assignments_changed_total"":304,""interaction_aware_details"":{""budget_repair_quant_changes"":0,""preferred_quant_exchanges_used"":0,""fallback_quant_exchanges_used"":0},""crossover_diagnostics"":{""crossover_offspring"":0,""mutation_offspring"":128,""crossover_offspring_attempted"":0,""crossover_duplicates"":0,""crossover_infeasible_candidates"":0,""crossover_repair_changed_gene_count"":0,""persistent_population_size"":1,""unique_population_size"":1,""best_population_fitness"":0.494384765625,""configured_survivors_per_selection"":[16,4,1],""effective_survivors_per_selection"":[16,4,1],""effective_final_survivor_count"":1},""offspring_generation"":{""attempts"":128,""no_op_mutations"":0,""duplicate_candidates"":0,""infeasible_candidates"":0,""fixed_quant_legal_swap_counts"":[]},""maximum_depth_mutations_per_offspring"":3,""quantization_step_size"":1,""quantization_mutations_per_offspring"":1,""joint_aware_probability"":0.0,""adaptive_mutation"":false,""adaptive_mutation_strength"":1,""adaptive_mutation_patience"":3,""adaptive_mutation_max_strength"":3,""coarse_to_fine_mutation"":false,""coarse_to_fine_start_strength"":3,""coarse_to_fine_end_strength"":1,""stagnation_generations_after_selection"":0}",quantization,True,128,128,16,5,262144,262144,655360,5066,40108032,27052.549074934097,15276.82177734375
35,0.492919921875,0.494384765625,kl,0.492919921875,,,,,0,{},128,16,4,1,"[16,4,1]","[2048,16384,131072]",5503193088,4.083333333333333,3216.5078125,26982023168,26982023168,0,8,8,"{""type"":""mixed_depth_quantization"",""sequential_mode"":""none"",""joint_mutation_mode"":""standard"",""parent_before_generation_hash"":""67717190cf68ce9de60149d31145d68b8542fb5f6df2d159929352dc112984b5"",""parent_after_generation_hash"":""160d2b0b1111545f19ddc9251475e9ffaa92fe6fd6f3ad4f9b5a34052a0dfb48"",""generated_offspring_by_type"":{""depth"":71,""quantization"":57,""joint_aware"":0,""interaction_aware"":0,""sequential_quantization"":0,""fixed_quant_depth"":0,""component crossover"":0,""component crossover + repair"":0},""depth_mask_entries_changed_by_type"":{""depth"":222,""quantization"":0,""joint_aware"":0,""interaction_aware"":0,""sequential_quantization"":0,""fixed_quant_depth"":0,""component crossover"":0,""component crossover + repair"":0},""quant_assignments_changed_by_type"":{""depth"":162,""quantization"":135,""joint_aware"":0,""interaction_aware"":0,""sequential_quantization"":0,""fixed_quant_depth"":0,""component crossover"":0,""component crossover + repair"":0},""depth_mask_entries_changed_total"":222,""quant_assignments_changed_total"":297,""interaction_aware_details"":{""budget_repair_quant_changes"":0,""preferred_quant_exchanges_used"":0,""fallback_quant_exchanges_used"":0},""crossover_diagnostics"":{""crossover_offspring"":0,""mutation_offspring"":128,""crossover_offspring_attempted"":0,""crossover_duplicates"":0,""crossover_infeasible_candidates"":0,""crossover_repair_changed_gene_count"":0,""persistent_population_size"":1,""unique_population_size"":1,""best_population_fitness"":0.492919921875,""configured_survivors_per_selection"":[16,4,1],""effective_survivors_per_selection"":[16,4,1],""effective_final_survivor_count"":1},""offspring_generation"":{""attempts"":129,""no_op_mutations"":0,""duplicate_candidates"":1,""infeasible_candidates"":0,""fixed_quant_legal_swap_counts"":[]},""maximum_depth_mutations_per_offspring"":3,""quantization_step_size"":1,""quantization_mutations_per_offspring"":1,""joint_aware_probability"":0.0,""adaptive_mutation"":false,""adaptive_mutation_strength"":1,""adaptive_mutation_patience"":3,""adaptive_mutation_max_strength"":3,""coarse_to_fine_mutation"":false,""coarse_to_fine_start_strength"":3,""coarse_to_fine_end_strength"":1,""stagnation_generations_after_selection"":0}",quantization,True,129,128,16,5,262144,262144,655360,5215,41287680,27733.885832838096,15276.82177734375
36,0.49169921875,0.492919921875,kl,0.49169921875,10.3984375,9.3984375,12.8203125,,917504,"{""wikitext2"":327680,""c4"":589824}",128,16,4,1,"[16,4,1]","[2048,16384,131072]",5503193088,4.083333333333333,3216.5078125,26982023168,26982023168,0,8,8,"{""type"":""mixed_depth_quantization"",""sequential_mode"":""none"",""joint_mutation_mode"":""standard"",""parent_before_generation_hash"":""160d2b0b1111545f19ddc9251475e9ffaa92fe6fd6f3ad4f9b5a34052a0dfb48"",""parent_after_generation_hash"":""52539cfe5939f5465d56d2fbc94a5a259ecffa8f42346a7f7d386139f4d11250"",""generated_offspring_by_type"":{""depth"":71,""quantization"":57,""joint_aware"":0,""interaction_aware"":0,""sequential_quantization"":0,""fixed_quant_depth"":0,""component crossover"":0,""component crossover + repair"":0},""depth_mask_entries_changed_by_type"":{""depth"":230,""quantization"":0,""joint_aware"":0,""interaction_aware"":0,""sequential_quantization"":0,""fixed_quant_depth"":0,""component crossover"":0,""component crossover + repair"":0},""quant_assignments_changed_by_type"":{""depth"":163,""quantization"":136,""joint_aware"":0,""interaction_aware"":0,""sequential_quantization"":0,""fixed_quant_depth"":0,""component crossover"":0,""component crossover + repair"":0},""depth_mask_entries_changed_total"":230,""quant_assignments_changed_total"":299,""interaction_aware_details"":{""budget_repair_quant_changes"":0,""preferred_quant_exchanges_used"":0,""fallback_quant_exchanges_used"":0},""crossover_diagnostics"":{""crossover_offspring"":0,""mutation_offspring"":128,""crossover_offspring_attempted"":0,""crossover_duplicates"":0,""crossover_infeasible_candidates"":0,""crossover_repair_changed_gene_count"":0,""persistent_population_size"":1,""unique_population_size"":1,""best_population_fitness"":0.49169921875,""configured_survivors_per_selection"":[16,4,1],""effective_survivors_per_selection"":[16,4,1],""effective_final_survivor_count"":1},""offspring_generation"":{""attempts"":128,""no_op_mutations"":0,""duplicate_candidates"":0,""infeasible_candidates"":0,""fixed_quant_legal_swap_counts"":[]},""maximum_depth_mutations_per_offspring"":3,""quantization_step_size"":1,""quantization_mutations_per_offspring"":1,""joint_aware_probability"":0.0,""adaptive_mutation"":false,""adaptive_mutation_strength"":1,""adaptive_mutation_patience"":3,""adaptive_mutation_max_strength"":3,""coarse_to_fine_mutation"":false,""coarse_to_fine_start_strength"":3,""coarse_to_fine_end_strength"":1,""stagnation_generations_after_selection"":0}",quantization,True,128,128,16,5,262144,262144,655360,5364,42467328,28663.101719173093,15276.82177734375
37,0.472412109375,0.49169921875,kl,0.472412109375,,,,,0,{},128,16,4,1,"[16,4,1]","[2048,16384,131072]",5503193088,4.083333333333333,3216.5078125,26982023168,26982023168,0,8,8,"{""type"":""mixed_depth_quantization"",""sequential_mode"":""none"",""joint_mutation_mode"":""standard"",""parent_before_generation_hash"":""52539cfe5939f5465d56d2fbc94a5a259ecffa8f42346a7f7d386139f4d11250"",""parent_after_generation_hash"":""a9aefecab1e5eb458f2209d8fd5ccb787abfd2ade46404e026b087a845c689f2"",""generated_offspring_by_type"":{""depth"":59,""quantization"":69,""joint_aware"":0,""interaction_aware"":0,""sequential_quantization"":0,""fixed_quant_depth"":0,""component crossover"":0,""component crossover + repair"":0},""depth_mask_entries_changed_by_type"":{""depth"":168,""quantization"":0,""joint_aware"":0,""interaction_aware"":0,""sequential_quantization"":0,""fixed_quant_depth"":0,""component crossover"":0,""component crossover + repair"":0},""quant_assignments_changed_by_type"":{""depth"":142,""quantization"":171,""joint_aware"":0,""interaction_aware"":0,""sequential_quantization"":0,""fixed_quant_depth"":0,""component crossover"":0,""component crossover + repair"":0},""depth_mask_entries_changed_total"":168,""quant_assignments_changed_total"":313,""interaction_aware_details"":{""budget_repair_quant_changes"":0,""preferred_quant_exchanges_used"":0,""fallback_quant_exchanges_used"":0},""crossover_diagnostics"":{""crossover_offspring"":0,""mutation_offspring"":128,""crossover_offspring_attempted"":0,""crossover_duplicates"":0,""crossover_infeasible_candidates"":0,""crossover_repair_changed_gene_count"":0,""persistent_population_size"":1,""unique_population_size"":1,""best_population_fitness"":0.472412109375,""configured_survivors_per_selection"":[16,4,1],""effective_survivors_per_selection"":[16,4,1],""effective_final_survivor_count"":1},""offspring_generation"":{""attempts"":128,""no_op_mutations"":0,""duplicate_candidates"":0,""infeasible_candidates"":0,""fixed_quant_legal_swap_counts"":[]},""maximum_depth_mutations_per_offspring"":3,""quantization_step_size"":1,""quantization_mutations_per_offspring"":1,""joint_aware_probability"":0.0,""adaptive_mutation"":false,""adaptive_mutation_strength"":1,""adaptive_mutation_patience"":3,""adaptive_mutation_max_strength"":3,""coarse_to_fine_mutation"":false,""coarse_to_fine_start_strength"":3,""coarse_to_fine_end_strength"":1,""stagnation_generations_after_selection"":0}",quantization,True,128,128,16,5,262144,262144,655360,5513,43646976,29353.800028502097,15276.82177734375
38,0.478515625,0.472412109375,kl,0.478515625,,,,,0,{},128,16,4,1,"[16,4,1]","[2048,16384,131072]",5503193088,4.083333333333333,3216.5078125,26982023168,26982023168,0,8,8,"{""type"":""mixed_depth_quantization"",""sequential_mode"":""none"",""joint_mutation_mode"":""standard"",""parent_before_generation_hash"":""a9aefecab1e5eb458f2209d8fd5ccb787abfd2ade46404e026b087a845c689f2"",""parent_after_generation_hash"":""a7e2ca3e595965de604de3cc553b35bec721068c9b140544c4e111edb741ebce"",""generated_offspring_by_type"":{""depth"":54,""quantization"":74,""joint_aware"":0,""interaction_aware"":0,""sequential_quantization"":0,""fixed_quant_depth"":0,""component crossover"":0,""component crossover + repair"":0},""depth_mask_entries_changed_by_type"":{""depth"":174,""quantization"":0,""joint_aware"":0,""interaction_aware"":0,""sequential_quantization"":0,""fixed_quant_depth"":0,""component crossover"":0,""component crossover + repair"":0},""quant_assignments_changed_by_type"":{""depth"":138,""quantization"":175,""joint_aware"":0,""interaction_aware"":0,""sequential_quantization"":0,""fixed_quant_depth"":0,""component crossover"":0,""component crossover + repair"":0},""depth_mask_entries_changed_total"":174,""quant_assignments_changed_total"":313,""interaction_aware_details"":{""budget_repair_quant_changes"":0,""preferred_quant_exchanges_used"":0,""fallback_quant_exchanges_used"":0},""crossover_diagnostics"":{""crossover_offspring"":0,""mutation_offspring"":128,""crossover_offspring_attempted"":0,""crossover_duplicates"":0,""crossover_infeasible_candidates"":0,""crossover_repair_changed_gene_count"":0,""persistent_population_size"":1,""unique_population_size"":1,""best_population_fitness"":0.478515625,""configured_survivors_per_selection"":[16,4,1],""effective_survivors_per_selection"":[16,4,1],""effective_final_survivor_count"":1},""offspring_generation"":{""attempts"":128,""no_op_mutations"":0,""duplicate_candidates"":0,""infeasible_candidates"":0,""fixed_quant_legal_swap_counts"":[]},""maximum_depth_mutations_per_offspring"":3,""quantization_step_size"":1,""quantization_mutations_per_offspring"":1,""joint_aware_probability"":0.0,""adaptive_mutation"":false,""adaptive_mutation_strength"":1,""adaptive_mutation_patience"":3,""adaptive_mutation_max_strength"":3,""coarse_to_fine_mutation"":false,""coarse_to_fine_start_strength"":3,""coarse_to_fine_end_strength"":1,""stagnation_generations_after_selection"":0}",quantization,True,128,128,16,5,262144,262144,655360,5662,44826624,30069.375578474093,15276.82177734375
39,0.5107421875,0.478515625,kl,0.5107421875,,,,,0,{},128,16,4,1,"[16,4,1]","[2048,16384,131072]",5503193088,4.083333333333333,3216.5078125,26982023168,26982023168,0,8,8,"{""type"":""mixed_depth_quantization"",""sequential_mode"":""none"",""joint_mutation_mode"":""standard"",""parent_before_generation_hash"":""a7e2ca3e595965de604de3cc553b35bec721068c9b140544c4e111edb741ebce"",""parent_after_generation_hash"":""1b9df88e1aeecc19c5293df281c360c40b0558b1508f3d2d47830860f242470a"",""generated_offspring_by_type"":{""depth"":49,""quantization"":79,""joint_aware"":0,""interaction_aware"":0,""sequential_quantization"":0,""fixed_quant_depth"":0,""component crossover"":0,""component crossover + repair"":0},""depth_mask_entries_changed_by_type"":{""depth"":148,""quantization"":0,""joint_aware"":0,""interaction_aware"":0,""sequential_quantization"":0,""fixed_quant_depth"":0,""component crossover"":0,""component crossover + repair"":0},""quant_assignments_changed_by_type"":{""depth"":129,""quantization"":179,""joint_aware"":0,""interaction_aware"":0,""sequential_quantization"":0,""fixed_quant_depth"":0,""component crossover"":0,""component crossover + repair"":0},""depth_mask_entries_changed_total"":148,""quant_assignments_changed_total"":308,""interaction_aware_details"":{""budget_repair_quant_changes"":0,""preferred_quant_exchanges_used"":0,""fallback_quant_exchanges_used"":0},""crossover_diagnostics"":{""crossover_offspring"":0,""mutation_offspring"":128,""crossover_offspring_attempted"":0,""crossover_duplicates"":0,""crossover_infeasible_candidates"":0,""crossover_repair_changed_gene_count"":0,""persistent_population_size"":1,""unique_population_size"":1,""best_population_fitness"":0.5107421875,""configured_survivors_per_selection"":[16,4,1],""effective_survivors_per_selection"":[16,4,1],""effective_final_survivor_count"":1},""offspring_generation"":{""attempts"":128,""no_op_mutations"":0,""duplicate_candidates"":0,""infeasible_candidates"":0,""fixed_quant_legal_swap_counts"":[]},""maximum_depth_mutations_per_offspring"":3,""quantization_step_size"":1,""quantization_mutations_per_offspring"":1,""joint_aware_probability"":0.0,""adaptive_mutation"":false,""adaptive_mutation_strength"":1,""adaptive_mutation_patience"":3,""adaptive_mutation_max_strength"":3,""coarse_to_fine_mutation"":false,""coarse_to_fine_start_strength"":3,""coarse_to_fine_end_strength"":1,""stagnation_generations_after_selection"":0}",quantization,True,128,128,16,5,262144,262144,655360,5811,46006272,30850.7411616701,15276.82177734375
40,0.480224609375,0.5107421875,kl,0.480224609375,,,,,0,{},128,16,4,1,"[16,4,1]","[2048,16384,131072]",5503193088,4.083333333333333,3216.5078125,26982023168,26982023168,0,8,8,"{""type"":""mixed_depth_quantization"",""sequential_mode"":""none"",""joint_mutation_mode"":""standard"",""parent_before_generation_hash"":""1b9df88e1aeecc19c5293df281c360c40b0558b1508f3d2d47830860f242470a"",""parent_after_generation_hash"":""83cc53bdaeafcd8132b24a7fa242075d6f3c5999a8249961daf3b3517f6ba6ad"",""generated_offspring_by_type"":{""depth"":61,""quantization"":67,""joint_aware"":0,""interaction_aware"":0,""sequential_quantization"":0,""fixed_quant_depth"":0,""component crossover"":0,""component crossover + repair"":0},""depth_mask_entries_changed_by_type"":{""depth"":188,""quantization"":0,""joint_aware"":0,""interaction_aware"":0,""sequential_quantization"":0,""fixed_quant_depth"":0,""component crossover"":0,""component crossover + repair"":0},""quant_assignments_changed_by_type"":{""depth"":164,""quantization"":158,""joint_aware"":0,""interaction_aware"":0,""sequential_quantization"":0,""fixed_quant_depth"":0,""component crossover"":0,""component crossover + repair"":0},""depth_mask_entries_changed_total"":188,""quant_assignments_changed_total"":322,""interaction_aware_details"":{""budget_repair_quant_changes"":0,""preferred_quant_exchanges_used"":0,""fallback_quant_exchanges_used"":0},""crossover_diagnostics"":{""crossover_offspring"":0,""mutation_offspring"":128,""crossover_offspring_attempted"":0,""crossover_duplicates"":0,""crossover_infeasible_candidates"":0,""crossover_repair_changed_gene_count"":0,""persistent_population_size"":1,""unique_population_size"":1,""best_population_fitness"":0.480224609375,""configured_survivors_per_selection"":[16,4,1],""effective_survivors_per_selection"":[16,4,1],""effective_final_survivor_count"":1},""offspring_generation"":{""attempts"":129,""no_op_mutations"":0,""duplicate_candidates"":1,""infeasible_candidates"":0,""fixed_quant_legal_swap_counts"":[]},""maximum_depth_mutations_per_offspring"":3,""quantization_step_size"":1,""quantization_mutations_per_offspring"":1,""joint_aware_probability"":0.0,""adaptive_mutation"":false,""adaptive_mutation_strength"":1,""adaptive_mutation_patience"":3,""adaptive_mutation_max_strength"":3,""coarse_to_fine_mutation"":false,""coarse_to_fine_start_strength"":3,""coarse_to_fine_end_strength"":1,""stagnation_generations_after_selection"":0}",quantization,True,129,128,16,5,262144,262144,655360,5960,47185920,31574.814052343092,15276.82177734375
41,0.475830078125,0.480224609375,kl,0.475830078125,10.3828125,9.1796875,12.765625,,917504,"{""wikitext2"":327680,""c4"":589824}",128,16,4,1,"[16,4,1]","[2048,16384,131072]",5503193088,4.083333333333333,3216.5078125,26982023168,26982023168,0,8,8,"{""type"":""mixed_depth_quantization"",""sequential_mode"":""none"",""joint_mutation_mode"":""standard"",""parent_before_generation_hash"":""83cc53bdaeafcd8132b24a7fa242075d6f3c5999a8249961daf3b3517f6ba6ad"",""parent_after_generation_hash"":""2bb958c5b182c65778b0215851cdc643e1140f7216c89f798a06f06bf42fa85a"",""generated_offspring_by_type"":{""depth"":58,""quantization"":70,""joint_aware"":0,""interaction_aware"":0,""sequential_quantization"":0,""fixed_quant_depth"":0,""component crossover"":0,""component crossover + repair"":0},""depth_mask_entries_changed_by_type"":{""depth"":178,""quantization"":0,""joint_aware"":0,""interaction_aware"":0,""sequential_quantization"":0,""fixed_quant_depth"":0,""component crossover"":0,""component crossover + repair"":0},""quant_assignments_changed_by_type"":{""depth"":127,""quantization"":165,""joint_aware"":0,""interaction_aware"":0,""sequential_quantization"":0,""fixed_quant_depth"":0,""component crossover"":0,""component crossover + repair"":0},""depth_mask_entries_changed_total"":178,""quant_assignments_changed_total"":292,""interaction_aware_details"":{""budget_repair_quant_changes"":0,""preferred_quant_exchanges_used"":0,""fallback_quant_exchanges_used"":0},""crossover_diagnostics"":{""crossover_offspring"":0,""mutation_offspring"":128,""crossover_offspring_attempted"":0,""crossover_duplicates"":0,""crossover_infeasible_candidates"":0,""crossover_repair_changed_gene_count"":0,""persistent_population_size"":1,""unique_population_size"":1,""best_population_fitness"":0.475830078125,""configured_survivors_per_selection"":[16,4,1],""effective_survivors_per_selection"":[16,4,1],""effective_final_survivor_count"":1},""offspring_generation"":{""attempts"":128,""no_op_mutations"":0,""duplicate_candidates"":0,""infeasible_candidates"":0,""fixed_quant_legal_swap_counts"":[]},""maximum_depth_mutations_per_offspring"":3,""quantization_step_size"":1,""quantization_mutations_per_offspring"":1,""joint_aware_probability"":0.0,""adaptive_mutation"":false,""adaptive_mutation_strength"":1,""adaptive_mutation_patience"":3,""adaptive_mutation_max_strength"":3,""coarse_to_fine_mutation"":false,""coarse_to_fine_start_strength"":3,""coarse_to_fine_end_strength"":1,""stagnation_generations_after_selection"":0}",quantization,True,128,128,16,5,262144,262144,655360,6109,48365568,32500.686660685096,15276.82177734375
42,0.4892578125,0.475830078125,kl,0.4892578125,,,,,0,{},128,16,4,1,"[16,4,1]","[2048,16384,131072]",5503193088,4.083333333333333,3216.5078125,26982023168,26982023168,0,8,8,"{""type"":""mixed_depth_quantization"",""sequential_mode"":""none"",""joint_mutation_mode"":""standard"",""parent_before_generation_hash"":""2bb958c5b182c65778b0215851cdc643e1140f7216c89f798a06f06bf42fa85a"",""parent_after_generation_hash"":""da900a5d0cbe903dbe7c440fe6b0888d7576e8dc94d28c036836b5ebc0bbd736"",""generated_offspring_by_type"":{""depth"":56,""quantization"":72,""joint_aware"":0,""interaction_aware"":0,""sequential_quantization"":0,""fixed_quant_depth"":0,""component crossover"":0,""component crossover + repair"":0},""depth_mask_entries_changed_by_type"":{""depth"":166,""quantization"":0,""joint_aware"":0,""interaction_aware"":0,""sequential_quantization"":0,""fixed_quant_depth"":0,""component crossover"":0,""component crossover + repair"":0},""quant_assignments_changed_by_type"":{""depth"":147,""quantization"":167,""joint_aware"":0,""interaction_aware"":0,""sequential_quantization"":0,""fixed_quant_depth"":0,""component crossover"":0,""component crossover + repair"":0},""depth_mask_entries_changed_total"":166,""quant_assignments_changed_total"":314,""interaction_aware_details"":{""budget_repair_quant_changes"":0,""preferred_quant_exchanges_used"":0,""fallback_quant_exchanges_used"":0},""crossover_diagnostics"":{""crossover_offspring"":0,""mutation_offspring"":128,""crossover_offspring_attempted"":0,""crossover_duplicates"":0,""crossover_infeasible_candidates"":0,""crossover_repair_changed_gene_count"":0,""persistent_population_size"":1,""unique_population_size"":1,""best_population_fitness"":0.4892578125,""configured_survivors_per_selection"":[16,4,1],""effective_survivors_per_selection"":[16,4,1],""effective_final_survivor_count"":1},""offspring_generation"":{""attempts"":130,""no_op_mutations"":1,""duplicate_candidates"":1,""infeasible_candidates"":0,""fixed_quant_legal_swap_counts"":[]},""maximum_depth_mutations_per_offspring"":3,""quantization_step_size"":1,""quantization_mutations_per_offspring"":1,""joint_aware_probability"":0.0,""adaptive_mutation"":false,""adaptive_mutation_strength"":1,""adaptive_mutation_patience"":3,""adaptive_mutation_max_strength"":3,""coarse_to_fine_mutation"":false,""coarse_to_fine_start_strength"":3,""coarse_to_fine_end_strength"":1,""stagnation_generations_after_selection"":0}",quantization,True,130,128,16,5,262144,262144,655360,6258,49545216,33212.255696970096,15276.82177734375
43,0.493896484375,0.4892578125,kl,0.493896484375,,,,,0,{},128,16,4,1,"[16,4,1]","[2048,16384,131072]",5503193088,4.083333333333333,3216.5078125,26982023168,26982023168,0,8,8,"{""type"":""mixed_depth_quantization"",""sequential_mode"":""none"",""joint_mutation_mode"":""standard"",""parent_before_generation_hash"":""da900a5d0cbe903dbe7c440fe6b0888d7576e8dc94d28c036836b5ebc0bbd736"",""parent_after_generation_hash"":""971c1a7f00cc2695bc50961517ced5544f3077a412000b9ac383a090b26cf555"",""generated_offspring_by_type"":{""depth"":68,""quantization"":60,""joint_aware"":0,""interaction_aware"":0,""sequential_quantization"":0,""fixed_quant_depth"":0,""component crossover"":0,""component crossover + repair"":0},""depth_mask_entries_changed_by_type"":{""depth"":224,""quantization"":0,""joint_aware"":0,""interaction_aware"":0,""sequential_quantization"":0,""fixed_quant_depth"":0,""component crossover"":0,""component crossover + repair"":0},""quant_assignments_changed_by_type"":{""depth"":173,""quantization"":140,""joint_aware"":0,""interaction_aware"":0,""sequential_quantization"":0,""fixed_quant_depth"":0,""component crossover"":0,""component crossover + repair"":0},""depth_mask_entries_changed_total"":224,""quant_assignments_changed_total"":313,""interaction_aware_details"":{""budget_repair_quant_changes"":0,""preferred_quant_exchanges_used"":0,""fallback_quant_exchanges_used"":0},""crossover_diagnostics"":{""crossover_offspring"":0,""mutation_offspring"":128,""crossover_offspring_attempted"":0,""crossover_duplicates"":0,""crossover_infeasible_candidates"":0,""crossover_repair_changed_gene_count"":0,""persistent_population_size"":1,""unique_population_size"":1,""best_population_fitness"":0.493896484375,""configured_survivors_per_selection"":[16,4,1],""effective_survivors_per_selection"":[16,4,1],""effective_final_survivor_count"":1},""offspring_generation"":{""attempts"":130,""no_op_mutations"":0,""duplicate_candidates"":2,""infeasible_candidates"":0,""fixed_quant_legal_swap_counts"":[]},""maximum_depth_mutations_per_offspring"":3,""quantization_step_size"":1,""quantization_mutations_per_offspring"":1,""joint_aware_probability"":0.0,""adaptive_mutation"":false,""adaptive_mutation_strength"":1,""adaptive_mutation_patience"":3,""adaptive_mutation_max_strength"":3,""coarse_to_fine_mutation"":false,""coarse_to_fine_start_strength"":3,""coarse_to_fine_end_strength"":1,""stagnation_generations_after_selection"":0}",quantization,True,130,128,16,5,262144,262144,655360,6407,50724864,33924.0135493501,15276.82177734375
44,0.480712890625,0.493896484375,kl,0.480712890625,,,,,0,{},128,16,4,1,"[16,4,1]","[2048,16384,131072]",5503193088,4.083333333333333,3216.5078125,26982023168,26982023168,0,8,8,"{""type"":""mixed_depth_quantization"",""sequential_mode"":""none"",""joint_mutation_mode"":""standard"",""parent_before_generation_hash"":""971c1a7f00cc2695bc50961517ced5544f3077a412000b9ac383a090b26cf555"",""parent_after_generation_hash"":""b9cc6bfd592946ce95cd690720375def1b5a8f925e85b5895cc68f2183409baa"",""generated_offspring_by_type"":{""depth"":60,""quantization"":68,""joint_aware"":0,""interaction_aware"":0,""sequential_quantization"":0,""fixed_quant_depth"":0,""component crossover"":0,""component crossover + repair"":0},""depth_mask_entries_changed_by_type"":{""depth"":176,""quantization"":0,""joint_aware"":0,""interaction_aware"":0,""sequential_quantization"":0,""fixed_quant_depth"":0,""component crossover"":0,""component crossover + repair"":0},""quant_assignments_changed_by_type"":{""depth"":143,""quantization"":163,""joint_aware"":0,""interaction_aware"":0,""sequential_quantization"":0,""fixed_quant_depth"":0,""component crossover"":0,""component crossover + repair"":0},""depth_mask_entries_changed_total"":176,""quant_assignments_changed_total"":306,""interaction_aware_details"":{""budget_repair_quant_changes"":0,""preferred_quant_exchanges_used"":0,""fallback_quant_exchanges_used"":0},""crossover_diagnostics"":{""crossover_offspring"":0,""mutation_offspring"":128,""crossover_offspring_attempted"":0,""crossover_duplicates"":0,""crossover_infeasible_candidates"":0,""crossover_repair_changed_gene_count"":0,""persistent_population_size"":1,""unique_population_size"":1,""best_population_fitness"":0.480712890625,""configured_survivors_per_selection"":[16,4,1],""effective_survivors_per_selection"":[16,4,1],""effective_final_survivor_count"":1},""offspring_generation"":{""attempts"":129,""no_op_mutations"":0,""duplicate_candidates"":1,""infeasible_candidates"":0,""fixed_quant_legal_swap_counts"":[]},""maximum_depth_mutations_per_offspring"":3,""quantization_step_size"":1,""quantization_mutations_per_offspring"":1,""joint_aware_probability"":0.0,""adaptive_mutation"":false,""adaptive_mutation_strength"":1,""adaptive_mutation_patience"":3,""adaptive_mutation_max_strength"":3,""coarse_to_fine_mutation"":false,""coarse_to_fine_start_strength"":3,""coarse_to_fine_end_strength"":1,""stagnation_generations_after_selection"":0}",quantization,True,129,128,16,5,262144,262144,655360,6556,51904512,34695.0277060721,15276.82177734375
45,0.50146484375,0.480712890625,kl,0.50146484375,,,,,0,{},128,16,4,1,"[16,4,1]","[2048,16384,131072]",5503193088,4.083333333333333,3216.5078125,26982023168,26982023168,0,8,8,"{""type"":""mixed_depth_quantization"",""sequential_mode"":""none"",""joint_mutation_mode"":""standard"",""parent_before_generation_hash"":""b9cc6bfd592946ce95cd690720375def1b5a8f925e85b5895cc68f2183409baa"",""parent_after_generation_hash"":""a78f844c4010fd8097a36479390f67543e4866f58fd9af6f327dc86b999fd84f"",""generated_offspring_by_type"":{""depth"":64,""quantization"":64,""joint_aware"":0,""interaction_aware"":0,""sequential_quantization"":0,""fixed_quant_depth"":0,""component crossover"":0,""component crossover + repair"":0},""depth_mask_entries_changed_by_type"":{""depth"":184,""quantization"":0,""joint_aware"":0,""interaction_aware"":0,""sequential_quantization"":0,""fixed_quant_depth"":0,""component crossover"":0,""component crossover + repair"":0},""quant_assignments_changed_by_type"":{""depth"":156,""quantization"":149,""joint_aware"":0,""interaction_aware"":0,""sequential_quantization"":0,""fixed_quant_depth"":0,""component crossover"":0,""component crossover + repair"":0},""depth_mask_entries_changed_total"":184,""quant_assignments_changed_total"":305,""interaction_aware_details"":{""budget_repair_quant_changes"":0,""preferred_quant_exchanges_used"":0,""fallback_quant_exchanges_used"":0},""crossover_diagnostics"":{""crossover_offspring"":0,""mutation_offspring"":128,""crossover_offspring_attempted"":0,""crossover_duplicates"":0,""crossover_infeasible_candidates"":0,""crossover_repair_changed_gene_count"":0,""persistent_population_size"":1,""unique_population_size"":1,""best_population_fitness"":0.50146484375,""configured_survivors_per_selection"":[16,4,1],""effective_survivors_per_selection"":[16,4,1],""effective_final_survivor_count"":1},""offspring_generation"":{""attempts"":128,""no_op_mutations"":0,""duplicate_candidates"":0,""infeasible_candidates"":0,""fixed_quant_legal_swap_counts"":[]},""maximum_depth_mutations_per_offspring"":3,""quantization_step_size"":1,""quantization_mutations_per_offspring"":1,""joint_aware_probability"":0.0,""adaptive_mutation"":false,""adaptive_mutation_strength"":1,""adaptive_mutation_patience"":3,""adaptive_mutation_max_strength"":3,""coarse_to_fine_mutation"":false,""coarse_to_fine_start_strength"":3,""coarse_to_fine_end_strength"":1,""stagnation_generations_after_selection"":0}",quantization,True,128,128,16,5,262144,262144,655360,6705,53084160,35403.7511510481,15276.82177734375
46,0.47900390625,0.50146484375,kl,0.47900390625,10.28125,9.1953125,12.6640625,,917504,"{""wikitext2"":327680,""c4"":589824}",128,16,4,1,"[16,4,1]","[2048,16384,131072]",5503193088,4.083333333333333,3216.5078125,26982023168,26982023168,0,8,8,"{""type"":""mixed_depth_quantization"",""sequential_mode"":""none"",""joint_mutation_mode"":""standard"",""parent_before_generation_hash"":""a78f844c4010fd8097a36479390f67543e4866f58fd9af6f327dc86b999fd84f"",""parent_after_generation_hash"":""6a7483621401b21e36d07a0834ea7af70715215cfe568775ac2d5395c2e986d6"",""generated_offspring_by_type"":{""depth"":68,""quantization"":60,""joint_aware"":0,""interaction_aware"":0,""sequential_quantization"":0,""fixed_quant_depth"":0,""component crossover"":0,""component crossover + repair"":0},""depth_mask_entries_changed_by_type"":{""depth"":200,""quantization"":0,""joint_aware"":0,""interaction_aware"":0,""sequential_quantization"":0,""fixed_quant_depth"":0,""component crossover"":0,""component crossover + repair"":0},""quant_assignments_changed_by_type"":{""depth"":170,""quantization"":143,""joint_aware"":0,""interaction_aware"":0,""sequential_quantization"":0,""fixed_quant_depth"":0,""component crossover"":0,""component crossover + repair"":0},""depth_mask_entries_changed_total"":200,""quant_assignments_changed_total"":313,""interaction_aware_details"":{""budget_repair_quant_changes"":0,""preferred_quant_exchanges_used"":0,""fallback_quant_exchanges_used"":0},""crossover_diagnostics"":{""crossover_offspring"":0,""mutation_offspring"":128,""crossover_offspring_attempted"":0,""crossover_duplicates"":0,""crossover_infeasible_candidates"":0,""crossover_repair_changed_gene_count"":0,""persistent_population_size"":1,""unique_population_size"":1,""best_population_fitness"":0.47900390625,""configured_survivors_per_selection"":[16,4,1],""effective_survivors_per_selection"":[16,4,1],""effective_final_survivor_count"":1},""offspring_generation"":{""attempts"":128,""no_op_mutations"":0,""duplicate_candidates"":0,""infeasible_candidates"":0,""fixed_quant_legal_swap_counts"":[]},""maximum_depth_mutations_per_offspring"":3,""quantization_step_size"":1,""quantization_mutations_per_offspring"":1,""joint_aware_probability"":0.0,""adaptive_mutation"":false,""adaptive_mutation_strength"":1,""adaptive_mutation_patience"":3,""adaptive_mutation_max_strength"":3,""coarse_to_fine_mutation"":false,""coarse_to_fine_start_strength"":3,""coarse_to_fine_end_strength"":1,""stagnation_generations_after_selection"":0}",quantization,True,128,128,16,5,262144,262144,655360,6854,54263808,36357.8421619151,15276.82177734375
47,0.471923828125,0.47900390625,kl,0.471923828125,,,,,0,{},128,16,4,1,"[16,4,1]","[2048,16384,131072]",5503193088,4.083333333333333,3216.5078125,26982023168,26982023168,0,8,8,"{""type"":""mixed_depth_quantization"",""sequential_mode"":""none"",""joint_mutation_mode"":""standard"",""parent_before_generation_hash"":""6a7483621401b21e36d07a0834ea7af70715215cfe568775ac2d5395c2e986d6"",""parent_after_generation_hash"":""82167b24ace3ee6212183db8da34eddd50899c8b5c166b0591b33cf87e23eceb"",""generated_offspring_by_type"":{""depth"":62,""quantization"":66,""joint_aware"":0,""interaction_aware"":0,""sequential_quantization"":0,""fixed_quant_depth"":0,""component crossover"":0,""component crossover + repair"":0},""depth_mask_entries_changed_by_type"":{""depth"":198,""quantization"":0,""joint_aware"":0,""interaction_aware"":0,""sequential_quantization"":0,""fixed_quant_depth"":0,""component crossover"":0,""component crossover + repair"":0},""quant_assignments_changed_by_type"":{""depth"":132,""quantization"":157,""joint_aware"":0,""interaction_aware"":0,""sequential_quantization"":0,""fixed_quant_depth"":0,""component crossover"":0,""component crossover + repair"":0},""depth_mask_entries_changed_total"":198,""quant_assignments_changed_total"":289,""interaction_aware_details"":{""budget_repair_quant_changes"":0,""preferred_quant_exchanges_used"":0,""fallback_quant_exchanges_used"":0},""crossover_diagnostics"":{""crossover_offspring"":0,""mutation_offspring"":128,""crossover_offspring_attempted"":0,""crossover_duplicates"":0,""crossover_infeasible_candidates"":0,""crossover_repair_changed_gene_count"":0,""persistent_population_size"":1,""unique_population_size"":1,""best_population_fitness"":0.471923828125,""configured_survivors_per_selection"":[16,4,1],""effective_survivors_per_selection"":[16,4,1],""effective_final_survivor_count"":1},""offspring_generation"":{""attempts"":129,""no_op_mutations"":0,""duplicate_candidates"":1,""infeasible_candidates"":0,""fixed_quant_legal_swap_counts"":[]},""maximum_depth_mutations_per_offspring"":3,""quantization_step_size"":1,""quantization_mutations_per_offspring"":1,""joint_aware_probability"":0.0,""adaptive_mutation"":false,""adaptive_mutation_strength"":1,""adaptive_mutation_patience"":3,""adaptive_mutation_max_strength"":3,""coarse_to_fine_mutation"":false,""coarse_to_fine_start_strength"":3,""coarse_to_fine_end_strength"":1,""stagnation_generations_after_selection"":0}",quantization,True,129,128,16,5,262144,262144,655360,7003,55443456,37076.5395990221,15276.82177734375
48,0.45947265625,0.471923828125,kl,0.45947265625,,,,,0,{},128,16,4,1,"[16,4,1]","[2048,16384,131072]",5503193088,4.083333333333333,3216.5078125,26982023168,26982023168,0,8,8,"{""type"":""mixed_depth_quantization"",""sequential_mode"":""none"",""joint_mutation_mode"":""standard"",""parent_before_generation_hash"":""82167b24ace3ee6212183db8da34eddd50899c8b5c166b0591b33cf87e23eceb"",""parent_after_generation_hash"":""1df80aac8f9e9c067989128d16c8a1698391bfb09e28e8f8e982d9465add620a"",""generated_offspring_by_type"":{""depth"":69,""quantization"":59,""joint_aware"":0,""interaction_aware"":0,""sequential_quantization"":0,""fixed_quant_depth"":0,""component crossover"":0,""component crossover + repair"":0},""depth_mask_entries_changed_by_type"":{""depth"":216,""quantization"":0,""joint_aware"":0,""interaction_aware"":0,""sequential_quantization"":0,""fixed_quant_depth"":0,""component crossover"":0,""component crossover + repair"":0},""quant_assignments_changed_by_type"":{""depth"":165,""quantization"":140,""joint_aware"":0,""interaction_aware"":0,""sequential_quantization"":0,""fixed_quant_depth"":0,""component crossover"":0,""component crossover + repair"":0},""depth_mask_entries_changed_total"":216,""quant_assignments_changed_total"":305,""interaction_aware_details"":{""budget_repair_quant_changes"":0,""preferred_quant_exchanges_used"":0,""fallback_quant_exchanges_used"":0},""crossover_diagnostics"":{""crossover_offspring"":0,""mutation_offspring"":128,""crossover_offspring_attempted"":0,""crossover_duplicates"":0,""crossover_infeasible_candidates"":0,""crossover_repair_changed_gene_count"":0,""persistent_population_size"":1,""unique_population_size"":1,""best_population_fitness"":0.45947265625,""configured_survivors_per_selection"":[16,4,1],""effective_survivors_per_selection"":[16,4,1],""effective_final_survivor_count"":1},""offspring_generation"":{""attempts"":128,""no_op_mutations"":0,""duplicate_candidates"":0,""infeasible_candidates"":0,""fixed_quant_legal_swap_counts"":[]},""maximum_depth_mutations_per_offspring"":3,""quantization_step_size"":1,""quantization_mutations_per_offspring"":1,""joint_aware_probability"":0.0,""adaptive_mutation"":false,""adaptive_mutation_strength"":1,""adaptive_mutation_patience"":3,""adaptive_mutation_max_strength"":3,""coarse_to_fine_mutation"":false,""coarse_to_fine_start_strength"":3,""coarse_to_fine_end_strength"":1,""stagnation_generations_after_selection"":0}",quantization,True,128,128,16,5,262144,262144,655360,7152,56623104,37708.77774702609,15276.82177734375
49,0.48583984375,0.45947265625,kl,0.48583984375,,,,,0,{},128,16,4,1,"[16,4,1]","[2048,16384,131072]",5503193088,4.083333333333333,3216.5078125,26982023168,26982023168,0,8,8,"{""type"":""mixed_depth_quantization"",""sequential_mode"":""none"",""joint_mutation_mode"":""standard"",""parent_before_generation_hash"":""1df80aac8f9e9c067989128d16c8a1698391bfb09e28e8f8e982d9465add620a"",""parent_after_generation_hash"":""45db6922650c785eb5b95dd3f51fe59c2f890050be42056fe15d23e6769e4556"",""generated_offspring_by_type"":{""depth"":67,""quantization"":61,""joint_aware"":0,""interaction_aware"":0,""sequential_quantization"":0,""fixed_quant_depth"":0,""component crossover"":0,""component crossover + repair"":0},""depth_mask_entries_changed_by_type"":{""depth"":198,""quantization"":0,""joint_aware"":0,""interaction_aware"":0,""sequential_quantization"":0,""fixed_quant_depth"":0,""component crossover"":0,""component crossover + repair"":0},""quant_assignments_changed_by_type"":{""depth"":164,""quantization"":146,""joint_aware"":0,""interaction_aware"":0,""sequential_quantization"":0,""fixed_quant_depth"":0,""component crossover"":0,""component crossover + repair"":0},""depth_mask_entries_changed_total"":198,""quant_assignments_changed_total"":310,""interaction_aware_details"":{""budget_repair_quant_changes"":0,""preferred_quant_exchanges_used"":0,""fallback_quant_exchanges_used"":0},""crossover_diagnostics"":{""crossover_offspring"":0,""mutation_offspring"":128,""crossover_offspring_attempted"":0,""crossover_duplicates"":0,""crossover_infeasible_candidates"":0,""crossover_repair_changed_gene_count"":0,""persistent_population_size"":1,""unique_population_size"":1,""best_population_fitness"":0.48583984375,""configured_survivors_per_selection"":[16,4,1],""effective_survivors_per_selection"":[16,4,1],""effective_final_survivor_count"":1},""offspring_generation"":{""attempts"":128,""no_op_mutations"":0,""duplicate_candidates"":0,""infeasible_candidates"":0,""fixed_quant_legal_swap_counts"":[]},""maximum_depth_mutations_per_offspring"":3,""quantization_step_size"":1,""quantization_mutations_per_offspring"":1,""joint_aware_probability"":0.0,""adaptive_mutation"":false,""adaptive_mutation_strength"":1,""adaptive_mutation_patience"":3,""adaptive_mutation_max_strength"":3,""coarse_to_fine_mutation"":false,""coarse_to_fine_start_strength"":3,""coarse_to_fine_end_strength"":1,""stagnation_generations_after_selection"":0}",quantization,True,128,128,16,5,262144,262144,655360,7301,57802752,38426.892293072095,15276.82177734375
50,0.47705078125,0.48583984375,kl,0.47705078125,,,,,0,{},128,16,4,1,"[16,4,1]","[2048,16384,131072]",5503193088,4.083333333333333,3216.5078125,26982023168,26982023168,0,8,8,"{""type"":""mixed_depth_quantization"",""sequential_mode"":""none"",""joint_mutation_mode"":""standard"",""parent_before_generation_hash"":""45db6922650c785eb5b95dd3f51fe59c2f890050be42056fe15d23e6769e4556"",""parent_after_generation_hash"":""40e45bddbc74294cef97e97c48a1d938473a7ff387144840da29f38c9311da5c"",""generated_offspring_by_type"":{""depth"":66,""quantization"":62,""joint_aware"":0,""interaction_aware"":0,""sequential_quantization"":0,""fixed_quant_depth"":0,""component crossover"":0,""component crossover + repair"":0},""depth_mask_entries_changed_by_type"":{""depth"":198,""quantization"":0,""joint_aware"":0,""interaction_aware"":0,""sequential_quantization"":0,""fixed_quant_depth"":0,""component crossover"":0,""component crossover + repair"":0},""quant_assignments_changed_by_type"":{""depth"":146,""quantization"":141,""joint_aware"":0,""interaction_aware"":0,""sequential_quantization"":0,""fixed_quant_depth"":0,""component crossover"":0,""component crossover + repair"":0},""depth_mask_entries_changed_total"":198,""quant_assignments_changed_total"":287,""interaction_aware_details"":{""budget_repair_quant_changes"":0,""preferred_quant_exchanges_used"":0,""fallback_quant_exchanges_used"":0},""crossover_diagnostics"":{""crossover_offspring"":0,""mutation_offspring"":128,""crossover_offspring_attempted"":0,""crossover_duplicates"":0,""crossover_infeasible_candidates"":0,""crossover_repair_changed_gene_count"":0,""persistent_population_size"":1,""unique_population_size"":1,""best_population_fitness"":0.47705078125,""configured_survivors_per_selection"":[16,4,1],""effective_survivors_per_selection"":[16,4,1],""effective_final_survivor_count"":1},""offspring_generation"":{""attempts"":128,""no_op_mutations"":0,""duplicate_candidates"":0,""infeasible_candidates"":0,""fixed_quant_legal_swap_counts"":[]},""maximum_depth_mutations_per_offspring"":3,""quantization_step_size"":1,""quantization_mutations_per_offspring"":1,""joint_aware_probability"":0.0,""adaptive_mutation"":false,""adaptive_mutation_strength"":1,""adaptive_mutation_patience"":3,""adaptive_mutation_max_strength"":3,""coarse_to_fine_mutation"":false,""coarse_to_fine_start_strength"":3,""coarse_to_fine_end_strength"":1,""stagnation_generations_after_selection"":0}",quantization,True,128,128,16,5,262144,262144,655360,7450,58982400,39125.705837843096,15276.82177734375
51,0.492919921875,0.47705078125,kl,0.492919921875,10.2421875,9.1796875,12.6640625,,917504,"{""wikitext2"":327680,""c4"":589824}",128,16,4,1,"[16,4,1]","[2048,16384,131072]",5503193088,4.083333333333333,3216.5078125,26982023168,26982023168,0,8,8,"{""type"":""mixed_depth_quantization"",""sequential_mode"":""none"",""joint_mutation_mode"":""standard"",""parent_before_generation_hash"":""40e45bddbc74294cef97e97c48a1d938473a7ff387144840da29f38c9311da5c"",""parent_after_generation_hash"":""51788c08f001cbfbac79346c959cea233bf647b16bb8f1ab94cbaa650484e2f1"",""generated_offspring_by_type"":{""depth"":70,""quantization"":58,""joint_aware"":0,""interaction_aware"":0,""sequential_quantization"":0,""fixed_quant_depth"":0,""component crossover"":0,""component crossover + repair"":0},""depth_mask_entries_changed_by_type"":{""depth"":190,""quantization"":0,""joint_aware"":0,""interaction_aware"":0,""sequential_quantization"":0,""fixed_quant_depth"":0,""component crossover"":0,""component crossover + repair"":0},""quant_assignments_changed_by_type"":{""depth"":155,""quantization"":134,""joint_aware"":0,""interaction_aware"":0,""sequential_quantization"":0,""fixed_quant_depth"":0,""component crossover"":0,""component crossover + repair"":0},""depth_mask_entries_changed_total"":190,""quant_assignments_changed_total"":289,""interaction_aware_details"":{""budget_repair_quant_changes"":0,""preferred_quant_exchanges_used"":0,""fallback_quant_exchanges_used"":0},""crossover_diagnostics"":{""crossover_offspring"":0,""mutation_offspring"":128,""crossover_offspring_attempted"":0,""crossover_duplicates"":0,""crossover_infeasible_candidates"":0,""crossover_repair_changed_gene_count"":0,""persistent_population_size"":1,""unique_population_size"":1,""best_population_fitness"":0.492919921875,""configured_survivors_per_selection"":[16,4,1],""effective_survivors_per_selection"":[16,4,1],""effective_final_survivor_count"":1},""offspring_generation"":{""attempts"":128,""no_op_mutations"":0,""duplicate_candidates"":0,""infeasible_candidates"":0,""fixed_quant_legal_swap_counts"":[]},""maximum_depth_mutations_per_offspring"":3,""quantization_step_size"":1,""quantization_mutations_per_offspring"":1,""joint_aware_probability"":0.0,""adaptive_mutation"":false,""adaptive_mutation_strength"":1,""adaptive_mutation_patience"":3,""adaptive_mutation_max_strength"":3,""coarse_to_fine_mutation"":false,""coarse_to_fine_start_strength"":3,""coarse_to_fine_end_strength"":1,""stagnation_generations_after_selection"":0}",quantization,True,128,128,16,5,262144,262144,655360,7599,60162048,39966.3268001711,15276.82177734375
52,0.49609375,0.492919921875,kl,0.49609375,,,,,0,{},128,16,4,1,"[16,4,1]","[2048,16384,131072]",5503193088,4.083333333333333,3216.5078125,26982023168,26982023168,0,8,8,"{""type"":""mixed_depth_quantization"",""sequential_mode"":""none"",""joint_mutation_mode"":""standard"",""parent_before_generation_hash"":""51788c08f001cbfbac79346c959cea233bf647b16bb8f1ab94cbaa650484e2f1"",""parent_after_generation_hash"":""6f42febad04520f2dcf110085c06d9802b37f30c6d8d6e7bf8f9359f9faf0c98"",""generated_offspring_by_type"":{""depth"":71,""quantization"":57,""joint_aware"":0,""interaction_aware"":0,""sequential_quantization"":0,""fixed_quant_depth"":0,""component crossover"":0,""component crossover + repair"":0},""depth_mask_entries_changed_by_type"":{""depth"":218,""quantization"":0,""joint_aware"":0,""interaction_aware"":0,""sequential_quantization"":0,""fixed_quant_depth"":0,""component crossover"":0,""component crossover + repair"":0},""quant_assignments_changed_by_type"":{""depth"":155,""quantization"":139,""joint_aware"":0,""interaction_aware"":0,""sequential_quantization"":0,""fixed_quant_depth"":0,""component crossover"":0,""component crossover + repair"":0},""depth_mask_entries_changed_total"":218,""quant_assignments_changed_total"":294,""interaction_aware_details"":{""budget_repair_quant_changes"":0,""preferred_quant_exchanges_used"":0,""fallback_quant_exchanges_used"":0},""crossover_diagnostics"":{""crossover_offspring"":0,""mutation_offspring"":128,""crossover_offspring_attempted"":0,""crossover_duplicates"":0,""crossover_infeasible_candidates"":0,""crossover_repair_changed_gene_count"":0,""persistent_population_size"":1,""unique_population_size"":1,""best_population_fitness"":0.49609375,""configured_survivors_per_selection"":[16,4,1],""effective_survivors_per_selection"":[16,4,1],""effective_final_survivor_count"":1},""offspring_generation"":{""attempts"":128,""no_op_mutations"":0,""duplicate_candidates"":0,""infeasible_candidates"":0,""fixed_quant_legal_swap_counts"":[]},""maximum_depth_mutations_per_offspring"":3,""quantization_step_size"":1,""quantization_mutations_per_offspring"":1,""joint_aware_probability"":0.0,""adaptive_mutation"":false,""adaptive_mutation_strength"":1,""adaptive_mutation_patience"":3,""adaptive_mutation_max_strength"":3,""coarse_to_fine_mutation"":false,""coarse_to_fine_start_strength"":3,""coarse_to_fine_end_strength"":1,""stagnation_generations_after_selection"":0}",quantization,True,128,128,16,5,262144,262144,655360,7748,61341696,40670.737894359096,15276.82177734375
53,0.489501953125,0.49609375,kl,0.489501953125,,,,,0,{},128,16,4,1,"[16,4,1]","[2048,16384,131072]",5503193088,4.083333333333333,3216.5078125,26982023168,26982023168,0,8,8,"{""type"":""mixed_depth_quantization"",""sequential_mode"":""none"",""joint_mutation_mode"":""standard"",""parent_before_generation_hash"":""6f42febad04520f2dcf110085c06d9802b37f30c6d8d6e7bf8f9359f9faf0c98"",""parent_after_generation_hash"":""d84d7f6c1c7e825064ac09be9c53546637c632b63180c0b723a32e909e8bd9b6"",""generated_offspring_by_type"":{""depth"":64,""quantization"":64,""joint_aware"":0,""interaction_aware"":0,""sequential_quantization"":0,""fixed_quant_depth"":0,""component crossover"":0,""component crossover + repair"":0},""depth_mask_entries_changed_by_type"":{""depth"":190,""quantization"":0,""joint_aware"":0,""interaction_aware"":0,""sequential_quantization"":0,""fixed_quant_depth"":0,""component crossover"":0,""component crossover + repair"":0},""quant_assignments_changed_by_type"":{""depth"":148,""quantization"":143,""joint_aware"":0,""interaction_aware"":0,""sequential_quantization"":0,""fixed_quant_depth"":0,""component crossover"":0,""component crossover + repair"":0},""depth_mask_entries_changed_total"":190,""quant_assignments_changed_total"":291,""interaction_aware_details"":{""budget_repair_quant_changes"":0,""preferred_quant_exchanges_used"":0,""fallback_quant_exchanges_used"":0},""crossover_diagnostics"":{""crossover_offspring"":0,""mutation_offspring"":128,""crossover_offspring_attempted"":0,""crossover_duplicates"":0,""crossover_infeasible_candidates"":0,""crossover_repair_changed_gene_count"":0,""persistent_population_size"":1,""unique_population_size"":1,""best_population_fitness"":0.489501953125,""configured_survivors_per_selection"":[16,4,1],""effective_survivors_per_selection"":[16,4,1],""effective_final_survivor_count"":1},""offspring_generation"":{""attempts"":128,""no_op_mutations"":0,""duplicate_candidates"":0,""infeasible_candidates"":0,""fixed_quant_legal_swap_counts"":[]},""maximum_depth_mutations_per_offspring"":3,""quantization_step_size"":1,""quantization_mutations_per_offspring"":1,""joint_aware_probability"":0.0,""adaptive_mutation"":false,""adaptive_mutation_strength"":1,""adaptive_mutation_patience"":3,""adaptive_mutation_max_strength"":3,""coarse_to_fine_mutation"":false,""coarse_to_fine_start_strength"":3,""coarse_to_fine_end_strength"":1,""stagnation_generations_after_selection"":0}",quantization,True,128,128,16,5,262144,262144,655360,7897,62521344,41406.807079519094,15276.82177734375
54,0.464111328125,0.489501953125,kl,0.464111328125,,,,,0,{},128,16,4,1,"[16,4,1]","[2048,16384,131072]",5503193088,4.083333333333333,3216.5078125,26982023168,26982023168,0,8,8,"{""type"":""mixed_depth_quantization"",""sequential_mode"":""none"",""joint_mutation_mode"":""standard"",""parent_before_generation_hash"":""d84d7f6c1c7e825064ac09be9c53546637c632b63180c0b723a32e909e8bd9b6"",""parent_after_generation_hash"":""b6a53e395d4304adb76b2f8536dfebcb98c51cd09586df0ff45dc4e65ab94ca2"",""generated_offspring_by_type"":{""depth"":65,""quantization"":63,""joint_aware"":0,""interaction_aware"":0,""sequential_quantization"":0,""fixed_quant_depth"":0,""component crossover"":0,""component crossover + repair"":0},""depth_mask_entries_changed_by_type"":{""depth"":202,""quantization"":0,""joint_aware"":0,""interaction_aware"":0,""sequential_quantization"":0,""fixed_quant_depth"":0,""component crossover"":0,""component crossover + repair"":0},""quant_assignments_changed_by_type"":{""depth"":156,""quantization"":154,""joint_aware"":0,""interaction_aware"":0,""sequential_quantization"":0,""fixed_quant_depth"":0,""component crossover"":0,""component crossover + repair"":0},""depth_mask_entries_changed_total"":202,""quant_assignments_changed_total"":310,""interaction_aware_details"":{""budget_repair_quant_changes"":0,""preferred_quant_exchanges_used"":0,""fallback_quant_exchanges_used"":0},""crossover_diagnostics"":{""crossover_offspring"":0,""mutation_offspring"":128,""crossover_offspring_attempted"":0,""crossover_duplicates"":0,""crossover_infeasible_candidates"":0,""crossover_repair_changed_gene_count"":0,""persistent_population_size"":1,""unique_population_size"":1,""best_population_fitness"":0.464111328125,""configured_survivors_per_selection"":[16,4,1],""effective_survivors_per_selection"":[16,4,1],""effective_final_survivor_count"":1},""offspring_generation"":{""attempts"":129,""no_op_mutations"":0,""duplicate_candidates"":1,""infeasible_candidates"":0,""fixed_quant_legal_swap_counts"":[]},""maximum_depth_mutations_per_offspring"":3,""quantization_step_size"":1,""quantization_mutations_per_offspring"":1,""joint_aware_probability"":0.0,""adaptive_mutation"":false,""adaptive_mutation_strength"":1,""adaptive_mutation_patience"":3,""adaptive_mutation_max_strength"":3,""coarse_to_fine_mutation"":false,""coarse_to_fine_start_strength"":3,""coarse_to_fine_end_strength"":1,""stagnation_generations_after_selection"":0}",quantization,True,129,128,16,5,262144,262144,655360,8046,63700992,42084.9406603341,15276.82177734375
55,0.484130859375,0.464111328125,kl,0.484130859375,,,,,0,{},128,16,4,1,"[16,4,1]","[2048,16384,131072]",5503193088,4.083333333333333,3216.5078125,26982023168,26982023168,0,8,8,"{""type"":""mixed_depth_quantization"",""sequential_mode"":""none"",""joint_mutation_mode"":""standard"",""parent_before_generation_hash"":""b6a53e395d4304adb76b2f8536dfebcb98c51cd09586df0ff45dc4e65ab94ca2"",""parent_after_generation_hash"":""b1688d1e5a0b396c0ccd4c8dd58f7343b75c2e536cd3ac9bc05c89ca1ded15ae"",""generated_offspring_by_type"":{""depth"":69,""quantization"":59,""joint_aware"":0,""interaction_aware"":0,""sequential_quantization"":0,""fixed_quant_depth"":0,""component crossover"":0,""component crossover + repair"":0},""depth_mask_entries_changed_by_type"":{""depth"":222,""quantization"":0,""joint_aware"":0,""interaction_aware"":0,""sequential_quantization"":0,""fixed_quant_depth"":0,""component crossover"":0,""component crossover + repair"":0},""quant_assignments_changed_by_type"":{""depth"":195,""quantization"":138,""joint_aware"":0,""interaction_aware"":0,""sequential_quantization"":0,""fixed_quant_depth"":0,""component crossover"":0,""component crossover + repair"":0},""depth_mask_entries_changed_total"":222,""quant_assignments_changed_total"":333,""interaction_aware_details"":{""budget_repair_quant_changes"":0,""preferred_quant_exchanges_used"":0,""fallback_quant_exchanges_used"":0},""crossover_diagnostics"":{""crossover_offspring"":0,""mutation_offspring"":128,""crossover_offspring_attempted"":0,""crossover_duplicates"":0,""crossover_infeasible_candidates"":0,""crossover_repair_changed_gene_count"":0,""persistent_population_size"":1,""unique_population_size"":1,""best_population_fitness"":0.484130859375,""configured_survivors_per_selection"":[16,4,1],""effective_survivors_per_selection"":[16,4,1],""effective_final_survivor_count"":1},""offspring_generation"":{""attempts"":128,""no_op_mutations"":0,""duplicate_candidates"":0,""infeasible_candidates"":0,""fixed_quant_legal_swap_counts"":[]},""maximum_depth_mutations_per_offspring"":3,""quantization_step_size"":1,""quantization_mutations_per_offspring"":1,""joint_aware_probability"":0.0,""adaptive_mutation"":false,""adaptive_mutation_strength"":1,""adaptive_mutation_patience"":3,""adaptive_mutation_max_strength"":3,""coarse_to_fine_mutation"":false,""coarse_to_fine_start_strength"":3,""coarse_to_fine_end_strength"":1,""stagnation_generations_after_selection"":0}",quantization,True,128,128,16,5,262144,262144,655360,8195,64880640,42771.811878203094,15276.82177734375
56,0.475830078125,0.484130859375,kl,0.475830078125,10.2421875,9.0859375,12.640625,,917504,"{""wikitext2"":327680,""c4"":589824}",128,16,4,1,"[16,4,1]","[2048,16384,131072]",5503193088,4.083333333333333,3216.5078125,26982023168,26982023168,0,8,8,"{""type"":""mixed_depth_quantization"",""sequential_mode"":""none"",""joint_mutation_mode"":""standard"",""parent_before_generation_hash"":""b1688d1e5a0b396c0ccd4c8dd58f7343b75c2e536cd3ac9bc05c89ca1ded15ae"",""parent_after_generation_hash"":""492639be320cbb347e09abf837da8c34589d5dc916826b89f371a324b7cd03bb"",""generated_offspring_by_type"":{""depth"":69,""quantization"":59,""joint_aware"":0,""interaction_aware"":0,""sequential_quantization"":0,""fixed_quant_depth"":0,""component crossover"":0,""component crossover + repair"":0},""depth_mask_entries_changed_by_type"":{""depth"":198,""quantization"":0,""joint_aware"":0,""interaction_aware"":0,""sequential_quantization"":0,""fixed_quant_depth"":0,""component crossover"":0,""component crossover + repair"":0},""quant_assignments_changed_by_type"":{""depth"":165,""quantization"":140,""joint_aware"":0,""interaction_aware"":0,""sequential_quantization"":0,""fixed_quant_depth"":0,""component crossover"":0,""component crossover + repair"":0},""depth_mask_entries_changed_total"":198,""quant_assignments_changed_total"":305,""interaction_aware_details"":{""budget_repair_quant_changes"":0,""preferred_quant_exchanges_used"":0,""fallback_quant_exchanges_used"":0},""crossover_diagnostics"":{""crossover_offspring"":0,""mutation_offspring"":128,""crossover_offspring_attempted"":0,""crossover_duplicates"":0,""crossover_infeasible_candidates"":0,""crossover_repair_changed_gene_count"":0,""persistent_population_size"":1,""unique_population_size"":1,""best_population_fitness"":0.475830078125,""configured_survivors_per_selection"":[16,4,1],""effective_survivors_per_selection"":[16,4,1],""effective_final_survivor_count"":1},""offspring_generation"":{""attempts"":129,""no_op_mutations"":0,""duplicate_candidates"":1,""infeasible_candidates"":0,""fixed_quant_legal_swap_counts"":[]},""maximum_depth_mutations_per_offspring"":3,""quantization_step_size"":1,""quantization_mutations_per_offspring"":1,""joint_aware_probability"":0.0,""adaptive_mutation"":false,""adaptive_mutation_strength"":1,""adaptive_mutation_patience"":3,""adaptive_mutation_max_strength"":3,""coarse_to_fine_mutation"":false,""coarse_to_fine_start_strength"":3,""coarse_to_fine_end_strength"":1,""stagnation_generations_after_selection"":0}",quantization,True,129,128,16,5,262144,262144,655360,8344,66060288,43767.825417690095,15276.82177734375
57,0.4853515625,0.475830078125,kl,0.4853515625,,,,,0,{},128,16,4,1,"[16,4,1]","[2048,16384,131072]",5503193088,4.083333333333333,3216.5078125,26982023168,26982023168,0,8,8,"{""type"":""mixed_depth_quantization"",""sequential_mode"":""none"",""joint_mutation_mode"":""standard"",""parent_before_generation_hash"":""492639be320cbb347e09abf837da8c34589d5dc916826b89f371a324b7cd03bb"",""parent_after_generation_hash"":""f785c176d4f6bb98fb405aba7539d41b488c074233f54f273bbb9558033447bc"",""generated_offspring_by_type"":{""depth"":62,""quantization"":66,""joint_aware"":0,""interaction_aware"":0,""sequential_quantization"":0,""fixed_quant_depth"":0,""component crossover"":0,""component crossover + repair"":0},""depth_mask_entries_changed_by_type"":{""depth"":182,""quantization"":0,""joint_aware"":0,""interaction_aware"":0,""sequential_quantization"":0,""fixed_quant_depth"":0,""component crossover"":0,""component crossover + repair"":0},""quant_assignments_changed_by_type"":{""depth"":140,""quantization"":156,""joint_aware"":0,""interaction_aware"":0,""sequential_quantization"":0,""fixed_quant_depth"":0,""component crossover"":0,""component crossover + repair"":0},""depth_mask_entries_changed_total"":182,""quant_assignments_changed_total"":296,""interaction_aware_details"":{""budget_repair_quant_changes"":0,""preferred_quant_exchanges_used"":0,""fallback_quant_exchanges_used"":0},""crossover_diagnostics"":{""crossover_offspring"":0,""mutation_offspring"":128,""crossover_offspring_attempted"":0,""crossover_duplicates"":0,""crossover_infeasible_candidates"":0,""crossover_repair_changed_gene_count"":0,""persistent_population_size"":1,""unique_population_size"":1,""best_population_fitness"":0.4853515625,""configured_survivors_per_selection"":[16,4,1],""effective_survivors_per_selection"":[16,4,1],""effective_final_survivor_count"":1},""offspring_generation"":{""attempts"":128,""no_op_mutations"":0,""duplicate_candidates"":0,""infeasible_candidates"":0,""fixed_quant_legal_swap_counts"":[]},""maximum_depth_mutations_per_offspring"":3,""quantization_step_size"":1,""quantization_mutations_per_offspring"":1,""joint_aware_probability"":0.0,""adaptive_mutation"":false,""adaptive_mutation_strength"":1,""adaptive_mutation_patience"":3,""adaptive_mutation_max_strength"":3,""coarse_to_fine_mutation"":false,""coarse_to_fine_start_strength"":3,""coarse_to_fine_end_strength"":1,""stagnation_generations_after_selection"":0}",quantization,True,128,128,16,5,262144,262144,655360,8493,67239936,44491.81706050709,15276.82177734375
58,0.468017578125,0.4853515625,kl,0.468017578125,,,,,0,{},128,16,4,1,"[16,4,1]","[2048,16384,131072]",5503193088,4.083333333333333,3216.5078125,26982023168,26982023168,0,8,8,"{""type"":""mixed_depth_quantization"",""sequential_mode"":""none"",""joint_mutation_mode"":""standard"",""parent_before_generation_hash"":""f785c176d4f6bb98fb405aba7539d41b488c074233f54f273bbb9558033447bc"",""parent_after_generation_hash"":""04a750b3d50b8acede1012f186269b0eab655ae7e2e1f48d39a96eaa5c44956b"",""generated_offspring_by_type"":{""depth"":69,""quantization"":59,""joint_aware"":0,""interaction_aware"":0,""sequential_quantization"":0,""fixed_quant_depth"":0,""component crossover"":0,""component crossover + repair"":0},""depth_mask_entries_changed_by_type"":{""depth"":198,""quantization"":0,""joint_aware"":0,""interaction_aware"":0,""sequential_quantization"":0,""fixed_quant_depth"":0,""component crossover"":0,""component crossover + repair"":0},""quant_assignments_changed_by_type"":{""depth"":141,""quantization"":130,""joint_aware"":0,""interaction_aware"":0,""sequential_quantization"":0,""fixed_quant_depth"":0,""component crossover"":0,""component crossover + repair"":0},""depth_mask_entries_changed_total"":198,""quant_assignments_changed_total"":271,""interaction_aware_details"":{""budget_repair_quant_changes"":0,""preferred_quant_exchanges_used"":0,""fallback_quant_exchanges_used"":0},""crossover_diagnostics"":{""crossover_offspring"":0,""mutation_offspring"":128,""crossover_offspring_attempted"":0,""crossover_duplicates"":0,""crossover_infeasible_candidates"":0,""crossover_repair_changed_gene_count"":0,""persistent_population_size"":1,""unique_population_size"":1,""best_population_fitness"":0.468017578125,""configured_survivors_per_selection"":[16,4,1],""effective_survivors_per_selection"":[16,4,1],""effective_final_survivor_count"":1},""offspring_generation"":{""attempts"":128,""no_op_mutations"":0,""duplicate_candidates"":0,""infeasible_candidates"":0,""fixed_quant_legal_swap_counts"":[]},""maximum_depth_mutations_per_offspring"":3,""quantization_step_size"":1,""quantization_mutations_per_offspring"":1,""joint_aware_probability"":0.0,""adaptive_mutation"":false,""adaptive_mutation_strength"":1,""adaptive_mutation_patience"":3,""adaptive_mutation_max_strength"":3,""coarse_to_fine_mutation"":false,""coarse_to_fine_start_strength"":3,""coarse_to_fine_end_strength"":1,""stagnation_generations_after_selection"":0}",quantization,True,128,128,16,5,262144,262144,655360,8642,68419584,45218.1420290591,15276.82177734375
59,0.479248046875,0.468017578125,kl,0.479248046875,,,,,0,{},128,16,4,1,"[16,4,1]","[2048,16384,131072]",5503193088,4.083333333333333,3216.5078125,26982023168,26982023168,0,8,8,"{""type"":""mixed_depth_quantization"",""sequential_mode"":""none"",""joint_mutation_mode"":""standard"",""parent_before_generation_hash"":""04a750b3d50b8acede1012f186269b0eab655ae7e2e1f48d39a96eaa5c44956b"",""parent_after_generation_hash"":""25063b2031c5175652ba83d9f3937dc57bb63a9d0d1beb14fa39f3e015e015c7"",""generated_offspring_by_type"":{""depth"":62,""quantization"":66,""joint_aware"":0,""interaction_aware"":0,""sequential_quantization"":0,""fixed_quant_depth"":0,""component crossover"":0,""component crossover + repair"":0},""depth_mask_entries_changed_by_type"":{""depth"":188,""quantization"":0,""joint_aware"":0,""interaction_aware"":0,""sequential_quantization"":0,""fixed_quant_depth"":0,""component crossover"":0,""component crossover + repair"":0},""quant_assignments_changed_by_type"":{""depth"":154,""quantization"":148,""joint_aware"":0,""interaction_aware"":0,""sequential_quantization"":0,""fixed_quant_depth"":0,""component crossover"":0,""component crossover + repair"":0},""depth_mask_entries_changed_total"":188,""quant_assignments_changed_total"":302,""interaction_aware_details"":{""budget_repair_quant_changes"":0,""preferred_quant_exchanges_used"":0,""fallback_quant_exchanges_used"":0},""crossover_diagnostics"":{""crossover_offspring"":0,""mutation_offspring"":128,""crossover_offspring_attempted"":0,""crossover_duplicates"":0,""crossover_infeasible_candidates"":0,""crossover_repair_changed_gene_count"":0,""persistent_population_size"":1,""unique_population_size"":1,""best_population_fitness"":0.479248046875,""configured_survivors_per_selection"":[16,4,1],""effective_survivors_per_selection"":[16,4,1],""effective_final_survivor_count"":1},""offspring_generation"":{""attempts"":128,""no_op_mutations"":0,""duplicate_candidates"":0,""infeasible_candidates"":0,""fixed_quant_legal_swap_counts"":[]},""maximum_depth_mutations_per_offspring"":3,""quantization_step_size"":1,""quantization_mutations_per_offspring"":1,""joint_aware_probability"":0.0,""adaptive_mutation"":false,""adaptive_mutation_strength"":1,""adaptive_mutation_patience"":3,""adaptive_mutation_max_strength"":3,""coarse_to_fine_mutation"":false,""coarse_to_fine_start_strength"":3,""coarse_to_fine_end_strength"":1,""stagnation_generations_after_selection"":0}",quantization,True,128,128,16,5,262144,262144,655360,8791,69599232,45935.9977419171,15276.82177734375
60,0.46533203125,0.479248046875,kl,0.46533203125,,,,,0,{},128,16,4,1,"[16,4,1]","[2048,16384,131072]",5503193088,4.083333333333333,3216.5078125,26982023168,26982023168,0,8,8,"{""type"":""mixed_depth_quantization"",""sequential_mode"":""none"",""joint_mutation_mode"":""standard"",""parent_before_generation_hash"":""25063b2031c5175652ba83d9f3937dc57bb63a9d0d1beb14fa39f3e015e015c7"",""parent_after_generation_hash"":""91352430c69e5f58d8e87f51951820610a0419916beb581d56f8dac0d31490f1"",""generated_offspring_by_type"":{""depth"":60,""quantization"":68,""joint_aware"":0,""interaction_aware"":0,""sequential_quantization"":0,""fixed_quant_depth"":0,""component crossover"":0,""component crossover + repair"":0},""depth_mask_entries_changed_by_type"":{""depth"":180,""quantization"":0,""joint_aware"":0,""interaction_aware"":0,""sequential_quantization"":0,""fixed_quant_depth"":0,""component crossover"":0,""component crossover + repair"":0},""quant_assignments_changed_by_type"":{""depth"":145,""quantization"":157,""joint_aware"":0,""interaction_aware"":0,""sequential_quantization"":0,""fixed_quant_depth"":0,""component crossover"":0,""component crossover + repair"":0},""depth_mask_entries_changed_total"":180,""quant_assignments_changed_total"":302,""interaction_aware_details"":{""budget_repair_quant_changes"":0,""preferred_quant_exchanges_used"":0,""fallback_quant_exchanges_used"":0},""crossover_diagnostics"":{""crossover_offspring"":0,""mutation_offspring"":128,""crossover_offspring_attempted"":0,""crossover_duplicates"":0,""crossover_infeasible_candidates"":0,""crossover_repair_changed_gene_count"":0,""persistent_population_size"":1,""unique_population_size"":1,""best_population_fitness"":0.46533203125,""configured_survivors_per_selection"":[16,4,1],""effective_survivors_per_selection"":[16,4,1],""effective_final_survivor_count"":1},""offspring_generation"":{""attempts"":128,""no_op_mutations"":0,""duplicate_candidates"":0,""infeasible_candidates"":0,""fixed_quant_legal_swap_counts"":[]},""maximum_depth_mutations_per_offspring"":3,""quantization_step_size"":1,""quantization_mutations_per_offspring"":1,""joint_aware_probability"":0.0,""adaptive_mutation"":false,""adaptive_mutation_strength"":1,""adaptive_mutation_patience"":3,""adaptive_mutation_max_strength"":3,""coarse_to_fine_mutation"":false,""coarse_to_fine_start_strength"":3,""coarse_to_fine_end_strength"":1,""stagnation_generations_after_selection"":0}",depth,True,128,128,16,5,262144,262144,655360,8940,70778880,46717.547333422095,15276.82177734375
61,0.47509765625,0.46533203125,kl,0.47509765625,10.15625,8.984375,12.546875,,917504,"{""wikitext2"":327680,""c4"":589824}",128,16,4,1,"[16,4,1]","[2048,16384,131072]",5503193088,4.083333333333333,3216.5078125,26982023168,26982023168,0,8,8,"{""type"":""mixed_depth_quantization"",""sequential_mode"":""none"",""joint_mutation_mode"":""standard"",""parent_before_generation_hash"":""91352430c69e5f58d8e87f51951820610a0419916beb581d56f8dac0d31490f1"",""parent_after_generation_hash"":""38116d04496bec2691f162a0c6e4261c0afe0c823a32ea88b5b612e80ec57b98"",""generated_offspring_by_type"":{""depth"":55,""quantization"":73,""joint_aware"":0,""interaction_aware"":0,""sequential_quantization"":0,""fixed_quant_depth"":0,""component crossover"":0,""component crossover + repair"":0},""depth_mask_entries_changed_by_type"":{""depth"":176,""quantization"":0,""joint_aware"":0,""interaction_aware"":0,""sequential_quantization"":0,""fixed_quant_depth"":0,""component crossover"":0,""component crossover + repair"":0},""quant_assignments_changed_by_type"":{""depth"":142,""quantization"":170,""joint_aware"":0,""interaction_aware"":0,""sequential_quantization"":0,""fixed_quant_depth"":0,""component crossover"":0,""component crossover + repair"":0},""depth_mask_entries_changed_total"":176,""quant_assignments_changed_total"":312,""interaction_aware_details"":{""budget_repair_quant_changes"":0,""preferred_quant_exchanges_used"":0,""fallback_quant_exchanges_used"":0},""crossover_diagnostics"":{""crossover_offspring"":0,""mutation_offspring"":128,""crossover_offspring_attempted"":0,""crossover_duplicates"":0,""crossover_infeasible_candidates"":0,""crossover_repair_changed_gene_count"":0,""persistent_population_size"":1,""unique_population_size"":1,""best_population_fitness"":0.47509765625,""configured_survivors_per_selection"":[16,4,1],""effective_survivors_per_selection"":[16,4,1],""effective_final_survivor_count"":1},""offspring_generation"":{""attempts"":128,""no_op_mutations"":0,""duplicate_candidates"":0,""infeasible_candidates"":0,""fixed_quant_legal_swap_counts"":[]},""maximum_depth_mutations_per_offspring"":3,""quantization_step_size"":1,""quantization_mutations_per_offspring"":1,""joint_aware_probability"":0.0,""adaptive_mutation"":false,""adaptive_mutation_strength"":1,""adaptive_mutation_patience"":3,""adaptive_mutation_max_strength"":3,""coarse_to_fine_mutation"":false,""coarse_to_fine_start_strength"":3,""coarse_to_fine_end_strength"":1,""stagnation_generations_after_selection"":0}",quantization,True,128,128,16,5,262144,262144,655360,9089,71958528,47628.706036384094,15276.82177734375
62,0.48046875,0.47509765625,kl,0.48046875,,,,,0,{},128,16,4,1,"[16,4,1]","[2048,16384,131072]",5503193088,4.083333333333333,3216.5078125,26982023168,26982023168,0,8,8,"{""type"":""mixed_depth_quantization"",""sequential_mode"":""none"",""joint_mutation_mode"":""standard"",""parent_before_generation_hash"":""38116d04496bec2691f162a0c6e4261c0afe0c823a32ea88b5b612e80ec57b98"",""parent_after_generation_hash"":""79940fb63d2447428a02c2cd5302b1e5fe96edb8380f8333c903fbfa6955f315"",""generated_offspring_by_type"":{""depth"":63,""quantization"":65,""joint_aware"":0,""interaction_aware"":0,""sequential_quantization"":0,""fixed_quant_depth"":0,""component crossover"":0,""component crossover + repair"":0},""depth_mask_entries_changed_by_type"":{""depth"":196,""quantization"":0,""joint_aware"":0,""interaction_aware"":0,""sequential_quantization"":0,""fixed_quant_depth"":0,""component crossover"":0,""component crossover + repair"":0},""quant_assignments_changed_by_type"":{""depth"":145,""quantization"":148,""joint_aware"":0,""interaction_aware"":0,""sequential_quantization"":0,""fixed_quant_depth"":0,""component crossover"":0,""component crossover + repair"":0},""depth_mask_entries_changed_total"":196,""quant_assignments_changed_total"":293,""interaction_aware_details"":{""budget_repair_quant_changes"":0,""preferred_quant_exchanges_used"":0,""fallback_quant_exchanges_used"":0},""crossover_diagnostics"":{""crossover_offspring"":0,""mutation_offspring"":128,""crossover_offspring_attempted"":0,""crossover_duplicates"":0,""crossover_infeasible_candidates"":0,""crossover_repair_changed_gene_count"":0,""persistent_population_size"":1,""unique_population_size"":1,""best_population_fitness"":0.48046875,""configured_survivors_per_selection"":[16,4,1],""effective_survivors_per_selection"":[16,4,1],""effective_final_survivor_count"":1},""offspring_generation"":{""attempts"":128,""no_op_mutations"":0,""duplicate_candidates"":0,""infeasible_candidates"":0,""fixed_quant_legal_swap_counts"":[]},""maximum_depth_mutations_per_offspring"":3,""quantization_step_size"":1,""quantization_mutations_per_offspring"":1,""joint_aware_probability"":0.0,""adaptive_mutation"":false,""adaptive_mutation_strength"":1,""adaptive_mutation_patience"":3,""adaptive_mutation_max_strength"":3,""coarse_to_fine_mutation"":false,""coarse_to_fine_start_strength"":3,""coarse_to_fine_end_strength"":1,""stagnation_generations_after_selection"":0}",quantization,True,128,128,16,5,262144,262144,655360,9238,73138176,48337.3954432271,15276.82177734375
63,0.474853515625,0.48046875,kl,0.474853515625,,,,,0,{},128,16,4,1,"[16,4,1]","[2048,16384,131072]",5503193088,4.083333333333333,3216.5078125,26982023168,26982023168,0,8,8,"{""type"":""mixed_depth_quantization"",""sequential_mode"":""none"",""joint_mutation_mode"":""standard"",""parent_before_generation_hash"":""79940fb63d2447428a02c2cd5302b1e5fe96edb8380f8333c903fbfa6955f315"",""parent_after_generation_hash"":""ad39ffbe367c73187f997cdf084e3b3a168f44c907e47ff742c1b939ded21bda"",""generated_offspring_by_type"":{""depth"":65,""quantization"":63,""joint_aware"":0,""interaction_aware"":0,""sequential_quantization"":0,""fixed_quant_depth"":0,""component crossover"":0,""component crossover + repair"":0},""depth_mask_entries_changed_by_type"":{""depth"":198,""quantization"":0,""joint_aware"":0,""interaction_aware"":0,""sequential_quantization"":0,""fixed_quant_depth"":0,""component crossover"":0,""component crossover + repair"":0},""quant_assignments_changed_by_type"":{""depth"":173,""quantization"":143,""joint_aware"":0,""interaction_aware"":0,""sequential_quantization"":0,""fixed_quant_depth"":0,""component crossover"":0,""component crossover + repair"":0},""depth_mask_entries_changed_total"":198,""quant_assignments_changed_total"":316,""interaction_aware_details"":{""budget_repair_quant_changes"":0,""preferred_quant_exchanges_used"":0,""fallback_quant_exchanges_used"":0},""crossover_diagnostics"":{""crossover_offspring"":0,""mutation_offspring"":128,""crossover_offspring_attempted"":0,""crossover_duplicates"":0,""crossover_infeasible_candidates"":0,""crossover_repair_changed_gene_count"":0,""persistent_population_size"":1,""unique_population_size"":1,""best_population_fitness"":0.474853515625,""configured_survivors_per_selection"":[16,4,1],""effective_survivors_per_selection"":[16,4,1],""effective_final_survivor_count"":1},""offspring_generation"":{""attempts"":128,""no_op_mutations"":0,""duplicate_candidates"":0,""infeasible_candidates"":0,""fixed_quant_legal_swap_counts"":[]},""maximum_depth_mutations_per_offspring"":3,""quantization_step_size"":1,""quantization_mutations_per_offspring"":1,""joint_aware_probability"":0.0,""adaptive_mutation"":false,""adaptive_mutation_strength"":1,""adaptive_mutation_patience"":3,""adaptive_mutation_max_strength"":3,""coarse_to_fine_mutation"":false,""coarse_to_fine_start_strength"":3,""coarse_to_fine_end_strength"":1,""stagnation_generations_after_selection"":0}",quantization,True,128,128,16,5,262144,262144,655360,9387,74317824,49087.56099269509,15276.82177734375
64,0.45556640625,0.474853515625,kl,0.45556640625,,,,,0,{},128,16,4,1,"[16,4,1]","[2048,16384,131072]",5503193088,4.083333333333333,3216.5078125,26982023168,26982023168,0,8,8,"{""type"":""mixed_depth_quantization"",""sequential_mode"":""none"",""joint_mutation_mode"":""standard"",""parent_before_generation_hash"":""ad39ffbe367c73187f997cdf084e3b3a168f44c907e47ff742c1b939ded21bda"",""parent_after_generation_hash"":""0db7f204d2dff66d65926407629f642d166b4d9557df8c0f1d7474a3b1742105"",""generated_offspring_by_type"":{""depth"":61,""quantization"":67,""joint_aware"":0,""interaction_aware"":0,""sequential_quantization"":0,""fixed_quant_depth"":0,""component crossover"":0,""component crossover + repair"":0},""depth_mask_entries_changed_by_type"":{""depth"":188,""quantization"":0,""joint_aware"":0,""interaction_aware"":0,""sequential_quantization"":0,""fixed_quant_depth"":0,""component crossover"":0,""component crossover + repair"":0},""quant_assignments_changed_by_type"":{""depth"":174,""quantization"":161,""joint_aware"":0,""interaction_aware"":0,""sequential_quantization"":0,""fixed_quant_depth"":0,""component crossover"":0,""component crossover + repair"":0},""depth_mask_entries_changed_total"":188,""quant_assignments_changed_total"":335,""interaction_aware_details"":{""budget_repair_quant_changes"":0,""preferred_quant_exchanges_used"":0,""fallback_quant_exchanges_used"":0},""crossover_diagnostics"":{""crossover_offspring"":0,""mutation_offspring"":128,""crossover_offspring_attempted"":0,""crossover_duplicates"":0,""crossover_infeasible_candidates"":0,""crossover_repair_changed_gene_count"":0,""persistent_population_size"":1,""unique_population_size"":1,""best_population_fitness"":0.45556640625,""configured_survivors_per_selection"":[16,4,1],""effective_survivors_per_selection"":[16,4,1],""effective_final_survivor_count"":1},""offspring_generation"":{""attempts"":129,""no_op_mutations"":0,""duplicate_candidates"":1,""infeasible_candidates"":0,""fixed_quant_legal_swap_counts"":[]},""maximum_depth_mutations_per_offspring"":3,""quantization_step_size"":1,""quantization_mutations_per_offspring"":1,""joint_aware_probability"":0.0,""adaptive_mutation"":false,""adaptive_mutation_strength"":1,""adaptive_mutation_patience"":3,""adaptive_mutation_max_strength"":3,""coarse_to_fine_mutation"":false,""coarse_to_fine_start_strength"":3,""coarse_to_fine_end_strength"":1,""stagnation_generations_after_selection"":0}",quantization,True,129,128,16,5,262144,262144,655360,9536,75497472,49852.24196123509,15276.82177734375
65,0.470458984375,0.45556640625,kl,0.470458984375,,,,,0,{},128,16,4,1,"[16,4,1]","[2048,16384,131072]",5503193088,4.083333333333333,3216.5078125,26982023168,26982023168,0,8,8,"{""type"":""mixed_depth_quantization"",""sequential_mode"":""none"",""joint_mutation_mode"":""standard"",""parent_before_generation_hash"":""0db7f204d2dff66d65926407629f642d166b4d9557df8c0f1d7474a3b1742105"",""parent_after_generation_hash"":""a603cb3527da03b3df3ad4166e5e7afd1fbf1bed289868b90b678c997cfcfbf6"",""generated_offspring_by_type"":{""depth"":68,""quantization"":60,""joint_aware"":0,""interaction_aware"":0,""sequential_quantization"":0,""fixed_quant_depth"":0,""component crossover"":0,""component crossover + repair"":0},""depth_mask_entries_changed_by_type"":{""depth"":204,""quantization"":0,""joint_aware"":0,""interaction_aware"":0,""sequential_quantization"":0,""fixed_quant_depth"":0,""component crossover"":0,""component crossover + repair"":0},""quant_assignments_changed_by_type"":{""depth"":165,""quantization"":141,""joint_aware"":0,""interaction_aware"":0,""sequential_quantization"":0,""fixed_quant_depth"":0,""component crossover"":0,""component crossover + repair"":0},""depth_mask_entries_changed_total"":204,""quant_assignments_changed_total"":306,""interaction_aware_details"":{""budget_repair_quant_changes"":0,""preferred_quant_exchanges_used"":0,""fallback_quant_exchanges_used"":0},""crossover_diagnostics"":{""crossover_offspring"":0,""mutation_offspring"":128,""crossover_offspring_attempted"":0,""crossover_duplicates"":0,""crossover_infeasible_candidates"":0,""crossover_repair_changed_gene_count"":0,""persistent_population_size"":1,""unique_population_size"":1,""best_population_fitness"":0.470458984375,""configured_survivors_per_selection"":[16,4,1],""effective_survivors_per_selection"":[16,4,1],""effective_final_survivor_count"":1},""offspring_generation"":{""attempts"":128,""no_op_mutations"":0,""duplicate_candidates"":0,""infeasible_candidates"":0,""fixed_quant_legal_swap_counts"":[]},""maximum_depth_mutations_per_offspring"":3,""quantization_step_size"":1,""quantization_mutations_per_offspring"":1,""joint_aware_probability"":0.0,""adaptive_mutation"":false,""adaptive_mutation_strength"":1,""adaptive_mutation_patience"":3,""adaptive_mutation_max_strength"":3,""coarse_to_fine_mutation"":false,""coarse_to_fine_start_strength"":3,""coarse_to_fine_end_strength"":1,""stagnation_generations_after_selection"":0}",quantization,True,128,128,16,5,262144,262144,655360,9685,76677120,50657.7271154001,15276.82177734375
66,0.454345703125,0.470458984375,kl,0.454345703125,10.15625,8.9453125,12.546875,,917504,"{""wikitext2"":327680,""c4"":589824}",128,16,4,1,"[16,4,1]","[2048,16384,131072]",5503193088,4.083333333333333,3216.5078125,26982023168,26982023168,0,8,8,"{""type"":""mixed_depth_quantization"",""sequential_mode"":""none"",""joint_mutation_mode"":""standard"",""parent_before_generation_hash"":""a603cb3527da03b3df3ad4166e5e7afd1fbf1bed289868b90b678c997cfcfbf6"",""parent_after_generation_hash"":""9aaebb1c292b7e667d998f8a48af5b598d2936f7ff4654045196f9677875962e"",""generated_offspring_by_type"":{""depth"":61,""quantization"":67,""joint_aware"":0,""interaction_aware"":0,""sequential_quantization"":0,""fixed_quant_depth"":0,""component crossover"":0,""component crossover + repair"":0},""depth_mask_entries_changed_by_type"":{""depth"":186,""quantization"":0,""joint_aware"":0,""interaction_aware"":0,""sequential_quantization"":0,""fixed_quant_depth"":0,""component crossover"":0,""component crossover + repair"":0},""quant_assignments_changed_by_type"":{""depth"":179,""quantization"":156,""joint_aware"":0,""interaction_aware"":0,""sequential_quantization"":0,""fixed_quant_depth"":0,""component crossover"":0,""component crossover + repair"":0},""depth_mask_entries_changed_total"":186,""quant_assignments_changed_total"":335,""interaction_aware_details"":{""budget_repair_quant_changes"":0,""preferred_quant_exchanges_used"":0,""fallback_quant_exchanges_used"":0},""crossover_diagnostics"":{""crossover_offspring"":0,""mutation_offspring"":128,""crossover_offspring_attempted"":0,""crossover_duplicates"":0,""crossover_infeasible_candidates"":0,""crossover_repair_changed_gene_count"":0,""persistent_population_size"":1,""unique_population_size"":1,""best_population_fitness"":0.454345703125,""configured_survivors_per_selection"":[16,4,1],""effective_survivors_per_selection"":[16,4,1],""effective_final_survivor_count"":1},""offspring_generation"":{""attempts"":128,""no_op_mutations"":0,""duplicate_candidates"":0,""infeasible_candidates"":0,""fixed_quant_legal_swap_counts"":[]},""maximum_depth_mutations_per_offspring"":3,""quantization_step_size"":1,""quantization_mutations_per_offspring"":1,""joint_aware_probability"":0.0,""adaptive_mutation"":false,""adaptive_mutation_strength"":1,""adaptive_mutation_patience"":3,""adaptive_mutation_max_strength"":3,""coarse_to_fine_mutation"":false,""coarse_to_fine_start_strength"":3,""coarse_to_fine_end_strength"":1,""stagnation_generations_after_selection"":0}",quantization,True,128,128,16,5,262144,262144,655360,9834,77856768,51594.623404587095,15276.82177734375
67,0.468017578125,0.454345703125,kl,0.468017578125,,,,,0,{},128,16,4,1,"[16,4,1]","[2048,16384,131072]",5503193088,4.083333333333333,3216.5078125,26982023168,26982023168,0,8,8,"{""type"":""mixed_depth_quantization"",""sequential_mode"":""none"",""joint_mutation_mode"":""standard"",""parent_before_generation_hash"":""9aaebb1c292b7e667d998f8a48af5b598d2936f7ff4654045196f9677875962e"",""parent_after_generation_hash"":""008933cd1cd4408b6b1605acb4a13805b177f1b04cef446d1db8b4b9d036567d"",""generated_offspring_by_type"":{""depth"":68,""quantization"":60,""joint_aware"":0,""interaction_aware"":0,""sequential_quantization"":0,""fixed_quant_depth"":0,""component crossover"":0,""component crossover + repair"":0},""depth_mask_entries_changed_by_type"":{""depth"":186,""quantization"":0,""joint_aware"":0,""interaction_aware"":0,""sequential_quantization"":0,""fixed_quant_depth"":0,""component crossover"":0,""component crossover + repair"":0},""quant_assignments_changed_by_type"":{""depth"":166,""quantization"":145,""joint_aware"":0,""interaction_aware"":0,""sequential_quantization"":0,""fixed_quant_depth"":0,""component crossover"":0,""component crossover + repair"":0},""depth_mask_entries_changed_total"":186,""quant_assignments_changed_total"":311,""interaction_aware_details"":{""budget_repair_quant_changes"":0,""preferred_quant_exchanges_used"":0,""fallback_quant_exchanges_used"":0},""crossover_diagnostics"":{""crossover_offspring"":0,""mutation_offspring"":128,""crossover_offspring_attempted"":0,""crossover_duplicates"":0,""crossover_infeasible_candidates"":0,""crossover_repair_changed_gene_count"":0,""persistent_population_size"":1,""unique_population_size"":1,""best_population_fitness"":0.468017578125,""configured_survivors_per_selection"":[16,4,1],""effective_survivors_per_selection"":[16,4,1],""effective_final_survivor_count"":1},""offspring_generation"":{""attempts"":130,""no_op_mutations"":0,""duplicate_candidates"":2,""infeasible_candidates"":0,""fixed_quant_legal_swap_counts"":[]},""maximum_depth_mutations_per_offspring"":3,""quantization_step_size"":1,""quantization_mutations_per_offspring"":1,""joint_aware_probability"":0.0,""adaptive_mutation"":false,""adaptive_mutation_strength"":1,""adaptive_mutation_patience"":3,""adaptive_mutation_max_strength"":3,""coarse_to_fine_mutation"":false,""coarse_to_fine_start_strength"":3,""coarse_to_fine_end_strength"":1,""stagnation_generations_after_selection"":0}",quantization,True,130,128,16,5,262144,262144,655360,9983,79036416,52300.78554423709,15276.82177734375
68,0.478515625,0.468017578125,kl,0.478515625,,,,,0,{},128,16,4,1,"[16,4,1]","[2048,16384,131072]",5503193088,4.083333333333333,3216.5078125,26982023168,26982023168,0,8,8,"{""type"":""mixed_depth_quantization"",""sequential_mode"":""none"",""joint_mutation_mode"":""standard"",""parent_before_generation_hash"":""008933cd1cd4408b6b1605acb4a13805b177f1b04cef446d1db8b4b9d036567d"",""parent_after_generation_hash"":""a56e14337d23e708613866402409cce5801daa0a90ad13db50cfb1a032e20535"",""generated_offspring_by_type"":{""depth"":62,""quantization"":66,""joint_aware"":0,""interaction_aware"":0,""sequential_quantization"":0,""fixed_quant_depth"":0,""component crossover"":0,""component crossover + repair"":0},""depth_mask_entries_changed_by_type"":{""depth"":194,""quantization"":0,""joint_aware"":0,""interaction_aware"":0,""sequential_quantization"":0,""fixed_quant_depth"":0,""component crossover"":0,""component crossover + repair"":0},""quant_assignments_changed_by_type"":{""depth"":164,""quantization"":155,""joint_aware"":0,""interaction_aware"":0,""sequential_quantization"":0,""fixed_quant_depth"":0,""component crossover"":0,""component crossover + repair"":0},""depth_mask_entries_changed_total"":194,""quant_assignments_changed_total"":319,""interaction_aware_details"":{""budget_repair_quant_changes"":0,""preferred_quant_exchanges_used"":0,""fallback_quant_exchanges_used"":0},""crossover_diagnostics"":{""crossover_offspring"":0,""mutation_offspring"":128,""crossover_offspring_attempted"":0,""crossover_duplicates"":0,""crossover_infeasible_candidates"":0,""crossover_repair_changed_gene_count"":0,""persistent_population_size"":1,""unique_population_size"":1,""best_population_fitness"":0.478515625,""configured_survivors_per_selection"":[16,4,1],""effective_survivors_per_selection"":[16,4,1],""effective_final_survivor_count"":1},""offspring_generation"":{""attempts"":128,""no_op_mutations"":0,""duplicate_candidates"":0,""infeasible_candidates"":0,""fixed_quant_legal_swap_counts"":[]},""maximum_depth_mutations_per_offspring"":3,""quantization_step_size"":1,""quantization_mutations_per_offspring"":1,""joint_aware_probability"":0.0,""adaptive_mutation"":false,""adaptive_mutation_strength"":1,""adaptive_mutation_patience"":3,""adaptive_mutation_max_strength"":3,""coarse_to_fine_mutation"":false,""coarse_to_fine_start_strength"":3,""coarse_to_fine_end_strength"":1,""stagnation_generations_after_selection"":0}",quantization,True,128,128,16,5,262144,262144,655360,10132,80216064,52983.0297053681,15276.82177734375
69,0.46875,0.478515625,kl,0.46875,,,,,0,{},128,16,4,1,"[16,4,1]","[2048,16384,131072]",5503193088,4.083333333333333,3216.5078125,26982023168,26982023168,0,8,8,"{""type"":""mixed_depth_quantization"",""sequential_mode"":""none"",""joint_mutation_mode"":""standard"",""parent_before_generation_hash"":""a56e14337d23e708613866402409cce5801daa0a90ad13db50cfb1a032e20535"",""parent_after_generation_hash"":""76a3196ce8afcd080c3cf03109b6a1e8c2590ef442bb0b786a941cab98e627fb"",""generated_offspring_by_type"":{""depth"":68,""quantization"":60,""joint_aware"":0,""interaction_aware"":0,""sequential_quantization"":0,""fixed_quant_depth"":0,""component crossover"":0,""component crossover + repair"":0},""depth_mask_entries_changed_by_type"":{""depth"":230,""quantization"":0,""joint_aware"":0,""interaction_aware"":0,""sequential_quantization"":0,""fixed_quant_depth"":0,""component crossover"":0,""component crossover + repair"":0},""quant_assignments_changed_by_type"":{""depth"":205,""quantization"":137,""joint_aware"":0,""interaction_aware"":0,""sequential_quantization"":0,""fixed_quant_depth"":0,""component crossover"":0,""component crossover + repair"":0},""depth_mask_entries_changed_total"":230,""quant_assignments_changed_total"":342,""interaction_aware_details"":{""budget_repair_quant_changes"":0,""preferred_quant_exchanges_used"":0,""fallback_quant_exchanges_used"":0},""crossover_diagnostics"":{""crossover_offspring"":0,""mutation_offspring"":128,""crossover_offspring_attempted"":0,""crossover_duplicates"":0,""crossover_infeasible_candidates"":0,""crossover_repair_changed_gene_count"":0,""persistent_population_size"":1,""unique_population_size"":1,""best_population_fitness"":0.46875,""configured_survivors_per_selection"":[16,4,1],""effective_survivors_per_selection"":[16,4,1],""effective_final_survivor_count"":1},""offspring_generation"":{""attempts"":128,""no_op_mutations"":0,""duplicate_candidates"":0,""infeasible_candidates"":0,""fixed_quant_legal_swap_counts"":[]},""maximum_depth_mutations_per_offspring"":3,""quantization_step_size"":1,""quantization_mutations_per_offspring"":1,""joint_aware_probability"":0.0,""adaptive_mutation"":false,""adaptive_mutation_strength"":1,""adaptive_mutation_patience"":3,""adaptive_mutation_max_strength"":3,""coarse_to_fine_mutation"":false,""coarse_to_fine_start_strength"":3,""coarse_to_fine_end_strength"":1,""stagnation_generations_after_selection"":0}",quantization,True,128,128,16,5,262144,262144,655360,10281,81395712,53634.2706330921,15276.82177734375
70,0.476806640625,0.46875,kl,0.476806640625,,,,,0,{},128,16,4,1,"[16,4,1]","[2048,16384,131072]",5503193088,4.083333333333333,3216.5078125,26982023168,26982023168,0,8,8,"{""type"":""mixed_depth_quantization"",""sequential_mode"":""none"",""joint_mutation_mode"":""standard"",""parent_before_generation_hash"":""76a3196ce8afcd080c3cf03109b6a1e8c2590ef442bb0b786a941cab98e627fb"",""parent_after_generation_hash"":""83a4d473edc7717a2b62215e6a868a6cfe9702406c5214ebd7abc52b0cadfca6"",""generated_offspring_by_type"":{""depth"":66,""quantization"":62,""joint_aware"":0,""interaction_aware"":0,""sequential_quantization"":0,""fixed_quant_depth"":0,""component crossover"":0,""component crossover + repair"":0},""depth_mask_entries_changed_by_type"":{""depth"":182,""quantization"":0,""joint_aware"":0,""interaction_aware"":0,""sequential_quantization"":0,""fixed_quant_depth"":0,""component crossover"":0,""component crossover + repair"":0},""quant_assignments_changed_by_type"":{""depth"":184,""quantization"":139,""joint_aware"":0,""interaction_aware"":0,""sequential_quantization"":0,""fixed_quant_depth"":0,""component crossover"":0,""component crossover + repair"":0},""depth_mask_entries_changed_total"":182,""quant_assignments_changed_total"":323,""interaction_aware_details"":{""budget_repair_quant_changes"":0,""preferred_quant_exchanges_used"":0,""fallback_quant_exchanges_used"":0},""crossover_diagnostics"":{""crossover_offspring"":0,""mutation_offspring"":128,""crossover_offspring_attempted"":0,""crossover_duplicates"":0,""crossover_infeasible_candidates"":0,""crossover_repair_changed_gene_count"":0,""persistent_population_size"":1,""unique_population_size"":1,""best_population_fitness"":0.476806640625,""configured_survivors_per_selection"":[16,4,1],""effective_survivors_per_selection"":[16,4,1],""effective_final_survivor_count"":1},""offspring_generation"":{""attempts"":128,""no_op_mutations"":0,""duplicate_candidates"":0,""infeasible_candidates"":0,""fixed_quant_legal_swap_counts"":[]},""maximum_depth_mutations_per_offspring"":3,""quantization_step_size"":1,""quantization_mutations_per_offspring"":1,""joint_aware_probability"":0.0,""adaptive_mutation"":false,""adaptive_mutation_strength"":1,""adaptive_mutation_patience"":3,""adaptive_mutation_max_strength"":3,""coarse_to_fine_mutation"":false,""coarse_to_fine_start_strength"":3,""coarse_to_fine_end_strength"":1,""stagnation_generations_after_selection"":0}",quantization,True,128,128,16,5,262144,262144,655360,10430,82575360,54307.315149937094,15276.82177734375
71,0.478271484375,0.476806640625,kl,0.478271484375,10.1171875,8.9296875,12.5234375,,917504,"{""wikitext2"":327680,""c4"":589824}",128,16,4,1,"[16,4,1]","[2048,16384,131072]",5503193088,4.083333333333333,3216.5078125,26982023168,26982023168,0,8,8,"{""type"":""mixed_depth_quantization"",""sequential_mode"":""none"",""joint_mutation_mode"":""standard"",""parent_before_generation_hash"":""83a4d473edc7717a2b62215e6a868a6cfe9702406c5214ebd7abc52b0cadfca6"",""parent_after_generation_hash"":""e74be24feb095dca4cc7448b62078e245b69ed7c4830a281dab8a88d389936be"",""generated_offspring_by_type"":{""depth"":61,""quantization"":67,""joint_aware"":0,""interaction_aware"":0,""sequential_quantization"":0,""fixed_quant_depth"":0,""component crossover"":0,""component crossover + repair"":0},""depth_mask_entries_changed_by_type"":{""depth"":186,""quantization"":0,""joint_aware"":0,""interaction_aware"":0,""sequential_quantization"":0,""fixed_quant_depth"":0,""component crossover"":0,""component crossover + repair"":0},""quant_assignments_changed_by_type"":{""depth"":177,""quantization"":151,""joint_aware"":0,""interaction_aware"":0,""sequential_quantization"":0,""fixed_quant_depth"":0,""component crossover"":0,""component crossover + repair"":0},""depth_mask_entries_changed_total"":186,""quant_assignments_changed_total"":328,""interaction_aware_details"":{""budget_repair_quant_changes"":0,""preferred_quant_exchanges_used"":0,""fallback_quant_exchanges_used"":0},""crossover_diagnostics"":{""crossover_offspring"":0,""mutation_offspring"":128,""crossover_offspring_attempted"":0,""crossover_duplicates"":0,""crossover_infeasible_candidates"":0,""crossover_repair_changed_gene_count"":0,""persistent_population_size"":1,""unique_population_size"":1,""best_population_fitness"":0.478271484375,""configured_survivors_per_selection"":[16,4,1],""effective_survivors_per_selection"":[16,4,1],""effective_final_survivor_count"":1},""offspring_generation"":{""attempts"":128,""no_op_mutations"":0,""duplicate_candidates"":0,""infeasible_candidates"":0,""fixed_quant_legal_swap_counts"":[]},""maximum_depth_mutations_per_offspring"":3,""quantization_step_size"":1,""quantization_mutations_per_offspring"":1,""joint_aware_probability"":0.0,""adaptive_mutation"":false,""adaptive_mutation_strength"":1,""adaptive_mutation_patience"":3,""adaptive_mutation_max_strength"":3,""coarse_to_fine_mutation"":false,""coarse_to_fine_start_strength"":3,""coarse_to_fine_end_strength"":1,""stagnation_generations_after_selection"":0}",quantization,True,128,128,16,5,262144,262144,655360,10579,83755008,55258.7141035631,15276.82177734375
72,0.465087890625,0.478271484375,kl,0.465087890625,,,,,0,{},128,16,4,1,"[16,4,1]","[2048,16384,131072]",5503193088,4.083333333333333,3216.5078125,26982023168,26982023168,0,8,8,"{""type"":""mixed_depth_quantization"",""sequential_mode"":""none"",""joint_mutation_mode"":""standard"",""parent_before_generation_hash"":""e74be24feb095dca4cc7448b62078e245b69ed7c4830a281dab8a88d389936be"",""parent_after_generation_hash"":""db5a154710a99db44bc676d66978ccb224420f0d35863d318a2ada136f86f035"",""generated_offspring_by_type"":{""depth"":68,""quantization"":60,""joint_aware"":0,""interaction_aware"":0,""sequential_quantization"":0,""fixed_quant_depth"":0,""component crossover"":0,""component crossover + repair"":0},""depth_mask_entries_changed_by_type"":{""depth"":202,""quantization"":0,""joint_aware"":0,""interaction_aware"":0,""sequential_quantization"":0,""fixed_quant_depth"":0,""component crossover"":0,""component crossover + repair"":0},""quant_assignments_changed_by_type"":{""depth"":197,""quantization"":143,""joint_aware"":0,""interaction_aware"":0,""sequential_quantization"":0,""fixed_quant_depth"":0,""component crossover"":0,""component crossover + repair"":0},""depth_mask_entries_changed_total"":202,""quant_assignments_changed_total"":340,""interaction_aware_details"":{""budget_repair_quant_changes"":0,""preferred_quant_exchanges_used"":0,""fallback_quant_exchanges_used"":0},""crossover_diagnostics"":{""crossover_offspring"":0,""mutation_offspring"":128,""crossover_offspring_attempted"":0,""crossover_duplicates"":0,""crossover_infeasible_candidates"":0,""crossover_repair_changed_gene_count"":0,""persistent_population_size"":1,""unique_population_size"":1,""best_population_fitness"":0.465087890625,""configured_survivors_per_selection"":[16,4,1],""effective_survivors_per_selection"":[16,4,1],""effective_final_survivor_count"":1},""offspring_generation"":{""attempts"":128,""no_op_mutations"":0,""duplicate_candidates"":0,""infeasible_candidates"":0,""fixed_quant_legal_swap_counts"":[]},""maximum_depth_mutations_per_offspring"":3,""quantization_step_size"":1,""quantization_mutations_per_offspring"":1,""joint_aware_probability"":0.0,""adaptive_mutation"":false,""adaptive_mutation_strength"":1,""adaptive_mutation_patience"":3,""adaptive_mutation_max_strength"":3,""coarse_to_fine_mutation"":false,""coarse_to_fine_start_strength"":3,""coarse_to_fine_end_strength"":1,""stagnation_generations_after_selection"":0}",quantization,True,128,128,16,5,262144,262144,655360,10728,84934656,55944.5136086031,15276.82177734375
73,0.4951171875,0.465087890625,kl,0.4951171875,,,,,0,{},128,16,4,1,"[16,4,1]","[2048,16384,131072]",5503193088,4.083333333333333,3216.5078125,26982023168,26982023168,0,8,8,"{""type"":""mixed_depth_quantization"",""sequential_mode"":""none"",""joint_mutation_mode"":""standard"",""parent_before_generation_hash"":""db5a154710a99db44bc676d66978ccb224420f0d35863d318a2ada136f86f035"",""parent_after_generation_hash"":""f7879f5fa10cd729b17494954a93427043acfa91a88d7165ba64e40da2890103"",""generated_offspring_by_type"":{""depth"":65,""quantization"":63,""joint_aware"":0,""interaction_aware"":0,""sequential_quantization"":0,""fixed_quant_depth"":0,""component crossover"":0,""component crossover + repair"":0},""depth_mask_entries_changed_by_type"":{""depth"":204,""quantization"":0,""joint_aware"":0,""interaction_aware"":0,""sequential_quantization"":0,""fixed_quant_depth"":0,""component crossover"":0,""component crossover + repair"":0},""quant_assignments_changed_by_type"":{""depth"":198,""quantization"":148,""joint_aware"":0,""interaction_aware"":0,""sequential_quantization"":0,""fixed_quant_depth"":0,""component crossover"":0,""component crossover + repair"":0},""depth_mask_entries_changed_total"":204,""quant_assignments_changed_total"":346,""interaction_aware_details"":{""budget_repair_quant_changes"":0,""preferred_quant_exchanges_used"":0,""fallback_quant_exchanges_used"":0},""crossover_diagnostics"":{""crossover_offspring"":0,""mutation_offspring"":128,""crossover_offspring_attempted"":0,""crossover_duplicates"":0,""crossover_infeasible_candidates"":0,""crossover_repair_changed_gene_count"":0,""persistent_population_size"":1,""unique_population_size"":1,""best_population_fitness"":0.4951171875,""configured_survivors_per_selection"":[16,4,1],""effective_survivors_per_selection"":[16,4,1],""effective_final_survivor_count"":1},""offspring_generation"":{""attempts"":128,""no_op_mutations"":0,""duplicate_candidates"":0,""infeasible_candidates"":0,""fixed_quant_legal_swap_counts"":[]},""maximum_depth_mutations_per_offspring"":3,""quantization_step_size"":1,""quantization_mutations_per_offspring"":1,""joint_aware_probability"":0.0,""adaptive_mutation"":false,""adaptive_mutation_strength"":1,""adaptive_mutation_patience"":3,""adaptive_mutation_max_strength"":3,""coarse_to_fine_mutation"":false,""coarse_to_fine_start_strength"":3,""coarse_to_fine_end_strength"":1,""stagnation_generations_after_selection"":0}",quantization,True,128,128,16,5,262144,262144,655360,10877,86114304,56670.864050908094,15276.82177734375
74,0.457275390625,0.4951171875,kl,0.457275390625,,,,,0,{},128,16,4,1,"[16,4,1]","[2048,16384,131072]",5503193088,4.083333333333333,3216.5078125,26982023168,26982023168,0,8,8,"{""type"":""mixed_depth_quantization"",""sequential_mode"":""none"",""joint_mutation_mode"":""standard"",""parent_before_generation_hash"":""f7879f5fa10cd729b17494954a93427043acfa91a88d7165ba64e40da2890103"",""parent_after_generation_hash"":""071f8ba0ada414b28f39b4731ce25fd11585cf929f08d7e9a73f3cae0ef2256d"",""generated_offspring_by_type"":{""depth"":58,""quantization"":70,""joint_aware"":0,""interaction_aware"":0,""sequential_quantization"":0,""fixed_quant_depth"":0,""component crossover"":0,""component crossover + repair"":0},""depth_mask_entries_changed_by_type"":{""depth"":160,""quantization"":0,""joint_aware"":0,""interaction_aware"":0,""sequential_quantization"":0,""fixed_quant_depth"":0,""component crossover"":0,""component crossover + repair"":0},""quant_assignments_changed_by_type"":{""depth"":135,""quantization"":160,""joint_aware"":0,""interaction_aware"":0,""sequential_quantization"":0,""fixed_quant_depth"":0,""component crossover"":0,""component crossover + repair"":0},""depth_mask_entries_changed_total"":160,""quant_assignments_changed_total"":295,""interaction_aware_details"":{""budget_repair_quant_changes"":0,""preferred_quant_exchanges_used"":0,""fallback_quant_exchanges_used"":0},""crossover_diagnostics"":{""crossover_offspring"":0,""mutation_offspring"":128,""crossover_offspring_attempted"":0,""crossover_duplicates"":0,""crossover_infeasible_candidates"":0,""crossover_repair_changed_gene_count"":0,""persistent_population_size"":1,""unique_population_size"":1,""best_population_fitness"":0.457275390625,""configured_survivors_per_selection"":[16,4,1],""effective_survivors_per_selection"":[16,4,1],""effective_final_survivor_count"":1},""offspring_generation"":{""attempts"":129,""no_op_mutations"":1,""duplicate_candidates"":0,""infeasible_candidates"":0,""fixed_quant_legal_swap_counts"":[]},""maximum_depth_mutations_per_offspring"":3,""quantization_step_size"":1,""quantization_mutations_per_offspring"":1,""joint_aware_probability"":0.0,""adaptive_mutation"":false,""adaptive_mutation_strength"":1,""adaptive_mutation_patience"":3,""adaptive_mutation_max_strength"":3,""coarse_to_fine_mutation"":false,""coarse_to_fine_start_strength"":3,""coarse_to_fine_end_strength"":1,""stagnation_generations_after_selection"":0}",quantization,True,129,128,16,5,262144,262144,655360,11026,87293952,57309.27609315809,15276.82177734375
75,0.4716796875,0.457275390625,kl,0.4716796875,,,,,0,{},128,16,4,1,"[16,4,1]","[2048,16384,131072]",5503193088,4.083333333333333,3216.5078125,26982023168,26982023168,0,8,8,"{""type"":""mixed_depth_quantization"",""sequential_mode"":""none"",""joint_mutation_mode"":""standard"",""parent_before_generation_hash"":""071f8ba0ada414b28f39b4731ce25fd11585cf929f08d7e9a73f3cae0ef2256d"",""parent_after_generation_hash"":""c343a09d75e4730591afb6e03a5770b71ed2e287cb36a5db6038d9c51543fa6c"",""generated_offspring_by_type"":{""depth"":62,""quantization"":66,""joint_aware"":0,""interaction_aware"":0,""sequential_quantization"":0,""fixed_quant_depth"":0,""component crossover"":0,""component crossover + repair"":0},""depth_mask_entries_changed_by_type"":{""depth"":192,""quantization"":0,""joint_aware"":0,""interaction_aware"":0,""sequential_quantization"":0,""fixed_quant_depth"":0,""component crossover"":0,""component crossover + repair"":0},""quant_assignments_changed_by_type"":{""depth"":164,""quantization"":159,""joint_aware"":0,""interaction_aware"":0,""sequential_quantization"":0,""fixed_quant_depth"":0,""component crossover"":0,""component crossover + repair"":0},""depth_mask_entries_changed_total"":192,""quant_assignments_changed_total"":323,""interaction_aware_details"":{""budget_repair_quant_changes"":0,""preferred_quant_exchanges_used"":0,""fallback_quant_exchanges_used"":0},""crossover_diagnostics"":{""crossover_offspring"":0,""mutation_offspring"":128,""crossover_offspring_attempted"":0,""crossover_duplicates"":0,""crossover_infeasible_candidates"":0,""crossover_repair_changed_gene_count"":0,""persistent_population_size"":1,""unique_population_size"":1,""best_population_fitness"":0.4716796875,""configured_survivors_per_selection"":[16,4,1],""effective_survivors_per_selection"":[16,4,1],""effective_final_survivor_count"":1},""offspring_generation"":{""attempts"":128,""no_op_mutations"":0,""duplicate_candidates"":0,""infeasible_candidates"":0,""fixed_quant_legal_swap_counts"":[]},""maximum_depth_mutations_per_offspring"":3,""quantization_step_size"":1,""quantization_mutations_per_offspring"":1,""joint_aware_probability"":0.0,""adaptive_mutation"":false,""adaptive_mutation_strength"":1,""adaptive_mutation_patience"":3,""adaptive_mutation_max_strength"":3,""coarse_to_fine_mutation"":false,""coarse_to_fine_start_strength"":3,""coarse_to_fine_end_strength"":1,""stagnation_generations_after_selection"":0}",quantization,True,128,128,16,5,262144,262144,655360,11175,88473600,58021.9324134351,15276.82177734375
76,0.483642578125,0.4716796875,kl,0.483642578125,10.1015625,8.9296875,12.4921875,,917504,"{""wikitext2"":327680,""c4"":589824}",128,16,4,1,"[16,4,1]","[2048,16384,131072]",5503193088,4.083333333333333,3216.5078125,26982023168,26982023168,0,8,8,"{""type"":""mixed_depth_quantization"",""sequential_mode"":""none"",""joint_mutation_mode"":""standard"",""parent_before_generation_hash"":""c343a09d75e4730591afb6e03a5770b71ed2e287cb36a5db6038d9c51543fa6c"",""parent_after_generation_hash"":""59eab798a8f567be3ff2da9d9522a27c4c8f437556df0c81a935e787d7263113"",""generated_offspring_by_type"":{""depth"":61,""quantization"":67,""joint_aware"":0,""interaction_aware"":0,""sequential_quantization"":0,""fixed_quant_depth"":0,""component crossover"":0,""component crossover + repair"":0},""depth_mask_entries_changed_by_type"":{""depth"":188,""quantization"":0,""joint_aware"":0,""interaction_aware"":0,""sequential_quantization"":0,""fixed_quant_depth"":0,""component crossover"":0,""component crossover + repair"":0},""quant_assignments_changed_by_type"":{""depth"":151,""quantization"":159,""joint_aware"":0,""interaction_aware"":0,""sequential_quantization"":0,""fixed_quant_depth"":0,""component crossover"":0,""component crossover + repair"":0},""depth_mask_entries_changed_total"":188,""quant_assignments_changed_total"":310,""interaction_aware_details"":{""budget_repair_quant_changes"":0,""preferred_quant_exchanges_used"":0,""fallback_quant_exchanges_used"":0},""crossover_diagnostics"":{""crossover_offspring"":0,""mutation_offspring"":128,""crossover_offspring_attempted"":0,""crossover_duplicates"":0,""crossover_infeasible_candidates"":0,""crossover_repair_changed_gene_count"":0,""persistent_population_size"":1,""unique_population_size"":1,""best_population_fitness"":0.483642578125,""configured_survivors_per_selection"":[16,4,1],""effective_survivors_per_selection"":[16,4,1],""effective_final_survivor_count"":1},""offspring_generation"":{""attempts"":128,""no_op_mutations"":0,""duplicate_candidates"":0,""infeasible_candidates"":0,""fixed_quant_legal_swap_counts"":[]},""maximum_depth_mutations_per_offspring"":3,""quantization_step_size"":1,""quantization_mutations_per_offspring"":1,""joint_aware_probability"":0.0,""adaptive_mutation"":false,""adaptive_mutation_strength"":1,""adaptive_mutation_patience"":3,""adaptive_mutation_max_strength"":3,""coarse_to_fine_mutation"":false,""coarse_to_fine_start_strength"":3,""coarse_to_fine_end_strength"":1,""stagnation_generations_after_selection"":0}",quantization,True,128,128,16,5,262144,262144,655360,11324,89653248,58981.8298992231,15276.82177734375
77,0.483642578125,0.483642578125,kl,0.483642578125,,,,,0,{},128,16,4,1,"[16,4,1]","[2048,16384,131072]",5503193088,4.083333333333333,3216.5078125,26982023168,26982023168,0,8,8,"{""type"":""mixed_depth_quantization"",""sequential_mode"":""none"",""joint_mutation_mode"":""standard"",""parent_before_generation_hash"":""59eab798a8f567be3ff2da9d9522a27c4c8f437556df0c81a935e787d7263113"",""parent_after_generation_hash"":""81908f9c898d910187edc4e33de454a3ca0538b51b37d884ad5e1233d18225ac"",""generated_offspring_by_type"":{""depth"":67,""quantization"":61,""joint_aware"":0,""interaction_aware"":0,""sequential_quantization"":0,""fixed_quant_depth"":0,""component crossover"":0,""component crossover + repair"":0},""depth_mask_entries_changed_by_type"":{""depth"":192,""quantization"":0,""joint_aware"":0,""interaction_aware"":0,""sequential_quantization"":0,""fixed_quant_depth"":0,""component crossover"":0,""component crossover + repair"":0},""quant_assignments_changed_by_type"":{""depth"":188,""quantization"":148,""joint_aware"":0,""interaction_aware"":0,""sequential_quantization"":0,""fixed_quant_depth"":0,""component crossover"":0,""component crossover + repair"":0},""depth_mask_entries_changed_total"":192,""quant_assignments_changed_total"":336,""interaction_aware_details"":{""budget_repair_quant_changes"":0,""preferred_quant_exchanges_used"":0,""fallback_quant_exchanges_used"":0},""crossover_diagnostics"":{""crossover_offspring"":0,""mutation_offspring"":128,""crossover_offspring_attempted"":0,""crossover_duplicates"":0,""crossover_infeasible_candidates"":0,""crossover_repair_changed_gene_count"":0,""persistent_population_size"":1,""unique_population_size"":1,""best_population_fitness"":0.483642578125,""configured_survivors_per_selection"":[16,4,1],""effective_survivors_per_selection"":[16,4,1],""effective_final_survivor_count"":1},""offspring_generation"":{""attempts"":128,""no_op_mutations"":0,""duplicate_candidates"":0,""infeasible_candidates"":0,""fixed_quant_legal_swap_counts"":[]},""maximum_depth_mutations_per_offspring"":3,""quantization_step_size"":1,""quantization_mutations_per_offspring"":1,""joint_aware_probability"":0.0,""adaptive_mutation"":false,""adaptive_mutation_strength"":1,""adaptive_mutation_patience"":3,""adaptive_mutation_max_strength"":3,""coarse_to_fine_mutation"":false,""coarse_to_fine_start_strength"":3,""coarse_to_fine_end_strength"":1,""stagnation_generations_after_selection"":0}",quantization,True,128,128,16,5,262144,262144,655360,11473,90832896,59696.43759803609,15276.82177734375
78,0.459228515625,0.483642578125,kl,0.459228515625,,,,,0,{},128,16,4,1,"[16,4,1]","[2048,16384,131072]",5503193088,4.083333333333333,3216.5078125,26982023168,26982023168,0,8,8,"{""type"":""mixed_depth_quantization"",""sequential_mode"":""none"",""joint_mutation_mode"":""standard"",""parent_before_generation_hash"":""81908f9c898d910187edc4e33de454a3ca0538b51b37d884ad5e1233d18225ac"",""parent_after_generation_hash"":""1944bcfcd1ed676b936fd188e731668fe2930f513280a624897992c916327242"",""generated_offspring_by_type"":{""depth"":58,""quantization"":70,""joint_aware"":0,""interaction_aware"":0,""sequential_quantization"":0,""fixed_quant_depth"":0,""component crossover"":0,""component crossover + repair"":0},""depth_mask_entries_changed_by_type"":{""depth"":156,""quantization"":0,""joint_aware"":0,""interaction_aware"":0,""sequential_quantization"":0,""fixed_quant_depth"":0,""component crossover"":0,""component crossover + repair"":0},""quant_assignments_changed_by_type"":{""depth"":156,""quantization"":160,""joint_aware"":0,""interaction_aware"":0,""sequential_quantization"":0,""fixed_quant_depth"":0,""component crossover"":0,""component crossover + repair"":0},""depth_mask_entries_changed_total"":156,""quant_assignments_changed_total"":316,""interaction_aware_details"":{""budget_repair_quant_changes"":0,""preferred_quant_exchanges_used"":0,""fallback_quant_exchanges_used"":0},""crossover_diagnostics"":{""crossover_offspring"":0,""mutation_offspring"":128,""crossover_offspring_attempted"":0,""crossover_duplicates"":0,""crossover_infeasible_candidates"":0,""crossover_repair_changed_gene_count"":0,""persistent_population_size"":1,""unique_population_size"":1,""best_population_fitness"":0.459228515625,""configured_survivors_per_selection"":[16,4,1],""effective_survivors_per_selection"":[16,4,1],""effective_final_survivor_count"":1},""offspring_generation"":{""attempts"":128,""no_op_mutations"":0,""duplicate_candidates"":0,""infeasible_candidates"":0,""fixed_quant_legal_swap_counts"":[]},""maximum_depth_mutations_per_offspring"":3,""quantization_step_size"":1,""quantization_mutations_per_offspring"":1,""joint_aware_probability"":0.0,""adaptive_mutation"":false,""adaptive_mutation_strength"":1,""adaptive_mutation_patience"":3,""adaptive_mutation_max_strength"":3,""coarse_to_fine_mutation"":false,""coarse_to_fine_start_strength"":3,""coarse_to_fine_end_strength"":1,""stagnation_generations_after_selection"":0}",quantization,True,128,128,16,5,262144,262144,655360,11622,92012544,60489.591240572096,15276.82177734375
79,0.491455078125,0.459228515625,kl,0.491455078125,,,,,0,{},128,16,4,1,"[16,4,1]","[2048,16384,131072]",5503193088,4.083333333333333,3216.5078125,26982023168,26982023168,0,8,8,"{""type"":""mixed_depth_quantization"",""sequential_mode"":""none"",""joint_mutation_mode"":""standard"",""parent_before_generation_hash"":""1944bcfcd1ed676b936fd188e731668fe2930f513280a624897992c916327242"",""parent_after_generation_hash"":""8a34731e5e2857786ec0ec7f1d0589b47d2daee4f5c0b92cbc26f2d7b6cead80"",""generated_offspring_by_type"":{""depth"":64,""quantization"":64,""joint_aware"":0,""interaction_aware"":0,""sequential_quantization"":0,""fixed_quant_depth"":0,""component crossover"":0,""component crossover + repair"":0},""depth_mask_entries_changed_by_type"":{""depth"":194,""quantization"":0,""joint_aware"":0,""interaction_aware"":0,""sequential_quantization"":0,""fixed_quant_depth"":0,""component crossover"":0,""component crossover + repair"":0},""quant_assignments_changed_by_type"":{""depth"":154,""quantization"":147,""joint_aware"":0,""interaction_aware"":0,""sequential_quantization"":0,""fixed_quant_depth"":0,""component crossover"":0,""component crossover + repair"":0},""depth_mask_entries_changed_total"":194,""quant_assignments_changed_total"":301,""interaction_aware_details"":{""budget_repair_quant_changes"":0,""preferred_quant_exchanges_used"":0,""fallback_quant_exchanges_used"":0},""crossover_diagnostics"":{""crossover_offspring"":0,""mutation_offspring"":128,""crossover_offspring_attempted"":0,""crossover_duplicates"":0,""crossover_infeasible_candidates"":0,""crossover_repair_changed_gene_count"":0,""persistent_population_size"":1,""unique_population_size"":1,""best_population_fitness"":0.491455078125,""configured_survivors_per_selection"":[16,4,1],""effective_survivors_per_selection"":[16,4,1],""effective_final_survivor_count"":1},""offspring_generation"":{""attempts"":128,""no_op_mutations"":0,""duplicate_candidates"":0,""infeasible_candidates"":0,""fixed_quant_legal_swap_counts"":[]},""maximum_depth_mutations_per_offspring"":3,""quantization_step_size"":1,""quantization_mutations_per_offspring"":1,""joint_aware_probability"":0.0,""adaptive_mutation"":false,""adaptive_mutation_strength"":1,""adaptive_mutation_patience"":3,""adaptive_mutation_max_strength"":3,""coarse_to_fine_mutation"":false,""coarse_to_fine_start_strength"":3,""coarse_to_fine_end_strength"":1,""stagnation_generations_after_selection"":0}",quantization,True,128,128,16,5,262144,262144,655360,11771,93192192,61231.316689868094,15276.82177734375
80,0.47216796875,0.491455078125,kl,0.47216796875,,,,,0,{},128,16,4,1,"[16,4,1]","[2048,16384,131072]",5503193088,4.083333333333333,3216.5078125,26982023168,26982023168,0,8,8,"{""type"":""mixed_depth_quantization"",""sequential_mode"":""none"",""joint_mutation_mode"":""standard"",""parent_before_generation_hash"":""8a34731e5e2857786ec0ec7f1d0589b47d2daee4f5c0b92cbc26f2d7b6cead80"",""parent_after_generation_hash"":""a6768e7dbec65ea033dde230742cf216eff4bf504fc59bd440bb3ee05fce335f"",""generated_offspring_by_type"":{""depth"":57,""quantization"":71,""joint_aware"":0,""interaction_aware"":0,""sequential_quantization"":0,""fixed_quant_depth"":0,""component crossover"":0,""component crossover + repair"":0},""depth_mask_entries_changed_by_type"":{""depth"":166,""quantization"":0,""joint_aware"":0,""interaction_aware"":0,""sequential_quantization"":0,""fixed_quant_depth"":0,""component crossover"":0,""component crossover + repair"":0},""quant_assignments_changed_by_type"":{""depth"":154,""quantization"":171,""joint_aware"":0,""interaction_aware"":0,""sequential_quantization"":0,""fixed_quant_depth"":0,""component crossover"":0,""component crossover + repair"":0},""depth_mask_entries_changed_total"":166,""quant_assignments_changed_total"":325,""interaction_aware_details"":{""budget_repair_quant_changes"":0,""preferred_quant_exchanges_used"":0,""fallback_quant_exchanges_used"":0},""crossover_diagnostics"":{""crossover_offspring"":0,""mutation_offspring"":128,""crossover_offspring_attempted"":0,""crossover_duplicates"":0,""crossover_infeasible_candidates"":0,""crossover_repair_changed_gene_count"":0,""persistent_population_size"":1,""unique_population_size"":1,""best_population_fitness"":0.47216796875,""configured_survivors_per_selection"":[16,4,1],""effective_survivors_per_selection"":[16,4,1],""effective_final_survivor_count"":1},""offspring_generation"":{""attempts"":129,""no_op_mutations"":0,""duplicate_candidates"":1,""infeasible_candidates"":0,""fixed_quant_legal_swap_counts"":[]},""maximum_depth_mutations_per_offspring"":3,""quantization_step_size"":1,""quantization_mutations_per_offspring"":1,""joint_aware_probability"":0.0,""adaptive_mutation"":false,""adaptive_mutation_strength"":1,""adaptive_mutation_patience"":3,""adaptive_mutation_max_strength"":3,""coarse_to_fine_mutation"":false,""coarse_to_fine_start_strength"":3,""coarse_to_fine_end_strength"":1,""stagnation_generations_after_selection"":0}",quantization,True,129,128,16,5,262144,262144,655360,11920,94371840,61984.92035503309,15276.82177734375
81,0.460205078125,0.47216796875,kl,0.460205078125,10.078125,8.9296875,12.4921875,,917504,"{""wikitext2"":327680,""c4"":589824}",128,16,4,1,"[16,4,1]","[2048,16384,131072]",5503193088,4.083333333333333,3216.5078125,26982023168,26982023168,0,8,8,"{""type"":""mixed_depth_quantization"",""sequential_mode"":""none"",""joint_mutation_mode"":""standard"",""parent_before_generation_hash"":""a6768e7dbec65ea033dde230742cf216eff4bf504fc59bd440bb3ee05fce335f"",""parent_after_generation_hash"":""97cfa16b99c7e62044be31d4aa39e92bb3b09ff8e94e2ac9b186da07786d9ba2"",""generated_offspring_by_type"":{""depth"":72,""quantization"":56,""joint_aware"":0,""interaction_aware"":0,""sequential_quantization"":0,""fixed_quant_depth"":0,""component crossover"":0,""component crossover + repair"":0},""depth_mask_entries_changed_by_type"":{""depth"":210,""quantization"":0,""joint_aware"":0,""interaction_aware"":0,""sequential_quantization"":0,""fixed_quant_depth"":0,""component crossover"":0,""component crossover + repair"":0},""quant_assignments_changed_by_type"":{""depth"":203,""quantization"":131,""joint_aware"":0,""interaction_aware"":0,""sequential_quantization"":0,""fixed_quant_depth"":0,""component crossover"":0,""component crossover + repair"":0},""depth_mask_entries_changed_total"":210,""quant_assignments_changed_total"":334,""interaction_aware_details"":{""budget_repair_quant_changes"":0,""preferred_quant_exchanges_used"":0,""fallback_quant_exchanges_used"":0},""crossover_diagnostics"":{""crossover_offspring"":0,""mutation_offspring"":128,""crossover_offspring_attempted"":0,""crossover_duplicates"":0,""crossover_infeasible_candidates"":0,""crossover_repair_changed_gene_count"":0,""persistent_population_size"":1,""unique_population_size"":1,""best_population_fitness"":0.460205078125,""configured_survivors_per_selection"":[16,4,1],""effective_survivors_per_selection"":[16,4,1],""effective_final_survivor_count"":1},""offspring_generation"":{""attempts"":129,""no_op_mutations"":0,""duplicate_candidates"":1,""infeasible_candidates"":0,""fixed_quant_legal_swap_counts"":[]},""maximum_depth_mutations_per_offspring"":3,""quantization_step_size"":1,""quantization_mutations_per_offspring"":1,""joint_aware_probability"":0.0,""adaptive_mutation"":false,""adaptive_mutation_strength"":1,""adaptive_mutation_patience"":3,""adaptive_mutation_max_strength"":3,""coarse_to_fine_mutation"":false,""coarse_to_fine_start_strength"":3,""coarse_to_fine_end_strength"":1,""stagnation_generations_after_selection"":0}",quantization,True,129,128,16,5,262144,262144,655360,12069,95551488,63002.822528368095,15276.82177734375
82,0.4765625,0.460205078125,kl,0.4765625,,,,,0,{},128,16,4,1,"[16,4,1]","[2048,16384,131072]",5503193088,4.083333333333333,3216.5078125,26982023168,26982023168,0,8,8,"{""type"":""mixed_depth_quantization"",""sequential_mode"":""none"",""joint_mutation_mode"":""standard"",""parent_before_generation_hash"":""97cfa16b99c7e62044be31d4aa39e92bb3b09ff8e94e2ac9b186da07786d9ba2"",""parent_after_generation_hash"":""10a2e9df3cbbf39e7111596ac99526d630f3f9a27812a363cece2bdab29e3001"",""generated_offspring_by_type"":{""depth"":71,""quantization"":57,""joint_aware"":0,""interaction_aware"":0,""sequential_quantization"":0,""fixed_quant_depth"":0,""component crossover"":0,""component crossover + repair"":0},""depth_mask_entries_changed_by_type"":{""depth"":216,""quantization"":0,""joint_aware"":0,""interaction_aware"":0,""sequential_quantization"":0,""fixed_quant_depth"":0,""component crossover"":0,""component crossover + repair"":0},""quant_assignments_changed_by_type"":{""depth"":189,""quantization"":129,""joint_aware"":0,""interaction_aware"":0,""sequential_quantization"":0,""fixed_quant_depth"":0,""component crossover"":0,""component crossover + repair"":0},""depth_mask_entries_changed_total"":216,""quant_assignments_changed_total"":318,""interaction_aware_details"":{""budget_repair_quant_changes"":0,""preferred_quant_exchanges_used"":0,""fallback_quant_exchanges_used"":0},""crossover_diagnostics"":{""crossover_offspring"":0,""mutation_offspring"":128,""crossover_offspring_attempted"":0,""crossover_duplicates"":0,""crossover_infeasible_candidates"":0,""crossover_repair_changed_gene_count"":0,""persistent_population_size"":1,""unique_population_size"":1,""best_population_fitness"":0.4765625,""configured_survivors_per_selection"":[16,4,1],""effective_survivors_per_selection"":[16,4,1],""effective_final_survivor_count"":1},""offspring_generation"":{""attempts"":128,""no_op_mutations"":0,""duplicate_candidates"":0,""infeasible_candidates"":0,""fixed_quant_legal_swap_counts"":[]},""maximum_depth_mutations_per_offspring"":3,""quantization_step_size"":1,""quantization_mutations_per_offspring"":1,""joint_aware_probability"":0.0,""adaptive_mutation"":false,""adaptive_mutation_strength"":1,""adaptive_mutation_patience"":3,""adaptive_mutation_max_strength"":3,""coarse_to_fine_mutation"":false,""coarse_to_fine_start_strength"":3,""coarse_to_fine_end_strength"":1,""stagnation_generations_after_selection"":0}",quantization,True,128,128,16,5,262144,262144,655360,12218,96731136,63648.350888504094,15276.82177734375
83,0.4677734375,0.4765625,kl,0.4677734375,,,,,0,{},128,16,4,1,"[16,4,1]","[2048,16384,131072]",5503193088,4.083333333333333,3216.5078125,26982023168,26982023168,0,8,8,"{""type"":""mixed_depth_quantization"",""sequential_mode"":""none"",""joint_mutation_mode"":""standard"",""parent_before_generation_hash"":""10a2e9df3cbbf39e7111596ac99526d630f3f9a27812a363cece2bdab29e3001"",""parent_after_generation_hash"":""3dcde2d0e5fb878168a19ce4327248dfa16ff27459989d3dda6fd744991db2c5"",""generated_offspring_by_type"":{""depth"":69,""quantization"":59,""joint_aware"":0,""interaction_aware"":0,""sequential_quantization"":0,""fixed_quant_depth"":0,""component crossover"":0,""component crossover + repair"":0},""depth_mask_entries_changed_by_type"":{""depth"":216,""quantization"":0,""joint_aware"":0,""interaction_aware"":0,""sequential_quantization"":0,""fixed_quant_depth"":0,""component crossover"":0,""component crossover + repair"":0},""quant_assignments_changed_by_type"":{""depth"":205,""quantization"":127,""joint_aware"":0,""interaction_aware"":0,""sequential_quantization"":0,""fixed_quant_depth"":0,""component crossover"":0,""component crossover + repair"":0},""depth_mask_entries_changed_total"":216,""quant_assignments_changed_total"":332,""interaction_aware_details"":{""budget_repair_quant_changes"":0,""preferred_quant_exchanges_used"":0,""fallback_quant_exchanges_used"":0},""crossover_diagnostics"":{""crossover_offspring"":0,""mutation_offspring"":128,""crossover_offspring_attempted"":0,""crossover_duplicates"":0,""crossover_infeasible_candidates"":0,""crossover_repair_changed_gene_count"":0,""persistent_population_size"":1,""unique_population_size"":1,""best_population_fitness"":0.4677734375,""configured_survivors_per_selection"":[16,4,1],""effective_survivors_per_selection"":[16,4,1],""effective_final_survivor_count"":1},""offspring_generation"":{""attempts"":129,""no_op_mutations"":0,""duplicate_candidates"":1,""infeasible_candidates"":0,""fixed_quant_legal_swap_counts"":[]},""maximum_depth_mutations_per_offspring"":3,""quantization_step_size"":1,""quantization_mutations_per_offspring"":1,""joint_aware_probability"":0.0,""adaptive_mutation"":false,""adaptive_mutation_strength"":1,""adaptive_mutation_patience"":3,""adaptive_mutation_max_strength"":3,""coarse_to_fine_mutation"":false,""coarse_to_fine_start_strength"":3,""coarse_to_fine_end_strength"":1,""stagnation_generations_after_selection"":0}",quantization,True,129,128,16,5,262144,262144,655360,12367,97910784,64359.542221021096,15276.82177734375
84,0.44677734375,0.4677734375,kl,0.44677734375,,,,,0,{},128,16,4,1,"[16,4,1]","[2048,16384,131072]",5503193088,4.083333333333333,3216.5078125,26982023168,26982023168,0,8,8,"{""type"":""mixed_depth_quantization"",""sequential_mode"":""none"",""joint_mutation_mode"":""standard"",""parent_before_generation_hash"":""3dcde2d0e5fb878168a19ce4327248dfa16ff27459989d3dda6fd744991db2c5"",""parent_after_generation_hash"":""899a8bea82f7f73aba06236aa9db48030a22704b05f7f17a165ac2e8f76d1a96"",""generated_offspring_by_type"":{""depth"":62,""quantization"":66,""joint_aware"":0,""interaction_aware"":0,""sequential_quantization"":0,""fixed_quant_depth"":0,""component crossover"":0,""component crossover + repair"":0},""depth_mask_entries_changed_by_type"":{""depth"":190,""quantization"":0,""joint_aware"":0,""interaction_aware"":0,""sequential_quantization"":0,""fixed_quant_depth"":0,""component crossover"":0,""component crossover + repair"":0},""quant_assignments_changed_by_type"":{""depth"":188,""quantization"":161,""joint_aware"":0,""interaction_aware"":0,""sequential_quantization"":0,""fixed_quant_depth"":0,""component crossover"":0,""component crossover + repair"":0},""depth_mask_entries_changed_total"":190,""quant_assignments_changed_total"":349,""interaction_aware_details"":{""budget_repair_quant_changes"":0,""preferred_quant_exchanges_used"":0,""fallback_quant_exchanges_used"":0},""crossover_diagnostics"":{""crossover_offspring"":0,""mutation_offspring"":128,""crossover_offspring_attempted"":0,""crossover_duplicates"":0,""crossover_infeasible_candidates"":0,""crossover_repair_changed_gene_count"":0,""persistent_population_size"":1,""unique_population_size"":1,""best_population_fitness"":0.44677734375,""configured_survivors_per_selection"":[16,4,1],""effective_survivors_per_selection"":[16,4,1],""effective_final_survivor_count"":1},""offspring_generation"":{""attempts"":128,""no_op_mutations"":0,""duplicate_candidates"":0,""infeasible_candidates"":0,""fixed_quant_legal_swap_counts"":[]},""maximum_depth_mutations_per_offspring"":3,""quantization_step_size"":1,""quantization_mutations_per_offspring"":1,""joint_aware_probability"":0.0,""adaptive_mutation"":false,""adaptive_mutation_strength"":1,""adaptive_mutation_patience"":3,""adaptive_mutation_max_strength"":3,""coarse_to_fine_mutation"":false,""coarse_to_fine_start_strength"":3,""coarse_to_fine_end_strength"":1,""stagnation_generations_after_selection"":0}",quantization,True,128,128,16,5,262144,262144,655360,12516,99090432,65113.42247939709,15276.82177734375
85,0.46044921875,0.44677734375,kl,0.46044921875,,,,,0,{},128,16,4,1,"[16,4,1]","[2048,16384,131072]",5503193088,4.083333333333333,3216.5078125,26982023168,26982023168,0,8,8,"{""type"":""mixed_depth_quantization"",""sequential_mode"":""none"",""joint_mutation_mode"":""standard"",""parent_before_generation_hash"":""899a8bea82f7f73aba06236aa9db48030a22704b05f7f17a165ac2e8f76d1a96"",""parent_after_generation_hash"":""67da34bafd5558849178c8275c58104af635a06815e5bde8e4701beb0f54b520"",""generated_offspring_by_type"":{""depth"":65,""quantization"":63,""joint_aware"":0,""interaction_aware"":0,""sequential_quantization"":0,""fixed_quant_depth"":0,""component crossover"":0,""component crossover + repair"":0},""depth_mask_entries_changed_by_type"":{""depth"":174,""quantization"":0,""joint_aware"":0,""interaction_aware"":0,""sequential_quantization"":0,""fixed_quant_depth"":0,""component crossover"":0,""component crossover + repair"":0},""quant_assignments_changed_by_type"":{""depth"":175,""quantization"":145,""joint_aware"":0,""interaction_aware"":0,""sequential_quantization"":0,""fixed_quant_depth"":0,""component crossover"":0,""component crossover + repair"":0},""depth_mask_entries_changed_total"":174,""quant_assignments_changed_total"":320,""interaction_aware_details"":{""budget_repair_quant_changes"":0,""preferred_quant_exchanges_used"":0,""fallback_quant_exchanges_used"":0},""crossover_diagnostics"":{""crossover_offspring"":0,""mutation_offspring"":128,""crossover_offspring_attempted"":0,""crossover_duplicates"":0,""crossover_infeasible_candidates"":0,""crossover_repair_changed_gene_count"":0,""persistent_population_size"":1,""unique_population_size"":1,""best_population_fitness"":0.46044921875,""configured_survivors_per_selection"":[16,4,1],""effective_survivors_per_selection"":[16,4,1],""effective_final_survivor_count"":1},""offspring_generation"":{""attempts"":128,""no_op_mutations"":0,""duplicate_candidates"":0,""infeasible_candidates"":0,""fixed_quant_legal_swap_counts"":[]},""maximum_depth_mutations_per_offspring"":3,""quantization_step_size"":1,""quantization_mutations_per_offspring"":1,""joint_aware_probability"":0.0,""adaptive_mutation"":false,""adaptive_mutation_strength"":1,""adaptive_mutation_patience"":3,""adaptive_mutation_max_strength"":3,""coarse_to_fine_mutation"":false,""coarse_to_fine_start_strength"":3,""coarse_to_fine_end_strength"":1,""stagnation_generations_after_selection"":0}",quantization,True,128,128,16,5,262144,262144,655360,12665,100270080,65853.9317898701,15276.82177734375
86,0.456787109375,0.46044921875,kl,0.456787109375,10.078125,8.9296875,12.4453125,,917504,"{""wikitext2"":327680,""c4"":589824}",128,16,4,1,"[16,4,1]","[2048,16384,131072]",5503193088,4.083333333333333,3216.5078125,26982023168,26982023168,0,8,8,"{""type"":""mixed_depth_quantization"",""sequential_mode"":""none"",""joint_mutation_mode"":""standard"",""parent_before_generation_hash"":""67da34bafd5558849178c8275c58104af635a06815e5bde8e4701beb0f54b520"",""parent_after_generation_hash"":""7d43717114141c7e30434e79a1529e85f004e02989ea36da55575c13417e7271"",""generated_offspring_by_type"":{""depth"":51,""quantization"":77,""joint_aware"":0,""interaction_aware"":0,""sequential_quantization"":0,""fixed_quant_depth"":0,""component crossover"":0,""component crossover + repair"":0},""depth_mask_entries_changed_by_type"":{""depth"":148,""quantization"":0,""joint_aware"":0,""interaction_aware"":0,""sequential_quantization"":0,""fixed_quant_depth"":0,""component crossover"":0,""component crossover + repair"":0},""quant_assignments_changed_by_type"":{""depth"":141,""quantization"":183,""joint_aware"":0,""interaction_aware"":0,""sequential_quantization"":0,""fixed_quant_depth"":0,""component crossover"":0,""component crossover + repair"":0},""depth_mask_entries_changed_total"":148,""quant_assignments_changed_total"":324,""interaction_aware_details"":{""budget_repair_quant_changes"":0,""preferred_quant_exchanges_used"":0,""fallback_quant_exchanges_used"":0},""crossover_diagnostics"":{""crossover_offspring"":0,""mutation_offspring"":128,""crossover_offspring_attempted"":0,""crossover_duplicates"":0,""crossover_infeasible_candidates"":0,""crossover_repair_changed_gene_count"":0,""persistent_population_size"":1,""unique_population_size"":1,""best_population_fitness"":0.456787109375,""configured_survivors_per_selection"":[16,4,1],""effective_survivors_per_selection"":[16,4,1],""effective_final_survivor_count"":1},""offspring_generation"":{""attempts"":129,""no_op_mutations"":0,""duplicate_candidates"":1,""infeasible_candidates"":0,""fixed_quant_legal_swap_counts"":[]},""maximum_depth_mutations_per_offspring"":3,""quantization_step_size"":1,""quantization_mutations_per_offspring"":1,""joint_aware_probability"":0.0,""adaptive_mutation"":false,""adaptive_mutation_strength"":1,""adaptive_mutation_patience"":3,""adaptive_mutation_max_strength"":3,""coarse_to_fine_mutation"":false,""coarse_to_fine_start_strength"":3,""coarse_to_fine_end_strength"":1,""stagnation_generations_after_selection"":0}",quantization,True,129,128,16,5,262144,262144,655360,12814,101449728,66761.0225123901,15276.82177734375
87,0.47314453125,0.456787109375,kl,0.47314453125,,,,,0,{},128,16,4,1,"[16,4,1]","[2048,16384,131072]",5503193088,4.083333333333333,3216.5078125,26982023168,26982023168,0,8,8,"{""type"":""mixed_depth_quantization"",""sequential_mode"":""none"",""joint_mutation_mode"":""standard"",""parent_before_generation_hash"":""7d43717114141c7e30434e79a1529e85f004e02989ea36da55575c13417e7271"",""parent_after_generation_hash"":""4b4820bcb8299abf4929ffb4a867eac5fca7a7bf71510086d79ede7459ace6dc"",""generated_offspring_by_type"":{""depth"":72,""quantization"":56,""joint_aware"":0,""interaction_aware"":0,""sequential_quantization"":0,""fixed_quant_depth"":0,""component crossover"":0,""component crossover + repair"":0},""depth_mask_entries_changed_by_type"":{""depth"":224,""quantization"":0,""joint_aware"":0,""interaction_aware"":0,""sequential_quantization"":0,""fixed_quant_depth"":0,""component crossover"":0,""component crossover + repair"":0},""quant_assignments_changed_by_type"":{""depth"":226,""quantization"":141,""joint_aware"":0,""interaction_aware"":0,""sequential_quantization"":0,""fixed_quant_depth"":0,""component crossover"":0,""component crossover + repair"":0},""depth_mask_entries_changed_total"":224,""quant_assignments_changed_total"":367,""interaction_aware_details"":{""budget_repair_quant_changes"":0,""preferred_quant_exchanges_used"":0,""fallback_quant_exchanges_used"":0},""crossover_diagnostics"":{""crossover_offspring"":0,""mutation_offspring"":128,""crossover_offspring_attempted"":0,""crossover_duplicates"":0,""crossover_infeasible_candidates"":0,""crossover_repair_changed_gene_count"":0,""persistent_population_size"":1,""unique_population_size"":1,""best_population_fitness"":0.47314453125,""configured_survivors_per_selection"":[16,4,1],""effective_survivors_per_selection"":[16,4,1],""effective_final_survivor_count"":1},""offspring_generation"":{""attempts"":128,""no_op_mutations"":0,""duplicate_candidates"":0,""infeasible_candidates"":0,""fixed_quant_legal_swap_counts"":[]},""maximum_depth_mutations_per_offspring"":3,""quantization_step_size"":1,""quantization_mutations_per_offspring"":1,""joint_aware_probability"":0.0,""adaptive_mutation"":false,""adaptive_mutation_strength"":1,""adaptive_mutation_patience"":3,""adaptive_mutation_max_strength"":3,""coarse_to_fine_mutation"":false,""coarse_to_fine_start_strength"":3,""coarse_to_fine_end_strength"":1,""stagnation_generations_after_selection"":0}",quantization,True,128,128,16,5,262144,262144,655360,12963,102629376,67474.1380761911,15276.82177734375
88,0.484130859375,0.47314453125,kl,0.484130859375,,,,,0,{},128,16,4,1,"[16,4,1]","[2048,16384,131072]",5503193088,4.083333333333333,3216.5078125,26982023168,26982023168,0,8,8,"{""type"":""mixed_depth_quantization"",""sequential_mode"":""none"",""joint_mutation_mode"":""standard"",""parent_before_generation_hash"":""4b4820bcb8299abf4929ffb4a867eac5fca7a7bf71510086d79ede7459ace6dc"",""parent_after_generation_hash"":""1ae55376ec6fc6b51541efa6cfb3902586f42d910695d2df07258e9fb02888e2"",""generated_offspring_by_type"":{""depth"":67,""quantization"":61,""joint_aware"":0,""interaction_aware"":0,""sequential_quantization"":0,""fixed_quant_depth"":0,""component crossover"":0,""component crossover + repair"":0},""depth_mask_entries_changed_by_type"":{""depth"":200,""quantization"":0,""joint_aware"":0,""interaction_aware"":0,""sequential_quantization"":0,""fixed_quant_depth"":0,""component crossover"":0,""component crossover + repair"":0},""quant_assignments_changed_by_type"":{""depth"":188,""quantization"":142,""joint_aware"":0,""interaction_aware"":0,""sequential_quantization"":0,""fixed_quant_depth"":0,""component crossover"":0,""component crossover + repair"":0},""depth_mask_entries_changed_total"":200,""quant_assignments_changed_total"":330,""interaction_aware_details"":{""budget_repair_quant_changes"":0,""preferred_quant_exchanges_used"":0,""fallback_quant_exchanges_used"":0},""crossover_diagnostics"":{""crossover_offspring"":0,""mutation_offspring"":128,""crossover_offspring_attempted"":0,""crossover_duplicates"":0,""crossover_infeasible_candidates"":0,""crossover_repair_changed_gene_count"":0,""persistent_population_size"":1,""unique_population_size"":1,""best_population_fitness"":0.484130859375,""configured_survivors_per_selection"":[16,4,1],""effective_survivors_per_selection"":[16,4,1],""effective_final_survivor_count"":1},""offspring_generation"":{""attempts"":129,""no_op_mutations"":1,""duplicate_candidates"":0,""infeasible_candidates"":0,""fixed_quant_legal_swap_counts"":[]},""maximum_depth_mutations_per_offspring"":3,""quantization_step_size"":1,""quantization_mutations_per_offspring"":1,""joint_aware_probability"":0.0,""adaptive_mutation"":false,""adaptive_mutation_strength"":1,""adaptive_mutation_patience"":3,""adaptive_mutation_max_strength"":3,""coarse_to_fine_mutation"":false,""coarse_to_fine_start_strength"":3,""coarse_to_fine_end_strength"":1,""stagnation_generations_after_selection"":0}",quantization,True,129,128,16,5,262144,262144,655360,13112,103809024,68231.25426891909,15276.82177734375
89,0.44677734375,0.484130859375,kl,0.44677734375,,,,,0,{},128,16,4,1,"[16,4,1]","[2048,16384,131072]",5503193088,4.083333333333333,3216.5078125,26982023168,26982023168,0,8,8,"{""type"":""mixed_depth_quantization"",""sequential_mode"":""none"",""joint_mutation_mode"":""standard"",""parent_before_generation_hash"":""1ae55376ec6fc6b51541efa6cfb3902586f42d910695d2df07258e9fb02888e2"",""parent_after_generation_hash"":""d0848aede8ebaffb2a3644aac695146b3f20a43215688b670ee632c6404f6c83"",""generated_offspring_by_type"":{""depth"":72,""quantization"":56,""joint_aware"":0,""interaction_aware"":0,""sequential_quantization"":0,""fixed_quant_depth"":0,""component crossover"":0,""component crossover + repair"":0},""depth_mask_entries_changed_by_type"":{""depth"":214,""quantization"":0,""joint_aware"":0,""interaction_aware"":0,""sequential_quantization"":0,""fixed_quant_depth"":0,""component crossover"":0,""component crossover + repair"":0},""quant_assignments_changed_by_type"":{""depth"":195,""quantization"":130,""joint_aware"":0,""interaction_aware"":0,""sequential_quantization"":0,""fixed_quant_depth"":0,""component crossover"":0,""component crossover + repair"":0},""depth_mask_entries_changed_total"":214,""quant_assignments_changed_total"":325,""interaction_aware_details"":{""budget_repair_quant_changes"":0,""preferred_quant_exchanges_used"":0,""fallback_quant_exchanges_used"":0},""crossover_diagnostics"":{""crossover_offspring"":0,""mutation_offspring"":128,""crossover_offspring_attempted"":0,""crossover_duplicates"":0,""crossover_infeasible_candidates"":0,""crossover_repair_changed_gene_count"":0,""persistent_population_size"":1,""unique_population_size"":1,""best_population_fitness"":0.44677734375,""configured_survivors_per_selection"":[16,4,1],""effective_survivors_per_selection"":[16,4,1],""effective_final_survivor_count"":1},""offspring_generation"":{""attempts"":128,""no_op_mutations"":0,""duplicate_candidates"":0,""infeasible_candidates"":0,""fixed_quant_legal_swap_counts"":[]},""maximum_depth_mutations_per_offspring"":3,""quantization_step_size"":1,""quantization_mutations_per_offspring"":1,""joint_aware_probability"":0.0,""adaptive_mutation"":false,""adaptive_mutation_strength"":1,""adaptive_mutation_patience"":3,""adaptive_mutation_max_strength"":3,""coarse_to_fine_mutation"":false,""coarse_to_fine_start_strength"":3,""coarse_to_fine_end_strength"":1,""stagnation_generations_after_selection"":0}",quantization,True,128,128,16,5,262144,262144,655360,13261,104988672,68949.84159582309,15276.82177734375
90,0.468994140625,0.44677734375,kl,0.468994140625,,,,,0,{},128,16,4,1,"[16,4,1]","[2048,16384,131072]",5503193088,4.083333333333333,3216.5078125,26982023168,26982023168,0,8,8,"{""type"":""mixed_depth_quantization"",""sequential_mode"":""none"",""joint_mutation_mode"":""standard"",""parent_before_generation_hash"":""d0848aede8ebaffb2a3644aac695146b3f20a43215688b670ee632c6404f6c83"",""parent_after_generation_hash"":""1757e4dc0bcdd0a407afae0141330edc06ca487c6f4df4bb7d1b0a297f4dd759"",""generated_offspring_by_type"":{""depth"":64,""quantization"":64,""joint_aware"":0,""interaction_aware"":0,""sequential_quantization"":0,""fixed_quant_depth"":0,""component crossover"":0,""component crossover + repair"":0},""depth_mask_entries_changed_by_type"":{""depth"":196,""quantization"":0,""joint_aware"":0,""interaction_aware"":0,""sequential_quantization"":0,""fixed_quant_depth"":0,""component crossover"":0,""component crossover + repair"":0},""quant_assignments_changed_by_type"":{""depth"":184,""quantization"":150,""joint_aware"":0,""interaction_aware"":0,""sequential_quantization"":0,""fixed_quant_depth"":0,""component crossover"":0,""component crossover + repair"":0},""depth_mask_entries_changed_total"":196,""quant_assignments_changed_total"":334,""interaction_aware_details"":{""budget_repair_quant_changes"":0,""preferred_quant_exchanges_used"":0,""fallback_quant_exchanges_used"":0},""crossover_diagnostics"":{""crossover_offspring"":0,""mutation_offspring"":128,""crossover_offspring_attempted"":0,""crossover_duplicates"":0,""crossover_infeasible_candidates"":0,""crossover_repair_changed_gene_count"":0,""persistent_population_size"":1,""unique_population_size"":1,""best_population_fitness"":0.468994140625,""configured_survivors_per_selection"":[16,4,1],""effective_survivors_per_selection"":[16,4,1],""effective_final_survivor_count"":1},""offspring_generation"":{""attempts"":128,""no_op_mutations"":0,""duplicate_candidates"":0,""infeasible_candidates"":0,""fixed_quant_legal_swap_counts"":[]},""maximum_depth_mutations_per_offspring"":3,""quantization_step_size"":1,""quantization_mutations_per_offspring"":1,""joint_aware_probability"":0.0,""adaptive_mutation"":false,""adaptive_mutation_strength"":1,""adaptive_mutation_patience"":3,""adaptive_mutation_max_strength"":3,""coarse_to_fine_mutation"":false,""coarse_to_fine_start_strength"":3,""coarse_to_fine_end_strength"":1,""stagnation_generations_after_selection"":0}",quantization,True,128,128,16,5,262144,262144,655360,13410,106168320,69624.7592655241,15276.82177734375
91,0.455078125,0.468994140625,kl,0.455078125,10.0625,8.9140625,12.3984375,,917504,"{""wikitext2"":327680,""c4"":589824}",128,16,4,1,"[16,4,1]","[2048,16384,131072]",5503193088,4.083333333333333,3216.5078125,26982023168,26982023168,0,8,8,"{""type"":""mixed_depth_quantization"",""sequential_mode"":""none"",""joint_mutation_mode"":""standard"",""parent_before_generation_hash"":""1757e4dc0bcdd0a407afae0141330edc06ca487c6f4df4bb7d1b0a297f4dd759"",""parent_after_generation_hash"":""6ef02f619fe25749053666068a9c476a35d7d7bab26c1f7b66230a6a11e4999c"",""generated_offspring_by_type"":{""depth"":60,""quantization"":68,""joint_aware"":0,""interaction_aware"":0,""sequential_quantization"":0,""fixed_quant_depth"":0,""component crossover"":0,""component crossover + repair"":0},""depth_mask_entries_changed_by_type"":{""depth"":182,""quantization"":0,""joint_aware"":0,""interaction_aware"":0,""sequential_quantization"":0,""fixed_quant_depth"":0,""component crossover"":0,""component crossover + repair"":0},""quant_assignments_changed_by_type"":{""depth"":142,""quantization"":154,""joint_aware"":0,""interaction_aware"":0,""sequential_quantization"":0,""fixed_quant_depth"":0,""component crossover"":0,""component crossover + repair"":0},""depth_mask_entries_changed_total"":182,""quant_assignments_changed_total"":296,""interaction_aware_details"":{""budget_repair_quant_changes"":0,""preferred_quant_exchanges_used"":0,""fallback_quant_exchanges_used"":0},""crossover_diagnostics"":{""crossover_offspring"":0,""mutation_offspring"":128,""crossover_offspring_attempted"":0,""crossover_duplicates"":0,""crossover_infeasible_candidates"":0,""crossover_repair_changed_gene_count"":0,""persistent_population_size"":1,""unique_population_size"":1,""best_population_fitness"":0.455078125,""configured_survivors_per_selection"":[16,4,1],""effective_survivors_per_selection"":[16,4,1],""effective_final_survivor_count"":1},""offspring_generation"":{""attempts"":129,""no_op_mutations"":1,""duplicate_candidates"":0,""infeasible_candidates"":0,""fixed_quant_legal_swap_counts"":[]},""maximum_depth_mutations_per_offspring"":3,""quantization_step_size"":1,""quantization_mutations_per_offspring"":1,""joint_aware_probability"":0.0,""adaptive_mutation"":false,""adaptive_mutation_strength"":1,""adaptive_mutation_patience"":3,""adaptive_mutation_max_strength"":3,""coarse_to_fine_mutation"":false,""coarse_to_fine_start_strength"":3,""coarse_to_fine_end_strength"":1,""stagnation_generations_after_selection"":0}",quantization,True,129,128,16,5,262144,262144,655360,13559,107347968,70553.62552211809,15276.82177734375
92,0.46484375,0.455078125,kl,0.46484375,,,,,0,{},128,16,4,1,"[16,4,1]","[2048,16384,131072]",5503193088,4.083333333333333,3216.5078125,26982023168,26982023168,0,8,8,"{""type"":""mixed_depth_quantization"",""sequential_mode"":""none"",""joint_mutation_mode"":""standard"",""parent_before_generation_hash"":""6ef02f619fe25749053666068a9c476a35d7d7bab26c1f7b66230a6a11e4999c"",""parent_after_generation_hash"":""795409af58dc091ad2ddc2915856ab371b7fad03b77ab6c9cb48f2321527b6cd"",""generated_offspring_by_type"":{""depth"":61,""quantization"":67,""joint_aware"":0,""interaction_aware"":0,""sequential_quantization"":0,""fixed_quant_depth"":0,""component crossover"":0,""component crossover + repair"":0},""depth_mask_entries_changed_by_type"":{""depth"":196,""quantization"":0,""joint_aware"":0,""interaction_aware"":0,""sequential_quantization"":0,""fixed_quant_depth"":0,""component crossover"":0,""component crossover + repair"":0},""quant_assignments_changed_by_type"":{""depth"":150,""quantization"":153,""joint_aware"":0,""interaction_aware"":0,""sequential_quantization"":0,""fixed_quant_depth"":0,""component crossover"":0,""component crossover + repair"":0},""depth_mask_entries_changed_total"":196,""quant_assignments_changed_total"":303,""interaction_aware_details"":{""budget_repair_quant_changes"":0,""preferred_quant_exchanges_used"":0,""fallback_quant_exchanges_used"":0},""crossover_diagnostics"":{""crossover_offspring"":0,""mutation_offspring"":128,""crossover_offspring_attempted"":0,""crossover_duplicates"":0,""crossover_infeasible_candidates"":0,""crossover_repair_changed_gene_count"":0,""persistent_population_size"":1,""unique_population_size"":1,""best_population_fitness"":0.46484375,""configured_survivors_per_selection"":[16,4,1],""effective_survivors_per_selection"":[16,4,1],""effective_final_survivor_count"":1},""offspring_generation"":{""attempts"":130,""no_op_mutations"":1,""duplicate_candidates"":1,""infeasible_candidates"":0,""fixed_quant_legal_swap_counts"":[]},""maximum_depth_mutations_per_offspring"":3,""quantization_step_size"":1,""quantization_mutations_per_offspring"":1,""joint_aware_probability"":0.0,""adaptive_mutation"":false,""adaptive_mutation_strength"":1,""adaptive_mutation_patience"":3,""adaptive_mutation_max_strength"":3,""coarse_to_fine_mutation"":false,""coarse_to_fine_start_strength"":3,""coarse_to_fine_end_strength"":1,""stagnation_generations_after_selection"":0}",quantization,True,130,128,16,5,262144,262144,655360,13708,108527616,71290.2866527471,15276.82177734375
93,0.4619140625,0.46484375,kl,0.4619140625,,,,,0,{},128,16,4,1,"[16,4,1]","[2048,16384,131072]",5503193088,4.083333333333333,3216.5078125,26982023168,26982023168,0,8,8,"{""type"":""mixed_depth_quantization"",""sequential_mode"":""none"",""joint_mutation_mode"":""standard"",""parent_before_generation_hash"":""795409af58dc091ad2ddc2915856ab371b7fad03b77ab6c9cb48f2321527b6cd"",""parent_after_generation_hash"":""5486280455c71f29f7c6712467dda43fffdac2d0a15b65fbcc5ca4ac03cd8eca"",""generated_offspring_by_type"":{""depth"":59,""quantization"":69,""joint_aware"":0,""interaction_aware"":0,""sequential_quantization"":0,""fixed_quant_depth"":0,""component crossover"":0,""component crossover + repair"":0},""depth_mask_entries_changed_by_type"":{""depth"":158,""quantization"":0,""joint_aware"":0,""interaction_aware"":0,""sequential_quantization"":0,""fixed_quant_depth"":0,""component crossover"":0,""component crossover + repair"":0},""quant_assignments_changed_by_type"":{""depth"":167,""quantization"":161,""joint_aware"":0,""interaction_aware"":0,""sequential_quantization"":0,""fixed_quant_depth"":0,""component crossover"":0,""component crossover + repair"":0},""depth_mask_entries_changed_total"":158,""quant_assignments_changed_total"":328,""interaction_aware_details"":{""budget_repair_quant_changes"":0,""preferred_quant_exchanges_used"":0,""fallback_quant_exchanges_used"":0},""crossover_diagnostics"":{""crossover_offspring"":0,""mutation_offspring"":128,""crossover_offspring_attempted"":0,""crossover_duplicates"":0,""crossover_infeasible_candidates"":0,""crossover_repair_changed_gene_count"":0,""persistent_population_size"":1,""unique_population_size"":1,""best_population_fitness"":0.4619140625,""configured_survivors_per_selection"":[16,4,1],""effective_survivors_per_selection"":[16,4,1],""effective_final_survivor_count"":1},""offspring_generation"":{""attempts"":128,""no_op_mutations"":0,""duplicate_candidates"":0,""infeasible_candidates"":0,""fixed_quant_legal_swap_counts"":[]},""maximum_depth_mutations_per_offspring"":3,""quantization_step_size"":1,""quantization_mutations_per_offspring"":1,""joint_aware_probability"":0.0,""adaptive_mutation"":false,""adaptive_mutation_strength"":1,""adaptive_mutation_patience"":3,""adaptive_mutation_max_strength"":3,""coarse_to_fine_mutation"":false,""coarse_to_fine_start_strength"":3,""coarse_to_fine_end_strength"":1,""stagnation_generations_after_selection"":0}",quantization,True,128,128,16,5,262144,262144,655360,13857,109707264,72079.24506123809,15276.82177734375
94,0.46533203125,0.4619140625,kl,0.46533203125,,,,,0,{},128,16,4,1,"[16,4,1]","[2048,16384,131072]",5503193088,4.083333333333333,3216.5078125,26982023168,26982023168,0,8,8,"{""type"":""mixed_depth_quantization"",""sequential_mode"":""none"",""joint_mutation_mode"":""standard"",""parent_before_generation_hash"":""5486280455c71f29f7c6712467dda43fffdac2d0a15b65fbcc5ca4ac03cd8eca"",""parent_after_generation_hash"":""3a911ca97b2d2e09246908bf608cb44ea9666e2a29ee310a51b47cc9868d88a4"",""generated_offspring_by_type"":{""depth"":67,""quantization"":61,""joint_aware"":0,""interaction_aware"":0,""sequential_quantization"":0,""fixed_quant_depth"":0,""component crossover"":0,""component crossover + repair"":0},""depth_mask_entries_changed_by_type"":{""depth"":200,""quantization"":0,""joint_aware"":0,""interaction_aware"":0,""sequential_quantization"":0,""fixed_quant_depth"":0,""component crossover"":0,""component crossover + repair"":0},""quant_assignments_changed_by_type"":{""depth"":184,""quantization"":138,""joint_aware"":0,""interaction_aware"":0,""sequential_quantization"":0,""fixed_quant_depth"":0,""component crossover"":0,""component crossover + repair"":0},""depth_mask_entries_changed_total"":200,""quant_assignments_changed_total"":322,""interaction_aware_details"":{""budget_repair_quant_changes"":0,""preferred_quant_exchanges_used"":0,""fallback_quant_exchanges_used"":0},""crossover_diagnostics"":{""crossover_offspring"":0,""mutation_offspring"":128,""crossover_offspring_attempted"":0,""crossover_duplicates"":0,""crossover_infeasible_candidates"":0,""crossover_repair_changed_gene_count"":0,""persistent_population_size"":1,""unique_population_size"":1,""best_population_fitness"":0.46533203125,""configured_survivors_per_selection"":[16,4,1],""effective_survivors_per_selection"":[16,4,1],""effective_final_survivor_count"":1},""offspring_generation"":{""attempts"":129,""no_op_mutations"":0,""duplicate_candidates"":1,""infeasible_candidates"":0,""fixed_quant_legal_swap_counts"":[]},""maximum_depth_mutations_per_offspring"":3,""quantization_step_size"":1,""quantization_mutations_per_offspring"":1,""joint_aware_probability"":0.0,""adaptive_mutation"":false,""adaptive_mutation_strength"":1,""adaptive_mutation_patience"":3,""adaptive_mutation_max_strength"":3,""coarse_to_fine_mutation"":false,""coarse_to_fine_start_strength"":3,""coarse_to_fine_end_strength"":1,""stagnation_generations_after_selection"":0}",quantization,True,129,128,16,5,262144,262144,655360,14006,110886912,72802.08748257809,15276.82177734375
95,0.460205078125,0.46533203125,kl,0.460205078125,,,,,0,{},128,16,4,1,"[16,4,1]","[2048,16384,131072]",5503193088,4.083333333333333,3216.5078125,26982023168,26982023168,0,8,8,"{""type"":""mixed_depth_quantization"",""sequential_mode"":""none"",""joint_mutation_mode"":""standard"",""parent_before_generation_hash"":""3a911ca97b2d2e09246908bf608cb44ea9666e2a29ee310a51b47cc9868d88a4"",""parent_after_generation_hash"":""34488e1bedb29d41038991363854b2ca9c187b51e57c7397885b573f87553924"",""generated_offspring_by_type"":{""depth"":62,""quantization"":66,""joint_aware"":0,""interaction_aware"":0,""sequential_quantization"":0,""fixed_quant_depth"":0,""component crossover"":0,""component crossover + repair"":0},""depth_mask_entries_changed_by_type"":{""depth"":184,""quantization"":0,""joint_aware"":0,""interaction_aware"":0,""sequential_quantization"":0,""fixed_quant_depth"":0,""component crossover"":0,""component crossover + repair"":0},""quant_assignments_changed_by_type"":{""depth"":163,""quantization"":151,""joint_aware"":0,""interaction_aware"":0,""sequential_quantization"":0,""fixed_quant_depth"":0,""component crossover"":0,""component crossover + repair"":0},""depth_mask_entries_changed_total"":184,""quant_assignments_changed_total"":314,""interaction_aware_details"":{""budget_repair_quant_changes"":0,""preferred_quant_exchanges_used"":0,""fallback_quant_exchanges_used"":0},""crossover_diagnostics"":{""crossover_offspring"":0,""mutation_offspring"":128,""crossover_offspring_attempted"":0,""crossover_duplicates"":0,""crossover_infeasible_candidates"":0,""crossover_repair_changed_gene_count"":0,""persistent_population_size"":1,""unique_population_size"":1,""best_population_fitness"":0.460205078125,""configured_survivors_per_selection"":[16,4,1],""effective_survivors_per_selection"":[16,4,1],""effective_final_survivor_count"":1},""offspring_generation"":{""attempts"":128,""no_op_mutations"":0,""duplicate_candidates"":0,""infeasible_candidates"":0,""fixed_quant_legal_swap_counts"":[]},""maximum_depth_mutations_per_offspring"":3,""quantization_step_size"":1,""quantization_mutations_per_offspring"":1,""joint_aware_probability"":0.0,""adaptive_mutation"":false,""adaptive_mutation_strength"":1,""adaptive_mutation_patience"":3,""adaptive_mutation_max_strength"":3,""coarse_to_fine_mutation"":false,""coarse_to_fine_start_strength"":3,""coarse_to_fine_end_strength"":1,""stagnation_generations_after_selection"":0}",quantization,True,128,128,16,5,262144,262144,655360,14155,112066560,73492.30138358209,15276.82177734375
96,0.4541015625,0.460205078125,kl,0.4541015625,9.984375,8.8984375,12.421875,,917504,"{""wikitext2"":327680,""c4"":589824}",128,16,4,1,"[16,4,1]","[2048,16384,131072]",5503193088,4.083333333333333,3216.5078125,26982023168,26982023168,0,8,8,"{""type"":""mixed_depth_quantization"",""sequential_mode"":""none"",""joint_mutation_mode"":""standard"",""parent_before_generation_hash"":""34488e1bedb29d41038991363854b2ca9c187b51e57c7397885b573f87553924"",""parent_after_generation_hash"":""3414f7ae2625549614f7bd3ff51d48b59537f05e57ca382b7eef60cb3d571ed6"",""generated_offspring_by_type"":{""depth"":64,""quantization"":64,""joint_aware"":0,""interaction_aware"":0,""sequential_quantization"":0,""fixed_quant_depth"":0,""component crossover"":0,""component crossover + repair"":0},""depth_mask_entries_changed_by_type"":{""depth"":178,""quantization"":0,""joint_aware"":0,""interaction_aware"":0,""sequential_quantization"":0,""fixed_quant_depth"":0,""component crossover"":0,""component crossover + repair"":0},""quant_assignments_changed_by_type"":{""depth"":176,""quantization"":148,""joint_aware"":0,""interaction_aware"":0,""sequential_quantization"":0,""fixed_quant_depth"":0,""component crossover"":0,""component crossover + repair"":0},""depth_mask_entries_changed_total"":178,""quant_assignments_changed_total"":324,""interaction_aware_details"":{""budget_repair_quant_changes"":0,""preferred_quant_exchanges_used"":0,""fallback_quant_exchanges_used"":0},""crossover_diagnostics"":{""crossover_offspring"":0,""mutation_offspring"":128,""crossover_offspring_attempted"":0,""crossover_duplicates"":0,""crossover_infeasible_candidates"":0,""crossover_repair_changed_gene_count"":0,""persistent_population_size"":1,""unique_population_size"":1,""best_population_fitness"":0.4541015625,""configured_survivors_per_selection"":[16,4,1],""effective_survivors_per_selection"":[16,4,1],""effective_final_survivor_count"":1},""offspring_generation"":{""attempts"":130,""no_op_mutations"":0,""duplicate_candidates"":2,""infeasible_candidates"":0,""fixed_quant_legal_swap_counts"":[]},""maximum_depth_mutations_per_offspring"":3,""quantization_step_size"":1,""quantization_mutations_per_offspring"":1,""joint_aware_probability"":0.0,""adaptive_mutation"":false,""adaptive_mutation_strength"":1,""adaptive_mutation_patience"":3,""adaptive_mutation_max_strength"":3,""coarse_to_fine_mutation"":false,""coarse_to_fine_start_strength"":3,""coarse_to_fine_end_strength"":1,""stagnation_generations_after_selection"":0}",quantization,True,130,128,16,5,262144,262144,655360,14304,113246208,74446.34975130609,15276.82177734375
97,0.45458984375,0.4541015625,kl,0.45458984375,,,,,0,{},128,16,4,1,"[16,4,1]","[2048,16384,131072]",5503193088,4.083333333333333,3216.5078125,26982023168,26982023168,0,8,8,"{""type"":""mixed_depth_quantization"",""sequential_mode"":""none"",""joint_mutation_mode"":""standard"",""parent_before_generation_hash"":""3414f7ae2625549614f7bd3ff51d48b59537f05e57ca382b7eef60cb3d571ed6"",""parent_after_generation_hash"":""3414f7ae2625549614f7bd3ff51d48b59537f05e57ca382b7eef60cb3d571ed6"",""generated_offspring_by_type"":{""depth"":68,""quantization"":60,""joint_aware"":0,""interaction_aware"":0,""sequential_quantization"":0,""fixed_quant_depth"":0,""component crossover"":0,""component crossover + repair"":0},""depth_mask_entries_changed_by_type"":{""depth"":214,""quantization"":0,""joint_aware"":0,""interaction_aware"":0,""sequential_quantization"":0,""fixed_quant_depth"":0,""component crossover"":0,""component crossover + repair"":0},""quant_assignments_changed_by_type"":{""depth"":182,""quantization"":135,""joint_aware"":0,""interaction_aware"":0,""sequential_quantization"":0,""fixed_quant_depth"":0,""component crossover"":0,""component crossover + repair"":0},""depth_mask_entries_changed_total"":214,""quant_assignments_changed_total"":317,""interaction_aware_details"":{""budget_repair_quant_changes"":0,""preferred_quant_exchanges_used"":0,""fallback_quant_exchanges_used"":0},""crossover_diagnostics"":{""crossover_offspring"":0,""mutation_offspring"":128,""crossover_offspring_attempted"":0,""crossover_duplicates"":0,""crossover_infeasible_candidates"":0,""crossover_repair_changed_gene_count"":0,""persistent_population_size"":1,""unique_population_size"":1,""best_population_fitness"":0.45458984375,""configured_survivors_per_selection"":[16,4,1],""effective_survivors_per_selection"":[16,4,1],""effective_final_survivor_count"":1},""offspring_generation"":{""attempts"":128,""no_op_mutations"":0,""duplicate_candidates"":0,""infeasible_candidates"":0,""fixed_quant_legal_swap_counts"":[]},""maximum_depth_mutations_per_offspring"":3,""quantization_step_size"":1,""quantization_mutations_per_offspring"":1,""joint_aware_probability"":0.0,""adaptive_mutation"":false,""adaptive_mutation_strength"":1,""adaptive_mutation_patience"":3,""adaptive_mutation_max_strength"":3,""coarse_to_fine_mutation"":false,""coarse_to_fine_start_strength"":3,""coarse_to_fine_end_strength"":1,""stagnation_generations_after_selection"":1}",parent,False,128,128,16,5,262144,262144,655360,14453,114425856,75166.02659936209,15276.82177734375
98,0.454833984375,0.45458984375,kl,0.454833984375,,,,,0,{},128,16,4,1,"[16,4,1]","[2048,16384,131072]",5503193088,4.083333333333333,3216.5078125,26982023168,26982023168,0,8,8,"{""type"":""mixed_depth_quantization"",""sequential_mode"":""none"",""joint_mutation_mode"":""standard"",""parent_before_generation_hash"":""3414f7ae2625549614f7bd3ff51d48b59537f05e57ca382b7eef60cb3d571ed6"",""parent_after_generation_hash"":""defddb1e62469421142778bb5f891d8bb220cf00580fe8145ae1c87483e5495e"",""generated_offspring_by_type"":{""depth"":58,""quantization"":70,""joint_aware"":0,""interaction_aware"":0,""sequential_quantization"":0,""fixed_quant_depth"":0,""component crossover"":0,""component crossover + repair"":0},""depth_mask_entries_changed_by_type"":{""depth"":172,""quantization"":0,""joint_aware"":0,""interaction_aware"":0,""sequential_quantization"":0,""fixed_quant_depth"":0,""component crossover"":0,""component crossover + repair"":0},""quant_assignments_changed_by_type"":{""depth"":170,""quantization"":163,""joint_aware"":0,""interaction_aware"":0,""sequential_quantization"":0,""fixed_quant_depth"":0,""component crossover"":0,""component crossover + repair"":0},""depth_mask_entries_changed_total"":172,""quant_assignments_changed_total"":333,""interaction_aware_details"":{""budget_repair_quant_changes"":0,""preferred_quant_exchanges_used"":0,""fallback_quant_exchanges_used"":0},""crossover_diagnostics"":{""crossover_offspring"":0,""mutation_offspring"":128,""crossover_offspring_attempted"":0,""crossover_duplicates"":0,""crossover_infeasible_candidates"":0,""crossover_repair_changed_gene_count"":0,""persistent_population_size"":1,""unique_population_size"":1,""best_population_fitness"":0.454833984375,""configured_survivors_per_selection"":[16,4,1],""effective_survivors_per_selection"":[16,4,1],""effective_final_survivor_count"":1},""offspring_generation"":{""attempts"":128,""no_op_mutations"":0,""duplicate_candidates"":0,""infeasible_candidates"":0,""fixed_quant_legal_swap_counts"":[]},""maximum_depth_mutations_per_offspring"":3,""quantization_step_size"":1,""quantization_mutations_per_offspring"":1,""joint_aware_probability"":0.0,""adaptive_mutation"":false,""adaptive_mutation_strength"":1,""adaptive_mutation_patience"":3,""adaptive_mutation_max_strength"":3,""coarse_to_fine_mutation"":false,""coarse_to_fine_start_strength"":3,""coarse_to_fine_end_strength"":1,""stagnation_generations_after_selection"":0}",quantization,True,128,128,16,5,262144,262144,655360,14602,115605504,75894.3040538861,15276.82177734375
99,0.47509765625,0.454833984375,kl,0.47509765625,,,,,0,{},128,16,4,1,"[16,4,1]","[2048,16384,131072]",5503193088,4.083333333333333,3216.5078125,26982023168,26982023168,0,8,8,"{""type"":""mixed_depth_quantization"",""sequential_mode"":""none"",""joint_mutation_mode"":""standard"",""parent_before_generation_hash"":""defddb1e62469421142778bb5f891d8bb220cf00580fe8145ae1c87483e5495e"",""parent_after_generation_hash"":""912479db7a84abbefc4d845e1f0571d87cc40a00cf7ef91532e14e67c97a73a4"",""generated_offspring_by_type"":{""depth"":66,""quantization"":62,""joint_aware"":0,""interaction_aware"":0,""sequential_quantization"":0,""fixed_quant_depth"":0,""component crossover"":0,""component crossover + repair"":0},""depth_mask_entries_changed_by_type"":{""depth"":210,""quantization"":0,""joint_aware"":0,""interaction_aware"":0,""sequential_quantization"":0,""fixed_quant_depth"":0,""component crossover"":0,""component crossover + repair"":0},""quant_assignments_changed_by_type"":{""depth"":200,""quantization"":150,""joint_aware"":0,""interaction_aware"":0,""sequential_quantization"":0,""fixed_quant_depth"":0,""component crossover"":0,""component crossover + repair"":0},""depth_mask_entries_changed_total"":210,""quant_assignments_changed_total"":350,""interaction_aware_details"":{""budget_repair_quant_changes"":0,""preferred_quant_exchanges_used"":0,""fallback_quant_exchanges_used"":0},""crossover_diagnostics"":{""crossover_offspring"":0,""mutation_offspring"":128,""crossover_offspring_attempted"":0,""crossover_duplicates"":0,""crossover_infeasible_candidates"":0,""crossover_repair_changed_gene_count"":0,""persistent_population_size"":1,""unique_population_size"":1,""best_population_fitness"":0.47509765625,""configured_survivors_per_selection"":[16,4,1],""effective_survivors_per_selection"":[16,4,1],""effective_final_survivor_count"":1},""offspring_generation"":{""attempts"":128,""no_op_mutations"":0,""duplicate_candidates"":0,""infeasible_candidates"":0,""fixed_quant_legal_swap_counts"":[]},""maximum_depth_mutations_per_offspring"":3,""quantization_step_size"":1,""quantization_mutations_per_offspring"":1,""joint_aware_probability"":0.0,""adaptive_mutation"":false,""adaptive_mutation_strength"":1,""adaptive_mutation_patience"":3,""adaptive_mutation_max_strength"":3,""coarse_to_fine_mutation"":false,""coarse_to_fine_start_strength"":3,""coarse_to_fine_end_strength"":1,""stagnation_generations_after_selection"":0}",quantization,True,128,128,16,5,262144,262144,655360,14751,116785152,76671.24589865009,15276.82177734375
100,0.452392578125,0.47509765625,kl,0.452392578125,,,,,0,{},128,16,4,1,"[16,4,1]","[2048,16384,131072]",5503193088,4.083333333333333,3216.5078125,26982023168,26982023168,0,8,8,"{""type"":""mixed_depth_quantization"",""sequential_mode"":""none"",""joint_mutation_mode"":""standard"",""parent_before_generation_hash"":""912479db7a84abbefc4d845e1f0571d87cc40a00cf7ef91532e14e67c97a73a4"",""parent_after_generation_hash"":""69c2dcde858eddd78e97e6ac2cb1f4fb08c098fc6e7f8cb5c7e687099ef7512e"",""generated_offspring_by_type"":{""depth"":76,""quantization"":52,""joint_aware"":0,""interaction_aware"":0,""sequential_quantization"":0,""fixed_quant_depth"":0,""component crossover"":0,""component crossover + repair"":0},""depth_mask_entries_changed_by_type"":{""depth"":226,""quantization"":0,""joint_aware"":0,""interaction_aware"":0,""sequential_quantization"":0,""fixed_quant_depth"":0,""component crossover"":0,""component crossover + repair"":0},""quant_assignments_changed_by_type"":{""depth"":199,""quantization"":122,""joint_aware"":0,""interaction_aware"":0,""sequential_quantization"":0,""fixed_quant_depth"":0,""component crossover"":0,""component crossover + repair"":0},""depth_mask_entries_changed_total"":226,""quant_assignments_changed_total"":321,""interaction_aware_details"":{""budget_repair_quant_changes"":0,""preferred_quant_exchanges_used"":0,""fallback_quant_exchanges_used"":0},""crossover_diagnostics"":{""crossover_offspring"":0,""mutation_offspring"":128,""crossover_offspring_attempted"":0,""crossover_duplicates"":0,""crossover_infeasible_candidates"":0,""crossover_repair_changed_gene_count"":0,""persistent_population_size"":1,""unique_population_size"":1,""best_population_fitness"":0.452392578125,""configured_survivors_per_selection"":[16,4,1],""effective_survivors_per_selection"":[16,4,1],""effective_final_survivor_count"":1},""offspring_generation"":{""attempts"":128,""no_op_mutations"":0,""duplicate_candidates"":0,""infeasible_candidates"":0,""fixed_quant_legal_swap_counts"":[]},""maximum_depth_mutations_per_offspring"":3,""quantization_step_size"":1,""quantization_mutations_per_offspring"":1,""joint_aware_probability"":0.0,""adaptive_mutation"":false,""adaptive_mutation_strength"":1,""adaptive_mutation_patience"":3,""adaptive_mutation_max_strength"":3,""coarse_to_fine_mutation"":false,""coarse_to_fine_start_strength"":3,""coarse_to_fine_end_strength"":1,""stagnation_generations_after_selection"":0}",quantization,True,128,128,16,5,262144,262144,655360,14900,117964800,77361.3357597301,15276.82177734375
101,0.4541015625,0.452392578125,kl,0.4541015625,10.0,8.8984375,12.421875,,917504,"{""wikitext2"":327680,""c4"":589824}",128,16,4,1,"[16,4,1]","[2048,16384,131072]",5503193088,4.083333333333333,3216.5078125,26982023168,26982023168,0,8,8,"{""type"":""mixed_depth_quantization"",""sequential_mode"":""none"",""joint_mutation_mode"":""standard"",""parent_before_generation_hash"":""69c2dcde858eddd78e97e6ac2cb1f4fb08c098fc6e7f8cb5c7e687099ef7512e"",""parent_after_generation_hash"":""ee669a517674e085cb99803fe595bea78e86460fc46d527cf9c6998549e5dcb2"",""generated_offspring_by_type"":{""depth"":68,""quantization"":60,""joint_aware"":0,""interaction_aware"":0,""sequential_quantization"":0,""fixed_quant_depth"":0,""component crossover"":0,""component crossover + repair"":0},""depth_mask_entries_changed_by_type"":{""depth"":200,""quantization"":0,""joint_aware"":0,""interaction_aware"":0,""sequential_quantization"":0,""fixed_quant_depth"":0,""component crossover"":0,""component crossover + repair"":0},""quant_assignments_changed_by_type"":{""depth"":207,""quantization"":139,""joint_aware"":0,""interaction_aware"":0,""sequential_quantization"":0,""fixed_quant_depth"":0,""component crossover"":0,""component crossover + repair"":0},""depth_mask_entries_changed_total"":200,""quant_assignments_changed_total"":346,""interaction_aware_details"":{""budget_repair_quant_changes"":0,""preferred_quant_exchanges_used"":0,""fallback_quant_exchanges_used"":0},""crossover_diagnostics"":{""crossover_offspring"":0,""mutation_offspring"":128,""crossover_offspring_attempted"":0,""crossover_duplicates"":0,""crossover_infeasible_candidates"":0,""crossover_repair_changed_gene_count"":0,""persistent_population_size"":1,""unique_population_size"":1,""best_population_fitness"":0.4541015625,""configured_survivors_per_selection"":[16,4,1],""effective_survivors_per_selection"":[16,4,1],""effective_final_survivor_count"":1},""offspring_generation"":{""attempts"":128,""no_op_mutations"":0,""duplicate_candidates"":0,""infeasible_candidates"":0,""fixed_quant_legal_swap_counts"":[]},""maximum_depth_mutations_per_offspring"":3,""quantization_step_size"":1,""quantization_mutations_per_offspring"":1,""joint_aware_probability"":0.0,""adaptive_mutation"":false,""adaptive_mutation_strength"":1,""adaptive_mutation_patience"":3,""adaptive_mutation_max_strength"":3,""coarse_to_fine_mutation"":false,""coarse_to_fine_start_strength"":3,""coarse_to_fine_end_strength"":1,""stagnation_generations_after_selection"":0}",quantization,True,128,128,16,5,262144,262144,655360,15049,119144448,78372.0099432161,15276.86865234375
102,0.473876953125,0.4541015625,kl,0.473876953125,,,,,0,{},128,16,4,1,"[16,4,1]","[2048,16384,131072]",5503193088,4.083333333333333,3216.5078125,26982023168,26982023168,0,8,8,"{""type"":""mixed_depth_quantization"",""sequential_mode"":""none"",""joint_mutation_mode"":""standard"",""parent_before_generation_hash"":""ee669a517674e085cb99803fe595bea78e86460fc46d527cf9c6998549e5dcb2"",""parent_after_generation_hash"":""eecd2d5673e6136bfdc8272c78861bd944eac5a78e236d479952ed546297696a"",""generated_offspring_by_type"":{""depth"":60,""quantization"":68,""joint_aware"":0,""interaction_aware"":0,""sequential_quantization"":0,""fixed_quant_depth"":0,""component crossover"":0,""component crossover + repair"":0},""depth_mask_entries_changed_by_type"":{""depth"":192,""quantization"":0,""joint_aware"":0,""interaction_aware"":0,""sequential_quantization"":0,""fixed_quant_depth"":0,""component crossover"":0,""component crossover + repair"":0},""quant_assignments_changed_by_type"":{""depth"":179,""quantization"":153,""joint_aware"":0,""interaction_aware"":0,""sequential_quantization"":0,""fixed_quant_depth"":0,""component crossover"":0,""component crossover + repair"":0},""depth_mask_entries_changed_total"":192,""quant_assignments_changed_total"":332,""interaction_aware_details"":{""budget_repair_quant_changes"":0,""preferred_quant_exchanges_used"":0,""fallback_quant_exchanges_used"":0},""crossover_diagnostics"":{""crossover_offspring"":0,""mutation_offspring"":128,""crossover_offspring_attempted"":0,""crossover_duplicates"":0,""crossover_infeasible_candidates"":0,""crossover_repair_changed_gene_count"":0,""persistent_population_size"":1,""unique_population_size"":1,""best_population_fitness"":0.473876953125,""configured_survivors_per_selection"":[16,4,1],""effective_survivors_per_selection"":[16,4,1],""effective_final_survivor_count"":1},""offspring_generation"":{""attempts"":129,""no_op_mutations"":1,""duplicate_candidates"":0,""infeasible_candidates"":0,""fixed_quant_legal_swap_counts"":[]},""maximum_depth_mutations_per_offspring"":3,""quantization_step_size"":1,""quantization_mutations_per_offspring"":1,""joint_aware_probability"":0.0,""adaptive_mutation"":false,""adaptive_mutation_strength"":1,""adaptive_mutation_patience"":3,""adaptive_mutation_max_strength"":3,""coarse_to_fine_mutation"":false,""coarse_to_fine_start_strength"":3,""coarse_to_fine_end_strength"":1,""stagnation_generations_after_selection"":0}",quantization,True,129,128,16,5,262144,262144,655360,15198,120324096,79155.2381158681,15276.86865234375
103,0.45947265625,0.473876953125,kl,0.45947265625,,,,,0,{},128,16,4,1,"[16,4,1]","[2048,16384,131072]",5503193088,4.083333333333333,3216.5078125,26982023168,26982023168,0,8,8,"{""type"":""mixed_depth_quantization"",""sequential_mode"":""none"",""joint_mutation_mode"":""standard"",""parent_before_generation_hash"":""eecd2d5673e6136bfdc8272c78861bd944eac5a78e236d479952ed546297696a"",""parent_after_generation_hash"":""eecd2d5673e6136bfdc8272c78861bd944eac5a78e236d479952ed546297696a"",""generated_offspring_by_type"":{""depth"":67,""quantization"":61,""joint_aware"":0,""interaction_aware"":0,""sequential_quantization"":0,""fixed_quant_depth"":0,""component crossover"":0,""component crossover + repair"":0},""depth_mask_entries_changed_by_type"":{""depth"":200,""quantization"":0,""joint_aware"":0,""interaction_aware"":0,""sequential_quantization"":0,""fixed_quant_depth"":0,""component crossover"":0,""component crossover + repair"":0},""quant_assignments_changed_by_type"":{""depth"":209,""quantization"":148,""joint_aware"":0,""interaction_aware"":0,""sequential_quantization"":0,""fixed_quant_depth"":0,""component crossover"":0,""component crossover + repair"":0},""depth_mask_entries_changed_total"":200,""quant_assignments_changed_total"":357,""interaction_aware_details"":{""budget_repair_quant_changes"":0,""preferred_quant_exchanges_used"":0,""fallback_quant_exchanges_used"":0},""crossover_diagnostics"":{""crossover_offspring"":0,""mutation_offspring"":128,""crossover_offspring_attempted"":0,""crossover_duplicates"":0,""crossover_infeasible_candidates"":0,""crossover_repair_changed_gene_count"":0,""persistent_population_size"":1,""unique_population_size"":1,""best_population_fitness"":0.45947265625,""configured_survivors_per_selection"":[16,4,1],""effective_survivors_per_selection"":[16,4,1],""effective_final_survivor_count"":1},""offspring_generation"":{""attempts"":130,""no_op_mutations"":1,""duplicate_candidates"":1,""infeasible_candidates"":0,""fixed_quant_legal_swap_counts"":[]},""maximum_depth_mutations_per_offspring"":3,""quantization_step_size"":1,""quantization_mutations_per_offspring"":1,""joint_aware_probability"":0.0,""adaptive_mutation"":false,""adaptive_mutation_strength"":1,""adaptive_mutation_patience"":3,""adaptive_mutation_max_strength"":3,""coarse_to_fine_mutation"":false,""coarse_to_fine_start_strength"":3,""coarse_to_fine_end_strength"":1,""stagnation_generations_after_selection"":1}",parent,False,130,128,16,5,262144,262144,655360,15347,121503744,79858.6990462931,15276.86865234375
104,0.449951171875,0.45947265625,kl,0.449951171875,,,,,0,{},128,16,4,1,"[16,4,1]","[2048,16384,131072]",5503193088,4.083333333333333,3216.5078125,26982023168,26982023168,0,8,8,"{""type"":""mixed_depth_quantization"",""sequential_mode"":""none"",""joint_mutation_mode"":""standard"",""parent_before_generation_hash"":""eecd2d5673e6136bfdc8272c78861bd944eac5a78e236d479952ed546297696a"",""parent_after_generation_hash"":""c2d0a0c562123f0e49f5be2a24ed22b428274528d415428eb675904584123f06"",""generated_offspring_by_type"":{""depth"":72,""quantization"":56,""joint_aware"":0,""interaction_aware"":0,""sequential_quantization"":0,""fixed_quant_depth"":0,""component crossover"":0,""component crossover + repair"":0},""depth_mask_entries_changed_by_type"":{""depth"":224,""quantization"":0,""joint_aware"":0,""interaction_aware"":0,""sequential_quantization"":0,""fixed_quant_depth"":0,""component crossover"":0,""component crossover + repair"":0},""quant_assignments_changed_by_type"":{""depth"":205,""quantization"":134,""joint_aware"":0,""interaction_aware"":0,""sequential_quantization"":0,""fixed_quant_depth"":0,""component crossover"":0,""component crossover + repair"":0},""depth_mask_entries_changed_total"":224,""quant_assignments_changed_total"":339,""interaction_aware_details"":{""budget_repair_quant_changes"":0,""preferred_quant_exchanges_used"":0,""fallback_quant_exchanges_used"":0},""crossover_diagnostics"":{""crossover_offspring"":0,""mutation_offspring"":128,""crossover_offspring_attempted"":0,""crossover_duplicates"":0,""crossover_infeasible_candidates"":0,""crossover_repair_changed_gene_count"":0,""persistent_population_size"":1,""unique_population_size"":1,""best_population_fitness"":0.449951171875,""configured_survivors_per_selection"":[16,4,1],""effective_survivors_per_selection"":[16,4,1],""effective_final_survivor_count"":1},""offspring_generation"":{""attempts"":128,""no_op_mutations"":0,""duplicate_candidates"":0,""infeasible_candidates"":0,""fixed_quant_legal_swap_counts"":[]},""maximum_depth_mutations_per_offspring"":3,""quantization_step_size"":1,""quantization_mutations_per_offspring"":1,""joint_aware_probability"":0.0,""adaptive_mutation"":false,""adaptive_mutation_strength"":1,""adaptive_mutation_patience"":3,""adaptive_mutation_max_strength"":3,""coarse_to_fine_mutation"":false,""coarse_to_fine_start_strength"":3,""coarse_to_fine_end_strength"":1,""stagnation_generations_after_selection"":0}",quantization,True,128,128,16,5,262144,262144,655360,15496,122683392,80605.8052592121,15276.86865234375
105,0.459716796875,0.449951171875,kl,0.459716796875,,,,,0,{},128,16,4,1,"[16,4,1]","[2048,16384,131072]",5503193088,4.083333333333333,3216.5078125,26982023168,26982023168,0,8,8,"{""type"":""mixed_depth_quantization"",""sequential_mode"":""none"",""joint_mutation_mode"":""standard"",""parent_before_generation_hash"":""c2d0a0c562123f0e49f5be2a24ed22b428274528d415428eb675904584123f06"",""parent_after_generation_hash"":""7c61fcfdcd7e90803e0f529c27e162a1db39b53e86fe502fbf17f78dd07a00ba"",""generated_offspring_by_type"":{""depth"":55,""quantization"":73,""joint_aware"":0,""interaction_aware"":0,""sequential_quantization"":0,""fixed_quant_depth"":0,""component crossover"":0,""component crossover + repair"":0},""depth_mask_entries_changed_by_type"":{""depth"":172,""quantization"":0,""joint_aware"":0,""interaction_aware"":0,""sequential_quantization"":0,""fixed_quant_depth"":0,""component crossover"":0,""component crossover + repair"":0},""quant_assignments_changed_by_type"":{""depth"":169,""quantization"":167,""joint_aware"":0,""interaction_aware"":0,""sequential_quantization"":0,""fixed_quant_depth"":0,""component crossover"":0,""component crossover + repair"":0},""depth_mask_entries_changed_total"":172,""quant_assignments_changed_total"":336,""interaction_aware_details"":{""budget_repair_quant_changes"":0,""preferred_quant_exchanges_used"":0,""fallback_quant_exchanges_used"":0},""crossover_diagnostics"":{""crossover_offspring"":0,""mutation_offspring"":128,""crossover_offspring_attempted"":0,""crossover_duplicates"":0,""crossover_infeasible_candidates"":0,""crossover_repair_changed_gene_count"":0,""persistent_population_size"":1,""unique_population_size"":1,""best_population_fitness"":0.459716796875,""configured_survivors_per_selection"":[16,4,1],""effective_survivors_per_selection"":[16,4,1],""effective_final_survivor_count"":1},""offspring_generation"":{""attempts"":128,""no_op_mutations"":0,""duplicate_candidates"":0,""infeasible_candidates"":0,""fixed_quant_legal_swap_counts"":[]},""maximum_depth_mutations_per_offspring"":3,""quantization_step_size"":1,""quantization_mutations_per_offspring"":1,""joint_aware_probability"":0.0,""adaptive_mutation"":false,""adaptive_mutation_strength"":1,""adaptive_mutation_patience"":3,""adaptive_mutation_max_strength"":3,""coarse_to_fine_mutation"":false,""coarse_to_fine_start_strength"":3,""coarse_to_fine_end_strength"":1,""stagnation_generations_after_selection"":0}",quantization,True,128,128,16,5,262144,262144,655360,15645,123863040,81311.3570974791,15276.86865234375
106,0.48388671875,0.459716796875,kl,0.48388671875,10.0234375,8.8984375,12.3984375,,917504,"{""wikitext2"":327680,""c4"":589824}",128,16,4,1,"[16,4,1]","[2048,16384,131072]",5503193088,4.083333333333333,3216.5078125,26982023168,26982023168,0,8,8,"{""type"":""mixed_depth_quantization"",""sequential_mode"":""none"",""joint_mutation_mode"":""standard"",""parent_before_generation_hash"":""7c61fcfdcd7e90803e0f529c27e162a1db39b53e86fe502fbf17f78dd07a00ba"",""parent_after_generation_hash"":""178c39ff8e9ea13968f3f55f77c7a8e2ae172d357615914feb93f0380cb633bc"",""generated_offspring_by_type"":{""depth"":62,""quantization"":66,""joint_aware"":0,""interaction_aware"":0,""sequential_quantization"":0,""fixed_quant_depth"":0,""component crossover"":0,""component crossover + repair"":0},""depth_mask_entries_changed_by_type"":{""depth"":180,""quantization"":0,""joint_aware"":0,""interaction_aware"":0,""sequential_quantization"":0,""fixed_quant_depth"":0,""component crossover"":0,""component crossover + repair"":0},""quant_assignments_changed_by_type"":{""depth"":190,""quantization"":158,""joint_aware"":0,""interaction_aware"":0,""sequential_quantization"":0,""fixed_quant_depth"":0,""component crossover"":0,""component crossover + repair"":0},""depth_mask_entries_changed_total"":180,""quant_assignments_changed_total"":348,""interaction_aware_details"":{""budget_repair_quant_changes"":0,""preferred_quant_exchanges_used"":0,""fallback_quant_exchanges_used"":0},""crossover_diagnostics"":{""crossover_offspring"":0,""mutation_offspring"":128,""crossover_offspring_attempted"":0,""crossover_duplicates"":0,""crossover_infeasible_candidates"":0,""crossover_repair_changed_gene_count"":0,""persistent_population_size"":1,""unique_population_size"":1,""best_population_fitness"":0.48388671875,""configured_survivors_per_selection"":[16,4,1],""effective_survivors_per_selection"":[16,4,1],""effective_final_survivor_count"":1},""offspring_generation"":{""attempts"":128,""no_op_mutations"":0,""duplicate_candidates"":0,""infeasible_candidates"":0,""fixed_quant_legal_swap_counts"":[]},""maximum_depth_mutations_per_offspring"":3,""quantization_step_size"":1,""quantization_mutations_per_offspring"":1,""joint_aware_probability"":0.0,""adaptive_mutation"":false,""adaptive_mutation_strength"":1,""adaptive_mutation_patience"":3,""adaptive_mutation_max_strength"":3,""coarse_to_fine_mutation"":false,""coarse_to_fine_start_strength"":3,""coarse_to_fine_end_strength"":1,""stagnation_generations_after_selection"":0}",quantization,True,128,128,16,5,262144,262144,655360,15794,125042688,82259.5618003521,15276.86865234375
107,0.455078125,0.48388671875,kl,0.455078125,,,,,0,{},128,16,4,1,"[16,4,1]","[2048,16384,131072]",5503193088,4.083333333333333,3216.5078125,26982023168,26982023168,0,8,8,"{""type"":""mixed_depth_quantization"",""sequential_mode"":""none"",""joint_mutation_mode"":""standard"",""parent_before_generation_hash"":""178c39ff8e9ea13968f3f55f77c7a8e2ae172d357615914feb93f0380cb633bc"",""parent_after_generation_hash"":""0a260892ecd1d83541f268bdf5198cf6ef6f899a8d2fbc37cbb469e9724db644"",""generated_offspring_by_type"":{""depth"":61,""quantization"":67,""joint_aware"":0,""interaction_aware"":0,""sequential_quantization"":0,""fixed_quant_depth"":0,""component crossover"":0,""component crossover + repair"":0},""depth_mask_entries_changed_by_type"":{""depth"":180,""quantization"":0,""joint_aware"":0,""interaction_aware"":0,""sequential_quantization"":0,""fixed_quant_depth"":0,""component crossover"":0,""component crossover + repair"":0},""quant_assignments_changed_by_type"":{""depth"":167,""quantization"":154,""joint_aware"":0,""interaction_aware"":0,""sequential_quantization"":0,""fixed_quant_depth"":0,""component crossover"":0,""component crossover + repair"":0},""depth_mask_entries_changed_total"":180,""quant_assignments_changed_total"":321,""interaction_aware_details"":{""budget_repair_quant_changes"":0,""preferred_quant_exchanges_used"":0,""fallback_quant_exchanges_used"":0},""crossover_diagnostics"":{""crossover_offspring"":0,""mutation_offspring"":128,""crossover_offspring_attempted"":0,""crossover_duplicates"":0,""crossover_infeasible_candidates"":0,""crossover_repair_changed_gene_count"":0,""persistent_population_size"":1,""unique_population_size"":1,""best_population_fitness"":0.455078125,""configured_survivors_per_selection"":[16,4,1],""effective_survivors_per_selection"":[16,4,1],""effective_final_survivor_count"":1},""offspring_generation"":{""attempts"":128,""no_op_mutations"":0,""duplicate_candidates"":0,""infeasible_candidates"":0,""fixed_quant_legal_swap_counts"":[]},""maximum_depth_mutations_per_offspring"":3,""quantization_step_size"":1,""quantization_mutations_per_offspring"":1,""joint_aware_probability"":0.0,""adaptive_mutation"":false,""adaptive_mutation_strength"":1,""adaptive_mutation_patience"":3,""adaptive_mutation_max_strength"":3,""coarse_to_fine_mutation"":false,""coarse_to_fine_start_strength"":3,""coarse_to_fine_end_strength"":1,""stagnation_generations_after_selection"":0}",quantization,True,128,128,16,5,262144,262144,655360,15943,126222336,83009.2821657581,15276.86865234375
108,0.48388671875,0.455078125,kl,0.48388671875,,,,,0,{},128,16,4,1,"[16,4,1]","[2048,16384,131072]",5503193088,4.083333333333333,3216.5078125,26982023168,26982023168,0,8,8,"{""type"":""mixed_depth_quantization"",""sequential_mode"":""none"",""joint_mutation_mode"":""standard"",""parent_before_generation_hash"":""0a260892ecd1d83541f268bdf5198cf6ef6f899a8d2fbc37cbb469e9724db644"",""parent_after_generation_hash"":""8f6068112e7116ffc90c3780767b4e1cff4dff5b4a5152be564a01acb0214b72"",""generated_offspring_by_type"":{""depth"":68,""quantization"":60,""joint_aware"":0,""interaction_aware"":0,""sequential_quantization"":0,""fixed_quant_depth"":0,""component crossover"":0,""component crossover + repair"":0},""depth_mask_entries_changed_by_type"":{""depth"":208,""quantization"":0,""joint_aware"":0,""interaction_aware"":0,""sequential_quantization"":0,""fixed_quant_depth"":0,""component crossover"":0,""component crossover + repair"":0},""quant_assignments_changed_by_type"":{""depth"":195,""quantization"":131,""joint_aware"":0,""interaction_aware"":0,""sequential_quantization"":0,""fixed_quant_depth"":0,""component crossover"":0,""component crossover + repair"":0},""depth_mask_entries_changed_total"":208,""quant_assignments_changed_total"":326,""interaction_aware_details"":{""budget_repair_quant_changes"":0,""preferred_quant_exchanges_used"":0,""fallback_quant_exchanges_used"":0},""crossover_diagnostics"":{""crossover_offspring"":0,""mutation_offspring"":128,""crossover_offspring_attempted"":0,""crossover_duplicates"":0,""crossover_infeasible_candidates"":0,""crossover_repair_changed_gene_count"":0,""persistent_population_size"":1,""unique_population_size"":1,""best_population_fitness"":0.48388671875,""configured_survivors_per_selection"":[16,4,1],""effective_survivors_per_selection"":[16,4,1],""effective_final_survivor_count"":1},""offspring_generation"":{""attempts"":128,""no_op_mutations"":0,""duplicate_candidates"":0,""infeasible_candidates"":0,""fixed_quant_legal_swap_counts"":[]},""maximum_depth_mutations_per_offspring"":3,""quantization_step_size"":1,""quantization_mutations_per_offspring"":1,""joint_aware_probability"":0.0,""adaptive_mutation"":false,""adaptive_mutation_strength"":1,""adaptive_mutation_patience"":3,""adaptive_mutation_max_strength"":3,""coarse_to_fine_mutation"":false,""coarse_to_fine_start_strength"":3,""coarse_to_fine_end_strength"":1,""stagnation_generations_after_selection"":0}",quantization,True,128,128,16,5,262144,262144,655360,16092,127401984,83713.9541117471,15276.86865234375
109,0.461181640625,0.48388671875,kl,0.461181640625,,,,,0,{},128,16,4,1,"[16,4,1]","[2048,16384,131072]",5503193088,4.083333333333333,3216.5078125,26982023168,26982023168,0,8,8,"{""type"":""mixed_depth_quantization"",""sequential_mode"":""none"",""joint_mutation_mode"":""standard"",""parent_before_generation_hash"":""8f6068112e7116ffc90c3780767b4e1cff4dff5b4a5152be564a01acb0214b72"",""parent_after_generation_hash"":""88186e61c6481a865c7194bba3024e8f7b14131c44194fcffea38535c6a590d4"",""generated_offspring_by_type"":{""depth"":65,""quantization"":63,""joint_aware"":0,""interaction_aware"":0,""sequential_quantization"":0,""fixed_quant_depth"":0,""component crossover"":0,""component crossover + repair"":0},""depth_mask_entries_changed_by_type"":{""depth"":184,""quantization"":0,""joint_aware"":0,""interaction_aware"":0,""sequential_quantization"":0,""fixed_quant_depth"":0,""component crossover"":0,""component crossover + repair"":0},""quant_assignments_changed_by_type"":{""depth"":189,""quantization"":142,""joint_aware"":0,""interaction_aware"":0,""sequential_quantization"":0,""fixed_quant_depth"":0,""component crossover"":0,""component crossover + repair"":0},""depth_mask_entries_changed_total"":184,""quant_assignments_changed_total"":331,""interaction_aware_details"":{""budget_repair_quant_changes"":0,""preferred_quant_exchanges_used"":0,""fallback_quant_exchanges_used"":0},""crossover_diagnostics"":{""crossover_offspring"":0,""mutation_offspring"":128,""crossover_offspring_attempted"":0,""crossover_duplicates"":0,""crossover_infeasible_candidates"":0,""crossover_repair_changed_gene_count"":0,""persistent_population_size"":1,""unique_population_size"":1,""best_population_fitness"":0.461181640625,""configured_survivors_per_selection"":[16,4,1],""effective_survivors_per_selection"":[16,4,1],""effective_final_survivor_count"":1},""offspring_generation"":{""attempts"":129,""no_op_mutations"":0,""duplicate_candidates"":1,""infeasible_candidates"":0,""fixed_quant_legal_swap_counts"":[]},""maximum_depth_mutations_per_offspring"":3,""quantization_step_size"":1,""quantization_mutations_per_offspring"":1,""joint_aware_probability"":0.0,""adaptive_mutation"":false,""adaptive_mutation_strength"":1,""adaptive_mutation_patience"":3,""adaptive_mutation_max_strength"":3,""coarse_to_fine_mutation"":false,""coarse_to_fine_start_strength"":3,""coarse_to_fine_end_strength"":1,""stagnation_generations_after_selection"":0}",quantization,True,129,128,16,5,262144,262144,655360,16241,128581632,84489.9921661381,15276.86865234375
110,0.462158203125,0.461181640625,kl,0.462158203125,,,,,0,{},128,16,4,1,"[16,4,1]","[2048,16384,131072]",5503193088,4.083333333333333,3216.5078125,26982023168,26982023168,0,8,8,"{""type"":""mixed_depth_quantization"",""sequential_mode"":""none"",""joint_mutation_mode"":""standard"",""parent_before_generation_hash"":""88186e61c6481a865c7194bba3024e8f7b14131c44194fcffea38535c6a590d4"",""parent_after_generation_hash"":""88186e61c6481a865c7194bba3024e8f7b14131c44194fcffea38535c6a590d4"",""generated_offspring_by_type"":{""depth"":70,""quantization"":58,""joint_aware"":0,""interaction_aware"":0,""sequential_quantization"":0,""fixed_quant_depth"":0,""component crossover"":0,""component crossover + repair"":0},""depth_mask_entries_changed_by_type"":{""depth"":204,""quantization"":0,""joint_aware"":0,""interaction_aware"":0,""sequential_quantization"":0,""fixed_quant_depth"":0,""component crossover"":0,""component crossover + repair"":0},""quant_assignments_changed_by_type"":{""depth"":170,""quantization"":141,""joint_aware"":0,""interaction_aware"":0,""sequential_quantization"":0,""fixed_quant_depth"":0,""component crossover"":0,""component crossover + repair"":0},""depth_mask_entries_changed_total"":204,""quant_assignments_changed_total"":311,""interaction_aware_details"":{""budget_repair_quant_changes"":0,""preferred_quant_exchanges_used"":0,""fallback_quant_exchanges_used"":0},""crossover_diagnostics"":{""crossover_offspring"":0,""mutation_offspring"":128,""crossover_offspring_attempted"":0,""crossover_duplicates"":0,""crossover_infeasible_candidates"":0,""crossover_repair_changed_gene_count"":0,""persistent_population_size"":1,""unique_population_size"":1,""best_population_fitness"":0.462158203125,""configured_survivors_per_selection"":[16,4,1],""effective_survivors_per_selection"":[16,4,1],""effective_final_survivor_count"":1},""offspring_generation"":{""attempts"":128,""no_op_mutations"":0,""duplicate_candidates"":0,""infeasible_candidates"":0,""fixed_quant_legal_swap_counts"":[]},""maximum_depth_mutations_per_offspring"":3,""quantization_step_size"":1,""quantization_mutations_per_offspring"":1,""joint_aware_probability"":0.0,""adaptive_mutation"":false,""adaptive_mutation_strength"":1,""adaptive_mutation_patience"":3,""adaptive_mutation_max_strength"":3,""coarse_to_fine_mutation"":false,""coarse_to_fine_start_strength"":3,""coarse_to_fine_end_strength"":1,""stagnation_generations_after_selection"":1}",parent,False,128,128,16,5,262144,262144,655360,16390,129761280,85204.32857279309,15276.86865234375
111,0.4599609375,0.462158203125,kl,0.4599609375,10.0,8.8984375,12.421875,,917504,"{""wikitext2"":327680,""c4"":589824}",128,16,4,1,"[16,4,1]","[2048,16384,131072]",5503193088,4.083333333333333,3216.5078125,26982023168,26982023168,0,8,8,"{""type"":""mixed_depth_quantization"",""sequential_mode"":""none"",""joint_mutation_mode"":""standard"",""parent_before_generation_hash"":""88186e61c6481a865c7194bba3024e8f7b14131c44194fcffea38535c6a590d4"",""parent_after_generation_hash"":""eff31c73871e7d9a867adc268d9744f46dcd5954fcb609d19630ec3c7535300d"",""generated_offspring_by_type"":{""depth"":59,""quantization"":69,""joint_aware"":0,""interaction_aware"":0,""sequential_quantization"":0,""fixed_quant_depth"":0,""component crossover"":0,""component crossover + repair"":0},""depth_mask_entries_changed_by_type"":{""depth"":190,""quantization"":0,""joint_aware"":0,""interaction_aware"":0,""sequential_quantization"":0,""fixed_quant_depth"":0,""component crossover"":0,""component crossover + repair"":0},""quant_assignments_changed_by_type"":{""depth"":166,""quantization"":162,""joint_aware"":0,""interaction_aware"":0,""sequential_quantization"":0,""fixed_quant_depth"":0,""component crossover"":0,""component crossover + repair"":0},""depth_mask_entries_changed_total"":190,""quant_assignments_changed_total"":328,""interaction_aware_details"":{""budget_repair_quant_changes"":0,""preferred_quant_exchanges_used"":0,""fallback_quant_exchanges_used"":0},""crossover_diagnostics"":{""crossover_offspring"":0,""mutation_offspring"":128,""crossover_offspring_attempted"":0,""crossover_duplicates"":0,""crossover_infeasible_candidates"":0,""crossover_repair_changed_gene_count"":0,""persistent_population_size"":1,""unique_population_size"":1,""best_population_fitness"":0.4599609375,""configured_survivors_per_selection"":[16,4,1],""effective_survivors_per_selection"":[16,4,1],""effective_final_survivor_count"":1},""offspring_generation"":{""attempts"":128,""no_op_mutations"":0,""duplicate_candidates"":0,""infeasible_candidates"":0,""fixed_quant_legal_swap_counts"":[]},""maximum_depth_mutations_per_offspring"":3,""quantization_step_size"":1,""quantization_mutations_per_offspring"":1,""joint_aware_probability"":0.0,""adaptive_mutation"":false,""adaptive_mutation_strength"":1,""adaptive_mutation_patience"":3,""adaptive_mutation_max_strength"":3,""coarse_to_fine_mutation"":false,""coarse_to_fine_start_strength"":3,""coarse_to_fine_end_strength"":1,""stagnation_generations_after_selection"":0}",quantization,True,128,128,16,5,262144,262144,655360,16539,130940928,86077.14213675409,15276.86865234375
112,0.45458984375,0.4599609375,kl,0.45458984375,,,,,0,{},128,16,4,1,"[16,4,1]","[2048,16384,131072]",5503193088,4.083333333333333,3216.5078125,26982023168,26982023168,0,8,8,"{""type"":""mixed_depth_quantization"",""sequential_mode"":""none"",""joint_mutation_mode"":""standard"",""parent_before_generation_hash"":""eff31c73871e7d9a867adc268d9744f46dcd5954fcb609d19630ec3c7535300d"",""parent_after_generation_hash"":""b00aae4deb8b3ced0306d8741dcc3a0ce199ff1836fb117b8ee8fed29ff8de16"",""generated_offspring_by_type"":{""depth"":65,""quantization"":63,""joint_aware"":0,""interaction_aware"":0,""sequential_quantization"":0,""fixed_quant_depth"":0,""component crossover"":0,""component crossover + repair"":0},""depth_mask_entries_changed_by_type"":{""depth"":196,""quantization"":0,""joint_aware"":0,""interaction_aware"":0,""sequential_quantization"":0,""fixed_quant_depth"":0,""component crossover"":0,""component crossover + repair"":0},""quant_assignments_changed_by_type"":{""depth"":181,""quantization"":149,""joint_aware"":0,""interaction_aware"":0,""sequential_quantization"":0,""fixed_quant_depth"":0,""component crossover"":0,""component crossover + repair"":0},""depth_mask_entries_changed_total"":196,""quant_assignments_changed_total"":330,""interaction_aware_details"":{""budget_repair_quant_changes"":0,""preferred_quant_exchanges_used"":0,""fallback_quant_exchanges_used"":0},""crossover_diagnostics"":{""crossover_offspring"":0,""mutation_offspring"":128,""crossover_offspring_attempted"":0,""crossover_duplicates"":0,""crossover_infeasible_candidates"":0,""crossover_repair_changed_gene_count"":0,""persistent_population_size"":1,""unique_population_size"":1,""best_population_fitness"":0.45458984375,""configured_survivors_per_selection"":[16,4,1],""effective_survivors_per_selection"":[16,4,1],""effective_final_survivor_count"":1},""offspring_generation"":{""attempts"":128,""no_op_mutations"":0,""duplicate_candidates"":0,""infeasible_candidates"":0,""fixed_quant_legal_swap_counts"":[]},""maximum_depth_mutations_per_offspring"":3,""quantization_step_size"":1,""quantization_mutations_per_offspring"":1,""joint_aware_probability"":0.0,""adaptive_mutation"":false,""adaptive_mutation_strength"":1,""adaptive_mutation_patience"":3,""adaptive_mutation_max_strength"":3,""coarse_to_fine_mutation"":false,""coarse_to_fine_start_strength"":3,""coarse_to_fine_end_strength"":1,""stagnation_generations_after_selection"":0}",quantization,True,128,128,16,5,262144,262144,655360,16688,132120576,86752.4502882371,15276.86865234375
113,0.45703125,0.45458984375,kl,0.45703125,,,,,0,{},128,16,4,1,"[16,4,1]","[2048,16384,131072]",5503193088,4.083333333333333,3216.5078125,26982023168,26982023168,0,8,8,"{""type"":""mixed_depth_quantization"",""sequential_mode"":""none"",""joint_mutation_mode"":""standard"",""parent_before_generation_hash"":""b00aae4deb8b3ced0306d8741dcc3a0ce199ff1836fb117b8ee8fed29ff8de16"",""parent_after_generation_hash"":""2c6be98ce86191025ca01cc70d43323289fef1e1137c430c62cb37c3a4cc682c"",""generated_offspring_by_type"":{""depth"":63,""quantization"":65,""joint_aware"":0,""interaction_aware"":0,""sequential_quantization"":0,""fixed_quant_depth"":0,""component crossover"":0,""component crossover + repair"":0},""depth_mask_entries_changed_by_type"":{""depth"":196,""quantization"":0,""joint_aware"":0,""interaction_aware"":0,""sequential_quantization"":0,""fixed_quant_depth"":0,""component crossover"":0,""component crossover + repair"":0},""quant_assignments_changed_by_type"":{""depth"":169,""quantization"":151,""joint_aware"":0,""interaction_aware"":0,""sequential_quantization"":0,""fixed_quant_depth"":0,""component crossover"":0,""component crossover + repair"":0},""depth_mask_entries_changed_total"":196,""quant_assignments_changed_total"":320,""interaction_aware_details"":{""budget_repair_quant_changes"":0,""preferred_quant_exchanges_used"":0,""fallback_quant_exchanges_used"":0},""crossover_diagnostics"":{""crossover_offspring"":0,""mutation_offspring"":128,""crossover_offspring_attempted"":0,""crossover_duplicates"":0,""crossover_infeasible_candidates"":0,""crossover_repair_changed_gene_count"":0,""persistent_population_size"":1,""unique_population_size"":1,""best_population_fitness"":0.45703125,""configured_survivors_per_selection"":[16,4,1],""effective_survivors_per_selection"":[16,4,1],""effective_final_survivor_count"":1},""offspring_generation"":{""attempts"":128,""no_op_mutations"":0,""duplicate_candidates"":0,""infeasible_candidates"":0,""fixed_quant_legal_swap_counts"":[]},""maximum_depth_mutations_per_offspring"":3,""quantization_step_size"":1,""quantization_mutations_per_offspring"":1,""joint_aware_probability"":0.0,""adaptive_mutation"":false,""adaptive_mutation_strength"":1,""adaptive_mutation_patience"":3,""adaptive_mutation_max_strength"":3,""coarse_to_fine_mutation"":false,""coarse_to_fine_start_strength"":3,""coarse_to_fine_end_strength"":1,""stagnation_generations_after_selection"":0}",quantization,True,128,128,16,5,262144,262144,655360,16837,133300224,87453.7560616111,15276.86865234375
114,0.474853515625,0.45703125,kl,0.474853515625,,,,,0,{},128,16,4,1,"[16,4,1]","[2048,16384,131072]",5503193088,4.083333333333333,3216.5078125,26982023168,26982023168,0,8,8,"{""type"":""mixed_depth_quantization"",""sequential_mode"":""none"",""joint_mutation_mode"":""standard"",""parent_before_generation_hash"":""2c6be98ce86191025ca01cc70d43323289fef1e1137c430c62cb37c3a4cc682c"",""parent_after_generation_hash"":""748e3b431d6407910416bab6509f6d82a0632117ff2bc7e3202d4d84bc6aee0f"",""generated_offspring_by_type"":{""depth"":50,""quantization"":78,""joint_aware"":0,""interaction_aware"":0,""sequential_quantization"":0,""fixed_quant_depth"":0,""component crossover"":0,""component crossover + repair"":0},""depth_mask_entries_changed_by_type"":{""depth"":144,""quantization"":0,""joint_aware"":0,""interaction_aware"":0,""sequential_quantization"":0,""fixed_quant_depth"":0,""component crossover"":0,""component crossover + repair"":0},""quant_assignments_changed_by_type"":{""depth"":134,""quantization"":178,""joint_aware"":0,""interaction_aware"":0,""sequential_quantization"":0,""fixed_quant_depth"":0,""component crossover"":0,""component crossover + repair"":0},""depth_mask_entries_changed_total"":144,""quant_assignments_changed_total"":312,""interaction_aware_details"":{""budget_repair_quant_changes"":0,""preferred_quant_exchanges_used"":0,""fallback_quant_exchanges_used"":0},""crossover_diagnostics"":{""crossover_offspring"":0,""mutation_offspring"":128,""crossover_offspring_attempted"":0,""crossover_duplicates"":0,""crossover_infeasible_candidates"":0,""crossover_repair_changed_gene_count"":0,""persistent_population_size"":1,""unique_population_size"":1,""best_population_fitness"":0.474853515625,""configured_survivors_per_selection"":[16,4,1],""effective_survivors_per_selection"":[16,4,1],""effective_final_survivor_count"":1},""offspring_generation"":{""attempts"":129,""no_op_mutations"":1,""duplicate_candidates"":0,""infeasible_candidates"":0,""fixed_quant_legal_swap_counts"":[]},""maximum_depth_mutations_per_offspring"":3,""quantization_step_size"":1,""quantization_mutations_per_offspring"":1,""joint_aware_probability"":0.0,""adaptive_mutation"":false,""adaptive_mutation_strength"":1,""adaptive_mutation_patience"":3,""adaptive_mutation_max_strength"":3,""coarse_to_fine_mutation"":false,""coarse_to_fine_start_strength"":3,""coarse_to_fine_end_strength"":1,""stagnation_generations_after_selection"":0}",quantization,True,129,128,16,5,262144,262144,655360,16986,134479872,88266.1847520071,15276.86865234375
115,0.4599609375,0.474853515625,kl,0.4599609375,,,,,0,{},128,16,4,1,"[16,4,1]","[2048,16384,131072]",5503193088,4.083333333333333,3216.5078125,26982023168,26982023168,0,8,8,"{""type"":""mixed_depth_quantization"",""sequential_mode"":""none"",""joint_mutation_mode"":""standard"",""parent_before_generation_hash"":""748e3b431d6407910416bab6509f6d82a0632117ff2bc7e3202d4d84bc6aee0f"",""parent_after_generation_hash"":""748e3b431d6407910416bab6509f6d82a0632117ff2bc7e3202d4d84bc6aee0f"",""generated_offspring_by_type"":{""depth"":60,""quantization"":68,""joint_aware"":0,""interaction_aware"":0,""sequential_quantization"":0,""fixed_quant_depth"":0,""component crossover"":0,""component crossover + repair"":0},""depth_mask_entries_changed_by_type"":{""depth"":170,""quantization"":0,""joint_aware"":0,""interaction_aware"":0,""sequential_quantization"":0,""fixed_quant_depth"":0,""component crossover"":0,""component crossover + repair"":0},""quant_assignments_changed_by_type"":{""depth"":155,""quantization"":153,""joint_aware"":0,""interaction_aware"":0,""sequential_quantization"":0,""fixed_quant_depth"":0,""component crossover"":0,""component crossover + repair"":0},""depth_mask_entries_changed_total"":170,""quant_assignments_changed_total"":308,""interaction_aware_details"":{""budget_repair_quant_changes"":0,""preferred_quant_exchanges_used"":0,""fallback_quant_exchanges_used"":0},""crossover_diagnostics"":{""crossover_offspring"":0,""mutation_offspring"":128,""crossover_offspring_attempted"":0,""crossover_duplicates"":0,""crossover_infeasible_candidates"":0,""crossover_repair_changed_gene_count"":0,""persistent_population_size"":1,""unique_population_size"":1,""best_population_fitness"":0.4599609375,""configured_survivors_per_selection"":[16,4,1],""effective_survivors_per_selection"":[16,4,1],""effective_final_survivor_count"":1},""offspring_generation"":{""attempts"":128,""no_op_mutations"":0,""duplicate_candidates"":0,""infeasible_candidates"":0,""fixed_quant_legal_swap_counts"":[]},""maximum_depth_mutations_per_offspring"":3,""quantization_step_size"":1,""quantization_mutations_per_offspring"":1,""joint_aware_probability"":0.0,""adaptive_mutation"":false,""adaptive_mutation_strength"":1,""adaptive_mutation_patience"":3,""adaptive_mutation_max_strength"":3,""coarse_to_fine_mutation"":false,""coarse_to_fine_start_strength"":3,""coarse_to_fine_end_strength"":1,""stagnation_generations_after_selection"":1}",parent,False,128,128,16,5,262144,262144,655360,17135,135659520,89009.0628949121,15276.86865234375
116,0.449951171875,0.4599609375,kl,0.449951171875,10.0390625,8.84375,12.421875,,917504,"{""wikitext2"":327680,""c4"":589824}",128,16,4,1,"[16,4,1]","[2048,16384,131072]",5503193088,4.083333333333333,3216.5078125,26982023168,26982023168,0,8,8,"{""type"":""mixed_depth_quantization"",""sequential_mode"":""none"",""joint_mutation_mode"":""standard"",""parent_before_generation_hash"":""748e3b431d6407910416bab6509f6d82a0632117ff2bc7e3202d4d84bc6aee0f"",""parent_after_generation_hash"":""fec757aeef86636a6ba8fe5d70ab99e74d4043744a7e1547b89d788d644d6ad6"",""generated_offspring_by_type"":{""depth"":60,""quantization"":68,""joint_aware"":0,""interaction_aware"":0,""sequential_quantization"":0,""fixed_quant_depth"":0,""component crossover"":0,""component crossover + repair"":0},""depth_mask_entries_changed_by_type"":{""depth"":176,""quantization"":0,""joint_aware"":0,""interaction_aware"":0,""sequential_quantization"":0,""fixed_quant_depth"":0,""component crossover"":0,""component crossover + repair"":0},""quant_assignments_changed_by_type"":{""depth"":162,""quantization"":163,""joint_aware"":0,""interaction_aware"":0,""sequential_quantization"":0,""fixed_quant_depth"":0,""component crossover"":0,""component crossover + repair"":0},""depth_mask_entries_changed_total"":176,""quant_assignments_changed_total"":325,""interaction_aware_details"":{""budget_repair_quant_changes"":0,""preferred_quant_exchanges_used"":0,""fallback_quant_exchanges_used"":0},""crossover_diagnostics"":{""crossover_offspring"":0,""mutation_offspring"":128,""crossover_offspring_attempted"":0,""crossover_duplicates"":0,""crossover_infeasible_candidates"":0,""crossover_repair_changed_gene_count"":0,""persistent_population_size"":1,""unique_population_size"":1,""best_population_fitness"":0.449951171875,""configured_survivors_per_selection"":[16,4,1],""effective_survivors_per_selection"":[16,4,1],""effective_final_survivor_count"":1},""offspring_generation"":{""attempts"":128,""no_op_mutations"":0,""duplicate_candidates"":0,""infeasible_candidates"":0,""fixed_quant_legal_swap_counts"":[]},""maximum_depth_mutations_per_offspring"":3,""quantization_step_size"":1,""quantization_mutations_per_offspring"":1,""joint_aware_probability"":0.0,""adaptive_mutation"":false,""adaptive_mutation_strength"":1,""adaptive_mutation_patience"":3,""adaptive_mutation_max_strength"":3,""coarse_to_fine_mutation"":false,""coarse_to_fine_start_strength"":3,""coarse_to_fine_end_strength"":1,""stagnation_generations_after_selection"":0}",quantization,True,128,128,16,5,262144,262144,655360,17284,136839168,90000.1918271491,15276.86865234375
117,0.46240234375,0.449951171875,kl,0.46240234375,,,,,0,{},128,16,4,1,"[16,4,1]","[2048,16384,131072]",5503193088,4.083333333333333,3216.5078125,26982023168,26982023168,0,8,8,"{""type"":""mixed_depth_quantization"",""sequential_mode"":""none"",""joint_mutation_mode"":""standard"",""parent_before_generation_hash"":""fec757aeef86636a6ba8fe5d70ab99e74d4043744a7e1547b89d788d644d6ad6"",""parent_after_generation_hash"":""23351727e6c29e9a7918c0bd763802d253c5ddb56a94f98c97bc1ec9c39fa37a"",""generated_offspring_by_type"":{""depth"":67,""quantization"":61,""joint_aware"":0,""interaction_aware"":0,""sequential_quantization"":0,""fixed_quant_depth"":0,""component crossover"":0,""component crossover + repair"":0},""depth_mask_entries_changed_by_type"":{""depth"":212,""quantization"":0,""joint_aware"":0,""interaction_aware"":0,""sequential_quantization"":0,""fixed_quant_depth"":0,""component crossover"":0,""component crossover + repair"":0},""quant_assignments_changed_by_type"":{""depth"":186,""quantization"":140,""joint_aware"":0,""interaction_aware"":0,""sequential_quantization"":0,""fixed_quant_depth"":0,""component crossover"":0,""component crossover + repair"":0},""depth_mask_entries_changed_total"":212,""quant_assignments_changed_total"":326,""interaction_aware_details"":{""budget_repair_quant_changes"":0,""preferred_quant_exchanges_used"":0,""fallback_quant_exchanges_used"":0},""crossover_diagnostics"":{""crossover_offspring"":0,""mutation_offspring"":128,""crossover_offspring_attempted"":0,""crossover_duplicates"":0,""crossover_infeasible_candidates"":0,""crossover_repair_changed_gene_count"":0,""persistent_population_size"":1,""unique_population_size"":1,""best_population_fitness"":0.46240234375,""configured_survivors_per_selection"":[16,4,1],""effective_survivors_per_selection"":[16,4,1],""effective_final_survivor_count"":1},""offspring_generation"":{""attempts"":128,""no_op_mutations"":0,""duplicate_candidates"":0,""infeasible_candidates"":0,""fixed_quant_legal_swap_counts"":[]},""maximum_depth_mutations_per_offspring"":3,""quantization_step_size"":1,""quantization_mutations_per_offspring"":1,""joint_aware_probability"":0.0,""adaptive_mutation"":false,""adaptive_mutation_strength"":1,""adaptive_mutation_patience"":3,""adaptive_mutation_max_strength"":3,""coarse_to_fine_mutation"":false,""coarse_to_fine_start_strength"":3,""coarse_to_fine_end_strength"":1,""stagnation_generations_after_selection"":0}",quantization,True,128,128,16,5,262144,262144,655360,17433,138018816,90683.58591375909,15276.86865234375
118,0.455078125,0.46240234375,kl,0.455078125,,,,,0,{},128,16,4,1,"[16,4,1]","[2048,16384,131072]",5503193088,4.083333333333333,3216.5078125,26982023168,26982023168,0,8,8,"{""type"":""mixed_depth_quantization"",""sequential_mode"":""none"",""joint_mutation_mode"":""standard"",""parent_before_generation_hash"":""23351727e6c29e9a7918c0bd763802d253c5ddb56a94f98c97bc1ec9c39fa37a"",""parent_after_generation_hash"":""4c41f844bd14d373a9395bf9ee4f6f53e75dd1b52430f50ffb12833bc7329521"",""generated_offspring_by_type"":{""depth"":65,""quantization"":63,""joint_aware"":0,""interaction_aware"":0,""sequential_quantization"":0,""fixed_quant_depth"":0,""component crossover"":0,""component crossover + repair"":0},""depth_mask_entries_changed_by_type"":{""depth"":206,""quantization"":0,""joint_aware"":0,""interaction_aware"":0,""sequential_quantization"":0,""fixed_quant_depth"":0,""component crossover"":0,""component crossover + repair"":0},""quant_assignments_changed_by_type"":{""depth"":187,""quantization"":150,""joint_aware"":0,""interaction_aware"":0,""sequential_quantization"":0,""fixed_quant_depth"":0,""component crossover"":0,""component crossover + repair"":0},""depth_mask_entries_changed_total"":206,""quant_assignments_changed_total"":337,""interaction_aware_details"":{""budget_repair_quant_changes"":0,""preferred_quant_exchanges_used"":0,""fallback_quant_exchanges_used"":0},""crossover_diagnostics"":{""crossover_offspring"":0,""mutation_offspring"":128,""crossover_offspring_attempted"":0,""crossover_duplicates"":0,""crossover_infeasible_candidates"":0,""crossover_repair_changed_gene_count"":0,""persistent_population_size"":1,""unique_population_size"":1,""best_population_fitness"":0.455078125,""configured_survivors_per_selection"":[16,4,1],""effective_survivors_per_selection"":[16,4,1],""effective_final_survivor_count"":1},""offspring_generation"":{""attempts"":128,""no_op_mutations"":0,""duplicate_candidates"":0,""infeasible_candidates"":0,""fixed_quant_legal_swap_counts"":[]},""maximum_depth_mutations_per_offspring"":3,""quantization_step_size"":1,""quantization_mutations_per_offspring"":1,""joint_aware_probability"":0.0,""adaptive_mutation"":false,""adaptive_mutation_strength"":1,""adaptive_mutation_patience"":3,""adaptive_mutation_max_strength"":3,""coarse_to_fine_mutation"":false,""coarse_to_fine_start_strength"":3,""coarse_to_fine_end_strength"":1,""stagnation_generations_after_selection"":0}",quantization,True,128,128,16,5,262144,262144,655360,17582,139198464,91428.5767218761,15276.86865234375
119,0.463134765625,0.455078125,kl,0.463134765625,,,,,0,{},128,16,4,1,"[16,4,1]","[2048,16384,131072]",5503193088,4.083333333333333,3216.5078125,26982023168,26982023168,0,8,8,"{""type"":""mixed_depth_quantization"",""sequential_mode"":""none"",""joint_mutation_mode"":""standard"",""parent_before_generation_hash"":""4c41f844bd14d373a9395bf9ee4f6f53e75dd1b52430f50ffb12833bc7329521"",""parent_after_generation_hash"":""aafb81c86626b638a426382e9a58327f54a6cd6ac8b3ec114de797bf824e06f4"",""generated_offspring_by_type"":{""depth"":67,""quantization"":61,""joint_aware"":0,""interaction_aware"":0,""sequential_quantization"":0,""fixed_quant_depth"":0,""component crossover"":0,""component crossover + repair"":0},""depth_mask_entries_changed_by_type"":{""depth"":208,""quantization"":0,""joint_aware"":0,""interaction_aware"":0,""sequential_quantization"":0,""fixed_quant_depth"":0,""component crossover"":0,""component crossover + repair"":0},""quant_assignments_changed_by_type"":{""depth"":173,""quantization"":143,""joint_aware"":0,""interaction_aware"":0,""sequential_quantization"":0,""fixed_quant_depth"":0,""component crossover"":0,""component crossover + repair"":0},""depth_mask_entries_changed_total"":208,""quant_assignments_changed_total"":316,""interaction_aware_details"":{""budget_repair_quant_changes"":0,""preferred_quant_exchanges_used"":0,""fallback_quant_exchanges_used"":0},""crossover_diagnostics"":{""crossover_offspring"":0,""mutation_offspring"":128,""crossover_offspring_attempted"":0,""crossover_duplicates"":0,""crossover_infeasible_candidates"":0,""crossover_repair_changed_gene_count"":0,""persistent_population_size"":1,""unique_population_size"":1,""best_population_fitness"":0.463134765625,""configured_survivors_per_selection"":[16,4,1],""effective_survivors_per_selection"":[16,4,1],""effective_final_survivor_count"":1},""offspring_generation"":{""attempts"":128,""no_op_mutations"":0,""duplicate_candidates"":0,""infeasible_candidates"":0,""fixed_quant_legal_swap_counts"":[]},""maximum_depth_mutations_per_offspring"":3,""quantization_step_size"":1,""quantization_mutations_per_offspring"":1,""joint_aware_probability"":0.0,""adaptive_mutation"":false,""adaptive_mutation_strength"":1,""adaptive_mutation_patience"":3,""adaptive_mutation_max_strength"":3,""coarse_to_fine_mutation"":false,""coarse_to_fine_start_strength"":3,""coarse_to_fine_end_strength"":1,""stagnation_generations_after_selection"":0}",quantization,True,128,128,16,5,262144,262144,655360,17731,140378112,92217.1551813211,15276.86865234375
120,0.46923828125,0.463134765625,kl,0.46923828125,,,,,0,{},128,16,4,1,"[16,4,1]","[2048,16384,131072]",5503193088,4.083333333333333,3216.5078125,26982023168,26982023168,0,8,8,"{""type"":""mixed_depth_quantization"",""sequential_mode"":""none"",""joint_mutation_mode"":""standard"",""parent_before_generation_hash"":""aafb81c86626b638a426382e9a58327f54a6cd6ac8b3ec114de797bf824e06f4"",""parent_after_generation_hash"":""7cd878b4721dec6efb6ee80ea316e39bf6cc7167ad6b917b72b57b4d6e98ae21"",""generated_offspring_by_type"":{""depth"":67,""quantization"":61,""joint_aware"":0,""interaction_aware"":0,""sequential_quantization"":0,""fixed_quant_depth"":0,""component crossover"":0,""component crossover + repair"":0},""depth_mask_entries_changed_by_type"":{""depth"":202,""quantization"":0,""joint_aware"":0,""interaction_aware"":0,""sequential_quantization"":0,""fixed_quant_depth"":0,""component crossover"":0,""component crossover + repair"":0},""quant_assignments_changed_by_type"":{""depth"":194,""quantization"":146,""joint_aware"":0,""interaction_aware"":0,""sequential_quantization"":0,""fixed_quant_depth"":0,""component crossover"":0,""component crossover + repair"":0},""depth_mask_entries_changed_total"":202,""quant_assignments_changed_total"":340,""interaction_aware_details"":{""budget_repair_quant_changes"":0,""preferred_quant_exchanges_used"":0,""fallback_quant_exchanges_used"":0},""crossover_diagnostics"":{""crossover_offspring"":0,""mutation_offspring"":128,""crossover_offspring_attempted"":0,""crossover_duplicates"":0,""crossover_infeasible_candidates"":0,""crossover_repair_changed_gene_count"":0,""persistent_population_size"":1,""unique_population_size"":1,""best_population_fitness"":0.46923828125,""configured_survivors_per_selection"":[16,4,1],""effective_survivors_per_selection"":[16,4,1],""effective_final_survivor_count"":1},""offspring_generation"":{""attempts"":128,""no_op_mutations"":0,""duplicate_candidates"":0,""infeasible_candidates"":0,""fixed_quant_legal_swap_counts"":[]},""maximum_depth_mutations_per_offspring"":3,""quantization_step_size"":1,""quantization_mutations_per_offspring"":1,""joint_aware_probability"":0.0,""adaptive_mutation"":false,""adaptive_mutation_strength"":1,""adaptive_mutation_patience"":3,""adaptive_mutation_max_strength"":3,""coarse_to_fine_mutation"":false,""coarse_to_fine_start_strength"":3,""coarse_to_fine_end_strength"":1,""stagnation_generations_after_selection"":0}",quantization,True,128,128,16,5,262144,262144,655360,17880,141557760,92890.1511277931,15276.86865234375
121,0.447265625,0.46923828125,kl,0.447265625,9.984375,8.828125,12.3984375,,917504,"{""wikitext2"":327680,""c4"":589824}",128,16,4,1,"[16,4,1]","[2048,16384,131072]",5503193088,4.083333333333333,3216.5078125,26982023168,26982023168,0,8,8,"{""type"":""mixed_depth_quantization"",""sequential_mode"":""none"",""joint_mutation_mode"":""standard"",""parent_before_generation_hash"":""7cd878b4721dec6efb6ee80ea316e39bf6cc7167ad6b917b72b57b4d6e98ae21"",""parent_after_generation_hash"":""2909296f809e8754396df3bc711260b7524107ddb01c44fb6863ee727a7e178f"",""generated_offspring_by_type"":{""depth"":58,""quantization"":70,""joint_aware"":0,""interaction_aware"":0,""sequential_quantization"":0,""fixed_quant_depth"":0,""component crossover"":0,""component crossover + repair"":0},""depth_mask_entries_changed_by_type"":{""depth"":150,""quantization"":0,""joint_aware"":0,""interaction_aware"":0,""sequential_quantization"":0,""fixed_quant_depth"":0,""component crossover"":0,""component crossover + repair"":0},""quant_assignments_changed_by_type"":{""depth"":133,""quantization"":164,""joint_aware"":0,""interaction_aware"":0,""sequential_quantization"":0,""fixed_quant_depth"":0,""component crossover"":0,""component crossover + repair"":0},""depth_mask_entries_changed_total"":150,""quant_assignments_changed_total"":297,""interaction_aware_details"":{""budget_repair_quant_changes"":0,""preferred_quant_exchanges_used"":0,""fallback_quant_exchanges_used"":0},""crossover_diagnostics"":{""crossover_offspring"":0,""mutation_offspring"":128,""crossover_offspring_attempted"":0,""crossover_duplicates"":0,""crossover_infeasible_candidates"":0,""crossover_repair_changed_gene_count"":0,""persistent_population_size"":1,""unique_population_size"":1,""best_population_fitness"":0.447265625,""configured_survivors_per_selection"":[16,4,1],""effective_survivors_per_selection"":[16,4,1],""effective_final_survivor_count"":1},""offspring_generation"":{""attempts"":128,""no_op_mutations"":0,""duplicate_candidates"":0,""infeasible_candidates"":0,""fixed_quant_legal_swap_counts"":[]},""maximum_depth_mutations_per_offspring"":3,""quantization_step_size"":1,""quantization_mutations_per_offspring"":1,""joint_aware_probability"":0.0,""adaptive_mutation"":false,""adaptive_mutation_strength"":1,""adaptive_mutation_patience"":3,""adaptive_mutation_max_strength"":3,""coarse_to_fine_mutation"":false,""coarse_to_fine_start_strength"":3,""coarse_to_fine_end_strength"":1,""stagnation_generations_after_selection"":0}",quantization,True,128,128,16,5,262144,262144,655360,18029,142737408,93828.96981794409,15276.86865234375
122,0.462890625,0.447265625,kl,0.462890625,,,,,0,{},128,16,4,1,"[16,4,1]","[2048,16384,131072]",5503193088,4.083333333333333,3216.5078125,26982023168,26982023168,0,8,8,"{""type"":""mixed_depth_quantization"",""sequential_mode"":""none"",""joint_mutation_mode"":""standard"",""parent_before_generation_hash"":""2909296f809e8754396df3bc711260b7524107ddb01c44fb6863ee727a7e178f"",""parent_after_generation_hash"":""f409c4f02733d3cf1dedaa40469e9a0dca5f8b24f9f533786799a9475a345bfa"",""generated_offspring_by_type"":{""depth"":68,""quantization"":60,""joint_aware"":0,""interaction_aware"":0,""sequential_quantization"":0,""fixed_quant_depth"":0,""component crossover"":0,""component crossover + repair"":0},""depth_mask_entries_changed_by_type"":{""depth"":222,""quantization"":0,""joint_aware"":0,""interaction_aware"":0,""sequential_quantization"":0,""fixed_quant_depth"":0,""component crossover"":0,""component crossover + repair"":0},""quant_assignments_changed_by_type"":{""depth"":201,""quantization"":145,""joint_aware"":0,""interaction_aware"":0,""sequential_quantization"":0,""fixed_quant_depth"":0,""component crossover"":0,""component crossover + repair"":0},""depth_mask_entries_changed_total"":222,""quant_assignments_changed_total"":346,""interaction_aware_details"":{""budget_repair_quant_changes"":0,""preferred_quant_exchanges_used"":0,""fallback_quant_exchanges_used"":0},""crossover_diagnostics"":{""crossover_offspring"":0,""mutation_offspring"":128,""crossover_offspring_attempted"":0,""crossover_duplicates"":0,""crossover_infeasible_candidates"":0,""crossover_repair_changed_gene_count"":0,""persistent_population_size"":1,""unique_population_size"":1,""best_population_fitness"":0.462890625,""configured_survivors_per_selection"":[16,4,1],""effective_survivors_per_selection"":[16,4,1],""effective_final_survivor_count"":1},""offspring_generation"":{""attempts"":128,""no_op_mutations"":0,""duplicate_candidates"":0,""infeasible_candidates"":0,""fixed_quant_legal_swap_counts"":[]},""maximum_depth_mutations_per_offspring"":3,""quantization_step_size"":1,""quantization_mutations_per_offspring"":1,""joint_aware_probability"":0.0,""adaptive_mutation"":false,""adaptive_mutation_strength"":1,""adaptive_mutation_patience"":3,""adaptive_mutation_max_strength"":3,""coarse_to_fine_mutation"":false,""coarse_to_fine_start_strength"":3,""coarse_to_fine_end_strength"":1,""stagnation_generations_after_selection"":0}",quantization,True,128,128,16,5,262144,262144,655360,18178,143917056,94536.7887657251,15276.86865234375
123,0.470947265625,0.462890625,kl,0.470947265625,,,,,0,{},128,16,4,1,"[16,4,1]","[2048,16384,131072]",5503193088,4.083333333333333,3216.5078125,26982023168,26982023168,0,8,8,"{""type"":""mixed_depth_quantization"",""sequential_mode"":""none"",""joint_mutation_mode"":""standard"",""parent_before_generation_hash"":""f409c4f02733d3cf1dedaa40469e9a0dca5f8b24f9f533786799a9475a345bfa"",""parent_after_generation_hash"":""2023f53d51d617643a1e7c105c3aa80eee5a3d14ee14542317dbdc345ab38cf8"",""generated_offspring_by_type"":{""depth"":60,""quantization"":68,""joint_aware"":0,""interaction_aware"":0,""sequential_quantization"":0,""fixed_quant_depth"":0,""component crossover"":0,""component crossover + repair"":0},""depth_mask_entries_changed_by_type"":{""depth"":178,""quantization"":0,""joint_aware"":0,""interaction_aware"":0,""sequential_quantization"":0,""fixed_quant_depth"":0,""component crossover"":0,""component crossover + repair"":0},""quant_assignments_changed_by_type"":{""depth"":169,""quantization"":159,""joint_aware"":0,""interaction_aware"":0,""sequential_quantization"":0,""fixed_quant_depth"":0,""component crossover"":0,""component crossover + repair"":0},""depth_mask_entries_changed_total"":178,""quant_assignments_changed_total"":328,""interaction_aware_details"":{""budget_repair_quant_changes"":0,""preferred_quant_exchanges_used"":0,""fallback_quant_exchanges_used"":0},""crossover_diagnostics"":{""crossover_offspring"":0,""mutation_offspring"":128,""crossover_offspring_attempted"":0,""crossover_duplicates"":0,""crossover_infeasible_candidates"":0,""crossover_repair_changed_gene_count"":0,""persistent_population_size"":1,""unique_population_size"":1,""best_population_fitness"":0.470947265625,""configured_survivors_per_selection"":[16,4,1],""effective_survivors_per_selection"":[16,4,1],""effective_final_survivor_count"":1},""offspring_generation"":{""attempts"":128,""no_op_mutations"":0,""duplicate_candidates"":0,""infeasible_candidates"":0,""fixed_quant_legal_swap_counts"":[]},""maximum_depth_mutations_per_offspring"":3,""quantization_step_size"":1,""quantization_mutations_per_offspring"":1,""joint_aware_probability"":0.0,""adaptive_mutation"":false,""adaptive_mutation_strength"":1,""adaptive_mutation_patience"":3,""adaptive_mutation_max_strength"":3,""coarse_to_fine_mutation"":false,""coarse_to_fine_start_strength"":3,""coarse_to_fine_end_strength"":1,""stagnation_generations_after_selection"":0}",quantization,True,128,128,16,5,262144,262144,655360,18327,145096704,95310.1463418581,15276.86865234375
124,0.464111328125,0.470947265625,kl,0.464111328125,,,,,0,{},128,16,4,1,"[16,4,1]","[2048,16384,131072]",5503193088,4.083333333333333,3216.5078125,26982023168,26982023168,0,8,8,"{""type"":""mixed_depth_quantization"",""sequential_mode"":""none"",""joint_mutation_mode"":""standard"",""parent_before_generation_hash"":""2023f53d51d617643a1e7c105c3aa80eee5a3d14ee14542317dbdc345ab38cf8"",""parent_after_generation_hash"":""3fd855efb32868cb861c41b5775ebe3996e10cf5caf7fe604ed6a087a3c8fe90"",""generated_offspring_by_type"":{""depth"":66,""quantization"":62,""joint_aware"":0,""interaction_aware"":0,""sequential_quantization"":0,""fixed_quant_depth"":0,""component crossover"":0,""component crossover + repair"":0},""depth_mask_entries_changed_by_type"":{""depth"":200,""quantization"":0,""joint_aware"":0,""interaction_aware"":0,""sequential_quantization"":0,""fixed_quant_depth"":0,""component crossover"":0,""component crossover + repair"":0},""quant_assignments_changed_by_type"":{""depth"":151,""quantization"":144,""joint_aware"":0,""interaction_aware"":0,""sequential_quantization"":0,""fixed_quant_depth"":0,""component crossover"":0,""component crossover + repair"":0},""depth_mask_entries_changed_total"":200,""quant_assignments_changed_total"":295,""interaction_aware_details"":{""budget_repair_quant_changes"":0,""preferred_quant_exchanges_used"":0,""fallback_quant_exchanges_used"":0},""crossover_diagnostics"":{""crossover_offspring"":0,""mutation_offspring"":128,""crossover_offspring_attempted"":0,""crossover_duplicates"":0,""crossover_infeasible_candidates"":0,""crossover_repair_changed_gene_count"":0,""persistent_population_size"":1,""unique_population_size"":1,""best_population_fitness"":0.464111328125,""configured_survivors_per_selection"":[16,4,1],""effective_survivors_per_selection"":[16,4,1],""effective_final_survivor_count"":1},""offspring_generation"":{""attempts"":128,""no_op_mutations"":0,""duplicate_candidates"":0,""infeasible_candidates"":0,""fixed_quant_legal_swap_counts"":[]},""maximum_depth_mutations_per_offspring"":3,""quantization_step_size"":1,""quantization_mutations_per_offspring"":1,""joint_aware_probability"":0.0,""adaptive_mutation"":false,""adaptive_mutation_strength"":1,""adaptive_mutation_patience"":3,""adaptive_mutation_max_strength"":3,""coarse_to_fine_mutation"":false,""coarse_to_fine_start_strength"":3,""coarse_to_fine_end_strength"":1,""stagnation_generations_after_selection"":0}",quantization,True,128,128,16,5,262144,262144,655360,18476,146276352,96015.16956718509,15276.86865234375
125,0.4638671875,0.464111328125,kl,0.4638671875,,,,,0,{},128,16,4,1,"[16,4,1]","[2048,16384,131072]",5503193088,4.083333333333333,3216.5078125,26982023168,26982023168,0,8,8,"{""type"":""mixed_depth_quantization"",""sequential_mode"":""none"",""joint_mutation_mode"":""standard"",""parent_before_generation_hash"":""3fd855efb32868cb861c41b5775ebe3996e10cf5caf7fe604ed6a087a3c8fe90"",""parent_after_generation_hash"":""25145db2028c8729160389eb803d3f522efb8bdf979215645be5173dd048b7a6"",""generated_offspring_by_type"":{""depth"":66,""quantization"":62,""joint_aware"":0,""interaction_aware"":0,""sequential_quantization"":0,""fixed_quant_depth"":0,""component crossover"":0,""component crossover + repair"":0},""depth_mask_entries_changed_by_type"":{""depth"":196,""quantization"":0,""joint_aware"":0,""interaction_aware"":0,""sequential_quantization"":0,""fixed_quant_depth"":0,""component crossover"":0,""component crossover + repair"":0},""quant_assignments_changed_by_type"":{""depth"":174,""quantization"":145,""joint_aware"":0,""interaction_aware"":0,""sequential_quantization"":0,""fixed_quant_depth"":0,""component crossover"":0,""component crossover + repair"":0},""depth_mask_entries_changed_total"":196,""quant_assignments_changed_total"":319,""interaction_aware_details"":{""budget_repair_quant_changes"":0,""preferred_quant_exchanges_used"":0,""fallback_quant_exchanges_used"":0},""crossover_diagnostics"":{""crossover_offspring"":0,""mutation_offspring"":128,""crossover_offspring_attempted"":0,""crossover_duplicates"":0,""crossover_infeasible_candidates"":0,""crossover_repair_changed_gene_count"":0,""persistent_population_size"":1,""unique_population_size"":1,""best_population_fitness"":0.4638671875,""configured_survivors_per_selection"":[16,4,1],""effective_survivors_per_selection"":[16,4,1],""effective_final_survivor_count"":1},""offspring_generation"":{""attempts"":128,""no_op_mutations"":0,""duplicate_candidates"":0,""infeasible_candidates"":0,""fixed_quant_legal_swap_counts"":[]},""maximum_depth_mutations_per_offspring"":3,""quantization_step_size"":1,""quantization_mutations_per_offspring"":1,""joint_aware_probability"":0.0,""adaptive_mutation"":false,""adaptive_mutation_strength"":1,""adaptive_mutation_patience"":3,""adaptive_mutation_max_strength"":3,""coarse_to_fine_mutation"":false,""coarse_to_fine_start_strength"":3,""coarse_to_fine_end_strength"":1,""stagnation_generations_after_selection"":0}",quantization,True,128,128,16,5,262144,262144,655360,18625,147456000,96749.7108012441,15276.86865234375
126,0.464599609375,0.4638671875,kl,0.464599609375,10.0,8.828125,12.375,,917504,"{""wikitext2"":327680,""c4"":589824}",128,16,4,1,"[16,4,1]","[2048,16384,131072]",5503193088,4.083333333333333,3216.5078125,26982023168,26982023168,0,8,8,"{""type"":""mixed_depth_quantization"",""sequential_mode"":""none"",""joint_mutation_mode"":""standard"",""parent_before_generation_hash"":""25145db2028c8729160389eb803d3f522efb8bdf979215645be5173dd048b7a6"",""parent_after_generation_hash"":""86a60d55e11a154b88a37b00cdcb258ef87b3e76578472eaf94d7aae4290d088"",""generated_offspring_by_type"":{""depth"":62,""quantization"":66,""joint_aware"":0,""interaction_aware"":0,""sequential_quantization"":0,""fixed_quant_depth"":0,""component crossover"":0,""component crossover + repair"":0},""depth_mask_entries_changed_by_type"":{""depth"":198,""quantization"":0,""joint_aware"":0,""interaction_aware"":0,""sequential_quantization"":0,""fixed_quant_depth"":0,""component crossover"":0,""component crossover + repair"":0},""quant_assignments_changed_by_type"":{""depth"":172,""quantization"":153,""joint_aware"":0,""interaction_aware"":0,""sequential_quantization"":0,""fixed_quant_depth"":0,""component crossover"":0,""component crossover + repair"":0},""depth_mask_entries_changed_total"":198,""quant_assignments_changed_total"":325,""interaction_aware_details"":{""budget_repair_quant_changes"":0,""preferred_quant_exchanges_used"":0,""fallback_quant_exchanges_used"":0},""crossover_diagnostics"":{""crossover_offspring"":0,""mutation_offspring"":128,""crossover_offspring_attempted"":0,""crossover_duplicates"":0,""crossover_infeasible_candidates"":0,""crossover_repair_changed_gene_count"":0,""persistent_population_size"":1,""unique_population_size"":1,""best_population_fitness"":0.464599609375,""configured_survivors_per_selection"":[16,4,1],""effective_survivors_per_selection"":[16,4,1],""effective_final_survivor_count"":1},""offspring_generation"":{""attempts"":128,""no_op_mutations"":0,""duplicate_candidates"":0,""infeasible_candidates"":0,""fixed_quant_legal_swap_counts"":[]},""maximum_depth_mutations_per_offspring"":3,""quantization_step_size"":1,""quantization_mutations_per_offspring"":1,""joint_aware_probability"":0.0,""adaptive_mutation"":false,""adaptive_mutation_strength"":1,""adaptive_mutation_patience"":3,""adaptive_mutation_max_strength"":3,""coarse_to_fine_mutation"":false,""coarse_to_fine_start_strength"":3,""coarse_to_fine_end_strength"":1,""stagnation_generations_after_selection"":0}",quantization,True,128,128,16,5,262144,262144,655360,18774,148635648,97650.61714108409,15276.86865234375
127,0.46630859375,0.464599609375,kl,0.46630859375,,,,,0,{},128,16,4,1,"[16,4,1]","[2048,16384,131072]",5503193088,4.083333333333333,3216.5078125,26982023168,26982023168,0,8,8,"{""type"":""mixed_depth_quantization"",""sequential_mode"":""none"",""joint_mutation_mode"":""standard"",""parent_before_generation_hash"":""86a60d55e11a154b88a37b00cdcb258ef87b3e76578472eaf94d7aae4290d088"",""parent_after_generation_hash"":""1cba37040a1c4d6af99b5580e2e37be77f97b58c92a7b3da16d37fe5915a62a0"",""generated_offspring_by_type"":{""depth"":64,""quantization"":64,""joint_aware"":0,""interaction_aware"":0,""sequential_quantization"":0,""fixed_quant_depth"":0,""component crossover"":0,""component crossover + repair"":0},""depth_mask_entries_changed_by_type"":{""depth"":196,""quantization"":0,""joint_aware"":0,""interaction_aware"":0,""sequential_quantization"":0,""fixed_quant_depth"":0,""component crossover"":0,""component crossover + repair"":0},""quant_assignments_changed_by_type"":{""depth"":168,""quantization"":156,""joint_aware"":0,""interaction_aware"":0,""sequential_quantization"":0,""fixed_quant_depth"":0,""component crossover"":0,""component crossover + repair"":0},""depth_mask_entries_changed_total"":196,""quant_assignments_changed_total"":324,""interaction_aware_details"":{""budget_repair_quant_changes"":0,""preferred_quant_exchanges_used"":0,""fallback_quant_exchanges_used"":0},""crossover_diagnostics"":{""crossover_offspring"":0,""mutation_offspring"":128,""crossover_offspring_attempted"":0,""crossover_duplicates"":0,""crossover_infeasible_candidates"":0,""crossover_repair_changed_gene_count"":0,""persistent_population_size"":1,""unique_population_size"":1,""best_population_fitness"":0.46630859375,""configured_survivors_per_selection"":[16,4,1],""effective_survivors_per_selection"":[16,4,1],""effective_final_survivor_count"":1},""offspring_generation"":{""attempts"":128,""no_op_mutations"":0,""duplicate_candidates"":0,""infeasible_candidates"":0,""fixed_quant_legal_swap_counts"":[]},""maximum_depth_mutations_per_offspring"":3,""quantization_step_size"":1,""quantization_mutations_per_offspring"":1,""joint_aware_probability"":0.0,""adaptive_mutation"":false,""adaptive_mutation_strength"":1,""adaptive_mutation_patience"":3,""adaptive_mutation_max_strength"":3,""coarse_to_fine_mutation"":false,""coarse_to_fine_start_strength"":3,""coarse_to_fine_end_strength"":1,""stagnation_generations_after_selection"":0}",quantization,True,128,128,16,5,262144,262144,655360,18923,149815296,98371.2404763031,15276.86865234375
128,0.44873046875,0.46630859375,kl,0.44873046875,,,,,0,{},128,16,4,1,"[16,4,1]","[2048,16384,131072]",5503193088,4.083333333333333,3216.5078125,26982023168,26982023168,0,8,8,"{""type"":""mixed_depth_quantization"",""sequential_mode"":""none"",""joint_mutation_mode"":""standard"",""parent_before_generation_hash"":""1cba37040a1c4d6af99b5580e2e37be77f97b58c92a7b3da16d37fe5915a62a0"",""parent_after_generation_hash"":""af01b25cea50216416d0bb830ac0b4b523fd2744f22aa4abd1bf29a1953e1fcb"",""generated_offspring_by_type"":{""depth"":66,""quantization"":62,""joint_aware"":0,""interaction_aware"":0,""sequential_quantization"":0,""fixed_quant_depth"":0,""component crossover"":0,""component crossover + repair"":0},""depth_mask_entries_changed_by_type"":{""depth"":196,""quantization"":0,""joint_aware"":0,""interaction_aware"":0,""sequential_quantization"":0,""fixed_quant_depth"":0,""component crossover"":0,""component crossover + repair"":0},""quant_assignments_changed_by_type"":{""depth"":162,""quantization"":153,""joint_aware"":0,""interaction_aware"":0,""sequential_quantization"":0,""fixed_quant_depth"":0,""component crossover"":0,""component crossover + repair"":0},""depth_mask_entries_changed_total"":196,""quant_assignments_changed_total"":315,""interaction_aware_details"":{""budget_repair_quant_changes"":0,""preferred_quant_exchanges_used"":0,""fallback_quant_exchanges_used"":0},""crossover_diagnostics"":{""crossover_offspring"":0,""mutation_offspring"":128,""crossover_offspring_attempted"":0,""crossover_duplicates"":0,""crossover_infeasible_candidates"":0,""crossover_repair_changed_gene_count"":0,""persistent_population_size"":1,""unique_population_size"":1,""best_population_fitness"":0.44873046875,""configured_survivors_per_selection"":[16,4,1],""effective_survivors_per_selection"":[16,4,1],""effective_final_survivor_count"":1},""offspring_generation"":{""attempts"":128,""no_op_mutations"":0,""duplicate_candidates"":0,""infeasible_candidates"":0,""fixed_quant_legal_swap_counts"":[]},""maximum_depth_mutations_per_offspring"":3,""quantization_step_size"":1,""quantization_mutations_per_offspring"":1,""joint_aware_probability"":0.0,""adaptive_mutation"":false,""adaptive_mutation_strength"":1,""adaptive_mutation_patience"":3,""adaptive_mutation_max_strength"":3,""coarse_to_fine_mutation"":false,""coarse_to_fine_start_strength"":3,""coarse_to_fine_end_strength"":1,""stagnation_generations_after_selection"":0}",quantization,True,128,128,16,5,262144,262144,655360,19072,150994944,99132.72924284209,15276.86865234375
129,0.451171875,0.44873046875,kl,0.451171875,,,,,0,{},128,16,4,1,"[16,4,1]","[2048,16384,131072]",5503193088,4.083333333333333,3216.5078125,26982023168,26982023168,0,8,8,"{""type"":""mixed_depth_quantization"",""sequential_mode"":""none"",""joint_mutation_mode"":""standard"",""parent_before_generation_hash"":""af01b25cea50216416d0bb830ac0b4b523fd2744f22aa4abd1bf29a1953e1fcb"",""parent_after_generation_hash"":""073574cb1e8126b8cda03176073a85a2c2f446f77ca0932c921a842f2ce1fe99"",""generated_offspring_by_type"":{""depth"":67,""quantization"":61,""joint_aware"":0,""interaction_aware"":0,""sequential_quantization"":0,""fixed_quant_depth"":0,""component crossover"":0,""component crossover + repair"":0},""depth_mask_entries_changed_by_type"":{""depth"":204,""quantization"":0,""joint_aware"":0,""interaction_aware"":0,""sequential_quantization"":0,""fixed_quant_depth"":0,""component crossover"":0,""component crossover + repair"":0},""quant_assignments_changed_by_type"":{""depth"":166,""quantization"":138,""joint_aware"":0,""interaction_aware"":0,""sequential_quantization"":0,""fixed_quant_depth"":0,""component crossover"":0,""component crossover + repair"":0},""depth_mask_entries_changed_total"":204,""quant_assignments_changed_total"":304,""interaction_aware_details"":{""budget_repair_quant_changes"":0,""preferred_quant_exchanges_used"":0,""fallback_quant_exchanges_used"":0},""crossover_diagnostics"":{""crossover_offspring"":0,""mutation_offspring"":128,""crossover_offspring_attempted"":0,""crossover_duplicates"":0,""crossover_infeasible_candidates"":0,""crossover_repair_changed_gene_count"":0,""persistent_population_size"":1,""unique_population_size"":1,""best_population_fitness"":0.451171875,""configured_survivors_per_selection"":[16,4,1],""effective_survivors_per_selection"":[16,4,1],""effective_final_survivor_count"":1},""offspring_generation"":{""attempts"":128,""no_op_mutations"":0,""duplicate_candidates"":0,""infeasible_candidates"":0,""fixed_quant_legal_swap_counts"":[]},""maximum_depth_mutations_per_offspring"":3,""quantization_step_size"":1,""quantization_mutations_per_offspring"":1,""joint_aware_probability"":0.0,""adaptive_mutation"":false,""adaptive_mutation_strength"":1,""adaptive_mutation_patience"":3,""adaptive_mutation_max_strength"":3,""coarse_to_fine_mutation"":false,""coarse_to_fine_start_strength"":3,""coarse_to_fine_end_strength"":1,""stagnation_generations_after_selection"":0}",quantization,True,128,128,16,5,262144,262144,655360,19221,152174592,99864.6772789051,15276.86865234375
130,0.480712890625,0.451171875,kl,0.480712890625,,,,,0,{},128,16,4,1,"[16,4,1]","[2048,16384,131072]",5503193088,4.083333333333333,3216.5078125,26982023168,26982023168,0,8,8,"{""type"":""mixed_depth_quantization"",""sequential_mode"":""none"",""joint_mutation_mode"":""standard"",""parent_before_generation_hash"":""073574cb1e8126b8cda03176073a85a2c2f446f77ca0932c921a842f2ce1fe99"",""parent_after_generation_hash"":""76733cb2ad5eebd4984e6cc59c2ac9f020b53040e5792c84e4ac043a18e9df41"",""generated_offspring_by_type"":{""depth"":60,""quantization"":68,""joint_aware"":0,""interaction_aware"":0,""sequential_quantization"":0,""fixed_quant_depth"":0,""component crossover"":0,""component crossover + repair"":0},""depth_mask_entries_changed_by_type"":{""depth"":172,""quantization"":0,""joint_aware"":0,""interaction_aware"":0,""sequential_quantization"":0,""fixed_quant_depth"":0,""component crossover"":0,""component crossover + repair"":0},""quant_assignments_changed_by_type"":{""depth"":156,""quantization"":155,""joint_aware"":0,""interaction_aware"":0,""sequential_quantization"":0,""fixed_quant_depth"":0,""component crossover"":0,""component crossover + repair"":0},""depth_mask_entries_changed_total"":172,""quant_assignments_changed_total"":311,""interaction_aware_details"":{""budget_repair_quant_changes"":0,""preferred_quant_exchanges_used"":0,""fallback_quant_exchanges_used"":0},""crossover_diagnostics"":{""crossover_offspring"":0,""mutation_offspring"":128,""crossover_offspring_attempted"":0,""crossover_duplicates"":0,""crossover_infeasible_candidates"":0,""crossover_repair_changed_gene_count"":0,""persistent_population_size"":1,""unique_population_size"":1,""best_population_fitness"":0.480712890625,""configured_survivors_per_selection"":[16,4,1],""effective_survivors_per_selection"":[16,4,1],""effective_final_survivor_count"":1},""offspring_generation"":{""attempts"":128,""no_op_mutations"":0,""duplicate_candidates"":0,""infeasible_candidates"":0,""fixed_quant_legal_swap_counts"":[]},""maximum_depth_mutations_per_offspring"":3,""quantization_step_size"":1,""quantization_mutations_per_offspring"":1,""joint_aware_probability"":0.0,""adaptive_mutation"":false,""adaptive_mutation_strength"":1,""adaptive_mutation_patience"":3,""adaptive_mutation_max_strength"":3,""coarse_to_fine_mutation"":false,""coarse_to_fine_start_strength"":3,""coarse_to_fine_end_strength"":1,""stagnation_generations_after_selection"":0}",quantization,True,128,128,16,5,262144,262144,655360,19370,153354240,100559.3670828191,15276.86865234375
131,0.448486328125,0.480712890625,kl,0.448486328125,10.0234375,8.7890625,12.3984375,,917504,"{""wikitext2"":327680,""c4"":589824}",128,16,4,1,"[16,4,1]","[2048,16384,131072]",5503193088,4.083333333333333,3216.5078125,26982023168,26982023168,0,8,8,"{""type"":""mixed_depth_quantization"",""sequential_mode"":""none"",""joint_mutation_mode"":""standard"",""parent_before_generation_hash"":""76733cb2ad5eebd4984e6cc59c2ac9f020b53040e5792c84e4ac043a18e9df41"",""parent_after_generation_hash"":""f6fccff22ea89186618fc4c45ad9b434dd291207773393aa33885531e2d6c0d4"",""generated_offspring_by_type"":{""depth"":66,""quantization"":62,""joint_aware"":0,""interaction_aware"":0,""sequential_quantization"":0,""fixed_quant_depth"":0,""component crossover"":0,""component crossover + repair"":0},""depth_mask_entries_changed_by_type"":{""depth"":206,""quantization"":0,""joint_aware"":0,""interaction_aware"":0,""sequential_quantization"":0,""fixed_quant_depth"":0,""component crossover"":0,""component crossover + repair"":0},""quant_assignments_changed_by_type"":{""depth"":180,""quantization"":148,""joint_aware"":0,""interaction_aware"":0,""sequential_quantization"":0,""fixed_quant_depth"":0,""component crossover"":0,""component crossover + repair"":0},""depth_mask_entries_changed_total"":206,""quant_assignments_changed_total"":328,""interaction_aware_details"":{""budget_repair_quant_changes"":0,""preferred_quant_exchanges_used"":0,""fallback_quant_exchanges_used"":0},""crossover_diagnostics"":{""crossover_offspring"":0,""mutation_offspring"":128,""crossover_offspring_attempted"":0,""crossover_duplicates"":0,""crossover_infeasible_candidates"":0,""crossover_repair_changed_gene_count"":0,""persistent_population_size"":1,""unique_population_size"":1,""best_population_fitness"":0.448486328125,""configured_survivors_per_selection"":[16,4,1],""effective_survivors_per_selection"":[16,4,1],""effective_final_survivor_count"":1},""offspring_generation"":{""attempts"":128,""no_op_mutations"":0,""duplicate_candidates"":0,""infeasible_candidates"":0,""fixed_quant_legal_swap_counts"":[]},""maximum_depth_mutations_per_offspring"":3,""quantization_step_size"":1,""quantization_mutations_per_offspring"":1,""joint_aware_probability"":0.0,""adaptive_mutation"":false,""adaptive_mutation_strength"":1,""adaptive_mutation_patience"":3,""adaptive_mutation_max_strength"":3,""coarse_to_fine_mutation"":false,""coarse_to_fine_start_strength"":3,""coarse_to_fine_end_strength"":1,""stagnation_generations_after_selection"":0}",quantization,True,128,128,16,5,262144,262144,655360,19519,154533888,101425.2748179831,15276.86865234375
132,0.45166015625,0.448486328125,kl,0.45166015625,,,,,0,{},128,16,4,1,"[16,4,1]","[2048,16384,131072]",5503193088,4.083333333333333,3216.5078125,26982023168,26982023168,0,8,8,"{""type"":""mixed_depth_quantization"",""sequential_mode"":""none"",""joint_mutation_mode"":""standard"",""parent_before_generation_hash"":""f6fccff22ea89186618fc4c45ad9b434dd291207773393aa33885531e2d6c0d4"",""parent_after_generation_hash"":""66838965af5db244e1f0c61c67434e4ba4ff7bb525c6f78c9948aa5284259767"",""generated_offspring_by_type"":{""depth"":77,""quantization"":51,""joint_aware"":0,""interaction_aware"":0,""sequential_quantization"":0,""fixed_quant_depth"":0,""component crossover"":0,""component crossover + repair"":0},""depth_mask_entries_changed_by_type"":{""depth"":220,""quantization"":0,""joint_aware"":0,""interaction_aware"":0,""sequential_quantization"":0,""fixed_quant_depth"":0,""component crossover"":0,""component crossover + repair"":0},""quant_assignments_changed_by_type"":{""depth"":208,""quantization"":114,""joint_aware"":0,""interaction_aware"":0,""sequential_quantization"":0,""fixed_quant_depth"":0,""component crossover"":0,""component crossover + repair"":0},""depth_mask_entries_changed_total"":220,""quant_assignments_changed_total"":322,""interaction_aware_details"":{""budget_repair_quant_changes"":0,""preferred_quant_exchanges_used"":0,""fallback_quant_exchanges_used"":0},""crossover_diagnostics"":{""crossover_offspring"":0,""mutation_offspring"":128,""crossover_offspring_attempted"":0,""crossover_duplicates"":0,""crossover_infeasible_candidates"":0,""crossover_repair_changed_gene_count"":0,""persistent_population_size"":1,""unique_population_size"":1,""best_population_fitness"":0.45166015625,""configured_survivors_per_selection"":[16,4,1],""effective_survivors_per_selection"":[16,4,1],""effective_final_survivor_count"":1},""offspring_generation"":{""attempts"":129,""no_op_mutations"":0,""duplicate_candidates"":1,""infeasible_candidates"":0,""fixed_quant_legal_swap_counts"":[]},""maximum_depth_mutations_per_offspring"":3,""quantization_step_size"":1,""quantization_mutations_per_offspring"":1,""joint_aware_probability"":0.0,""adaptive_mutation"":false,""adaptive_mutation_strength"":1,""adaptive_mutation_patience"":3,""adaptive_mutation_max_strength"":3,""coarse_to_fine_mutation"":false,""coarse_to_fine_start_strength"":3,""coarse_to_fine_end_strength"":1,""stagnation_generations_after_selection"":0}",quantization,True,129,128,16,5,262144,262144,655360,19668,155713536,102152.8497410851,15276.86865234375
133,0.4609375,0.45166015625,kl,0.4609375,,,,,0,{},128,16,4,1,"[16,4,1]","[2048,16384,131072]",5503193088,4.083333333333333,3216.5078125,26982023168,26982023168,0,8,8,"{""type"":""mixed_depth_quantization"",""sequential_mode"":""none"",""joint_mutation_mode"":""standard"",""parent_before_generation_hash"":""66838965af5db244e1f0c61c67434e4ba4ff7bb525c6f78c9948aa5284259767"",""parent_after_generation_hash"":""200c8dada8d7a7adffa64e5a1ec2e66be2fc79acab3c1ae1067fcc32d00a37bb"",""generated_offspring_by_type"":{""depth"":70,""quantization"":58,""joint_aware"":0,""interaction_aware"":0,""sequential_quantization"":0,""fixed_quant_depth"":0,""component crossover"":0,""component crossover + repair"":0},""depth_mask_entries_changed_by_type"":{""depth"":216,""quantization"":0,""joint_aware"":0,""interaction_aware"":0,""sequential_quantization"":0,""fixed_quant_depth"":0,""component crossover"":0,""component crossover + repair"":0},""quant_assignments_changed_by_type"":{""depth"":174,""quantization"":139,""joint_aware"":0,""interaction_aware"":0,""sequential_quantization"":0,""fixed_quant_depth"":0,""component crossover"":0,""component crossover + repair"":0},""depth_mask_entries_changed_total"":216,""quant_assignments_changed_total"":313,""interaction_aware_details"":{""budget_repair_quant_changes"":0,""preferred_quant_exchanges_used"":0,""fallback_quant_exchanges_used"":0},""crossover_diagnostics"":{""crossover_offspring"":0,""mutation_offspring"":128,""crossover_offspring_attempted"":0,""crossover_duplicates"":0,""crossover_infeasible_candidates"":0,""crossover_repair_changed_gene_count"":0,""persistent_population_size"":1,""unique_population_size"":1,""best_population_fitness"":0.4609375,""configured_survivors_per_selection"":[16,4,1],""effective_survivors_per_selection"":[16,4,1],""effective_final_survivor_count"":1},""offspring_generation"":{""attempts"":128,""no_op_mutations"":0,""duplicate_candidates"":0,""infeasible_candidates"":0,""fixed_quant_legal_swap_counts"":[]},""maximum_depth_mutations_per_offspring"":3,""quantization_step_size"":1,""quantization_mutations_per_offspring"":1,""joint_aware_probability"":0.0,""adaptive_mutation"":false,""adaptive_mutation_strength"":1,""adaptive_mutation_patience"":3,""adaptive_mutation_max_strength"":3,""coarse_to_fine_mutation"":false,""coarse_to_fine_start_strength"":3,""coarse_to_fine_end_strength"":1,""stagnation_generations_after_selection"":0}",quantization,True,128,128,16,5,262144,262144,655360,19817,156893184,102906.3050549381,15276.86865234375
134,0.46533203125,0.4609375,kl,0.46533203125,,,,,0,{},128,16,4,1,"[16,4,1]","[2048,16384,131072]",5503193088,4.083333333333333,3216.5078125,26982023168,26982023168,0,8,8,"{""type"":""mixed_depth_quantization"",""sequential_mode"":""none"",""joint_mutation_mode"":""standard"",""parent_before_generation_hash"":""200c8dada8d7a7adffa64e5a1ec2e66be2fc79acab3c1ae1067fcc32d00a37bb"",""parent_after_generation_hash"":""e9389913ade425ba287c14bce0ebb8bcc3736293c831eafb906dfa81b10aa5fa"",""generated_offspring_by_type"":{""depth"":60,""quantization"":68,""joint_aware"":0,""interaction_aware"":0,""sequential_quantization"":0,""fixed_quant_depth"":0,""component crossover"":0,""component crossover + repair"":0},""depth_mask_entries_changed_by_type"":{""depth"":172,""quantization"":0,""joint_aware"":0,""interaction_aware"":0,""sequential_quantization"":0,""fixed_quant_depth"":0,""component crossover"":0,""component crossover + repair"":0},""quant_assignments_changed_by_type"":{""depth"":153,""quantization"":163,""joint_aware"":0,""interaction_aware"":0,""sequential_quantization"":0,""fixed_quant_depth"":0,""component crossover"":0,""component crossover + repair"":0},""depth_mask_entries_changed_total"":172,""quant_assignments_changed_total"":316,""interaction_aware_details"":{""budget_repair_quant_changes"":0,""preferred_quant_exchanges_used"":0,""fallback_quant_exchanges_used"":0},""crossover_diagnostics"":{""crossover_offspring"":0,""mutation_offspring"":128,""crossover_offspring_attempted"":0,""crossover_duplicates"":0,""crossover_infeasible_candidates"":0,""crossover_repair_changed_gene_count"":0,""persistent_population_size"":1,""unique_population_size"":1,""best_population_fitness"":0.46533203125,""configured_survivors_per_selection"":[16,4,1],""effective_survivors_per_selection"":[16,4,1],""effective_final_survivor_count"":1},""offspring_generation"":{""attempts"":129,""no_op_mutations"":0,""duplicate_candidates"":1,""infeasible_candidates"":0,""fixed_quant_legal_swap_counts"":[]},""maximum_depth_mutations_per_offspring"":3,""quantization_step_size"":1,""quantization_mutations_per_offspring"":1,""joint_aware_probability"":0.0,""adaptive_mutation"":false,""adaptive_mutation_strength"":1,""adaptive_mutation_patience"":3,""adaptive_mutation_max_strength"":3,""coarse_to_fine_mutation"":false,""coarse_to_fine_start_strength"":3,""coarse_to_fine_end_strength"":1,""stagnation_generations_after_selection"":0}",quantization,True,129,128,16,5,262144,262144,655360,19966,158072832,103589.62358393609,15276.86865234375
135,0.470947265625,0.46533203125,kl,0.470947265625,,,,,0,{},128,16,4,1,"[16,4,1]","[2048,16384,131072]",5503193088,4.083333333333333,3216.5078125,26982023168,26982023168,0,8,8,"{""type"":""mixed_depth_quantization"",""sequential_mode"":""none"",""joint_mutation_mode"":""standard"",""parent_before_generation_hash"":""e9389913ade425ba287c14bce0ebb8bcc3736293c831eafb906dfa81b10aa5fa"",""parent_after_generation_hash"":""08c419689211a55395d411dd47ba9b8623480fa812bbee48743033c0096d457b"",""generated_offspring_by_type"":{""depth"":52,""quantization"":76,""joint_aware"":0,""interaction_aware"":0,""sequential_quantization"":0,""fixed_quant_depth"":0,""component crossover"":0,""component crossover + repair"":0},""depth_mask_entries_changed_by_type"":{""depth"":164,""quantization"":0,""joint_aware"":0,""interaction_aware"":0,""sequential_quantization"":0,""fixed_quant_depth"":0,""component crossover"":0,""component crossover + repair"":0},""quant_assignments_changed_by_type"":{""depth"":132,""quantization"":181,""joint_aware"":0,""interaction_aware"":0,""sequential_quantization"":0,""fixed_quant_depth"":0,""component crossover"":0,""component crossover + repair"":0},""depth_mask_entries_changed_total"":164,""quant_assignments_changed_total"":313,""interaction_aware_details"":{""budget_repair_quant_changes"":0,""preferred_quant_exchanges_used"":0,""fallback_quant_exchanges_used"":0},""crossover_diagnostics"":{""crossover_offspring"":0,""mutation_offspring"":128,""crossover_offspring_attempted"":0,""crossover_duplicates"":0,""crossover_infeasible_candidates"":0,""crossover_repair_changed_gene_count"":0,""persistent_population_size"":1,""unique_population_size"":1,""best_population_fitness"":0.470947265625,""configured_survivors_per_selection"":[16,4,1],""effective_survivors_per_selection"":[16,4,1],""effective_final_survivor_count"":1},""offspring_generation"":{""attempts"":128,""no_op_mutations"":0,""duplicate_candidates"":0,""infeasible_candidates"":0,""fixed_quant_legal_swap_counts"":[]},""maximum_depth_mutations_per_offspring"":3,""quantization_step_size"":1,""quantization_mutations_per_offspring"":1,""joint_aware_probability"":0.0,""adaptive_mutation"":false,""adaptive_mutation_strength"":1,""adaptive_mutation_patience"":3,""adaptive_mutation_max_strength"":3,""coarse_to_fine_mutation"":false,""coarse_to_fine_start_strength"":3,""coarse_to_fine_end_strength"":1,""stagnation_generations_after_selection"":0}",quantization,True,128,128,16,5,262144,262144,655360,20115,159252480,104279.2378713211,15276.86865234375
136,0.46435546875,0.470947265625,kl,0.46435546875,10.0234375,8.7578125,12.3515625,,917504,"{""wikitext2"":327680,""c4"":589824}",128,16,4,1,"[16,4,1]","[2048,16384,131072]",5503193088,4.083333333333333,3216.5078125,26982023168,26982023168,0,8,8,"{""type"":""mixed_depth_quantization"",""sequential_mode"":""none"",""joint_mutation_mode"":""standard"",""parent_before_generation_hash"":""08c419689211a55395d411dd47ba9b8623480fa812bbee48743033c0096d457b"",""parent_after_generation_hash"":""5ea586f72be5379a160d829e89ecec9d2c8fb6a312ecac9e4ebeb76fdd3d140e"",""generated_offspring_by_type"":{""depth"":60,""quantization"":68,""joint_aware"":0,""interaction_aware"":0,""sequential_quantization"":0,""fixed_quant_depth"":0,""component crossover"":0,""component crossover + repair"":0},""depth_mask_entries_changed_by_type"":{""depth"":172,""quantization"":0,""joint_aware"":0,""interaction_aware"":0,""sequential_quantization"":0,""fixed_quant_depth"":0,""component crossover"":0,""component crossover + repair"":0},""quant_assignments_changed_by_type"":{""depth"":153,""quantization"":158,""joint_aware"":0,""interaction_aware"":0,""sequential_quantization"":0,""fixed_quant_depth"":0,""component crossover"":0,""component crossover + repair"":0},""depth_mask_entries_changed_total"":172,""quant_assignments_changed_total"":311,""interaction_aware_details"":{""budget_repair_quant_changes"":0,""preferred_quant_exchanges_used"":0,""fallback_quant_exchanges_used"":0},""crossover_diagnostics"":{""crossover_offspring"":0,""mutation_offspring"":128,""crossover_offspring_attempted"":0,""crossover_duplicates"":0,""crossover_infeasible_candidates"":0,""crossover_repair_changed_gene_count"":0,""persistent_population_size"":1,""unique_population_size"":1,""best_population_fitness"":0.46435546875,""configured_survivors_per_selection"":[16,4,1],""effective_survivors_per_selection"":[16,4,1],""effective_final_survivor_count"":1},""offspring_generation"":{""attempts"":128,""no_op_mutations"":0,""duplicate_candidates"":0,""infeasible_candidates"":0,""fixed_quant_legal_swap_counts"":[]},""maximum_depth_mutations_per_offspring"":3,""quantization_step_size"":1,""quantization_mutations_per_offspring"":1,""joint_aware_probability"":0.0,""adaptive_mutation"":false,""adaptive_mutation_strength"":1,""adaptive_mutation_patience"":3,""adaptive_mutation_max_strength"":3,""coarse_to_fine_mutation"":false,""coarse_to_fine_start_strength"":3,""coarse_to_fine_end_strength"":1,""stagnation_generations_after_selection"":0}",quantization,True,128,128,16,5,262144,262144,655360,20264,160432128,105188.2144291501,15276.86865234375
137,0.46240234375,0.46435546875,kl,0.46240234375,,,,,0,{},128,16,4,1,"[16,4,1]","[2048,16384,131072]",5503193088,4.083333333333333,3216.5078125,26982023168,26982023168,0,8,8,"{""type"":""mixed_depth_quantization"",""sequential_mode"":""none"",""joint_mutation_mode"":""standard"",""parent_before_generation_hash"":""5ea586f72be5379a160d829e89ecec9d2c8fb6a312ecac9e4ebeb76fdd3d140e"",""parent_after_generation_hash"":""47bd14186099dd41a931349bdc9e160c04a11916dd2c19c17d0d500485762a15"",""generated_offspring_by_type"":{""depth"":59,""quantization"":69,""joint_aware"":0,""interaction_aware"":0,""sequential_quantization"":0,""fixed_quant_depth"":0,""component crossover"":0,""component crossover + repair"":0},""depth_mask_entries_changed_by_type"":{""depth"":182,""quantization"":0,""joint_aware"":0,""interaction_aware"":0,""sequential_quantization"":0,""fixed_quant_depth"":0,""component crossover"":0,""component crossover + repair"":0},""quant_assignments_changed_by_type"":{""depth"":146,""quantization"":159,""joint_aware"":0,""interaction_aware"":0,""sequential_quantization"":0,""fixed_quant_depth"":0,""component crossover"":0,""component crossover + repair"":0},""depth_mask_entries_changed_total"":182,""quant_assignments_changed_total"":305,""interaction_aware_details"":{""budget_repair_quant_changes"":0,""preferred_quant_exchanges_used"":0,""fallback_quant_exchanges_used"":0},""crossover_diagnostics"":{""crossover_offspring"":0,""mutation_offspring"":128,""crossover_offspring_attempted"":0,""crossover_duplicates"":0,""crossover_infeasible_candidates"":0,""crossover_repair_changed_gene_count"":0,""persistent_population_size"":1,""unique_population_size"":1,""best_population_fitness"":0.46240234375,""configured_survivors_per_selection"":[16,4,1],""effective_survivors_per_selection"":[16,4,1],""effective_final_survivor_count"":1},""offspring_generation"":{""attempts"":128,""no_op_mutations"":0,""duplicate_candidates"":0,""infeasible_candidates"":0,""fixed_quant_legal_swap_counts"":[]},""maximum_depth_mutations_per_offspring"":3,""quantization_step_size"":1,""quantization_mutations_per_offspring"":1,""joint_aware_probability"":0.0,""adaptive_mutation"":false,""adaptive_mutation_strength"":1,""adaptive_mutation_patience"":3,""adaptive_mutation_max_strength"":3,""coarse_to_fine_mutation"":false,""coarse_to_fine_start_strength"":3,""coarse_to_fine_end_strength"":1,""stagnation_generations_after_selection"":0}",quantization,True,128,128,16,5,262144,262144,655360,20413,161611776,105935.15925896709,15276.86865234375
138,0.459716796875,0.46240234375,kl,0.459716796875,,,,,0,{},128,16,4,1,"[16,4,1]","[2048,16384,131072]",5503193088,4.083333333333333,3216.5078125,26982023168,26982023168,0,8,8,"{""type"":""mixed_depth_quantization"",""sequential_mode"":""none"",""joint_mutation_mode"":""standard"",""parent_before_generation_hash"":""47bd14186099dd41a931349bdc9e160c04a11916dd2c19c17d0d500485762a15"",""parent_after_generation_hash"":""47bd14186099dd41a931349bdc9e160c04a11916dd2c19c17d0d500485762a15"",""generated_offspring_by_type"":{""depth"":69,""quantization"":59,""joint_aware"":0,""interaction_aware"":0,""sequential_quantization"":0,""fixed_quant_depth"":0,""component crossover"":0,""component crossover + repair"":0},""depth_mask_entries_changed_by_type"":{""depth"":210,""quantization"":0,""joint_aware"":0,""interaction_aware"":0,""sequential_quantization"":0,""fixed_quant_depth"":0,""component crossover"":0,""component crossover + repair"":0},""quant_assignments_changed_by_type"":{""depth"":181,""quantization"":134,""joint_aware"":0,""interaction_aware"":0,""sequential_quantization"":0,""fixed_quant_depth"":0,""component crossover"":0,""component crossover + repair"":0},""depth_mask_entries_changed_total"":210,""quant_assignments_changed_total"":315,""interaction_aware_details"":{""budget_repair_quant_changes"":0,""preferred_quant_exchanges_used"":0,""fallback_quant_exchanges_used"":0},""crossover_diagnostics"":{""crossover_offspring"":0,""mutation_offspring"":128,""crossover_offspring_attempted"":0,""crossover_duplicates"":0,""crossover_infeasible_candidates"":0,""crossover_repair_changed_gene_count"":0,""persistent_population_size"":1,""unique_population_size"":1,""best_population_fitness"":0.459716796875,""configured_survivors_per_selection"":[16,4,1],""effective_survivors_per_selection"":[16,4,1],""effective_final_survivor_count"":1},""offspring_generation"":{""attempts"":129,""no_op_mutations"":1,""duplicate_candidates"":0,""infeasible_candidates"":0,""fixed_quant_legal_swap_counts"":[]},""maximum_depth_mutations_per_offspring"":3,""quantization_step_size"":1,""quantization_mutations_per_offspring"":1,""joint_aware_probability"":0.0,""adaptive_mutation"":false,""adaptive_mutation_strength"":1,""adaptive_mutation_patience"":3,""adaptive_mutation_max_strength"":3,""coarse_to_fine_mutation"":false,""coarse_to_fine_start_strength"":3,""coarse_to_fine_end_strength"":1,""stagnation_generations_after_selection"":1}",parent,False,129,128,16,5,262144,262144,655360,20562,162791424,106673.1360578961,15276.86865234375
139,0.46044921875,0.459716796875,kl,0.46044921875,,,,,0,{},128,16,4,1,"[16,4,1]","[2048,16384,131072]",5503193088,4.083333333333333,3216.5078125,26982023168,26982023168,0,8,8,"{""type"":""mixed_depth_quantization"",""sequential_mode"":""none"",""joint_mutation_mode"":""standard"",""parent_before_generation_hash"":""47bd14186099dd41a931349bdc9e160c04a11916dd2c19c17d0d500485762a15"",""parent_after_generation_hash"":""7f65a6dc2cb227baf1bb020e3120bafa6edddac37309f1e880874c99603031ee"",""generated_offspring_by_type"":{""depth"":61,""quantization"":67,""joint_aware"":0,""interaction_aware"":0,""sequential_quantization"":0,""fixed_quant_depth"":0,""component crossover"":0,""component crossover + repair"":0},""depth_mask_entries_changed_by_type"":{""depth"":184,""quantization"":0,""joint_aware"":0,""interaction_aware"":0,""sequential_quantization"":0,""fixed_quant_depth"":0,""component crossover"":0,""component crossover + repair"":0},""quant_assignments_changed_by_type"":{""depth"":165,""quantization"":153,""joint_aware"":0,""interaction_aware"":0,""sequential_quantization"":0,""fixed_quant_depth"":0,""component crossover"":0,""component crossover + repair"":0},""depth_mask_entries_changed_total"":184,""quant_assignments_changed_total"":318,""interaction_aware_details"":{""budget_repair_quant_changes"":0,""preferred_quant_exchanges_used"":0,""fallback_quant_exchanges_used"":0},""crossover_diagnostics"":{""crossover_offspring"":0,""mutation_offspring"":128,""crossover_offspring_attempted"":0,""crossover_duplicates"":0,""crossover_infeasible_candidates"":0,""crossover_repair_changed_gene_count"":0,""persistent_population_size"":1,""unique_population_size"":1,""best_population_fitness"":0.46044921875,""configured_survivors_per_selection"":[16,4,1],""effective_survivors_per_selection"":[16,4,1],""effective_final_survivor_count"":1},""offspring_generation"":{""attempts"":128,""no_op_mutations"":0,""duplicate_candidates"":0,""infeasible_candidates"":0,""fixed_quant_legal_swap_counts"":[]},""maximum_depth_mutations_per_offspring"":3,""quantization_step_size"":1,""quantization_mutations_per_offspring"":1,""joint_aware_probability"":0.0,""adaptive_mutation"":false,""adaptive_mutation_strength"":1,""adaptive_mutation_patience"":3,""adaptive_mutation_max_strength"":3,""coarse_to_fine_mutation"":false,""coarse_to_fine_start_strength"":3,""coarse_to_fine_end_strength"":1,""stagnation_generations_after_selection"":0}",quantization,True,128,128,16,5,262144,262144,655360,20711,163971072,107367.89031191109,15276.86865234375
140,0.46142578125,0.46044921875,kl,0.46142578125,,,,,0,{},128,16,4,1,"[16,4,1]","[2048,16384,131072]",5503193088,4.083333333333333,3216.5078125,26982023168,26982023168,0,8,8,"{""type"":""mixed_depth_quantization"",""sequential_mode"":""none"",""joint_mutation_mode"":""standard"",""parent_before_generation_hash"":""7f65a6dc2cb227baf1bb020e3120bafa6edddac37309f1e880874c99603031ee"",""parent_after_generation_hash"":""1e73e9ae91a807a2d76d1721d5f868e1db5b49ef9794cd920cee2e4daf432021"",""generated_offspring_by_type"":{""depth"":61,""quantization"":67,""joint_aware"":0,""interaction_aware"":0,""sequential_quantization"":0,""fixed_quant_depth"":0,""component crossover"":0,""component crossover + repair"":0},""depth_mask_entries_changed_by_type"":{""depth"":172,""quantization"":0,""joint_aware"":0,""interaction_aware"":0,""sequential_quantization"":0,""fixed_quant_depth"":0,""component crossover"":0,""component crossover + repair"":0},""quant_assignments_changed_by_type"":{""depth"":131,""quantization"":155,""joint_aware"":0,""interaction_aware"":0,""sequential_quantization"":0,""fixed_quant_depth"":0,""component crossover"":0,""component crossover + repair"":0},""depth_mask_entries_changed_total"":172,""quant_assignments_changed_total"":286,""interaction_aware_details"":{""budget_repair_quant_changes"":0,""preferred_quant_exchanges_used"":0,""fallback_quant_exchanges_used"":0},""crossover_diagnostics"":{""crossover_offspring"":0,""mutation_offspring"":128,""crossover_offspring_attempted"":0,""crossover_duplicates"":0,""crossover_infeasible_candidates"":0,""crossover_repair_changed_gene_count"":0,""persistent_population_size"":1,""unique_population_size"":1,""best_population_fitness"":0.46142578125,""configured_survivors_per_selection"":[16,4,1],""effective_survivors_per_selection"":[16,4,1],""effective_final_survivor_count"":1},""offspring_generation"":{""attempts"":128,""no_op_mutations"":0,""duplicate_candidates"":0,""infeasible_candidates"":0,""fixed_quant_legal_swap_counts"":[]},""maximum_depth_mutations_per_offspring"":3,""quantization_step_size"":1,""quantization_mutations_per_offspring"":1,""joint_aware_probability"":0.0,""adaptive_mutation"":false,""adaptive_mutation_strength"":1,""adaptive_mutation_patience"":3,""adaptive_mutation_max_strength"":3,""coarse_to_fine_mutation"":false,""coarse_to_fine_start_strength"":3,""coarse_to_fine_end_strength"":1,""stagnation_generations_after_selection"":0}",quantization,True,128,128,16,5,262144,262144,655360,20860,165150720,108052.9140227521,15276.86865234375
141,0.46826171875,0.46142578125,kl,0.46826171875,9.984375,8.7734375,12.328125,,917504,"{""wikitext2"":327680,""c4"":589824}",128,16,4,1,"[16,4,1]","[2048,16384,131072]",5503193088,4.083333333333333,3216.5078125,26982023168,26982023168,0,8,8,"{""type"":""mixed_depth_quantization"",""sequential_mode"":""none"",""joint_mutation_mode"":""standard"",""parent_before_generation_hash"":""1e73e9ae91a807a2d76d1721d5f868e1db5b49ef9794cd920cee2e4daf432021"",""parent_after_generation_hash"":""a6511f20c68aa4124859e866a960a361ea9df3c3edc5ea703986b0c30d461ace"",""generated_offspring_by_type"":{""depth"":75,""quantization"":53,""joint_aware"":0,""interaction_aware"":0,""sequential_quantization"":0,""fixed_quant_depth"":0,""component crossover"":0,""component crossover + repair"":0},""depth_mask_entries_changed_by_type"":{""depth"":226,""quantization"":0,""joint_aware"":0,""interaction_aware"":0,""sequential_quantization"":0,""fixed_quant_depth"":0,""component crossover"":0,""component crossover + repair"":0},""quant_assignments_changed_by_type"":{""depth"":207,""quantization"":128,""joint_aware"":0,""interaction_aware"":0,""sequential_quantization"":0,""fixed_quant_depth"":0,""component crossover"":0,""component crossover + repair"":0},""depth_mask_entries_changed_total"":226,""quant_assignments_changed_total"":335,""interaction_aware_details"":{""budget_repair_quant_changes"":0,""preferred_quant_exchanges_used"":0,""fallback_quant_exchanges_used"":0},""crossover_diagnostics"":{""crossover_offspring"":0,""mutation_offspring"":128,""crossover_offspring_attempted"":0,""crossover_duplicates"":0,""crossover_infeasible_candidates"":0,""crossover_repair_changed_gene_count"":0,""persistent_population_size"":1,""unique_population_size"":1,""best_population_fitness"":0.46826171875,""configured_survivors_per_selection"":[16,4,1],""effective_survivors_per_selection"":[16,4,1],""effective_final_survivor_count"":1},""offspring_generation"":{""attempts"":128,""no_op_mutations"":0,""duplicate_candidates"":0,""infeasible_candidates"":0,""fixed_quant_legal_swap_counts"":[]},""maximum_depth_mutations_per_offspring"":3,""quantization_step_size"":1,""quantization_mutations_per_offspring"":1,""joint_aware_probability"":0.0,""adaptive_mutation"":false,""adaptive_mutation_strength"":1,""adaptive_mutation_patience"":3,""adaptive_mutation_max_strength"":3,""coarse_to_fine_mutation"":false,""coarse_to_fine_start_strength"":3,""coarse_to_fine_end_strength"":1,""stagnation_generations_after_selection"":0}",quantization,True,128,128,16,5,262144,262144,655360,21009,166330368,108947.0465426801,15276.86865234375
142,0.458984375,0.46826171875,kl,0.458984375,,,,,0,{},128,16,4,1,"[16,4,1]","[2048,16384,131072]",5503193088,4.083333333333333,3216.5078125,26982023168,26982023168,0,8,8,"{""type"":""mixed_depth_quantization"",""sequential_mode"":""none"",""joint_mutation_mode"":""standard"",""parent_before_generation_hash"":""a6511f20c68aa4124859e866a960a361ea9df3c3edc5ea703986b0c30d461ace"",""parent_after_generation_hash"":""9761454398110bab3ccfd0601157dfc68a94c30380e0beb596b55526a9b57f34"",""generated_offspring_by_type"":{""depth"":63,""quantization"":65,""joint_aware"":0,""interaction_aware"":0,""sequential_quantization"":0,""fixed_quant_depth"":0,""component crossover"":0,""component crossover + repair"":0},""depth_mask_entries_changed_by_type"":{""depth"":194,""quantization"":0,""joint_aware"":0,""interaction_aware"":0,""sequential_quantization"":0,""fixed_quant_depth"":0,""component crossover"":0,""component crossover + repair"":0},""quant_assignments_changed_by_type"":{""depth"":150,""quantization"":157,""joint_aware"":0,""interaction_aware"":0,""sequential_quantization"":0,""fixed_quant_depth"":0,""component crossover"":0,""component crossover + repair"":0},""depth_mask_entries_changed_total"":194,""quant_assignments_changed_total"":307,""interaction_aware_details"":{""budget_repair_quant_changes"":0,""preferred_quant_exchanges_used"":0,""fallback_quant_exchanges_used"":0},""crossover_diagnostics"":{""crossover_offspring"":0,""mutation_offspring"":128,""crossover_offspring_attempted"":0,""crossover_duplicates"":0,""crossover_infeasible_candidates"":0,""crossover_repair_changed_gene_count"":0,""persistent_population_size"":1,""unique_population_size"":1,""best_population_fitness"":0.458984375,""configured_survivors_per_selection"":[16,4,1],""effective_survivors_per_selection"":[16,4,1],""effective_final_survivor_count"":1},""offspring_generation"":{""attempts"":129,""no_op_mutations"":0,""duplicate_candidates"":1,""infeasible_candidates"":0,""fixed_quant_legal_swap_counts"":[]},""maximum_depth_mutations_per_offspring"":3,""quantization_step_size"":1,""quantization_mutations_per_offspring"":1,""joint_aware_probability"":0.0,""adaptive_mutation"":false,""adaptive_mutation_strength"":1,""adaptive_mutation_patience"":3,""adaptive_mutation_max_strength"":3,""coarse_to_fine_mutation"":false,""coarse_to_fine_start_strength"":3,""coarse_to_fine_end_strength"":1,""stagnation_generations_after_selection"":0}",quantization,True,129,128,16,5,262144,262144,655360,21158,167510016,109670.8863874141,15276.86865234375
143,0.4423828125,0.458984375,kl,0.4423828125,,,,,0,{},128,16,4,1,"[16,4,1]","[2048,16384,131072]",5503193088,4.083333333333333,3216.5078125,26982023168,26982023168,0,8,8,"{""type"":""mixed_depth_quantization"",""sequential_mode"":""none"",""joint_mutation_mode"":""standard"",""parent_before_generation_hash"":""9761454398110bab3ccfd0601157dfc68a94c30380e0beb596b55526a9b57f34"",""parent_after_generation_hash"":""d52de09308fdd134ec1cfc0ef42b749d2cbcbe9d4825ade669cdd986ea551522"",""generated_offspring_by_type"":{""depth"":67,""quantization"":61,""joint_aware"":0,""interaction_aware"":0,""sequential_quantization"":0,""fixed_quant_depth"":0,""component crossover"":0,""component crossover + repair"":0},""depth_mask_entries_changed_by_type"":{""depth"":198,""quantization"":0,""joint_aware"":0,""interaction_aware"":0,""sequential_quantization"":0,""fixed_quant_depth"":0,""component crossover"":0,""component crossover + repair"":0},""quant_assignments_changed_by_type"":{""depth"":177,""quantization"":140,""joint_aware"":0,""interaction_aware"":0,""sequential_quantization"":0,""fixed_quant_depth"":0,""component crossover"":0,""component crossover + repair"":0},""depth_mask_entries_changed_total"":198,""quant_assignments_changed_total"":317,""interaction_aware_details"":{""budget_repair_quant_changes"":0,""preferred_quant_exchanges_used"":0,""fallback_quant_exchanges_used"":0},""crossover_diagnostics"":{""crossover_offspring"":0,""mutation_offspring"":128,""crossover_offspring_attempted"":0,""crossover_duplicates"":0,""crossover_infeasible_candidates"":0,""crossover_repair_changed_gene_count"":0,""persistent_population_size"":1,""unique_population_size"":1,""best_population_fitness"":0.4423828125,""configured_survivors_per_selection"":[16,4,1],""effective_survivors_per_selection"":[16,4,1],""effective_final_survivor_count"":1},""offspring_generation"":{""attempts"":128,""no_op_mutations"":0,""duplicate_candidates"":0,""infeasible_candidates"":0,""fixed_quant_legal_swap_counts"":[]},""maximum_depth_mutations_per_offspring"":3,""quantization_step_size"":1,""quantization_mutations_per_offspring"":1,""joint_aware_probability"":0.0,""adaptive_mutation"":false,""adaptive_mutation_strength"":1,""adaptive_mutation_patience"":3,""adaptive_mutation_max_strength"":3,""coarse_to_fine_mutation"":false,""coarse_to_fine_start_strength"":3,""coarse_to_fine_end_strength"":1,""stagnation_generations_after_selection"":0}",quantization,True,128,128,16,5,262144,262144,655360,21307,168689664,110348.3492770551,15276.86865234375
144,0.4755859375,0.4423828125,kl,0.4755859375,,,,,0,{},128,16,4,1,"[16,4,1]","[2048,16384,131072]",5503193088,4.083333333333333,3216.5078125,26982023168,26982023168,0,8,8,"{""type"":""mixed_depth_quantization"",""sequential_mode"":""none"",""joint_mutation_mode"":""standard"",""parent_before_generation_hash"":""d52de09308fdd134ec1cfc0ef42b749d2cbcbe9d4825ade669cdd986ea551522"",""parent_after_generation_hash"":""ca30e4ff3accfe50de3ed3b0486cb7e975e23375bf1750acebfe4b833fea0a89"",""generated_offspring_by_type"":{""depth"":55,""quantization"":73,""joint_aware"":0,""interaction_aware"":0,""sequential_quantization"":0,""fixed_quant_depth"":0,""component crossover"":0,""component crossover + repair"":0},""depth_mask_entries_changed_by_type"":{""depth"":146,""quantization"":0,""joint_aware"":0,""interaction_aware"":0,""sequential_quantization"":0,""fixed_quant_depth"":0,""component crossover"":0,""component crossover + repair"":0},""quant_assignments_changed_by_type"":{""depth"":124,""quantization"":163,""joint_aware"":0,""interaction_aware"":0,""sequential_quantization"":0,""fixed_quant_depth"":0,""component crossover"":0,""component crossover + repair"":0},""depth_mask_entries_changed_total"":146,""quant_assignments_changed_total"":287,""interaction_aware_details"":{""budget_repair_quant_changes"":0,""preferred_quant_exchanges_used"":0,""fallback_quant_exchanges_used"":0},""crossover_diagnostics"":{""crossover_offspring"":0,""mutation_offspring"":128,""crossover_offspring_attempted"":0,""crossover_duplicates"":0,""crossover_infeasible_candidates"":0,""crossover_repair_changed_gene_count"":0,""persistent_population_size"":1,""unique_population_size"":1,""best_population_fitness"":0.4755859375,""configured_survivors_per_selection"":[16,4,1],""effective_survivors_per_selection"":[16,4,1],""effective_final_survivor_count"":1},""offspring_generation"":{""attempts"":129,""no_op_mutations"":0,""duplicate_candidates"":1,""infeasible_candidates"":0,""fixed_quant_legal_swap_counts"":[]},""maximum_depth_mutations_per_offspring"":3,""quantization_step_size"":1,""quantization_mutations_per_offspring"":1,""joint_aware_probability"":0.0,""adaptive_mutation"":false,""adaptive_mutation_strength"":1,""adaptive_mutation_patience"":3,""adaptive_mutation_max_strength"":3,""coarse_to_fine_mutation"":false,""coarse_to_fine_start_strength"":3,""coarse_to_fine_end_strength"":1,""stagnation_generations_after_selection"":0}",quantization,True,129,128,16,5,262144,262144,655360,21456,169869312,111077.34066645609,15276.86865234375
145,0.451416015625,0.4755859375,kl,0.451416015625,,,,,0,{},128,16,4,1,"[16,4,1]","[2048,16384,131072]",5503193088,4.083333333333333,3216.5078125,26982023168,26982023168,0,8,8,"{""type"":""mixed_depth_quantization"",""sequential_mode"":""none"",""joint_mutation_mode"":""standard"",""parent_before_generation_hash"":""ca30e4ff3accfe50de3ed3b0486cb7e975e23375bf1750acebfe4b833fea0a89"",""parent_after_generation_hash"":""2c2c2ceefa2c3e5286168c6f114c29959c6136703d3bb327ac94e56681bdf5fb"",""generated_offspring_by_type"":{""depth"":67,""quantization"":61,""joint_aware"":0,""interaction_aware"":0,""sequential_quantization"":0,""fixed_quant_depth"":0,""component crossover"":0,""component crossover + repair"":0},""depth_mask_entries_changed_by_type"":{""depth"":182,""quantization"":0,""joint_aware"":0,""interaction_aware"":0,""sequential_quantization"":0,""fixed_quant_depth"":0,""component crossover"":0,""component crossover + repair"":0},""quant_assignments_changed_by_type"":{""depth"":170,""quantization"":145,""joint_aware"":0,""interaction_aware"":0,""sequential_quantization"":0,""fixed_quant_depth"":0,""component crossover"":0,""component crossover + repair"":0},""depth_mask_entries_changed_total"":182,""quant_assignments_changed_total"":315,""interaction_aware_details"":{""budget_repair_quant_changes"":0,""preferred_quant_exchanges_used"":0,""fallback_quant_exchanges_used"":0},""crossover_diagnostics"":{""crossover_offspring"":0,""mutation_offspring"":128,""crossover_offspring_attempted"":0,""crossover_duplicates"":0,""crossover_infeasible_candidates"":0,""crossover_repair_changed_gene_count"":0,""persistent_population_size"":1,""unique_population_size"":1,""best_population_fitness"":0.451416015625,""configured_survivors_per_selection"":[16,4,1],""effective_survivors_per_selection"":[16,4,1],""effective_final_survivor_count"":1},""offspring_generation"":{""attempts"":128,""no_op_mutations"":0,""duplicate_candidates"":0,""infeasible_candidates"":0,""fixed_quant_legal_swap_counts"":[]},""maximum_depth_mutations_per_offspring"":3,""quantization_step_size"":1,""quantization_mutations_per_offspring"":1,""joint_aware_probability"":0.0,""adaptive_mutation"":false,""adaptive_mutation_strength"":1,""adaptive_mutation_patience"":3,""adaptive_mutation_max_strength"":3,""coarse_to_fine_mutation"":false,""coarse_to_fine_start_strength"":3,""coarse_to_fine_end_strength"":1,""stagnation_generations_after_selection"":0}",quantization,True,128,128,16,5,262144,262144,655360,21605,171048960,111897.3216992501,15276.86865234375
146,0.439208984375,0.451416015625,kl,0.439208984375,10.0,8.7734375,12.28125,,917504,"{""wikitext2"":327680,""c4"":589824}",128,16,4,1,"[16,4,1]","[2048,16384,131072]",5503193088,4.083333333333333,3216.5078125,26982023168,26982023168,0,8,8,"{""type"":""mixed_depth_quantization"",""sequential_mode"":""none"",""joint_mutation_mode"":""standard"",""parent_before_generation_hash"":""2c2c2ceefa2c3e5286168c6f114c29959c6136703d3bb327ac94e56681bdf5fb"",""parent_after_generation_hash"":""655331e202e3c957f4358ce8330603ef239c5002833164fee8d6512948e23090"",""generated_offspring_by_type"":{""depth"":70,""quantization"":58,""joint_aware"":0,""interaction_aware"":0,""sequential_quantization"":0,""fixed_quant_depth"":0,""component crossover"":0,""component crossover + repair"":0},""depth_mask_entries_changed_by_type"":{""depth"":200,""quantization"":0,""joint_aware"":0,""interaction_aware"":0,""sequential_quantization"":0,""fixed_quant_depth"":0,""component crossover"":0,""component crossover + repair"":0},""quant_assignments_changed_by_type"":{""depth"":164,""quantization"":133,""joint_aware"":0,""interaction_aware"":0,""sequential_quantization"":0,""fixed_quant_depth"":0,""component crossover"":0,""component crossover + repair"":0},""depth_mask_entries_changed_total"":200,""quant_assignments_changed_total"":297,""interaction_aware_details"":{""budget_repair_quant_changes"":0,""preferred_quant_exchanges_used"":0,""fallback_quant_exchanges_used"":0},""crossover_diagnostics"":{""crossover_offspring"":0,""mutation_offspring"":128,""crossover_offspring_attempted"":0,""crossover_duplicates"":0,""crossover_infeasible_candidates"":0,""crossover_repair_changed_gene_count"":0,""persistent_population_size"":1,""unique_population_size"":1,""best_population_fitness"":0.439208984375,""configured_survivors_per_selection"":[16,4,1],""effective_survivors_per_selection"":[16,4,1],""effective_final_survivor_count"":1},""offspring_generation"":{""attempts"":128,""no_op_mutations"":0,""duplicate_candidates"":0,""infeasible_candidates"":0,""fixed_quant_legal_swap_counts"":[]},""maximum_depth_mutations_per_offspring"":3,""quantization_step_size"":1,""quantization_mutations_per_offspring"":1,""joint_aware_probability"":0.0,""adaptive_mutation"":false,""adaptive_mutation_strength"":1,""adaptive_mutation_patience"":3,""adaptive_mutation_max_strength"":3,""coarse_to_fine_mutation"":false,""coarse_to_fine_start_strength"":3,""coarse_to_fine_end_strength"":1,""stagnation_generations_after_selection"":0}",quantization,True,128,128,16,5,262144,262144,655360,21754,172228608,112761.1417502061,15276.86865234375
147,0.464111328125,0.439208984375,kl,0.464111328125,,,,,0,{},128,16,4,1,"[16,4,1]","[2048,16384,131072]",5503193088,4.083333333333333,3216.5078125,26982023168,26982023168,0,8,8,"{""type"":""mixed_depth_quantization"",""sequential_mode"":""none"",""joint_mutation_mode"":""standard"",""parent_before_generation_hash"":""655331e202e3c957f4358ce8330603ef239c5002833164fee8d6512948e23090"",""parent_after_generation_hash"":""868eb707571dc4c5e8462292eb836c989d581668889f1fc45c8bcb8e59aad7b4"",""generated_offspring_by_type"":{""depth"":68,""quantization"":60,""joint_aware"":0,""interaction_aware"":0,""sequential_quantization"":0,""fixed_quant_depth"":0,""component crossover"":0,""component crossover + repair"":0},""depth_mask_entries_changed_by_type"":{""depth"":214,""quantization"":0,""joint_aware"":0,""interaction_aware"":0,""sequential_quantization"":0,""fixed_quant_depth"":0,""component crossover"":0,""component crossover + repair"":0},""quant_assignments_changed_by_type"":{""depth"":186,""quantization"":143,""joint_aware"":0,""interaction_aware"":0,""sequential_quantization"":0,""fixed_quant_depth"":0,""component crossover"":0,""component crossover + repair"":0},""depth_mask_entries_changed_total"":214,""quant_assignments_changed_total"":329,""interaction_aware_details"":{""budget_repair_quant_changes"":0,""preferred_quant_exchanges_used"":0,""fallback_quant_exchanges_used"":0},""crossover_diagnostics"":{""crossover_offspring"":0,""mutation_offspring"":128,""crossover_offspring_attempted"":0,""crossover_duplicates"":0,""crossover_infeasible_candidates"":0,""crossover_repair_changed_gene_count"":0,""persistent_population_size"":1,""unique_population_size"":1,""best_population_fitness"":0.464111328125,""configured_survivors_per_selection"":[16,4,1],""effective_survivors_per_selection"":[16,4,1],""effective_final_survivor_count"":1},""offspring_generation"":{""attempts"":128,""no_op_mutations"":0,""duplicate_candidates"":0,""infeasible_candidates"":0,""fixed_quant_legal_swap_counts"":[]},""maximum_depth_mutations_per_offspring"":3,""quantization_step_size"":1,""quantization_mutations_per_offspring"":1,""joint_aware_probability"":0.0,""adaptive_mutation"":false,""adaptive_mutation_strength"":1,""adaptive_mutation_patience"":3,""adaptive_mutation_max_strength"":3,""coarse_to_fine_mutation"":false,""coarse_to_fine_start_strength"":3,""coarse_to_fine_end_strength"":1,""stagnation_generations_after_selection"":0}",quantization,True,128,128,16,5,262144,262144,655360,21903,173408256,113435.2560635951,15276.86865234375
148,0.4609375,0.464111328125,kl,0.4609375,,,,,0,{},128,16,4,1,"[16,4,1]","[2048,16384,131072]",5503193088,4.083333333333333,3216.5078125,26982023168,26982023168,0,8,8,"{""type"":""mixed_depth_quantization"",""sequential_mode"":""none"",""joint_mutation_mode"":""standard"",""parent_before_generation_hash"":""868eb707571dc4c5e8462292eb836c989d581668889f1fc45c8bcb8e59aad7b4"",""parent_after_generation_hash"":""4b0b2cadd5849b5c311f699f4218cc86c2aae8afd5d793dc1fcb0403352d815b"",""generated_offspring_by_type"":{""depth"":70,""quantization"":58,""joint_aware"":0,""interaction_aware"":0,""sequential_quantization"":0,""fixed_quant_depth"":0,""component crossover"":0,""component crossover + repair"":0},""depth_mask_entries_changed_by_type"":{""depth"":236,""quantization"":0,""joint_aware"":0,""interaction_aware"":0,""sequential_quantization"":0,""fixed_quant_depth"":0,""component crossover"":0,""component crossover + repair"":0},""quant_assignments_changed_by_type"":{""depth"":222,""quantization"":138,""joint_aware"":0,""interaction_aware"":0,""sequential_quantization"":0,""fixed_quant_depth"":0,""component crossover"":0,""component crossover + repair"":0},""depth_mask_entries_changed_total"":236,""quant_assignments_changed_total"":360,""interaction_aware_details"":{""budget_repair_quant_changes"":0,""preferred_quant_exchanges_used"":0,""fallback_quant_exchanges_used"":0},""crossover_diagnostics"":{""crossover_offspring"":0,""mutation_offspring"":128,""crossover_offspring_attempted"":0,""crossover_duplicates"":0,""crossover_infeasible_candidates"":0,""crossover_repair_changed_gene_count"":0,""persistent_population_size"":1,""unique_population_size"":1,""best_population_fitness"":0.4609375,""configured_survivors_per_selection"":[16,4,1],""effective_survivors_per_selection"":[16,4,1],""effective_final_survivor_count"":1},""offspring_generation"":{""attempts"":128,""no_op_mutations"":0,""duplicate_candidates"":0,""infeasible_candidates"":0,""fixed_quant_legal_swap_counts"":[]},""maximum_depth_mutations_per_offspring"":3,""quantization_step_size"":1,""quantization_mutations_per_offspring"":1,""joint_aware_probability"":0.0,""adaptive_mutation"":false,""adaptive_mutation_strength"":1,""adaptive_mutation_patience"":3,""adaptive_mutation_max_strength"":3,""coarse_to_fine_mutation"":false,""coarse_to_fine_start_strength"":3,""coarse_to_fine_end_strength"":1,""stagnation_generations_after_selection"":0}",quantization,True,128,128,16,5,262144,262144,655360,22052,174587904,114146.4016618761,15276.86865234375
149,0.490478515625,0.4609375,kl,0.490478515625,,,,,0,{},128,16,4,1,"[16,4,1]","[2048,16384,131072]",5503193088,4.083333333333333,3216.5078125,26982023168,26982023168,0,8,8,"{""type"":""mixed_depth_quantization"",""sequential_mode"":""none"",""joint_mutation_mode"":""standard"",""parent_before_generation_hash"":""4b0b2cadd5849b5c311f699f4218cc86c2aae8afd5d793dc1fcb0403352d815b"",""parent_after_generation_hash"":""98a913ea64d0afe4f71fb1843a0b56fb2367a5e8d9e5c2d61da666ff4da29de1"",""generated_offspring_by_type"":{""depth"":62,""quantization"":66,""joint_aware"":0,""interaction_aware"":0,""sequential_quantization"":0,""fixed_quant_depth"":0,""component crossover"":0,""component crossover + repair"":0},""depth_mask_entries_changed_by_type"":{""depth"":184,""quantization"":0,""joint_aware"":0,""interaction_aware"":0,""sequential_quantization"":0,""fixed_quant_depth"":0,""component crossover"":0,""component crossover + repair"":0},""quant_assignments_changed_by_type"":{""depth"":154,""quantization"":150,""joint_aware"":0,""interaction_aware"":0,""sequential_quantization"":0,""fixed_quant_depth"":0,""component crossover"":0,""component crossover + repair"":0},""depth_mask_entries_changed_total"":184,""quant_assignments_changed_total"":304,""interaction_aware_details"":{""budget_repair_quant_changes"":0,""preferred_quant_exchanges_used"":0,""fallback_quant_exchanges_used"":0},""crossover_diagnostics"":{""crossover_offspring"":0,""mutation_offspring"":128,""crossover_offspring_attempted"":0,""crossover_duplicates"":0,""crossover_infeasible_candidates"":0,""crossover_repair_changed_gene_count"":0,""persistent_population_size"":1,""unique_population_size"":1,""best_population_fitness"":0.490478515625,""configured_survivors_per_selection"":[16,4,1],""effective_survivors_per_selection"":[16,4,1],""effective_final_survivor_count"":1},""offspring_generation"":{""attempts"":128,""no_op_mutations"":0,""duplicate_candidates"":0,""infeasible_candidates"":0,""fixed_quant_legal_swap_counts"":[]},""maximum_depth_mutations_per_offspring"":3,""quantization_step_size"":1,""quantization_mutations_per_offspring"":1,""joint_aware_probability"":0.0,""adaptive_mutation"":false,""adaptive_mutation_strength"":1,""adaptive_mutation_patience"":3,""adaptive_mutation_max_strength"":3,""coarse_to_fine_mutation"":false,""coarse_to_fine_start_strength"":3,""coarse_to_fine_end_strength"":1,""stagnation_generations_after_selection"":0}",quantization,True,128,128,16,5,262144,262144,655360,22201,175767552,114867.95480994509,15276.86865234375
