condition,condition_label,initialization,mutation,seed,run_id,generation,best_search_fitness,wikitext2_ppl,stage2_candidate_evaluations_cumulative,stage2_evaluated_tokens_cumulative,total_candidate_evaluations_cumulative,total_evaluated_tokens_cumulative,stage2_runtime_minutes_cumulative,total_runtime_minutes_cumulative
standard_standard,Standard initialization + standard mutation,standard,standard,0,thesis_compute_matched_joint_mistral_s0.25_qproj3.0_g50_o16_seed0,1,1.216796875,23.125,59,65536,59,65536,1.8560436172410846,1.8560436172410846
standard_standard,Standard initialization + standard mutation,standard,standard,0,thesis_compute_matched_joint_mistral_s0.25_qproj3.0_g50_o16_seed0,2,1.11328125,,86,114688,86,114688,2.074078465625644,2.074078465625644
standard_standard,Standard initialization + standard mutation,standard,standard,0,thesis_compute_matched_joint_mistral_s0.25_qproj3.0_g50_o16_seed0,3,1.0810546875,,113,163840,113,163840,2.289367894362658,2.289367894362658
standard_standard,Standard initialization + standard mutation,standard,standard,0,thesis_compute_matched_joint_mistral_s0.25_qproj3.0_g50_o16_seed0,4,1.080078125,,140,212992,140,212992,2.484496491557608,2.484496491557608
standard_standard,Standard initialization + standard mutation,standard,standard,0,thesis_compute_matched_joint_mistral_s0.25_qproj3.0_g50_o16_seed0,5,1.0302734375,,167,262144,167,262144,2.6979669543604055,2.6979669543604055
standard_standard,Standard initialization + standard mutation,standard,standard,0,thesis_compute_matched_joint_mistral_s0.25_qproj3.0_g50_o16_seed0,6,1.029296875,16.234375,194,311296,194,311296,3.946173514487843,3.946173514487843
standard_standard,Standard initialization + standard mutation,standard,standard,0,thesis_compute_matched_joint_mistral_s0.25_qproj3.0_g50_o16_seed0,7,1.0263671875,,221,360448,221,360448,4.161863287010541,4.161863287010541
standard_standard,Standard initialization + standard mutation,standard,standard,0,thesis_compute_matched_joint_mistral_s0.25_qproj3.0_g50_o16_seed0,8,0.9150390625,,248,409600,248,409600,4.37160895941779,4.37160895941779
standard_standard,Standard initialization + standard mutation,standard,standard,0,thesis_compute_matched_joint_mistral_s0.25_qproj3.0_g50_o16_seed0,9,0.9150390625,,275,458752,275,458752,4.585648708386968,4.585648708386968
standard_standard,Standard initialization + standard mutation,standard,standard,0,thesis_compute_matched_joint_mistral_s0.25_qproj3.0_g50_o16_seed0,10,0.9150390625,,302,507904,302,507904,4.791842191883673,4.791842191883673
standard_standard,Standard initialization + standard mutation,standard,standard,0,thesis_compute_matched_joint_mistral_s0.25_qproj3.0_g50_o16_seed0,11,0.91357421875,14.296875,329,557056,329,557056,6.027915884368122,6.027915884368122
standard_standard,Standard initialization + standard mutation,standard,standard,0,thesis_compute_matched_joint_mistral_s0.25_qproj3.0_g50_o16_seed0,12,0.9130859375,,356,606208,356,606208,6.233528109360487,6.233528109360487
standard_standard,Standard initialization + standard mutation,standard,standard,0,thesis_compute_matched_joint_mistral_s0.25_qproj3.0_g50_o16_seed0,13,0.8564453125,,383,655360,383,655360,6.430032083702584,6.430032083702584
standard_standard,Standard initialization + standard mutation,standard,standard,0,thesis_compute_matched_joint_mistral_s0.25_qproj3.0_g50_o16_seed0,14,0.8388671875,,410,704512,410,704512,6.642971147038042,6.642971147038042
standard_standard,Standard initialization + standard mutation,standard,standard,0,thesis_compute_matched_joint_mistral_s0.25_qproj3.0_g50_o16_seed0,15,0.83740234375,,437,753664,437,753664,6.850557362909118,6.850557362909118
standard_standard,Standard initialization + standard mutation,standard,standard,0,thesis_compute_matched_joint_mistral_s0.25_qproj3.0_g50_o16_seed0,16,0.8330078125,13.3046875,464,802816,464,802816,8.074524499227604,8.074524499227604
standard_standard,Standard initialization + standard mutation,standard,standard,0,thesis_compute_matched_joint_mistral_s0.25_qproj3.0_g50_o16_seed0,17,0.8095703125,,491,851968,491,851968,8.280161528972288,8.280161528972288
standard_standard,Standard initialization + standard mutation,standard,standard,0,thesis_compute_matched_joint_mistral_s0.25_qproj3.0_g50_o16_seed0,18,0.80810546875,,518,901120,518,901120,8.486762320746978,8.486762320746978
standard_standard,Standard initialization + standard mutation,standard,standard,0,thesis_compute_matched_joint_mistral_s0.25_qproj3.0_g50_o16_seed0,19,0.8076171875,,545,950272,545,950272,8.679069872573018,8.679069872573018
standard_standard,Standard initialization + standard mutation,standard,standard,0,thesis_compute_matched_joint_mistral_s0.25_qproj3.0_g50_o16_seed0,20,0.794921875,,572,999424,572,999424,8.883720094834764,8.883720094834764
standard_standard,Standard initialization + standard mutation,standard,standard,0,thesis_compute_matched_joint_mistral_s0.25_qproj3.0_g50_o16_seed0,21,0.7939453125,13.3828125,599,1048576,599,1048576,10.122071518034984,10.122071518034984
standard_standard,Standard initialization + standard mutation,standard,standard,0,thesis_compute_matched_joint_mistral_s0.25_qproj3.0_g50_o16_seed0,22,0.7939453125,,626,1097728,626,1097728,10.327039853017776,10.327039853017776
standard_standard,Standard initialization + standard mutation,standard,standard,0,thesis_compute_matched_joint_mistral_s0.25_qproj3.0_g50_o16_seed0,23,0.7939453125,,653,1146880,653,1146880,10.540111014681559,10.540111014681559
standard_standard,Standard initialization + standard mutation,standard,standard,0,thesis_compute_matched_joint_mistral_s0.25_qproj3.0_g50_o16_seed0,24,0.79443359375,,680,1196032,680,1196032,10.756160909309983,10.756160909309983
standard_standard,Standard initialization + standard mutation,standard,standard,0,thesis_compute_matched_joint_mistral_s0.25_qproj3.0_g50_o16_seed0,25,0.794921875,,707,1245184,707,1245184,10.960393400210886,10.960393400210886
standard_standard,Standard initialization + standard mutation,standard,standard,0,thesis_compute_matched_joint_mistral_s0.25_qproj3.0_g50_o16_seed0,26,0.79541015625,13.328125,734,1294336,734,1294336,12.190866827809563,12.190866827809563
standard_standard,Standard initialization + standard mutation,standard,standard,0,thesis_compute_matched_joint_mistral_s0.25_qproj3.0_g50_o16_seed0,27,0.79541015625,,761,1343488,761,1343488,12.386026299092919,12.386026299092919
standard_standard,Standard initialization + standard mutation,standard,standard,0,thesis_compute_matched_joint_mistral_s0.25_qproj3.0_g50_o16_seed0,28,0.79541015625,,788,1392640,788,1392640,12.586087635035316,12.586087635035316
standard_standard,Standard initialization + standard mutation,standard,standard,0,thesis_compute_matched_joint_mistral_s0.25_qproj3.0_g50_o16_seed0,29,0.794921875,,815,1441792,815,1441792,12.787791074284662,12.787791074284662
standard_standard,Standard initialization + standard mutation,standard,standard,0,thesis_compute_matched_joint_mistral_s0.25_qproj3.0_g50_o16_seed0,30,0.73046875,,842,1490944,842,1490944,12.984365095415463,12.984365095415463
standard_standard,Standard initialization + standard mutation,standard,standard,0,thesis_compute_matched_joint_mistral_s0.25_qproj3.0_g50_o16_seed0,31,0.72998046875,12.28125,869,1540096,869,1540096,14.23392227931569,14.23392227931569
standard_standard,Standard initialization + standard mutation,standard,standard,0,thesis_compute_matched_joint_mistral_s0.25_qproj3.0_g50_o16_seed0,32,0.72900390625,,896,1589248,896,1589248,14.445336157704393,14.445336157704393
standard_standard,Standard initialization + standard mutation,standard,standard,0,thesis_compute_matched_joint_mistral_s0.25_qproj3.0_g50_o16_seed0,33,0.72607421875,,923,1638400,923,1638400,14.651902354229241,14.651902354229241
standard_standard,Standard initialization + standard mutation,standard,standard,0,thesis_compute_matched_joint_mistral_s0.25_qproj3.0_g50_o16_seed0,34,0.72607421875,,950,1687552,950,1687552,14.86361618215839,14.86361618215839
standard_standard,Standard initialization + standard mutation,standard,standard,0,thesis_compute_matched_joint_mistral_s0.25_qproj3.0_g50_o16_seed0,35,0.7255859375,,977,1736704,977,1736704,15.065421836233387,15.065421836233387
standard_standard,Standard initialization + standard mutation,standard,standard,0,thesis_compute_matched_joint_mistral_s0.25_qproj3.0_g50_o16_seed0,36,0.72607421875,12.2265625,1004,1785856,1004,1785856,16.312246382174393,16.312246382174393
standard_standard,Standard initialization + standard mutation,standard,standard,0,thesis_compute_matched_joint_mistral_s0.25_qproj3.0_g50_o16_seed0,37,0.7255859375,,1031,1835008,1031,1835008,16.51634368582939,16.51634368582939
standard_standard,Standard initialization + standard mutation,standard,standard,0,thesis_compute_matched_joint_mistral_s0.25_qproj3.0_g50_o16_seed0,38,0.72509765625,,1058,1884160,1058,1884160,16.72557918354869,16.72557918354869
standard_standard,Standard initialization + standard mutation,standard,standard,0,thesis_compute_matched_joint_mistral_s0.25_qproj3.0_g50_o16_seed0,39,0.724609375,,1085,1933312,1085,1933312,16.934772654964277,16.934772654964277
standard_standard,Standard initialization + standard mutation,standard,standard,0,thesis_compute_matched_joint_mistral_s0.25_qproj3.0_g50_o16_seed0,40,0.72412109375,,1112,1982464,1112,1982464,17.131087044471254,17.131087044471254
standard_standard,Standard initialization + standard mutation,standard,standard,0,thesis_compute_matched_joint_mistral_s0.25_qproj3.0_g50_o16_seed0,41,0.70458984375,11.8046875,1139,2031616,1139,2031616,18.362260026174287,18.362260026174287
standard_standard,Standard initialization + standard mutation,standard,standard,0,thesis_compute_matched_joint_mistral_s0.25_qproj3.0_g50_o16_seed0,42,0.7041015625,,1166,2080768,1166,2080768,18.55704949932794,18.55704949932794
standard_standard,Standard initialization + standard mutation,standard,standard,0,thesis_compute_matched_joint_mistral_s0.25_qproj3.0_g50_o16_seed0,43,0.7041015625,,1193,2129920,1193,2129920,18.763016775467744,18.763016775467744
standard_standard,Standard initialization + standard mutation,standard,standard,0,thesis_compute_matched_joint_mistral_s0.25_qproj3.0_g50_o16_seed0,44,0.7041015625,,1220,2179072,1220,2179072,18.965639608570687,18.965639608570687
standard_standard,Standard initialization + standard mutation,standard,standard,0,thesis_compute_matched_joint_mistral_s0.25_qproj3.0_g50_o16_seed0,45,0.666015625,,1247,2228224,1247,2228224,19.174534350043782,19.174534350043782
standard_standard,Standard initialization + standard mutation,standard,standard,0,thesis_compute_matched_joint_mistral_s0.25_qproj3.0_g50_o16_seed0,46,0.666015625,11.46875,1274,2277376,1274,2277376,20.413403955691805,20.413403955691805
standard_standard,Standard initialization + standard mutation,standard,standard,0,thesis_compute_matched_joint_mistral_s0.25_qproj3.0_g50_o16_seed0,47,0.666015625,,1301,2326528,1301,2326528,20.619917798880486,20.619917798880486
standard_standard,Standard initialization + standard mutation,standard,standard,0,thesis_compute_matched_joint_mistral_s0.25_qproj3.0_g50_o16_seed0,48,0.6650390625,,1328,2375680,1328,2375680,20.827341452768692,20.827341452768692
standard_standard,Standard initialization + standard mutation,standard,standard,0,thesis_compute_matched_joint_mistral_s0.25_qproj3.0_g50_o16_seed0,49,0.66455078125,,1355,2424832,1355,2424832,21.03350687790662,21.03350687790662
standard_standard,Standard initialization + standard mutation,standard,standard,0,thesis_compute_matched_joint_mistral_s0.25_qproj3.0_g50_o16_seed0,50,0.66455078125,11.46875,1382,2473984,1382,2473984,21.244208626418065,21.244208626418065
standard_standard,Standard initialization + standard mutation,standard,standard,1,thesis_compute_matched_joint_mistral_s0.25_qproj3.0_g50_o16_seed1,1,1.2099609375,19.84375,59,65536,59,65536,1.9091905405434468,1.9091905405434468
standard_standard,Standard initialization + standard mutation,standard,standard,1,thesis_compute_matched_joint_mistral_s0.25_qproj3.0_g50_o16_seed1,2,1.2626953125,,86,114688,86,114688,2.1210356700854995,2.1210356700854995
standard_standard,Standard initialization + standard mutation,standard,standard,1,thesis_compute_matched_joint_mistral_s0.25_qproj3.0_g50_o16_seed1,3,1.21875,,113,163840,113,163840,2.3315147488377987,2.3315147488377987
standard_standard,Standard initialization + standard mutation,standard,standard,1,thesis_compute_matched_joint_mistral_s0.25_qproj3.0_g50_o16_seed1,4,1.126953125,,140,212992,140,212992,2.548436237809559,2.548436237809559
standard_standard,Standard initialization + standard mutation,standard,standard,1,thesis_compute_matched_joint_mistral_s0.25_qproj3.0_g50_o16_seed1,5,1.1181640625,,167,262144,167,262144,2.750969295048465,2.750969295048465
standard_standard,Standard initialization + standard mutation,standard,standard,1,thesis_compute_matched_joint_mistral_s0.25_qproj3.0_g50_o16_seed1,6,0.990234375,16.203125,194,311296,194,311296,3.9857209333529076,3.9857209333529076
standard_standard,Standard initialization + standard mutation,standard,standard,1,thesis_compute_matched_joint_mistral_s0.25_qproj3.0_g50_o16_seed1,7,0.962890625,,221,360448,221,360448,4.189062184871485,4.189062184871485
standard_standard,Standard initialization + standard mutation,standard,standard,1,thesis_compute_matched_joint_mistral_s0.25_qproj3.0_g50_o16_seed1,8,0.87451171875,,248,409600,248,409600,4.41430341595163,4.41430341595163
standard_standard,Standard initialization + standard mutation,standard,standard,1,thesis_compute_matched_joint_mistral_s0.25_qproj3.0_g50_o16_seed1,9,0.85986328125,,275,458752,275,458752,4.6281634228304025,4.6281634228304025
standard_standard,Standard initialization + standard mutation,standard,standard,1,thesis_compute_matched_joint_mistral_s0.25_qproj3.0_g50_o16_seed1,10,0.8603515625,,302,507904,302,507904,4.840672508409868,4.840672508409868
standard_standard,Standard initialization + standard mutation,standard,standard,1,thesis_compute_matched_joint_mistral_s0.25_qproj3.0_g50_o16_seed1,11,0.802734375,13.5625,329,557056,329,557056,6.08298668001468,6.08298668001468
standard_standard,Standard initialization + standard mutation,standard,standard,1,thesis_compute_matched_joint_mistral_s0.25_qproj3.0_g50_o16_seed1,12,0.80078125,,356,606208,356,606208,6.283491583013286,6.283491583013286
standard_standard,Standard initialization + standard mutation,standard,standard,1,thesis_compute_matched_joint_mistral_s0.25_qproj3.0_g50_o16_seed1,13,0.759765625,,383,655360,383,655360,6.475029673613608,6.475029673613608
standard_standard,Standard initialization + standard mutation,standard,standard,1,thesis_compute_matched_joint_mistral_s0.25_qproj3.0_g50_o16_seed1,14,0.70458984375,,410,704512,410,704512,6.687915205241492,6.687915205241492
standard_standard,Standard initialization + standard mutation,standard,standard,1,thesis_compute_matched_joint_mistral_s0.25_qproj3.0_g50_o16_seed1,15,0.7041015625,,437,753664,437,753664,6.893194540155431,6.893194540155431
standard_standard,Standard initialization + standard mutation,standard,standard,1,thesis_compute_matched_joint_mistral_s0.25_qproj3.0_g50_o16_seed1,16,0.70361328125,12.3046875,464,802816,464,802816,8.129091307582955,8.129091307582955
standard_standard,Standard initialization + standard mutation,standard,standard,1,thesis_compute_matched_joint_mistral_s0.25_qproj3.0_g50_o16_seed1,17,0.70361328125,,491,851968,491,851968,8.317971181652199,8.317971181652199
standard_standard,Standard initialization + standard mutation,standard,standard,1,thesis_compute_matched_joint_mistral_s0.25_qproj3.0_g50_o16_seed1,18,0.70361328125,,518,901120,518,901120,8.527179975342005,8.527179975342005
standard_standard,Standard initialization + standard mutation,standard,standard,1,thesis_compute_matched_joint_mistral_s0.25_qproj3.0_g50_o16_seed1,19,0.7021484375,,545,950272,545,950272,8.744113118760287,8.744113118760287
standard_standard,Standard initialization + standard mutation,standard,standard,1,thesis_compute_matched_joint_mistral_s0.25_qproj3.0_g50_o16_seed1,20,0.701171875,,572,999424,572,999424,8.959567419346422,8.959567419346422
standard_standard,Standard initialization + standard mutation,standard,standard,1,thesis_compute_matched_joint_mistral_s0.25_qproj3.0_g50_o16_seed1,21,0.69921875,12.28125,599,1048576,599,1048576,10.210433716140688,10.210433716140688
standard_standard,Standard initialization + standard mutation,standard,standard,1,thesis_compute_matched_joint_mistral_s0.25_qproj3.0_g50_o16_seed1,22,0.69921875,,626,1097728,626,1097728,10.417456744828572,10.417456744828572
standard_standard,Standard initialization + standard mutation,standard,standard,1,thesis_compute_matched_joint_mistral_s0.25_qproj3.0_g50_o16_seed1,23,0.68212890625,,653,1146880,653,1146880,10.62003774807478,10.62003774807478
standard_standard,Standard initialization + standard mutation,standard,standard,1,thesis_compute_matched_joint_mistral_s0.25_qproj3.0_g50_o16_seed1,24,0.61669921875,,680,1196032,680,1196032,10.83662572928394,10.83662572928394
standard_standard,Standard initialization + standard mutation,standard,standard,1,thesis_compute_matched_joint_mistral_s0.25_qproj3.0_g50_o16_seed1,25,0.61572265625,,707,1245184,707,1245184,11.047101947882522,11.047101947882522
standard_standard,Standard initialization + standard mutation,standard,standard,1,thesis_compute_matched_joint_mistral_s0.25_qproj3.0_g50_o16_seed1,26,0.615234375,11.3359375,734,1294336,734,1294336,12.29674338956053,12.29674338956053
standard_standard,Standard initialization + standard mutation,standard,standard,1,thesis_compute_matched_joint_mistral_s0.25_qproj3.0_g50_o16_seed1,27,0.615234375,,761,1343488,761,1343488,12.497627550611893,12.497627550611893
standard_standard,Standard initialization + standard mutation,standard,standard,1,thesis_compute_matched_joint_mistral_s0.25_qproj3.0_g50_o16_seed1,28,0.615234375,,788,1392640,788,1392640,12.700154427283755,12.700154427283755
standard_standard,Standard initialization + standard mutation,standard,standard,1,thesis_compute_matched_joint_mistral_s0.25_qproj3.0_g50_o16_seed1,29,0.615234375,,815,1441792,815,1441792,12.911444456037135,12.911444456037135
standard_standard,Standard initialization + standard mutation,standard,standard,1,thesis_compute_matched_joint_mistral_s0.25_qproj3.0_g50_o16_seed1,30,0.61474609375,,842,1490944,842,1490944,13.111304721608757,13.111304721608757
standard_standard,Standard initialization + standard mutation,standard,standard,1,thesis_compute_matched_joint_mistral_s0.25_qproj3.0_g50_o16_seed1,31,0.61376953125,11.3515625,869,1540096,869,1540096,14.36449489540731,14.36449489540731
standard_standard,Standard initialization + standard mutation,standard,standard,1,thesis_compute_matched_joint_mistral_s0.25_qproj3.0_g50_o16_seed1,32,0.61474609375,,896,1589248,896,1589248,14.5763890103437,14.5763890103437
standard_standard,Standard initialization + standard mutation,standard,standard,1,thesis_compute_matched_joint_mistral_s0.25_qproj3.0_g50_o16_seed1,33,0.61474609375,,923,1638400,923,1638400,14.786462202357749,14.786462202357749
standard_standard,Standard initialization + standard mutation,standard,standard,1,thesis_compute_matched_joint_mistral_s0.25_qproj3.0_g50_o16_seed1,34,0.615234375,,950,1687552,950,1687552,14.994943694149454,14.994943694149454
standard_standard,Standard initialization + standard mutation,standard,standard,1,thesis_compute_matched_joint_mistral_s0.25_qproj3.0_g50_o16_seed1,35,0.61279296875,,977,1736704,977,1736704,15.19781921027849,15.19781921027849
standard_standard,Standard initialization + standard mutation,standard,standard,1,thesis_compute_matched_joint_mistral_s0.25_qproj3.0_g50_o16_seed1,36,0.5947265625,11.2265625,1004,1785856,1004,1785856,16.435430249602845,16.435430249602845
standard_standard,Standard initialization + standard mutation,standard,standard,1,thesis_compute_matched_joint_mistral_s0.25_qproj3.0_g50_o16_seed1,37,0.5947265625,,1031,1835008,1031,1835008,16.638751266151665,16.638751266151665
standard_standard,Standard initialization + standard mutation,standard,standard,1,thesis_compute_matched_joint_mistral_s0.25_qproj3.0_g50_o16_seed1,38,0.56494140625,,1058,1884160,1058,1884160,16.84036874361336,16.84036874361336
standard_standard,Standard initialization + standard mutation,standard,standard,1,thesis_compute_matched_joint_mistral_s0.25_qproj3.0_g50_o16_seed1,39,0.564453125,,1085,1933312,1085,1933312,17.052182974293828,17.052182974293828
standard_standard,Standard initialization + standard mutation,standard,standard,1,thesis_compute_matched_joint_mistral_s0.25_qproj3.0_g50_o16_seed1,40,0.56396484375,,1112,1982464,1112,1982464,17.263893682230265,17.263893682230265
standard_standard,Standard initialization + standard mutation,standard,standard,1,thesis_compute_matched_joint_mistral_s0.25_qproj3.0_g50_o16_seed1,41,0.5595703125,11.0078125,1139,2031616,1139,2031616,18.511408935983976,18.511408935983976
standard_standard,Standard initialization + standard mutation,standard,standard,1,thesis_compute_matched_joint_mistral_s0.25_qproj3.0_g50_o16_seed1,42,0.56005859375,,1166,2080768,1166,2080768,18.72720864834264,18.72720864834264
standard_standard,Standard initialization + standard mutation,standard,standard,1,thesis_compute_matched_joint_mistral_s0.25_qproj3.0_g50_o16_seed1,43,0.56005859375,,1193,2129920,1193,2129920,18.94272995175173,18.94272995175173
standard_standard,Standard initialization + standard mutation,standard,standard,1,thesis_compute_matched_joint_mistral_s0.25_qproj3.0_g50_o16_seed1,44,0.560546875,,1220,2179072,1220,2179072,19.14857147022461,19.14857147022461
standard_standard,Standard initialization + standard mutation,standard,standard,1,thesis_compute_matched_joint_mistral_s0.25_qproj3.0_g50_o16_seed1,45,0.5595703125,,1247,2228224,1247,2228224,19.354996629400798,19.354996629400798
standard_standard,Standard initialization + standard mutation,standard,standard,1,thesis_compute_matched_joint_mistral_s0.25_qproj3.0_g50_o16_seed1,46,0.56005859375,10.984375,1274,2277376,1274,2277376,20.60814279690385,20.60814279690385
standard_standard,Standard initialization + standard mutation,standard,standard,1,thesis_compute_matched_joint_mistral_s0.25_qproj3.0_g50_o16_seed1,47,0.56005859375,,1301,2326528,1301,2326528,20.81630807140221,20.81630807140221
standard_standard,Standard initialization + standard mutation,standard,standard,1,thesis_compute_matched_joint_mistral_s0.25_qproj3.0_g50_o16_seed1,48,0.56005859375,,1328,2375680,1328,2375680,21.025290646776558,21.025290646776558
standard_standard,Standard initialization + standard mutation,standard,standard,1,thesis_compute_matched_joint_mistral_s0.25_qproj3.0_g50_o16_seed1,49,0.5595703125,,1355,2424832,1355,2424832,21.234933065312603,21.234933065312603
standard_standard,Standard initialization + standard mutation,standard,standard,1,thesis_compute_matched_joint_mistral_s0.25_qproj3.0_g50_o16_seed1,50,0.55908203125,10.921875,1382,2473984,1382,2473984,21.45165399207423,21.45165399207423
standard_standard,Standard initialization + standard mutation,standard,standard,2,thesis_compute_matched_joint_mistral_s0.25_qproj3.0_g50_o16_seed2,1,1.396484375,27.03125,59,65536,59,65536,1.9344434204511345,1.9344434204511345
standard_standard,Standard initialization + standard mutation,standard,standard,2,thesis_compute_matched_joint_mistral_s0.25_qproj3.0_g50_o16_seed2,2,1.458984375,,86,114688,86,114688,2.144984742999077,2.144984742999077
standard_standard,Standard initialization + standard mutation,standard,standard,2,thesis_compute_matched_joint_mistral_s0.25_qproj3.0_g50_o16_seed2,3,1.236328125,,113,163840,113,163840,2.344639679292838,2.344639679292838
standard_standard,Standard initialization + standard mutation,standard,standard,2,thesis_compute_matched_joint_mistral_s0.25_qproj3.0_g50_o16_seed2,4,1.201171875,,140,212992,140,212992,2.5421336396597325,2.5421336396597325
standard_standard,Standard initialization + standard mutation,standard,standard,2,thesis_compute_matched_joint_mistral_s0.25_qproj3.0_g50_o16_seed2,5,0.9306640625,,167,262144,167,262144,2.7551079004071655,2.7551079004071655
standard_standard,Standard initialization + standard mutation,standard,standard,2,thesis_compute_matched_joint_mistral_s0.25_qproj3.0_g50_o16_seed2,6,0.92431640625,15.046875,194,311296,194,311296,4.0104412516579035,4.0104412516579035
standard_standard,Standard initialization + standard mutation,standard,standard,2,thesis_compute_matched_joint_mistral_s0.25_qproj3.0_g50_o16_seed2,7,0.88134765625,,221,360448,221,360448,4.218982570401082,4.218982570401082
standard_standard,Standard initialization + standard mutation,standard,standard,2,thesis_compute_matched_joint_mistral_s0.25_qproj3.0_g50_o16_seed2,8,0.86962890625,,248,409600,248,409600,4.434318214717011,4.434318214717011
standard_standard,Standard initialization + standard mutation,standard,standard,2,thesis_compute_matched_joint_mistral_s0.25_qproj3.0_g50_o16_seed2,9,0.83642578125,,275,458752,275,458752,4.639140505157411,4.639140505157411
standard_standard,Standard initialization + standard mutation,standard,standard,2,thesis_compute_matched_joint_mistral_s0.25_qproj3.0_g50_o16_seed2,10,0.818359375,,302,507904,302,507904,4.845251780965676,4.845251780965676
standard_standard,Standard initialization + standard mutation,standard,standard,2,thesis_compute_matched_joint_mistral_s0.25_qproj3.0_g50_o16_seed2,11,0.79345703125,13.2734375,329,557056,329,557056,6.090295781536649,6.090295781536649
standard_standard,Standard initialization + standard mutation,standard,standard,2,thesis_compute_matched_joint_mistral_s0.25_qproj3.0_g50_o16_seed2,12,0.79248046875,,356,606208,356,606208,6.296820704235385,6.296820704235385
standard_standard,Standard initialization + standard mutation,standard,standard,2,thesis_compute_matched_joint_mistral_s0.25_qproj3.0_g50_o16_seed2,13,0.78857421875,,383,655360,383,655360,6.501400571378569,6.501400571378569
standard_standard,Standard initialization + standard mutation,standard,standard,2,thesis_compute_matched_joint_mistral_s0.25_qproj3.0_g50_o16_seed2,14,0.78857421875,,410,704512,410,704512,6.703133858802418,6.703133858802418
standard_standard,Standard initialization + standard mutation,standard,standard,2,thesis_compute_matched_joint_mistral_s0.25_qproj3.0_g50_o16_seed2,15,0.775390625,,437,753664,437,753664,6.907828615419566,6.907828615419566
standard_standard,Standard initialization + standard mutation,standard,standard,2,thesis_compute_matched_joint_mistral_s0.25_qproj3.0_g50_o16_seed2,16,0.73046875,12.375,464,802816,464,802816,8.14082597841819,8.14082597841819
standard_standard,Standard initialization + standard mutation,standard,standard,2,thesis_compute_matched_joint_mistral_s0.25_qproj3.0_g50_o16_seed2,17,0.72802734375,,491,851968,491,851968,8.34707505327339,8.34707505327339
standard_standard,Standard initialization + standard mutation,standard,standard,2,thesis_compute_matched_joint_mistral_s0.25_qproj3.0_g50_o16_seed2,18,0.7265625,,518,901120,518,901120,8.54544359728073,8.54544359728073
standard_standard,Standard initialization + standard mutation,standard,standard,2,thesis_compute_matched_joint_mistral_s0.25_qproj3.0_g50_o16_seed2,19,0.7265625,,545,950272,545,950272,8.750655520676325,8.750655520676325
standard_standard,Standard initialization + standard mutation,standard,standard,2,thesis_compute_matched_joint_mistral_s0.25_qproj3.0_g50_o16_seed2,20,0.71533203125,,572,999424,572,999424,8.960006726750484,8.960006726750484
standard_standard,Standard initialization + standard mutation,standard,standard,2,thesis_compute_matched_joint_mistral_s0.25_qproj3.0_g50_o16_seed2,21,0.71240234375,12.15625,599,1048576,599,1048576,10.208164732406537,10.208164732406537
standard_standard,Standard initialization + standard mutation,standard,standard,2,thesis_compute_matched_joint_mistral_s0.25_qproj3.0_g50_o16_seed2,22,0.7119140625,,626,1097728,626,1097728,10.4173124192593,10.4173124192593
standard_standard,Standard initialization + standard mutation,standard,standard,2,thesis_compute_matched_joint_mistral_s0.25_qproj3.0_g50_o16_seed2,23,0.7109375,,653,1146880,653,1146880,10.623235773543517,10.623235773543517
standard_standard,Standard initialization + standard mutation,standard,standard,2,thesis_compute_matched_joint_mistral_s0.25_qproj3.0_g50_o16_seed2,24,0.71044921875,,680,1196032,680,1196032,10.827663981790344,10.827663981790344
standard_standard,Standard initialization + standard mutation,standard,standard,2,thesis_compute_matched_joint_mistral_s0.25_qproj3.0_g50_o16_seed2,25,0.70947265625,,707,1245184,707,1245184,11.034365033482512,11.034365033482512
standard_standard,Standard initialization + standard mutation,standard,standard,2,thesis_compute_matched_joint_mistral_s0.25_qproj3.0_g50_o16_seed2,26,0.708984375,12.203125,734,1294336,734,1294336,12.268474430249382,12.268474430249382
standard_standard,Standard initialization + standard mutation,standard,standard,2,thesis_compute_matched_joint_mistral_s0.25_qproj3.0_g50_o16_seed2,27,0.708984375,,761,1343488,761,1343488,12.478812275951107,12.478812275951107
standard_standard,Standard initialization + standard mutation,standard,standard,2,thesis_compute_matched_joint_mistral_s0.25_qproj3.0_g50_o16_seed2,28,0.705078125,,788,1392640,788,1392640,12.694145467411726,12.694145467411726
standard_standard,Standard initialization + standard mutation,standard,standard,2,thesis_compute_matched_joint_mistral_s0.25_qproj3.0_g50_o16_seed2,29,0.7041015625,,815,1441792,815,1441792,12.901674891946216,12.901674891946216
standard_standard,Standard initialization + standard mutation,standard,standard,2,thesis_compute_matched_joint_mistral_s0.25_qproj3.0_g50_o16_seed2,30,0.70458984375,,842,1490944,842,1490944,13.106733483665932,13.106733483665932
standard_standard,Standard initialization + standard mutation,standard,standard,2,thesis_compute_matched_joint_mistral_s0.25_qproj3.0_g50_o16_seed2,31,0.7041015625,12.1796875,869,1540096,869,1540096,14.35239858372758,14.35239858372758
standard_standard,Standard initialization + standard mutation,standard,standard,2,thesis_compute_matched_joint_mistral_s0.25_qproj3.0_g50_o16_seed2,32,0.70458984375,,896,1589248,896,1589248,14.552057356076936,14.552057356076936
standard_standard,Standard initialization + standard mutation,standard,standard,2,thesis_compute_matched_joint_mistral_s0.25_qproj3.0_g50_o16_seed2,33,0.70458984375,,923,1638400,923,1638400,14.74864868586883,14.74864868586883
standard_standard,Standard initialization + standard mutation,standard,standard,2,thesis_compute_matched_joint_mistral_s0.25_qproj3.0_g50_o16_seed2,34,0.705078125,,950,1687552,950,1687552,14.957393034081907,14.957393034081907
standard_standard,Standard initialization + standard mutation,standard,standard,2,thesis_compute_matched_joint_mistral_s0.25_qproj3.0_g50_o16_seed2,35,0.70458984375,,977,1736704,977,1736704,15.160055937990546,15.160055937990546
standard_standard,Standard initialization + standard mutation,standard,standard,2,thesis_compute_matched_joint_mistral_s0.25_qproj3.0_g50_o16_seed2,36,0.705078125,12.1796875,1004,1785856,1004,1785856,16.400895381284258,16.400895381284258
standard_standard,Standard initialization + standard mutation,standard,standard,2,thesis_compute_matched_joint_mistral_s0.25_qproj3.0_g50_o16_seed2,37,0.705078125,,1031,1835008,1031,1835008,16.611186739429833,16.611186739429833
standard_standard,Standard initialization + standard mutation,standard,standard,2,thesis_compute_matched_joint_mistral_s0.25_qproj3.0_g50_o16_seed2,38,0.705078125,,1058,1884160,1058,1884160,16.821106252136328,16.821106252136328
standard_standard,Standard initialization + standard mutation,standard,standard,2,thesis_compute_matched_joint_mistral_s0.25_qproj3.0_g50_o16_seed2,39,0.70556640625,,1085,1933312,1085,1933312,17.030583161643396,17.030583161643396
standard_standard,Standard initialization + standard mutation,standard,standard,2,thesis_compute_matched_joint_mistral_s0.25_qproj3.0_g50_o16_seed2,40,0.70556640625,,1112,1982464,1112,1982464,17.23651789802437,17.23651789802437
standard_standard,Standard initialization + standard mutation,standard,standard,2,thesis_compute_matched_joint_mistral_s0.25_qproj3.0_g50_o16_seed2,41,0.705078125,12.15625,1139,2031616,1139,2031616,18.471052777270476,18.471052777270476
standard_standard,Standard initialization + standard mutation,standard,standard,2,thesis_compute_matched_joint_mistral_s0.25_qproj3.0_g50_o16_seed2,42,0.70458984375,,1166,2080768,1166,2080768,18.674019474784533,18.674019474784533
standard_standard,Standard initialization + standard mutation,standard,standard,2,thesis_compute_matched_joint_mistral_s0.25_qproj3.0_g50_o16_seed2,43,0.642578125,,1193,2129920,1193,2129920,18.881661759937803,18.881661759937803
standard_standard,Standard initialization + standard mutation,standard,standard,2,thesis_compute_matched_joint_mistral_s0.25_qproj3.0_g50_o16_seed2,44,0.64208984375,,1220,2179072,1220,2179072,19.086219435464592,19.086219435464592
standard_standard,Standard initialization + standard mutation,standard,standard,2,thesis_compute_matched_joint_mistral_s0.25_qproj3.0_g50_o16_seed2,45,0.63671875,,1247,2228224,1247,2228224,19.298302893402674,19.298302893402674
standard_standard,Standard initialization + standard mutation,standard,standard,2,thesis_compute_matched_joint_mistral_s0.25_qproj3.0_g50_o16_seed2,46,0.63671875,11.421875,1274,2277376,1274,2277376,20.534272547562917,20.534272547562917
standard_standard,Standard initialization + standard mutation,standard,standard,2,thesis_compute_matched_joint_mistral_s0.25_qproj3.0_g50_o16_seed2,47,0.61865234375,,1301,2326528,1301,2326528,20.733088692401846,20.733088692401846
standard_standard,Standard initialization + standard mutation,standard,standard,2,thesis_compute_matched_joint_mistral_s0.25_qproj3.0_g50_o16_seed2,48,0.6181640625,,1328,2375680,1328,2375680,20.942281917886188,20.942281917886188
standard_standard,Standard initialization + standard mutation,standard,standard,2,thesis_compute_matched_joint_mistral_s0.25_qproj3.0_g50_o16_seed2,49,0.615234375,,1355,2424832,1355,2424832,21.150289675345025,21.150289675345025
standard_standard,Standard initialization + standard mutation,standard,standard,2,thesis_compute_matched_joint_mistral_s0.25_qproj3.0_g50_o16_seed2,50,0.61474609375,11.3359375,1382,2473984,1382,2473984,21.365006907656788,21.365006907656788
depthwarm_standard,Depth→Joint warm start + standard mutation,depth_warm,standard,0,thesis_depthwarm_standard_joint_mistral_s0.25_qproj3.0_g50_o16_seed0,1,0.9052734375,11.9921875,28,49664,600,1049088,1.7351069481500114,11.268440281483345
depthwarm_standard,Depth→Joint warm start + standard mutation,depth_warm,standard,0,thesis_depthwarm_standard_joint_mistral_s0.25_qproj3.0_g50_o16_seed0,2,0.69873046875,,55,98816,627,1098240,1.9310278130850445,11.464361146418378
depthwarm_standard,Depth→Joint warm start + standard mutation,depth_warm,standard,0,thesis_depthwarm_standard_joint_mistral_s0.25_qproj3.0_g50_o16_seed0,3,0.69873046875,,82,147968,654,1147392,2.1388539248223726,11.672187258155706
depthwarm_standard,Depth→Joint warm start + standard mutation,depth_warm,standard,0,thesis_depthwarm_standard_joint_mistral_s0.25_qproj3.0_g50_o16_seed0,4,0.6982421875,,109,197120,681,1196544,2.331435715849511,11.864769049182845
depthwarm_standard,Depth→Joint warm start + standard mutation,depth_warm,standard,0,thesis_depthwarm_standard_joint_mistral_s0.25_qproj3.0_g50_o16_seed0,5,0.69873046875,,136,246272,708,1245696,2.521861460704046,12.05519479403738
depthwarm_standard,Depth→Joint warm start + standard mutation,depth_warm,standard,0,thesis_depthwarm_standard_joint_mistral_s0.25_qproj3.0_g50_o16_seed0,6,0.69873046875,11.96875,163,295424,735,1294848,3.5790202215701963,13.11235355490353
depthwarm_standard,Depth→Joint warm start + standard mutation,depth_warm,standard,0,thesis_depthwarm_standard_joint_mistral_s0.25_qproj3.0_g50_o16_seed0,7,0.6982421875,,190,344576,762,1344000,3.761638355681983,13.294971689015316
depthwarm_standard,Depth→Joint warm start + standard mutation,depth_warm,standard,0,thesis_depthwarm_standard_joint_mistral_s0.25_qproj3.0_g50_o16_seed0,8,0.6982421875,,217,393728,789,1393152,3.938724001303005,13.472057334636338
depthwarm_standard,Depth→Joint warm start + standard mutation,depth_warm,standard,0,thesis_depthwarm_standard_joint_mistral_s0.25_qproj3.0_g50_o16_seed0,9,0.69921875,,244,442880,816,1442304,4.135386733004513,13.668720066337846
depthwarm_standard,Depth→Joint warm start + standard mutation,depth_warm,standard,0,thesis_depthwarm_standard_joint_mistral_s0.25_qproj3.0_g50_o16_seed0,10,0.69921875,,271,492032,843,1491456,4.3138987743839,13.847232107717234
depthwarm_standard,Depth→Joint warm start + standard mutation,depth_warm,standard,0,thesis_depthwarm_standard_joint_mistral_s0.25_qproj3.0_g50_o16_seed0,11,0.6728515625,11.4921875,298,541184,870,1540608,5.361610842488395,14.89494417582173
depthwarm_standard,Depth→Joint warm start + standard mutation,depth_warm,standard,0,thesis_depthwarm_standard_joint_mistral_s0.25_qproj3.0_g50_o16_seed0,12,0.6728515625,,325,590336,897,1589760,5.5369466799000895,15.070280013233424
depthwarm_standard,Depth→Joint warm start + standard mutation,depth_warm,standard,0,thesis_depthwarm_standard_joint_mistral_s0.25_qproj3.0_g50_o16_seed0,13,0.67236328125,,352,639488,924,1638912,5.706484771054238,15.239818104387572
depthwarm_standard,Depth→Joint warm start + standard mutation,depth_warm,standard,0,thesis_depthwarm_standard_joint_mistral_s0.25_qproj3.0_g50_o16_seed0,14,0.6728515625,,379,688640,951,1688064,5.8951944491205115,15.428527782453845
depthwarm_standard,Depth→Joint warm start + standard mutation,depth_warm,standard,0,thesis_depthwarm_standard_joint_mistral_s0.25_qproj3.0_g50_o16_seed0,15,0.67236328125,,406,737792,978,1737216,6.088509755635944,15.621843088969278
depthwarm_standard,Depth→Joint warm start + standard mutation,depth_warm,standard,0,thesis_depthwarm_standard_joint_mistral_s0.25_qproj3.0_g50_o16_seed0,16,0.67236328125,11.46875,433,786944,1005,1786368,7.158575011688906,16.691908345022238
depthwarm_standard,Depth→Joint warm start + standard mutation,depth_warm,standard,0,thesis_depthwarm_standard_joint_mistral_s0.25_qproj3.0_g50_o16_seed0,17,0.67236328125,,460,836096,1032,1835520,7.345902514721577,16.87923584805491
depthwarm_standard,Depth→Joint warm start + standard mutation,depth_warm,standard,0,thesis_depthwarm_standard_joint_mistral_s0.25_qproj3.0_g50_o16_seed0,18,0.67236328125,,487,885248,1059,1884672,7.534788658400066,17.0681219917334
depthwarm_standard,Depth→Joint warm start + standard mutation,depth_warm,standard,0,thesis_depthwarm_standard_joint_mistral_s0.25_qproj3.0_g50_o16_seed0,19,0.67138671875,,514,934400,1086,1933824,7.717462169316907,17.25079550265024
depthwarm_standard,Depth→Joint warm start + standard mutation,depth_warm,standard,0,thesis_depthwarm_standard_joint_mistral_s0.25_qproj3.0_g50_o16_seed0,20,0.67236328125,,541,983552,1113,1982976,7.902675257817221,17.436008591150554
depthwarm_standard,Depth→Joint warm start + standard mutation,depth_warm,standard,0,thesis_depthwarm_standard_joint_mistral_s0.25_qproj3.0_g50_o16_seed0,21,0.671875,11.5078125,568,1032704,1140,2032128,8.956465713439199,18.489799046772532
depthwarm_standard,Depth→Joint warm start + standard mutation,depth_warm,standard,0,thesis_depthwarm_standard_joint_mistral_s0.25_qproj3.0_g50_o16_seed0,22,0.67236328125,,595,1081856,1167,2081280,9.135417433548719,18.668750766882052
depthwarm_standard,Depth→Joint warm start + standard mutation,depth_warm,standard,0,thesis_depthwarm_standard_joint_mistral_s0.25_qproj3.0_g50_o16_seed0,23,0.66748046875,,622,1131008,1194,2130432,9.333166415298669,18.866499748632002
depthwarm_standard,Depth→Joint warm start + standard mutation,depth_warm,standard,0,thesis_depthwarm_standard_joint_mistral_s0.25_qproj3.0_g50_o16_seed0,24,0.66796875,,649,1180160,1221,2179584,9.522091118968092,19.055424452301427
depthwarm_standard,Depth→Joint warm start + standard mutation,depth_warm,standard,0,thesis_depthwarm_standard_joint_mistral_s0.25_qproj3.0_g50_o16_seed0,25,0.6669921875,,676,1229312,1248,2228736,9.712240781720418,19.24557411505375
depthwarm_standard,Depth→Joint warm start + standard mutation,depth_warm,standard,0,thesis_depthwarm_standard_joint_mistral_s0.25_qproj3.0_g50_o16_seed0,26,0.6669921875,11.3515625,703,1278464,1275,2277888,10.766754405619576,20.30008773895291
depthwarm_standard,Depth→Joint warm start + standard mutation,depth_warm,standard,0,thesis_depthwarm_standard_joint_mistral_s0.25_qproj3.0_g50_o16_seed0,27,0.66650390625,,730,1327616,1302,2327040,10.953032169188372,20.486365502521707
depthwarm_standard,Depth→Joint warm start + standard mutation,depth_warm,standard,0,thesis_depthwarm_standard_joint_mistral_s0.25_qproj3.0_g50_o16_seed0,28,0.666015625,,757,1376768,1329,2376192,11.133684927155263,20.667018260488597
depthwarm_standard,Depth→Joint warm start + standard mutation,depth_warm,standard,0,thesis_depthwarm_standard_joint_mistral_s0.25_qproj3.0_g50_o16_seed0,29,0.640625,,784,1425920,1356,2425344,11.338773342470327,20.87210667580366
depthwarm_standard,Depth→Joint warm start + standard mutation,depth_warm,standard,0,thesis_depthwarm_standard_joint_mistral_s0.25_qproj3.0_g50_o16_seed0,30,0.6396484375,,811,1475072,1383,2474496,11.514991764499184,21.048325097832517
depthwarm_standard,Depth→Joint warm start + standard mutation,depth_warm,standard,0,thesis_depthwarm_standard_joint_mistral_s0.25_qproj3.0_g50_o16_seed0,31,0.6376953125,11.0703125,838,1524224,1410,2523648,12.57042155220018,22.103754885533515
depthwarm_standard,Depth→Joint warm start + standard mutation,depth_warm,standard,0,thesis_depthwarm_standard_joint_mistral_s0.25_qproj3.0_g50_o16_seed0,32,0.63720703125,,865,1573376,1437,2572800,12.748628392404255,22.281961725737588
depthwarm_standard,Depth→Joint warm start + standard mutation,depth_warm,standard,0,thesis_depthwarm_standard_joint_mistral_s0.25_qproj3.0_g50_o16_seed0,33,0.6318359375,,892,1622528,1464,2621952,12.922096138866618,22.455429472199953
depthwarm_standard,Depth→Joint warm start + standard mutation,depth_warm,standard,0,thesis_depthwarm_standard_joint_mistral_s0.25_qproj3.0_g50_o16_seed0,34,0.63134765625,,919,1671680,1491,2671104,13.110413970355875,22.64374730368921
depthwarm_standard,Depth→Joint warm start + standard mutation,depth_warm,standard,0,thesis_depthwarm_standard_joint_mistral_s0.25_qproj3.0_g50_o16_seed0,35,0.6318359375,,946,1720832,1518,2720256,13.299886189602937,22.833219522936268
depthwarm_standard,Depth→Joint warm start + standard mutation,depth_warm,standard,0,thesis_depthwarm_standard_joint_mistral_s0.25_qproj3.0_g50_o16_seed0,36,0.61962890625,10.859375,973,1769984,1545,2769408,14.375121268715398,23.90845460204873
depthwarm_standard,Depth→Joint warm start + standard mutation,depth_warm,standard,0,thesis_depthwarm_standard_joint_mistral_s0.25_qproj3.0_g50_o16_seed0,37,0.6201171875,,1000,1819136,1572,2818560,14.564562106334295,24.097895439667628
depthwarm_standard,Depth→Joint warm start + standard mutation,depth_warm,standard,0,thesis_depthwarm_standard_joint_mistral_s0.25_qproj3.0_g50_o16_seed0,38,0.6201171875,,1027,1868288,1599,2867712,14.752851817718087,24.28618515105142
depthwarm_standard,Depth→Joint warm start + standard mutation,depth_warm,standard,0,thesis_depthwarm_standard_joint_mistral_s0.25_qproj3.0_g50_o16_seed0,39,0.6201171875,,1054,1917440,1626,2916864,14.942268157199335,24.475601490532668
depthwarm_standard,Depth→Joint warm start + standard mutation,depth_warm,standard,0,thesis_depthwarm_standard_joint_mistral_s0.25_qproj3.0_g50_o16_seed0,40,0.61962890625,,1081,1966592,1653,2966016,15.133936871952999,24.667270205286332
depthwarm_standard,Depth→Joint warm start + standard mutation,depth_warm,standard,0,thesis_depthwarm_standard_joint_mistral_s0.25_qproj3.0_g50_o16_seed0,41,0.61962890625,10.875,1108,2015744,1680,3015168,16.19017220645522,25.723505539788555
depthwarm_standard,Depth→Joint warm start + standard mutation,depth_warm,standard,0,thesis_depthwarm_standard_joint_mistral_s0.25_qproj3.0_g50_o16_seed0,42,0.6181640625,,1135,2064896,1707,3064320,16.392444067650164,25.9257774009835
depthwarm_standard,Depth→Joint warm start + standard mutation,depth_warm,standard,0,thesis_depthwarm_standard_joint_mistral_s0.25_qproj3.0_g50_o16_seed0,43,0.6181640625,,1162,2114048,1734,3113472,16.578079594283675,26.111412927617007
depthwarm_standard,Depth→Joint warm start + standard mutation,depth_warm,standard,0,thesis_depthwarm_standard_joint_mistral_s0.25_qproj3.0_g50_o16_seed0,44,0.619140625,,1189,2163200,1761,3162624,16.760101993133624,26.29343532646696
depthwarm_standard,Depth→Joint warm start + standard mutation,depth_warm,standard,0,thesis_depthwarm_standard_joint_mistral_s0.25_qproj3.0_g50_o16_seed0,45,0.61865234375,,1216,2212352,1788,3211776,16.945616137965892,26.478949471299227
depthwarm_standard,Depth→Joint warm start + standard mutation,depth_warm,standard,0,thesis_depthwarm_standard_joint_mistral_s0.25_qproj3.0_g50_o16_seed0,46,0.61865234375,10.8984375,1243,2261504,1815,3260928,18.012575583920505,27.545908917253836
depthwarm_standard,Depth→Joint warm start + standard mutation,depth_warm,standard,0,thesis_depthwarm_standard_joint_mistral_s0.25_qproj3.0_g50_o16_seed0,47,0.61962890625,,1270,2310656,1842,3310080,18.202268727286718,27.735602060620053
depthwarm_standard,Depth→Joint warm start + standard mutation,depth_warm,standard,0,thesis_depthwarm_standard_joint_mistral_s0.25_qproj3.0_g50_o16_seed0,48,0.6201171875,,1297,2359808,1869,3359232,18.408413964851448,27.941747298184783
depthwarm_standard,Depth→Joint warm start + standard mutation,depth_warm,standard,0,thesis_depthwarm_standard_joint_mistral_s0.25_qproj3.0_g50_o16_seed0,49,0.61962890625,,1324,2408960,1896,3408384,18.59876554827206,28.13209888160539
depthwarm_standard,Depth→Joint warm start + standard mutation,depth_warm,standard,0,thesis_depthwarm_standard_joint_mistral_s0.25_qproj3.0_g50_o16_seed0,50,0.619140625,10.9453125,1351,2458112,1923,3457536,18.78655415465279,28.319887487986126
depthwarm_standard,Depth→Joint warm start + standard mutation,depth_warm,standard,1,thesis_depthwarm_standard_joint_mistral_s0.25_qproj3.0_g50_o16_seed1,1,0.79296875,12.5234375,28,49664,600,1049088,1.6516304169703895,11.234963750303724
depthwarm_standard,Depth→Joint warm start + standard mutation,depth_warm,standard,1,thesis_depthwarm_standard_joint_mistral_s0.25_qproj3.0_g50_o16_seed1,2,0.70361328125,,55,98816,627,1098240,1.8324879489683856,11.415821282301719
depthwarm_standard,Depth→Joint warm start + standard mutation,depth_warm,standard,1,thesis_depthwarm_standard_joint_mistral_s0.25_qproj3.0_g50_o16_seed1,3,0.70263671875,,82,147968,654,1147392,2.0092014316702262,11.59253476500356
depthwarm_standard,Depth→Joint warm start + standard mutation,depth_warm,standard,1,thesis_depthwarm_standard_joint_mistral_s0.25_qproj3.0_g50_o16_seed1,4,0.70263671875,,109,197120,681,1196544,2.2085422268835826,11.791875560216916
depthwarm_standard,Depth→Joint warm start + standard mutation,depth_warm,standard,1,thesis_depthwarm_standard_joint_mistral_s0.25_qproj3.0_g50_o16_seed1,5,0.70361328125,,136,246272,708,1245696,2.3938538095370556,11.977187142870388
depthwarm_standard,Depth→Joint warm start + standard mutation,depth_warm,standard,1,thesis_depthwarm_standard_joint_mistral_s0.25_qproj3.0_g50_o16_seed1,6,0.703125,12.5234375,163,295424,735,1294848,3.4448480165020254,13.028181349835359
depthwarm_standard,Depth→Joint warm start + standard mutation,depth_warm,standard,1,thesis_depthwarm_standard_joint_mistral_s0.25_qproj3.0_g50_o16_seed1,7,0.70361328125,,190,344576,762,1344000,3.62960867548051,13.212942008813844
depthwarm_standard,Depth→Joint warm start + standard mutation,depth_warm,standard,1,thesis_depthwarm_standard_joint_mistral_s0.25_qproj3.0_g50_o16_seed1,8,0.70361328125,,217,393728,789,1393152,3.821224320586771,13.404557653920104
depthwarm_standard,Depth→Joint warm start + standard mutation,depth_warm,standard,1,thesis_depthwarm_standard_joint_mistral_s0.25_qproj3.0_g50_o16_seed1,9,0.703125,,244,442880,816,1442304,4.0053398767331,13.588673210066434
depthwarm_standard,Depth→Joint warm start + standard mutation,depth_warm,standard,1,thesis_depthwarm_standard_joint_mistral_s0.25_qproj3.0_g50_o16_seed1,10,0.70361328125,,271,492032,843,1491456,4.208414115717945,13.791747449051279
depthwarm_standard,Depth→Joint warm start + standard mutation,depth_warm,standard,1,thesis_depthwarm_standard_joint_mistral_s0.25_qproj3.0_g50_o16_seed1,11,0.70263671875,12.6171875,298,541184,870,1540608,5.282642732467503,14.865976065800835
depthwarm_standard,Depth→Joint warm start + standard mutation,depth_warm,standard,1,thesis_depthwarm_standard_joint_mistral_s0.25_qproj3.0_g50_o16_seed1,12,0.7021484375,,325,590336,897,1589760,5.472424170731878,15.05575750406521
depthwarm_standard,Depth→Joint warm start + standard mutation,depth_warm,standard,1,thesis_depthwarm_standard_joint_mistral_s0.25_qproj3.0_g50_o16_seed1,13,0.7021484375,,352,639488,924,1638912,5.65501215554929,15.238345488882624
depthwarm_standard,Depth→Joint warm start + standard mutation,depth_warm,standard,1,thesis_depthwarm_standard_joint_mistral_s0.25_qproj3.0_g50_o16_seed1,14,0.70166015625,,379,688640,951,1688064,5.829728401483347,15.413061734816681
depthwarm_standard,Depth→Joint warm start + standard mutation,depth_warm,standard,1,thesis_depthwarm_standard_joint_mistral_s0.25_qproj3.0_g50_o16_seed1,15,0.7021484375,,406,737792,978,1737216,6.013283476815559,15.596616810148893
depthwarm_standard,Depth→Joint warm start + standard mutation,depth_warm,standard,1,thesis_depthwarm_standard_joint_mistral_s0.25_qproj3.0_g50_o16_seed1,16,0.7021484375,12.6171875,433,786944,1005,1786368,7.058768212601232,16.642101545934565
depthwarm_standard,Depth→Joint warm start + standard mutation,depth_warm,standard,1,thesis_depthwarm_standard_joint_mistral_s0.25_qproj3.0_g50_o16_seed1,17,0.646484375,,460,836096,1032,1835520,7.254358871420846,16.83769220475418
depthwarm_standard,Depth→Joint warm start + standard mutation,depth_warm,standard,1,thesis_depthwarm_standard_joint_mistral_s0.25_qproj3.0_g50_o16_seed1,18,0.64697265625,,487,885248,1059,1884672,7.442236312796982,17.025569646130315
depthwarm_standard,Depth→Joint warm start + standard mutation,depth_warm,standard,1,thesis_depthwarm_standard_joint_mistral_s0.25_qproj3.0_g50_o16_seed1,19,0.646484375,,514,934400,1086,1933824,7.627453752087119,17.210787085420453
depthwarm_standard,Depth→Joint warm start + standard mutation,depth_warm,standard,1,thesis_depthwarm_standard_joint_mistral_s0.25_qproj3.0_g50_o16_seed1,20,0.646484375,,541,983552,1113,1982976,7.804068434913643,17.387401768246978
depthwarm_standard,Depth→Joint warm start + standard mutation,depth_warm,standard,1,thesis_depthwarm_standard_joint_mistral_s0.25_qproj3.0_g50_o16_seed1,21,0.64599609375,11.7578125,568,1032704,1140,2032128,8.85861731641926,18.44195064975259
depthwarm_standard,Depth→Joint warm start + standard mutation,depth_warm,standard,1,thesis_depthwarm_standard_joint_mistral_s0.25_qproj3.0_g50_o16_seed1,22,0.646484375,,595,1081856,1167,2081280,9.044805699881787,18.62813903321512
depthwarm_standard,Depth→Joint warm start + standard mutation,depth_warm,standard,1,thesis_depthwarm_standard_joint_mistral_s0.25_qproj3.0_g50_o16_seed1,23,0.6455078125,,622,1131008,1194,2130432,9.24328823108226,18.826621564415593
depthwarm_standard,Depth→Joint warm start + standard mutation,depth_warm,standard,1,thesis_depthwarm_standard_joint_mistral_s0.25_qproj3.0_g50_o16_seed1,24,0.64453125,,649,1180160,1221,2179584,9.426982503384352,19.010315836717684
depthwarm_standard,Depth→Joint warm start + standard mutation,depth_warm,standard,1,thesis_depthwarm_standard_joint_mistral_s0.25_qproj3.0_g50_o16_seed1,25,0.64453125,,676,1229312,1248,2228736,9.614140847853074,19.197474181186408
depthwarm_standard,Depth→Joint warm start + standard mutation,depth_warm,standard,1,thesis_depthwarm_standard_joint_mistral_s0.25_qproj3.0_g50_o16_seed1,26,0.64404296875,11.8984375,703,1278464,1275,2277888,10.664573974853072,20.247907308186406
depthwarm_standard,Depth→Joint warm start + standard mutation,depth_warm,standard,1,thesis_depthwarm_standard_joint_mistral_s0.25_qproj3.0_g50_o16_seed1,27,0.64404296875,,730,1327616,1302,2327040,10.84466789153715,20.42800122487048
depthwarm_standard,Depth→Joint warm start + standard mutation,depth_warm,standard,1,thesis_depthwarm_standard_joint_mistral_s0.25_qproj3.0_g50_o16_seed1,28,0.64404296875,,757,1376768,1329,2376192,11.025321277983798,20.60865461131713
depthwarm_standard,Depth→Joint warm start + standard mutation,depth_warm,standard,1,thesis_depthwarm_standard_joint_mistral_s0.25_qproj3.0_g50_o16_seed1,29,0.6435546875,,784,1425920,1356,2425344,11.219149746016289,20.80248307934962
depthwarm_standard,Depth→Joint warm start + standard mutation,depth_warm,standard,1,thesis_depthwarm_standard_joint_mistral_s0.25_qproj3.0_g50_o16_seed1,30,0.64404296875,,811,1475072,1383,2474496,11.401079238237193,20.984412571570527
depthwarm_standard,Depth→Joint warm start + standard mutation,depth_warm,standard,1,thesis_depthwarm_standard_joint_mistral_s0.25_qproj3.0_g50_o16_seed1,31,0.64404296875,11.875,838,1524224,1410,2523648,12.481286756919387,22.06462009025272
depthwarm_standard,Depth→Joint warm start + standard mutation,depth_warm,standard,1,thesis_depthwarm_standard_joint_mistral_s0.25_qproj3.0_g50_o16_seed1,32,0.64453125,,865,1573376,1437,2572800,12.676539547136054,22.259872880469388
depthwarm_standard,Depth→Joint warm start + standard mutation,depth_warm,standard,1,thesis_depthwarm_standard_joint_mistral_s0.25_qproj3.0_g50_o16_seed1,33,0.64453125,,892,1622528,1464,2621952,12.868877804620812,22.452211137954144
depthwarm_standard,Depth→Joint warm start + standard mutation,depth_warm,standard,1,thesis_depthwarm_standard_joint_mistral_s0.25_qproj3.0_g50_o16_seed1,34,0.64306640625,,919,1671680,1491,2671104,13.05686844396405,22.64020177729738
depthwarm_standard,Depth→Joint warm start + standard mutation,depth_warm,standard,1,thesis_depthwarm_standard_joint_mistral_s0.25_qproj3.0_g50_o16_seed1,35,0.6435546875,,946,1720832,1518,2720256,13.269650190703882,22.852983524037214
depthwarm_standard,Depth→Joint warm start + standard mutation,depth_warm,standard,1,thesis_depthwarm_standard_joint_mistral_s0.25_qproj3.0_g50_o16_seed1,36,0.64306640625,11.875,973,1769984,1545,2769408,14.343820839351974,23.92715417268531
depthwarm_standard,Depth→Joint warm start + standard mutation,depth_warm,standard,1,thesis_depthwarm_standard_joint_mistral_s0.25_qproj3.0_g50_o16_seed1,37,0.64306640625,,1000,1819136,1572,2818560,14.522235884936526,24.10556921826986
depthwarm_standard,Depth→Joint warm start + standard mutation,depth_warm,standard,1,thesis_depthwarm_standard_joint_mistral_s0.25_qproj3.0_g50_o16_seed1,38,0.6435546875,,1027,1868288,1599,2867712,14.712913098170732,24.296246431504066
depthwarm_standard,Depth→Joint warm start + standard mutation,depth_warm,standard,1,thesis_depthwarm_standard_joint_mistral_s0.25_qproj3.0_g50_o16_seed1,39,0.6435546875,,1054,1917440,1626,2916864,14.911322250333615,24.494655583666948
depthwarm_standard,Depth→Joint warm start + standard mutation,depth_warm,standard,1,thesis_depthwarm_standard_joint_mistral_s0.25_qproj3.0_g50_o16_seed1,40,0.64306640625,,1081,1966592,1653,2966016,15.090957213550185,24.67429054688352
depthwarm_standard,Depth→Joint warm start + standard mutation,depth_warm,standard,1,thesis_depthwarm_standard_joint_mistral_s0.25_qproj3.0_g50_o16_seed1,41,0.64404296875,11.875,1108,2015744,1680,3015168,16.156214591433915,25.739547924767248
depthwarm_standard,Depth→Joint warm start + standard mutation,depth_warm,standard,1,thesis_depthwarm_standard_joint_mistral_s0.25_qproj3.0_g50_o16_seed1,42,0.6435546875,,1135,2064896,1707,3064320,16.365750638480918,25.949083971814254
depthwarm_standard,Depth→Joint warm start + standard mutation,depth_warm,standard,1,thesis_depthwarm_standard_joint_mistral_s0.25_qproj3.0_g50_o16_seed1,43,0.64306640625,,1162,2114048,1734,3113472,16.56059540946347,26.143928742796803
depthwarm_standard,Depth→Joint warm start + standard mutation,depth_warm,standard,1,thesis_depthwarm_standard_joint_mistral_s0.25_qproj3.0_g50_o16_seed1,44,0.61962890625,,1189,2163200,1761,3162624,16.748495104334626,26.331828437667962
depthwarm_standard,Depth→Joint warm start + standard mutation,depth_warm,standard,1,thesis_depthwarm_standard_joint_mistral_s0.25_qproj3.0_g50_o16_seed1,45,0.6201171875,,1216,2212352,1788,3211776,16.94401121128661,26.527344544619943
depthwarm_standard,Depth→Joint warm start + standard mutation,depth_warm,standard,1,thesis_depthwarm_standard_joint_mistral_s0.25_qproj3.0_g50_o16_seed1,46,0.6201171875,11.6015625,1243,2261504,1815,3260928,18.00493794621434,27.588271279547673
depthwarm_standard,Depth→Joint warm start + standard mutation,depth_warm,standard,1,thesis_depthwarm_standard_joint_mistral_s0.25_qproj3.0_g50_o16_seed1,47,0.61962890625,,1270,2310656,1842,3310080,18.198113158585816,27.781446491919148
depthwarm_standard,Depth→Joint warm start + standard mutation,depth_warm,standard,1,thesis_depthwarm_standard_joint_mistral_s0.25_qproj3.0_g50_o16_seed1,48,0.61962890625,,1297,2359808,1869,3359232,18.407718735715996,27.991052069049328
depthwarm_standard,Depth→Joint warm start + standard mutation,depth_warm,standard,1,thesis_depthwarm_standard_joint_mistral_s0.25_qproj3.0_g50_o16_seed1,49,0.61962890625,,1324,2408960,1896,3408384,18.604291607315343,28.187624940648675
depthwarm_standard,Depth→Joint warm start + standard mutation,depth_warm,standard,1,thesis_depthwarm_standard_joint_mistral_s0.25_qproj3.0_g50_o16_seed1,50,0.62060546875,11.671875,1351,2458112,1923,3457536,18.788279937114567,28.3716132704479
depthwarm_standard,Depth→Joint warm start + standard mutation,depth_warm,standard,2,thesis_depthwarm_standard_joint_mistral_s0.25_qproj3.0_g50_o16_seed2,1,0.62939453125,11.3515625,28,49664,600,1049088,1.629028939230678,11.245695605897344
depthwarm_standard,Depth→Joint warm start + standard mutation,depth_warm,standard,2,thesis_depthwarm_standard_joint_mistral_s0.25_qproj3.0_g50_o16_seed2,2,0.6220703125,,55,98816,627,1098240,1.8276911056833343,11.444357772350001
depthwarm_standard,Depth→Joint warm start + standard mutation,depth_warm,standard,2,thesis_depthwarm_standard_joint_mistral_s0.25_qproj3.0_g50_o16_seed2,3,0.61962890625,,82,147968,654,1147392,2.014991982731347,11.631658649398014
depthwarm_standard,Depth→Joint warm start + standard mutation,depth_warm,standard,2,thesis_depthwarm_standard_joint_mistral_s0.25_qproj3.0_g50_o16_seed2,4,0.619140625,,109,197120,681,1196544,2.1994691791478544,11.816135845814522
depthwarm_standard,Depth→Joint warm start + standard mutation,depth_warm,standard,2,thesis_depthwarm_standard_joint_mistral_s0.25_qproj3.0_g50_o16_seed2,5,0.61962890625,,136,246272,708,1245696,2.397549093165435,12.014215759832101
depthwarm_standard,Depth→Joint warm start + standard mutation,depth_warm,standard,2,thesis_depthwarm_standard_joint_mistral_s0.25_qproj3.0_g50_o16_seed2,6,0.61962890625,11.3515625,163,295424,735,1294848,3.4515713742158067,13.068238040882473
depthwarm_standard,Depth→Joint warm start + standard mutation,depth_warm,standard,2,thesis_depthwarm_standard_joint_mistral_s0.25_qproj3.0_g50_o16_seed2,7,0.619140625,,190,344576,762,1344000,3.640737776698855,13.257404443365521
depthwarm_standard,Depth→Joint warm start + standard mutation,depth_warm,standard,2,thesis_depthwarm_standard_joint_mistral_s0.25_qproj3.0_g50_o16_seed2,8,0.6181640625,,217,393728,789,1393152,3.8341456242992233,13.45081229096589
depthwarm_standard,Depth→Joint warm start + standard mutation,depth_warm,standard,2,thesis_depthwarm_standard_joint_mistral_s0.25_qproj3.0_g50_o16_seed2,9,0.6123046875,,244,442880,816,1442304,4.029725188847321,13.646391855513988
depthwarm_standard,Depth→Joint warm start + standard mutation,depth_warm,standard,2,thesis_depthwarm_standard_joint_mistral_s0.25_qproj3.0_g50_o16_seed2,10,0.61083984375,,271,492032,843,1491456,4.226126196980476,13.842792863647142
depthwarm_standard,Depth→Joint warm start + standard mutation,depth_warm,standard,2,thesis_depthwarm_standard_joint_mistral_s0.25_qproj3.0_g50_o16_seed2,11,0.61083984375,11.3125,298,541184,870,1540608,5.310867529913472,14.927534196580138
depthwarm_standard,Depth→Joint warm start + standard mutation,depth_warm,standard,2,thesis_depthwarm_standard_joint_mistral_s0.25_qproj3.0_g50_o16_seed2,12,0.61181640625,,325,590336,897,1589760,5.50431944495067,15.120986111617336
depthwarm_standard,Depth→Joint warm start + standard mutation,depth_warm,standard,2,thesis_depthwarm_standard_joint_mistral_s0.25_qproj3.0_g50_o16_seed2,13,0.61083984375,,352,639488,924,1638912,5.69031768651524,15.306984353181907
depthwarm_standard,Depth→Joint warm start + standard mutation,depth_warm,standard,2,thesis_depthwarm_standard_joint_mistral_s0.25_qproj3.0_g50_o16_seed2,14,0.611328125,,379,688640,951,1688064,5.884568344964646,15.501235011631312
depthwarm_standard,Depth→Joint warm start + standard mutation,depth_warm,standard,2,thesis_depthwarm_standard_joint_mistral_s0.25_qproj3.0_g50_o16_seed2,15,0.611328125,,406,737792,978,1737216,6.073518002801575,15.690184669468241
depthwarm_standard,Depth→Joint warm start + standard mutation,depth_warm,standard,2,thesis_depthwarm_standard_joint_mistral_s0.25_qproj3.0_g50_o16_seed2,16,0.611328125,11.3125,433,786944,1005,1786368,7.13903856536684,16.755705232033506
depthwarm_standard,Depth→Joint warm start + standard mutation,depth_warm,standard,2,thesis_depthwarm_standard_joint_mistral_s0.25_qproj3.0_g50_o16_seed2,17,0.611328125,,460,836096,1032,1835520,7.3484694739803675,16.965136140647033
depthwarm_standard,Depth→Joint warm start + standard mutation,depth_warm,standard,2,thesis_depthwarm_standard_joint_mistral_s0.25_qproj3.0_g50_o16_seed2,18,0.6103515625,,487,885248,1059,1884672,7.540014704448792,17.156681371115457
depthwarm_standard,Depth→Joint warm start + standard mutation,depth_warm,standard,2,thesis_depthwarm_standard_joint_mistral_s0.25_qproj3.0_g50_o16_seed2,19,0.607421875,,514,934400,1086,1933824,7.732691753849697,17.349358420516364
depthwarm_standard,Depth→Joint warm start + standard mutation,depth_warm,standard,2,thesis_depthwarm_standard_joint_mistral_s0.25_qproj3.0_g50_o16_seed2,20,0.607421875,,541,983552,1113,1982976,7.923193710918228,17.539860377584894
depthwarm_standard,Depth→Joint warm start + standard mutation,depth_warm,standard,2,thesis_depthwarm_standard_joint_mistral_s0.25_qproj3.0_g50_o16_seed2,21,0.607421875,11.3125,568,1032704,1140,2032128,8.990466671600007,18.607133338266674
depthwarm_standard,Depth→Joint warm start + standard mutation,depth_warm,standard,2,thesis_depthwarm_standard_joint_mistral_s0.25_qproj3.0_g50_o16_seed2,22,0.607421875,,595,1081856,1167,2081280,9.17503550206311,18.791702168729778
depthwarm_standard,Depth→Joint warm start + standard mutation,depth_warm,standard,2,thesis_depthwarm_standard_joint_mistral_s0.25_qproj3.0_g50_o16_seed2,23,0.607421875,,622,1131008,1194,2130432,9.380782398348675,18.997449065015342
depthwarm_standard,Depth→Joint warm start + standard mutation,depth_warm,standard,2,thesis_depthwarm_standard_joint_mistral_s0.25_qproj3.0_g50_o16_seed2,24,0.60498046875,,649,1180160,1221,2179584,9.567816394978824,19.18448306164549
depthwarm_standard,Depth→Joint warm start + standard mutation,depth_warm,standard,2,thesis_depthwarm_standard_joint_mistral_s0.25_qproj3.0_g50_o16_seed2,25,0.60546875,,676,1229312,1248,2228736,9.767115970778589,19.383782637445258
depthwarm_standard,Depth→Joint warm start + standard mutation,depth_warm,standard,2,thesis_depthwarm_standard_joint_mistral_s0.25_qproj3.0_g50_o16_seed2,26,0.60546875,11.3125,703,1278464,1275,2277888,10.834514799783937,20.451181466450603
depthwarm_standard,Depth→Joint warm start + standard mutation,depth_warm,standard,2,thesis_depthwarm_standard_joint_mistral_s0.25_qproj3.0_g50_o16_seed2,27,0.60546875,,730,1327616,1302,2327040,11.025421182562907,20.642087849229576
depthwarm_standard,Depth→Joint warm start + standard mutation,depth_warm,standard,2,thesis_depthwarm_standard_joint_mistral_s0.25_qproj3.0_g50_o16_seed2,28,0.60595703125,,757,1376768,1329,2376192,11.221567689247118,20.838234355913787
depthwarm_standard,Depth→Joint warm start + standard mutation,depth_warm,standard,2,thesis_depthwarm_standard_joint_mistral_s0.25_qproj3.0_g50_o16_seed2,29,0.60595703125,,784,1425920,1356,2425344,11.425953949677448,21.042620616344113
depthwarm_standard,Depth→Joint warm start + standard mutation,depth_warm,standard,2,thesis_depthwarm_standard_joint_mistral_s0.25_qproj3.0_g50_o16_seed2,30,0.60595703125,,811,1475072,1383,2474496,11.623993987279635,21.2406606539463
depthwarm_standard,Depth→Joint warm start + standard mutation,depth_warm,standard,2,thesis_depthwarm_standard_joint_mistral_s0.25_qproj3.0_g50_o16_seed2,31,0.60546875,11.2890625,838,1524224,1410,2523648,12.704034280466537,22.320700947133204
depthwarm_standard,Depth→Joint warm start + standard mutation,depth_warm,standard,2,thesis_depthwarm_standard_joint_mistral_s0.25_qproj3.0_g50_o16_seed2,32,0.60498046875,,865,1573376,1437,2572800,12.889933206917098,22.506599873583763
depthwarm_standard,Depth→Joint warm start + standard mutation,depth_warm,standard,2,thesis_depthwarm_standard_joint_mistral_s0.25_qproj3.0_g50_o16_seed2,33,0.60546875,,892,1622528,1464,2621952,13.082369180846339,22.699035847513006
depthwarm_standard,Depth→Joint warm start + standard mutation,depth_warm,standard,2,thesis_depthwarm_standard_joint_mistral_s0.25_qproj3.0_g50_o16_seed2,34,0.60546875,,919,1671680,1491,2671104,13.269520218313362,22.886186884980027
depthwarm_standard,Depth→Joint warm start + standard mutation,depth_warm,standard,2,thesis_depthwarm_standard_joint_mistral_s0.25_qproj3.0_g50_o16_seed2,35,0.60546875,,946,1720832,1518,2720256,13.475870859933396,23.09253752660006
depthwarm_standard,Depth→Joint warm start + standard mutation,depth_warm,standard,2,thesis_depthwarm_standard_joint_mistral_s0.25_qproj3.0_g50_o16_seed2,36,0.60498046875,11.3515625,973,1769984,1545,2769408,14.550550541933626,24.16721720860029
depthwarm_standard,Depth→Joint warm start + standard mutation,depth_warm,standard,2,thesis_depthwarm_standard_joint_mistral_s0.25_qproj3.0_g50_o16_seed2,37,0.6044921875,,1000,1819136,1572,2818560,14.746132410899737,24.362799077566404
depthwarm_standard,Depth→Joint warm start + standard mutation,depth_warm,standard,2,thesis_depthwarm_standard_joint_mistral_s0.25_qproj3.0_g50_o16_seed2,38,0.60546875,,1027,1868288,1599,2867712,14.935911283711903,24.55257795037857
depthwarm_standard,Depth→Joint warm start + standard mutation,depth_warm,standard,2,thesis_depthwarm_standard_joint_mistral_s0.25_qproj3.0_g50_o16_seed2,39,0.60546875,,1054,1917440,1626,2916864,15.138516164897009,24.755182831563676
depthwarm_standard,Depth→Joint warm start + standard mutation,depth_warm,standard,2,thesis_depthwarm_standard_joint_mistral_s0.25_qproj3.0_g50_o16_seed2,40,0.60546875,,1081,1966592,1653,2966016,15.337421312617758,24.954087979284427
depthwarm_standard,Depth→Joint warm start + standard mutation,depth_warm,standard,2,thesis_depthwarm_standard_joint_mistral_s0.25_qproj3.0_g50_o16_seed2,41,0.60546875,11.3359375,1108,2015744,1680,3015168,16.391389927865628,26.008056594532295
depthwarm_standard,Depth→Joint warm start + standard mutation,depth_warm,standard,2,thesis_depthwarm_standard_joint_mistral_s0.25_qproj3.0_g50_o16_seed2,42,0.60595703125,,1135,2064896,1707,3064320,16.59052477936105,26.207191446027718
depthwarm_standard,Depth→Joint warm start + standard mutation,depth_warm,standard,2,thesis_depthwarm_standard_joint_mistral_s0.25_qproj3.0_g50_o16_seed2,43,0.6044921875,,1162,2114048,1734,3113472,16.778332836149882,26.39499950281655
depthwarm_standard,Depth→Joint warm start + standard mutation,depth_warm,standard,2,thesis_depthwarm_standard_joint_mistral_s0.25_qproj3.0_g50_o16_seed2,44,0.60498046875,,1189,2163200,1761,3162624,16.96361715804475,26.58028382471142
depthwarm_standard,Depth→Joint warm start + standard mutation,depth_warm,standard,2,thesis_depthwarm_standard_joint_mistral_s0.25_qproj3.0_g50_o16_seed2,45,0.60498046875,,1216,2212352,1788,3211776,17.149752181450214,26.76641884811688
depthwarm_standard,Depth→Joint warm start + standard mutation,depth_warm,standard,2,thesis_depthwarm_standard_joint_mistral_s0.25_qproj3.0_g50_o16_seed2,46,0.60498046875,11.3125,1243,2261504,1815,3260928,18.210094335131966,27.826761001798634
depthwarm_standard,Depth→Joint warm start + standard mutation,depth_warm,standard,2,thesis_depthwarm_standard_joint_mistral_s0.25_qproj3.0_g50_o16_seed2,47,0.60498046875,,1270,2310656,1842,3310080,18.386725941548743,28.00339260821541
depthwarm_standard,Depth→Joint warm start + standard mutation,depth_warm,standard,2,thesis_depthwarm_standard_joint_mistral_s0.25_qproj3.0_g50_o16_seed2,48,0.60498046875,,1297,2359808,1869,3359232,18.588632222179633,28.2052988888463
depthwarm_standard,Depth→Joint warm start + standard mutation,depth_warm,standard,2,thesis_depthwarm_standard_joint_mistral_s0.25_qproj3.0_g50_o16_seed2,49,0.60546875,,1324,2408960,1896,3408384,18.773116425347204,28.38978309201387
depthwarm_standard,Depth→Joint warm start + standard mutation,depth_warm,standard,2,thesis_depthwarm_standard_joint_mistral_s0.25_qproj3.0_g50_o16_seed2,50,0.60546875,11.3515625,1351,2458112,1923,3457536,18.963134216618105,28.57980088328477
standard_interaction,Standard initialization + interaction-aware mutation,standard,interaction_aware,0,thesis_interactionaware_joint_mistral_s0.25_qproj3.0_g50_o16_seed0,1,1.216796875,23.125,59,65536,59,65536,1.795816350033662,1.795816350033662
standard_interaction,Standard initialization + interaction-aware mutation,standard,interaction_aware,0,thesis_interactionaware_joint_mistral_s0.25_qproj3.0_g50_o16_seed0,2,1.125,,86,114688,86,114688,2.0394106652995108,2.0394106652995108
standard_interaction,Standard initialization + interaction-aware mutation,standard,interaction_aware,0,thesis_interactionaware_joint_mistral_s0.25_qproj3.0_g50_o16_seed0,3,1.0322265625,,113,163840,113,163840,2.263692099915352,2.263692099915352
standard_interaction,Standard initialization + interaction-aware mutation,standard,interaction_aware,0,thesis_interactionaware_joint_mistral_s0.25_qproj3.0_g50_o16_seed0,4,0.98291015625,,140,212992,140,212992,2.4861882104499577,2.4861882104499577
standard_interaction,Standard initialization + interaction-aware mutation,standard,interaction_aware,0,thesis_interactionaware_joint_mistral_s0.25_qproj3.0_g50_o16_seed0,5,0.9833984375,,167,262144,167,262144,2.7039180204834943,2.7039180204834943
standard_interaction,Standard initialization + interaction-aware mutation,standard,interaction_aware,0,thesis_interactionaware_joint_mistral_s0.25_qproj3.0_g50_o16_seed0,6,0.935546875,15.1640625,194,311296,194,311296,3.8130310194334016,3.8130310194334016
standard_interaction,Standard initialization + interaction-aware mutation,standard,interaction_aware,0,thesis_interactionaware_joint_mistral_s0.25_qproj3.0_g50_o16_seed0,7,0.8701171875,,221,360448,221,360448,4.04614154373218,4.04614154373218
standard_interaction,Standard initialization + interaction-aware mutation,standard,interaction_aware,0,thesis_interactionaware_joint_mistral_s0.25_qproj3.0_g50_o16_seed0,8,0.8349609375,,248,409600,248,409600,4.261115419550333,4.261115419550333
standard_interaction,Standard initialization + interaction-aware mutation,standard,interaction_aware,0,thesis_interactionaware_joint_mistral_s0.25_qproj3.0_g50_o16_seed0,9,0.8349609375,,275,458752,275,458752,4.486581335148852,4.486581335148852
standard_interaction,Standard initialization + interaction-aware mutation,standard,interaction_aware,0,thesis_interactionaware_joint_mistral_s0.25_qproj3.0_g50_o16_seed0,10,0.8203125,,302,507904,302,507904,4.708818071715844,4.708818071715844
standard_interaction,Standard initialization + interaction-aware mutation,standard,interaction_aware,0,thesis_interactionaware_joint_mistral_s0.25_qproj3.0_g50_o16_seed0,11,0.77099609375,12.59375,329,557056,329,557056,5.797654364766398,5.797654364766398
standard_interaction,Standard initialization + interaction-aware mutation,standard,interaction_aware,0,thesis_interactionaware_joint_mistral_s0.25_qproj3.0_g50_o16_seed0,12,0.76171875,,356,606208,356,606208,6.040299543231958,6.040299543231958
standard_interaction,Standard initialization + interaction-aware mutation,standard,interaction_aware,0,thesis_interactionaware_joint_mistral_s0.25_qproj3.0_g50_o16_seed0,13,0.73046875,,383,655360,383,655360,6.261032940416286,6.261032940416286
standard_interaction,Standard initialization + interaction-aware mutation,standard,interaction_aware,0,thesis_interactionaware_joint_mistral_s0.25_qproj3.0_g50_o16_seed0,14,0.72998046875,,410,704512,410,704512,6.488199257582892,6.488199257582892
standard_interaction,Standard initialization + interaction-aware mutation,standard,interaction_aware,0,thesis_interactionaware_joint_mistral_s0.25_qproj3.0_g50_o16_seed0,15,0.71337890625,,437,753664,437,753664,6.702031694715455,6.702031694715455
standard_interaction,Standard initialization + interaction-aware mutation,standard,interaction_aware,0,thesis_interactionaware_joint_mistral_s0.25_qproj3.0_g50_o16_seed0,16,0.70654296875,12.015625,464,802816,464,802816,7.805989890566949,7.805989890566949
standard_interaction,Standard initialization + interaction-aware mutation,standard,interaction_aware,0,thesis_interactionaware_joint_mistral_s0.25_qproj3.0_g50_o16_seed0,17,0.6884765625,,491,851968,491,851968,8.037821023032302,8.037821023032302
standard_interaction,Standard initialization + interaction-aware mutation,standard,interaction_aware,0,thesis_interactionaware_joint_mistral_s0.25_qproj3.0_g50_o16_seed0,18,0.6884765625,,518,901120,518,901120,8.25748737944911,8.25748737944911
standard_interaction,Standard initialization + interaction-aware mutation,standard,interaction_aware,0,thesis_interactionaware_joint_mistral_s0.25_qproj3.0_g50_o16_seed0,19,0.68896484375,,545,950272,545,950272,8.474321399600012,8.474321399600012
standard_interaction,Standard initialization + interaction-aware mutation,standard,interaction_aware,0,thesis_interactionaware_joint_mistral_s0.25_qproj3.0_g50_o16_seed0,20,0.68603515625,,572,999424,572,999424,8.688326102466089,8.688326102466089
standard_interaction,Standard initialization + interaction-aware mutation,standard,interaction_aware,0,thesis_interactionaware_joint_mistral_s0.25_qproj3.0_g50_o16_seed0,21,0.67041015625,11.625,599,1048576,599,1048576,9.792225861233115,9.792225861233115
standard_interaction,Standard initialization + interaction-aware mutation,standard,interaction_aware,0,thesis_interactionaware_joint_mistral_s0.25_qproj3.0_g50_o16_seed0,22,0.6484375,,626,1097728,626,1097728,10.02101033256622,10.02101033256622
standard_interaction,Standard initialization + interaction-aware mutation,standard,interaction_aware,0,thesis_interactionaware_joint_mistral_s0.25_qproj3.0_g50_o16_seed0,23,0.6484375,,653,1146880,653,1146880,10.239146609866292,10.239146609866292
standard_interaction,Standard initialization + interaction-aware mutation,standard,interaction_aware,0,thesis_interactionaware_joint_mistral_s0.25_qproj3.0_g50_o16_seed0,24,0.638671875,,680,1196032,680,1196032,10.459479645482498,10.459479645482498
standard_interaction,Standard initialization + interaction-aware mutation,standard,interaction_aware,0,thesis_interactionaware_joint_mistral_s0.25_qproj3.0_g50_o16_seed0,25,0.638671875,,707,1245184,707,1245184,10.67548669348277,10.67548669348277
standard_interaction,Standard initialization + interaction-aware mutation,standard,interaction_aware,0,thesis_interactionaware_joint_mistral_s0.25_qproj3.0_g50_o16_seed0,26,0.63916015625,11.265625,734,1294336,734,1294336,11.777328390216764,11.777328390216764
standard_interaction,Standard initialization + interaction-aware mutation,standard,interaction_aware,0,thesis_interactionaware_joint_mistral_s0.25_qproj3.0_g50_o16_seed0,27,0.62841796875,,761,1343488,761,1343488,11.9954346576822,11.9954346576822
standard_interaction,Standard initialization + interaction-aware mutation,standard,interaction_aware,0,thesis_interactionaware_joint_mistral_s0.25_qproj3.0_g50_o16_seed0,28,0.62841796875,,788,1392640,788,1392640,12.225095819765313,12.225095819765313
standard_interaction,Standard initialization + interaction-aware mutation,standard,interaction_aware,0,thesis_interactionaware_joint_mistral_s0.25_qproj3.0_g50_o16_seed0,29,0.6181640625,,815,1441792,815,1441792,12.431600286215932,12.431600286215932
standard_interaction,Standard initialization + interaction-aware mutation,standard,interaction_aware,0,thesis_interactionaware_joint_mistral_s0.25_qproj3.0_g50_o16_seed0,30,0.6181640625,,842,1490944,842,1490944,12.6456853766654,12.6456853766654
standard_interaction,Standard initialization + interaction-aware mutation,standard,interaction_aware,0,thesis_interactionaware_joint_mistral_s0.25_qproj3.0_g50_o16_seed0,31,0.6181640625,11.03125,869,1540096,869,1540096,13.750026678282302,13.750026678282302
standard_interaction,Standard initialization + interaction-aware mutation,standard,interaction_aware,0,thesis_interactionaware_joint_mistral_s0.25_qproj3.0_g50_o16_seed0,32,0.6123046875,,896,1589248,896,1589248,13.96367417484871,13.96367417484871
standard_interaction,Standard initialization + interaction-aware mutation,standard,interaction_aware,0,thesis_interactionaware_joint_mistral_s0.25_qproj3.0_g50_o16_seed0,33,0.6123046875,,923,1638400,923,1638400,14.189681177332144,14.189681177332144
standard_interaction,Standard initialization + interaction-aware mutation,standard,interaction_aware,0,thesis_interactionaware_joint_mistral_s0.25_qproj3.0_g50_o16_seed0,34,0.61279296875,,950,1687552,950,1687552,14.408298503582289,14.408298503582289
standard_interaction,Standard initialization + interaction-aware mutation,standard,interaction_aware,0,thesis_interactionaware_joint_mistral_s0.25_qproj3.0_g50_o16_seed0,35,0.61279296875,,977,1736704,977,1736704,14.624657282415622,14.624657282415622
standard_interaction,Standard initialization + interaction-aware mutation,standard,interaction_aware,0,thesis_interactionaware_joint_mistral_s0.25_qproj3.0_g50_o16_seed0,36,0.61279296875,10.9453125,1004,1785856,1004,1785856,15.71590673966566,15.71590673966566
standard_interaction,Standard initialization + interaction-aware mutation,standard,interaction_aware,0,thesis_interactionaware_joint_mistral_s0.25_qproj3.0_g50_o16_seed0,37,0.61279296875,,1031,1835008,1031,1835008,15.933275165049903,15.933275165049903
standard_interaction,Standard initialization + interaction-aware mutation,standard,interaction_aware,0,thesis_interactionaware_joint_mistral_s0.25_qproj3.0_g50_o16_seed0,38,0.6123046875,,1058,1884160,1058,1884160,16.161987549483698,16.161987549483698
standard_interaction,Standard initialization + interaction-aware mutation,standard,interaction_aware,0,thesis_interactionaware_joint_mistral_s0.25_qproj3.0_g50_o16_seed0,39,0.6123046875,,1085,1933312,1085,1933312,16.366588841516446,16.366588841516446
standard_interaction,Standard initialization + interaction-aware mutation,standard,interaction_aware,0,thesis_interactionaware_joint_mistral_s0.25_qproj3.0_g50_o16_seed0,40,0.61279296875,,1112,1982464,1112,1982464,16.5801750676493,16.5801750676493
standard_interaction,Standard initialization + interaction-aware mutation,standard,interaction_aware,0,thesis_interactionaware_joint_mistral_s0.25_qproj3.0_g50_o16_seed0,41,0.61279296875,10.9453125,1139,2031616,1139,2031616,17.66776751548362,17.66776751548362
standard_interaction,Standard initialization + interaction-aware mutation,standard,interaction_aware,0,thesis_interactionaware_joint_mistral_s0.25_qproj3.0_g50_o16_seed0,42,0.61279296875,,1166,2080768,1166,2080768,17.87643833779924,17.87643833779924
standard_interaction,Standard initialization + interaction-aware mutation,standard,interaction_aware,0,thesis_interactionaware_joint_mistral_s0.25_qproj3.0_g50_o16_seed0,43,0.61279296875,,1193,2129920,1193,2129920,18.09295671043219,18.09295671043219
standard_interaction,Standard initialization + interaction-aware mutation,standard,interaction_aware,0,thesis_interactionaware_joint_mistral_s0.25_qproj3.0_g50_o16_seed0,44,0.6123046875,,1220,2179072,1220,2179072,18.319419521000235,18.319419521000235
standard_interaction,Standard initialization + interaction-aware mutation,standard,interaction_aware,0,thesis_interactionaware_joint_mistral_s0.25_qproj3.0_g50_o16_seed0,45,0.61279296875,,1247,2228224,1247,2228224,18.538658804999432,18.538658804999432
standard_interaction,Standard initialization + interaction-aware mutation,standard,interaction_aware,0,thesis_interactionaware_joint_mistral_s0.25_qproj3.0_g50_o16_seed0,46,0.6123046875,10.9453125,1274,2277376,1274,2277376,19.642186964215945,19.642186964215945
standard_interaction,Standard initialization + interaction-aware mutation,standard,interaction_aware,0,thesis_interactionaware_joint_mistral_s0.25_qproj3.0_g50_o16_seed0,47,0.61279296875,,1301,2326528,1301,2326528,19.855500343399278,19.855500343399278
standard_interaction,Standard initialization + interaction-aware mutation,standard,interaction_aware,0,thesis_interactionaware_joint_mistral_s0.25_qproj3.0_g50_o16_seed0,48,0.6123046875,,1328,2375680,1328,2375680,20.070128183648922,20.070128183648922
standard_interaction,Standard initialization + interaction-aware mutation,standard,interaction_aware,0,thesis_interactionaware_joint_mistral_s0.25_qproj3.0_g50_o16_seed0,49,0.61279296875,,1355,2424832,1355,2424832,20.29505185201609,20.29505185201609
standard_interaction,Standard initialization + interaction-aware mutation,standard,interaction_aware,0,thesis_interactionaware_joint_mistral_s0.25_qproj3.0_g50_o16_seed0,50,0.61083984375,10.8984375,1382,2473984,1382,2473984,20.512928114499665,20.512928114499665
standard_interaction,Standard initialization + interaction-aware mutation,standard,interaction_aware,1,thesis_interactionaware_joint_mistral_s0.25_qproj3.0_g50_o16_seed1,1,1.2099609375,19.84375,59,65536,59,65536,1.7002429262851364,1.7002429262851364
standard_interaction,Standard initialization + interaction-aware mutation,standard,interaction_aware,1,thesis_interactionaware_joint_mistral_s0.25_qproj3.0_g50_o16_seed1,2,1.166015625,,86,114688,86,114688,1.9133459151509062,1.9133459151509062
standard_interaction,Standard initialization + interaction-aware mutation,standard,interaction_aware,1,thesis_interactionaware_joint_mistral_s0.25_qproj3.0_g50_o16_seed1,3,1.0673828125,,113,163840,113,163840,2.125138978885176,2.125138978885176
standard_interaction,Standard initialization + interaction-aware mutation,standard,interaction_aware,1,thesis_interactionaware_joint_mistral_s0.25_qproj3.0_g50_o16_seed1,4,0.9287109375,,140,212992,140,212992,2.3376163837014854,2.3376163837014854
standard_interaction,Standard initialization + interaction-aware mutation,standard,interaction_aware,1,thesis_interactionaware_joint_mistral_s0.25_qproj3.0_g50_o16_seed1,5,0.861328125,,167,262144,167,262144,2.561042928734484,2.561042928734484
standard_interaction,Standard initialization + interaction-aware mutation,standard,interaction_aware,1,thesis_interactionaware_joint_mistral_s0.25_qproj3.0_g50_o16_seed1,6,0.84228515625,14.046875,194,311296,194,311296,3.6486228660835573,3.6486228660835573
standard_interaction,Standard initialization + interaction-aware mutation,standard,interaction_aware,1,thesis_interactionaware_joint_mistral_s0.25_qproj3.0_g50_o16_seed1,7,0.8251953125,,221,360448,221,360448,3.8556310850350806,3.8556310850350806
standard_interaction,Standard initialization + interaction-aware mutation,standard,interaction_aware,1,thesis_interactionaware_joint_mistral_s0.25_qproj3.0_g50_o16_seed1,8,0.8251953125,,248,409600,248,409600,4.062870364300519,4.062870364300519
standard_interaction,Standard initialization + interaction-aware mutation,standard,interaction_aware,1,thesis_interactionaware_joint_mistral_s0.25_qproj3.0_g50_o16_seed1,9,0.82470703125,,275,458752,275,458752,4.275222315633437,4.275222315633437
standard_interaction,Standard initialization + interaction-aware mutation,standard,interaction_aware,1,thesis_interactionaware_joint_mistral_s0.25_qproj3.0_g50_o16_seed1,10,0.8076171875,,302,507904,302,507904,4.492332927133733,4.492332927133733
standard_interaction,Standard initialization + interaction-aware mutation,standard,interaction_aware,1,thesis_interactionaware_joint_mistral_s0.25_qproj3.0_g50_o16_seed1,11,0.8076171875,13.6171875,329,557056,329,557056,5.592013954051072,5.592013954051072
standard_interaction,Standard initialization + interaction-aware mutation,standard,interaction_aware,1,thesis_interactionaware_joint_mistral_s0.25_qproj3.0_g50_o16_seed1,12,0.80859375,,356,606208,356,606208,5.794794857368106,5.794794857368106
standard_interaction,Standard initialization + interaction-aware mutation,standard,interaction_aware,1,thesis_interactionaware_joint_mistral_s0.25_qproj3.0_g50_o16_seed1,13,0.8076171875,,383,655360,383,655360,5.9998965881338036,5.9998965881338036
standard_interaction,Standard initialization + interaction-aware mutation,standard,interaction_aware,1,thesis_interactionaware_joint_mistral_s0.25_qproj3.0_g50_o16_seed1,14,0.80810546875,,410,704512,410,704512,6.202865572733572,6.202865572733572
standard_interaction,Standard initialization + interaction-aware mutation,standard,interaction_aware,1,thesis_interactionaware_joint_mistral_s0.25_qproj3.0_g50_o16_seed1,15,0.80859375,,437,753664,437,753664,6.40385179783334,6.40385179783334
standard_interaction,Standard initialization + interaction-aware mutation,standard,interaction_aware,1,thesis_interactionaware_joint_mistral_s0.25_qproj3.0_g50_o16_seed1,16,0.77978515625,13.1953125,464,802816,464,802816,7.50130256456711,7.50130256456711
standard_interaction,Standard initialization + interaction-aware mutation,standard,interaction_aware,1,thesis_interactionaware_joint_mistral_s0.25_qproj3.0_g50_o16_seed1,17,0.7802734375,,491,851968,491,851968,7.712175946401355,7.712175946401355
standard_interaction,Standard initialization + interaction-aware mutation,standard,interaction_aware,1,thesis_interactionaware_joint_mistral_s0.25_qproj3.0_g50_o16_seed1,18,0.7802734375,,518,901120,518,901120,7.922494245250709,7.922494245250709
standard_interaction,Standard initialization + interaction-aware mutation,standard,interaction_aware,1,thesis_interactionaware_joint_mistral_s0.25_qproj3.0_g50_o16_seed1,19,0.7607421875,,545,950272,545,950272,8.126966669784936,8.126966669784936
standard_interaction,Standard initialization + interaction-aware mutation,standard,interaction_aware,1,thesis_interactionaware_joint_mistral_s0.25_qproj3.0_g50_o16_seed1,20,0.7529296875,,572,999424,572,999424,8.330525572984092,8.330525572984092
standard_interaction,Standard initialization + interaction-aware mutation,standard,interaction_aware,1,thesis_interactionaware_joint_mistral_s0.25_qproj3.0_g50_o16_seed1,21,0.72705078125,12.640625,599,1048576,599,1048576,9.407684453567102,9.407684453567102
standard_interaction,Standard initialization + interaction-aware mutation,standard,interaction_aware,1,thesis_interactionaware_joint_mistral_s0.25_qproj3.0_g50_o16_seed1,22,0.7021484375,,626,1097728,626,1097728,9.6261795544667,9.6261795544667
standard_interaction,Standard initialization + interaction-aware mutation,standard,interaction_aware,1,thesis_interactionaware_joint_mistral_s0.25_qproj3.0_g50_o16_seed1,23,0.669921875,,653,1146880,653,1146880,9.837074961266868,9.837074961266868
standard_interaction,Standard initialization + interaction-aware mutation,standard,interaction_aware,1,thesis_interactionaware_joint_mistral_s0.25_qproj3.0_g50_o16_seed1,24,0.6708984375,,680,1196032,680,1196032,10.041919550000845,10.041919550000845
standard_interaction,Standard initialization + interaction-aware mutation,standard,interaction_aware,1,thesis_interactionaware_joint_mistral_s0.25_qproj3.0_g50_o16_seed1,25,0.6572265625,,707,1245184,707,1245184,10.244340049283347,10.244340049283347
standard_interaction,Standard initialization + interaction-aware mutation,standard,interaction_aware,1,thesis_interactionaware_joint_mistral_s0.25_qproj3.0_g50_o16_seed1,26,0.65087890625,11.96875,734,1294336,734,1294336,11.333816477068467,11.333816477068467
standard_interaction,Standard initialization + interaction-aware mutation,standard,interaction_aware,1,thesis_interactionaware_joint_mistral_s0.25_qproj3.0_g50_o16_seed1,27,0.65087890625,,761,1343488,761,1343488,11.543760448717512,11.543760448717512
standard_interaction,Standard initialization + interaction-aware mutation,standard,interaction_aware,1,thesis_interactionaware_joint_mistral_s0.25_qproj3.0_g50_o16_seed1,28,0.6484375,,788,1392640,788,1392640,11.765191979584051,11.765191979584051
standard_interaction,Standard initialization + interaction-aware mutation,standard,interaction_aware,1,thesis_interactionaware_joint_mistral_s0.25_qproj3.0_g50_o16_seed1,29,0.6484375,,815,1441792,815,1441792,11.982268566601366,11.982268566601366
standard_interaction,Standard initialization + interaction-aware mutation,standard,interaction_aware,1,thesis_interactionaware_joint_mistral_s0.25_qproj3.0_g50_o16_seed1,30,0.6357421875,,842,1490944,842,1490944,12.197914507917206,12.197914507917206
standard_interaction,Standard initialization + interaction-aware mutation,standard,interaction_aware,1,thesis_interactionaware_joint_mistral_s0.25_qproj3.0_g50_o16_seed1,31,0.63623046875,11.828125,869,1540096,869,1540096,13.31118952340136,13.31118952340136
standard_interaction,Standard initialization + interaction-aware mutation,standard,interaction_aware,1,thesis_interactionaware_joint_mistral_s0.25_qproj3.0_g50_o16_seed1,32,0.60107421875,,896,1589248,896,1589248,13.523070044101527,13.523070044101527
standard_interaction,Standard initialization + interaction-aware mutation,standard,interaction_aware,1,thesis_interactionaware_joint_mistral_s0.25_qproj3.0_g50_o16_seed1,33,0.6005859375,,923,1638400,923,1638400,13.754450865483765,13.754450865483765
standard_interaction,Standard initialization + interaction-aware mutation,standard,interaction_aware,1,thesis_interactionaware_joint_mistral_s0.25_qproj3.0_g50_o16_seed1,34,0.5986328125,,950,1687552,950,1687552,13.96548244060056,13.96548244060056
standard_interaction,Standard initialization + interaction-aware mutation,standard,interaction_aware,1,thesis_interactionaware_joint_mistral_s0.25_qproj3.0_g50_o16_seed1,35,0.5986328125,,977,1736704,977,1736704,14.186713197534361,14.186713197534361
standard_interaction,Standard initialization + interaction-aware mutation,standard,interaction_aware,1,thesis_interactionaware_joint_mistral_s0.25_qproj3.0_g50_o16_seed1,36,0.59912109375,11.1328125,1004,1785856,1004,1785856,15.279050239883752,15.279050239883752
standard_interaction,Standard initialization + interaction-aware mutation,standard,interaction_aware,1,thesis_interactionaware_joint_mistral_s0.25_qproj3.0_g50_o16_seed1,37,0.5986328125,,1031,1835008,1031,1835008,15.488568830583244,15.488568830583244
standard_interaction,Standard initialization + interaction-aware mutation,standard,interaction_aware,1,thesis_interactionaware_joint_mistral_s0.25_qproj3.0_g50_o16_seed1,38,0.5986328125,,1058,1884160,1058,1884160,15.71507086606774,15.71507086606774
standard_interaction,Standard initialization + interaction-aware mutation,standard,interaction_aware,1,thesis_interactionaware_joint_mistral_s0.25_qproj3.0_g50_o16_seed1,39,0.59912109375,,1085,1933312,1085,1933312,15.93354750831689,15.93354750831689
standard_interaction,Standard initialization + interaction-aware mutation,standard,interaction_aware,1,thesis_interactionaware_joint_mistral_s0.25_qproj3.0_g50_o16_seed1,40,0.59912109375,,1112,1982464,1112,1982464,16.149641082583305,16.149641082583305
standard_interaction,Standard initialization + interaction-aware mutation,standard,interaction_aware,1,thesis_interactionaware_joint_mistral_s0.25_qproj3.0_g50_o16_seed1,41,0.5986328125,11.1328125,1139,2031616,1139,2031616,17.23873495666776,17.23873495666776
standard_interaction,Standard initialization + interaction-aware mutation,standard,interaction_aware,1,thesis_interactionaware_joint_mistral_s0.25_qproj3.0_g50_o16_seed1,42,0.59814453125,,1166,2080768,1166,2080768,17.442677879884528,17.442677879884528
standard_interaction,Standard initialization + interaction-aware mutation,standard,interaction_aware,1,thesis_interactionaware_joint_mistral_s0.25_qproj3.0_g50_o16_seed1,43,0.59765625,,1193,2129920,1193,2129920,17.667765131484096,17.667765131484096
standard_interaction,Standard initialization + interaction-aware mutation,standard,interaction_aware,1,thesis_interactionaware_joint_mistral_s0.25_qproj3.0_g50_o16_seed1,44,0.59765625,,1220,2179072,1220,2179072,17.883953468466643,17.883953468466643
standard_interaction,Standard initialization + interaction-aware mutation,standard,interaction_aware,1,thesis_interactionaware_joint_mistral_s0.25_qproj3.0_g50_o16_seed1,45,0.59716796875,,1247,2228224,1247,2228224,18.09347997380149,18.09347997380149
standard_interaction,Standard initialization + interaction-aware mutation,standard,interaction_aware,1,thesis_interactionaware_joint_mistral_s0.25_qproj3.0_g50_o16_seed1,46,0.59716796875,11.2265625,1274,2277376,1274,2277376,19.179563400851716,19.179563400851716
standard_interaction,Standard initialization + interaction-aware mutation,standard,interaction_aware,1,thesis_interactionaware_joint_mistral_s0.25_qproj3.0_g50_o16_seed1,47,0.59765625,,1301,2326528,1301,2326528,19.389276100301263,19.389276100301263
standard_interaction,Standard initialization + interaction-aware mutation,standard,interaction_aware,1,thesis_interactionaware_joint_mistral_s0.25_qproj3.0_g50_o16_seed1,48,0.59716796875,,1328,2375680,1328,2375680,19.596272768316947,19.596272768316947
standard_interaction,Standard initialization + interaction-aware mutation,standard,interaction_aware,1,thesis_interactionaware_joint_mistral_s0.25_qproj3.0_g50_o16_seed1,49,0.59130859375,,1355,2424832,1355,2424832,19.824069750516596,19.824069750516596
standard_interaction,Standard initialization + interaction-aware mutation,standard,interaction_aware,1,thesis_interactionaware_joint_mistral_s0.25_qproj3.0_g50_o16_seed1,50,0.5908203125,11.1171875,1382,2473984,1382,2473984,20.04056105661827,20.04056105661827
standard_interaction,Standard initialization + interaction-aware mutation,standard,interaction_aware,2,thesis_interactionaware_joint_mistral_s0.25_qproj3.0_g50_o16_seed2,1,1.396484375,27.078125,59,65536,59,65536,1.742696975666331,1.742696975666331
standard_interaction,Standard initialization + interaction-aware mutation,standard,interaction_aware,2,thesis_interactionaware_joint_mistral_s0.25_qproj3.0_g50_o16_seed2,2,1.0869140625,,86,114688,86,114688,1.9538883741828612,1.9538883741828612
standard_interaction,Standard initialization + interaction-aware mutation,standard,interaction_aware,2,thesis_interactionaware_joint_mistral_s0.25_qproj3.0_g50_o16_seed2,3,0.9990234375,,113,163840,113,163840,2.172710092400666,2.172710092400666
standard_interaction,Standard initialization + interaction-aware mutation,standard,interaction_aware,2,thesis_interactionaware_joint_mistral_s0.25_qproj3.0_g50_o16_seed2,4,0.90185546875,,140,212992,140,212992,2.3825979390492042,2.3825979390492042
standard_interaction,Standard initialization + interaction-aware mutation,standard,interaction_aware,2,thesis_interactionaware_joint_mistral_s0.25_qproj3.0_g50_o16_seed2,5,0.87548828125,,167,262144,167,262144,2.5925223934832804,2.5925223934832804
standard_interaction,Standard initialization + interaction-aware mutation,standard,interaction_aware,2,thesis_interactionaware_joint_mistral_s0.25_qproj3.0_g50_o16_seed2,6,0.8759765625,14.640625,194,311296,194,311296,3.6816211151657625,3.6816211151657625
standard_interaction,Standard initialization + interaction-aware mutation,standard,interaction_aware,2,thesis_interactionaware_joint_mistral_s0.25_qproj3.0_g50_o16_seed2,7,0.845703125,,221,360448,221,360448,3.8843531322161047,3.8843531322161047
standard_interaction,Standard initialization + interaction-aware mutation,standard,interaction_aware,2,thesis_interactionaware_joint_mistral_s0.25_qproj3.0_g50_o16_seed2,8,0.83056640625,,248,409600,248,409600,4.090348951066456,4.090348951066456
standard_interaction,Standard initialization + interaction-aware mutation,standard,interaction_aware,2,thesis_interactionaware_joint_mistral_s0.25_qproj3.0_g50_o16_seed2,9,0.83056640625,,275,458752,275,458752,4.309245681349421,4.309245681349421
standard_interaction,Standard initialization + interaction-aware mutation,standard,interaction_aware,2,thesis_interactionaware_joint_mistral_s0.25_qproj3.0_g50_o16_seed2,10,0.83056640625,,302,507904,302,507904,4.503238058033943,4.503238058033943
standard_interaction,Standard initialization + interaction-aware mutation,standard,interaction_aware,2,thesis_interactionaware_joint_mistral_s0.25_qproj3.0_g50_o16_seed2,11,0.830078125,13.5625,329,557056,329,557056,5.590113823216719,5.590113823216719
standard_interaction,Standard initialization + interaction-aware mutation,standard,interaction_aware,2,thesis_interactionaware_joint_mistral_s0.25_qproj3.0_g50_o16_seed2,12,0.783203125,,356,606208,356,606208,5.793181699933484,5.793181699933484
standard_interaction,Standard initialization + interaction-aware mutation,standard,interaction_aware,2,thesis_interactionaware_joint_mistral_s0.25_qproj3.0_g50_o16_seed2,13,0.76708984375,,383,655360,383,655360,6.000735802432367,6.000735802432367
standard_interaction,Standard initialization + interaction-aware mutation,standard,interaction_aware,2,thesis_interactionaware_joint_mistral_s0.25_qproj3.0_g50_o16_seed2,14,0.76025390625,,410,704512,410,704512,6.223094395666461,6.223094395666461
standard_interaction,Standard initialization + interaction-aware mutation,standard,interaction_aware,2,thesis_interactionaware_joint_mistral_s0.25_qproj3.0_g50_o16_seed2,15,0.75537109375,,437,753664,437,753664,6.4320247017662044,6.4320247017662044
standard_interaction,Standard initialization + interaction-aware mutation,standard,interaction_aware,2,thesis_interactionaware_joint_mistral_s0.25_qproj3.0_g50_o16_seed2,16,0.75146484375,12.765625,464,802816,464,802816,7.509214296482969,7.509214296482969
standard_interaction,Standard initialization + interaction-aware mutation,standard,interaction_aware,2,thesis_interactionaware_joint_mistral_s0.25_qproj3.0_g50_o16_seed2,17,0.75146484375,,491,851968,491,851968,7.708357626450015,7.708357626450015
standard_interaction,Standard initialization + interaction-aware mutation,standard,interaction_aware,2,thesis_interactionaware_joint_mistral_s0.25_qproj3.0_g50_o16_seed2,18,0.73095703125,,518,901120,518,901120,7.915001269466787,7.915001269466787
standard_interaction,Standard initialization + interaction-aware mutation,standard,interaction_aware,2,thesis_interactionaware_joint_mistral_s0.25_qproj3.0_g50_o16_seed2,19,0.73095703125,,545,950272,545,950272,8.120754166182207,8.120754166182207
standard_interaction,Standard initialization + interaction-aware mutation,standard,interaction_aware,2,thesis_interactionaware_joint_mistral_s0.25_qproj3.0_g50_o16_seed2,20,0.712890625,,572,999424,572,999424,8.34071521468383,8.34071521468383
standard_interaction,Standard initialization + interaction-aware mutation,standard,interaction_aware,2,thesis_interactionaware_joint_mistral_s0.25_qproj3.0_g50_o16_seed2,21,0.71337890625,12.1328125,599,1048576,599,1048576,9.414064934682877,9.414064934682877
standard_interaction,Standard initialization + interaction-aware mutation,standard,interaction_aware,2,thesis_interactionaware_joint_mistral_s0.25_qproj3.0_g50_o16_seed2,22,0.68701171875,,626,1097728,626,1097728,9.622258980715802,9.622258980715802
standard_interaction,Standard initialization + interaction-aware mutation,standard,interaction_aware,2,thesis_interactionaware_joint_mistral_s0.25_qproj3.0_g50_o16_seed2,23,0.6865234375,,653,1146880,653,1146880,9.833577146365618,9.833577146365618
standard_interaction,Standard initialization + interaction-aware mutation,standard,interaction_aware,2,thesis_interactionaware_joint_mistral_s0.25_qproj3.0_g50_o16_seed2,24,0.68701171875,,680,1196032,680,1196032,10.043271954165538,10.043271954165538
standard_interaction,Standard initialization + interaction-aware mutation,standard,interaction_aware,2,thesis_interactionaware_joint_mistral_s0.25_qproj3.0_g50_o16_seed2,25,0.662109375,,707,1245184,707,1245184,10.267131956633724,10.267131956633724
standard_interaction,Standard initialization + interaction-aware mutation,standard,interaction_aware,2,thesis_interactionaware_joint_mistral_s0.25_qproj3.0_g50_o16_seed2,26,0.6630859375,11.7421875,734,1294336,734,1294336,11.353212533000624,11.353212533000624
standard_interaction,Standard initialization + interaction-aware mutation,standard,interaction_aware,2,thesis_interactionaware_joint_mistral_s0.25_qproj3.0_g50_o16_seed2,27,0.65087890625,,761,1343488,761,1343488,11.56096375635049,11.56096375635049
standard_interaction,Standard initialization + interaction-aware mutation,standard,interaction_aware,2,thesis_interactionaware_joint_mistral_s0.25_qproj3.0_g50_o16_seed2,28,0.65087890625,,788,1392640,788,1392640,11.76820590866652,11.76820590866652
standard_interaction,Standard initialization + interaction-aware mutation,standard,interaction_aware,2,thesis_interactionaware_joint_mistral_s0.25_qproj3.0_g50_o16_seed2,29,0.6513671875,,815,1441792,815,1441792,11.971564623115894,11.971564623115894
standard_interaction,Standard initialization + interaction-aware mutation,standard,interaction_aware,2,thesis_interactionaware_joint_mistral_s0.25_qproj3.0_g50_o16_seed2,30,0.6513671875,,842,1490944,842,1490944,12.176254856749438,12.176254856749438
standard_interaction,Standard initialization + interaction-aware mutation,standard,interaction_aware,2,thesis_interactionaware_joint_mistral_s0.25_qproj3.0_g50_o16_seed2,31,0.65087890625,11.671875,869,1540096,869,1540096,13.269545655565647,13.269545655565647
standard_interaction,Standard initialization + interaction-aware mutation,standard,interaction_aware,2,thesis_interactionaware_joint_mistral_s0.25_qproj3.0_g50_o16_seed2,32,0.6513671875,,896,1589248,896,1589248,13.48090411714899,13.48090411714899
standard_interaction,Standard initialization + interaction-aware mutation,standard,interaction_aware,2,thesis_interactionaware_joint_mistral_s0.25_qproj3.0_g50_o16_seed2,33,0.6513671875,,923,1638400,923,1638400,13.69046038413265,13.69046038413265
standard_interaction,Standard initialization + interaction-aware mutation,standard,interaction_aware,2,thesis_interactionaware_joint_mistral_s0.25_qproj3.0_g50_o16_seed2,34,0.6513671875,,950,1687552,950,1687552,13.893886048932716,13.893886048932716
standard_interaction,Standard initialization + interaction-aware mutation,standard,interaction_aware,2,thesis_interactionaware_joint_mistral_s0.25_qproj3.0_g50_o16_seed2,35,0.65087890625,,977,1736704,977,1736704,14.099148095950174,14.099148095950174
standard_interaction,Standard initialization + interaction-aware mutation,standard,interaction_aware,2,thesis_interactionaware_joint_mistral_s0.25_qproj3.0_g50_o16_seed2,36,0.65087890625,11.671875,1004,1785856,1004,1785856,15.177777843132693,15.177777843132693
standard_interaction,Standard initialization + interaction-aware mutation,standard,interaction_aware,2,thesis_interactionaware_joint_mistral_s0.25_qproj3.0_g50_o16_seed2,37,0.6513671875,,1031,1835008,1031,1835008,15.398969978150369,15.398969978150369
standard_interaction,Standard initialization + interaction-aware mutation,standard,interaction_aware,2,thesis_interactionaware_joint_mistral_s0.25_qproj3.0_g50_o16_seed2,38,0.650390625,,1058,1884160,1058,1884160,15.604419751017122,15.604419751017122
standard_interaction,Standard initialization + interaction-aware mutation,standard,interaction_aware,2,thesis_interactionaware_joint_mistral_s0.25_qproj3.0_g50_o16_seed2,39,0.6513671875,,1085,1933312,1085,1933312,15.809133769166268,15.809133769166268
standard_interaction,Standard initialization + interaction-aware mutation,standard,interaction_aware,2,thesis_interactionaware_joint_mistral_s0.25_qproj3.0_g50_o16_seed2,40,0.6513671875,,1112,1982464,1112,1982464,16.014580745366402,16.014580745366402
standard_interaction,Standard initialization + interaction-aware mutation,standard,interaction_aware,2,thesis_interactionaware_joint_mistral_s0.25_qproj3.0_g50_o16_seed2,41,0.6513671875,11.671875,1139,2031616,1139,2031616,17.091722600899327,17.091722600899327
standard_interaction,Standard initialization + interaction-aware mutation,standard,interaction_aware,2,thesis_interactionaware_joint_mistral_s0.25_qproj3.0_g50_o16_seed2,42,0.6513671875,,1166,2080768,1166,2080768,17.30031948396548,17.30031948396548
standard_interaction,Standard initialization + interaction-aware mutation,standard,interaction_aware,2,thesis_interactionaware_joint_mistral_s0.25_qproj3.0_g50_o16_seed2,43,0.6513671875,,1193,2129920,1193,2129920,17.518991698283934,17.518991698283934
standard_interaction,Standard initialization + interaction-aware mutation,standard,interaction_aware,2,thesis_interactionaware_joint_mistral_s0.25_qproj3.0_g50_o16_seed2,44,0.65087890625,,1220,2179072,1220,2179072,17.72470022945005,17.72470022945005
standard_interaction,Standard initialization + interaction-aware mutation,standard,interaction_aware,2,thesis_interactionaware_joint_mistral_s0.25_qproj3.0_g50_o16_seed2,45,0.6513671875,,1247,2228224,1247,2228224,17.932678556032865,17.932678556032865
standard_interaction,Standard initialization + interaction-aware mutation,standard,interaction_aware,2,thesis_interactionaware_joint_mistral_s0.25_qproj3.0_g50_o16_seed2,46,0.65087890625,11.671875,1274,2277376,1274,2277376,19.018687827916196,19.018687827916196
standard_interaction,Standard initialization + interaction-aware mutation,standard,interaction_aware,2,thesis_interactionaware_joint_mistral_s0.25_qproj3.0_g50_o16_seed2,47,0.64013671875,,1301,2326528,1301,2326528,19.225707070566326,19.225707070566326
standard_interaction,Standard initialization + interaction-aware mutation,standard,interaction_aware,2,thesis_interactionaware_joint_mistral_s0.25_qproj3.0_g50_o16_seed2,48,0.64111328125,,1328,2375680,1328,2375680,19.441822576565514,19.441822576565514
standard_interaction,Standard initialization + interaction-aware mutation,standard,interaction_aware,2,thesis_interactionaware_joint_mistral_s0.25_qproj3.0_g50_o16_seed2,49,0.62548828125,,1355,2424832,1355,2424832,19.643128246365812,19.643128246365812
standard_interaction,Standard initialization + interaction-aware mutation,standard,interaction_aware,2,thesis_interactionaware_joint_mistral_s0.25_qproj3.0_g50_o16_seed2,50,0.625,11.2421875,1382,2473984,1382,2473984,19.851094755600208,19.851094755600208
depthwarm_interaction,Depth→Joint warm start + interaction-aware mutation,depth_warm,interaction_aware,0,thesis_depthwarm_interactionaware_joint_mistral_s0.25_qproj3.0_g50_o16_seed0,1,0.9052734375,11.9921875,28,49664,600,1049088,1.698600596919035,11.231933930252369
depthwarm_interaction,Depth→Joint warm start + interaction-aware mutation,depth_warm,interaction_aware,0,thesis_depthwarm_interactionaware_joint_mistral_s0.25_qproj3.0_g50_o16_seed0,2,0.68212890625,,55,98816,627,1098240,1.9109667959002157,11.444300129233548
depthwarm_interaction,Depth→Joint warm start + interaction-aware mutation,depth_warm,interaction_aware,0,thesis_depthwarm_interactionaware_joint_mistral_s0.25_qproj3.0_g50_o16_seed0,3,0.681640625,,82,147968,654,1147392,2.1119282844554013,11.645261617788735
depthwarm_interaction,Depth→Joint warm start + interaction-aware mutation,depth_warm,interaction_aware,0,thesis_depthwarm_interactionaware_joint_mistral_s0.25_qproj3.0_g50_o16_seed0,4,0.681640625,,109,197120,681,1196544,2.314794877838964,11.848128211172298
depthwarm_interaction,Depth→Joint warm start + interaction-aware mutation,depth_warm,interaction_aware,0,thesis_depthwarm_interactionaware_joint_mistral_s0.25_qproj3.0_g50_o16_seed0,5,0.681640625,,136,246272,708,1245696,2.528826705032649,12.062160038365983
depthwarm_interaction,Depth→Joint warm start + interaction-aware mutation,depth_warm,interaction_aware,0,thesis_depthwarm_interactionaware_joint_mistral_s0.25_qproj3.0_g50_o16_seed0,6,0.6533203125,11.3359375,163,295424,735,1294848,3.611866324301809,13.145199657635143
depthwarm_interaction,Depth→Joint warm start + interaction-aware mutation,depth_warm,interaction_aware,0,thesis_depthwarm_interactionaware_joint_mistral_s0.25_qproj3.0_g50_o16_seed0,7,0.6474609375,,190,344576,762,1344000,3.8093731611734256,13.342706494506759
depthwarm_interaction,Depth→Joint warm start + interaction-aware mutation,depth_warm,interaction_aware,0,thesis_depthwarm_interactionaware_joint_mistral_s0.25_qproj3.0_g50_o16_seed0,8,0.64013671875,,217,393728,789,1393152,4.00748192522054,13.540815258553872
depthwarm_interaction,Depth→Joint warm start + interaction-aware mutation,depth_warm,interaction_aware,0,thesis_depthwarm_interactionaware_joint_mistral_s0.25_qproj3.0_g50_o16_seed0,9,0.64013671875,,244,442880,816,1442304,4.202523457421921,13.735856790755255
depthwarm_interaction,Depth→Joint warm start + interaction-aware mutation,depth_warm,interaction_aware,0,thesis_depthwarm_interactionaware_joint_mistral_s0.25_qproj3.0_g50_o16_seed0,10,0.640625,,271,492032,843,1491456,4.396676373939651,13.930009707272983
depthwarm_interaction,Depth→Joint warm start + interaction-aware mutation,depth_warm,interaction_aware,0,thesis_depthwarm_interactionaware_joint_mistral_s0.25_qproj3.0_g50_o16_seed0,11,0.64013671875,11.0703125,298,541184,870,1540608,5.4553618731054785,14.988695206438813
depthwarm_interaction,Depth→Joint warm start + interaction-aware mutation,depth_warm,interaction_aware,0,thesis_depthwarm_interactionaware_joint_mistral_s0.25_qproj3.0_g50_o16_seed0,12,0.64013671875,,325,590336,897,1589760,5.667968154403692,15.201301487737025
depthwarm_interaction,Depth→Joint warm start + interaction-aware mutation,depth_warm,interaction_aware,0,thesis_depthwarm_interactionaware_joint_mistral_s0.25_qproj3.0_g50_o16_seed0,13,0.6337890625,,352,639488,924,1638912,5.871820588751386,15.405153922084718
depthwarm_interaction,Depth→Joint warm start + interaction-aware mutation,depth_warm,interaction_aware,0,thesis_depthwarm_interactionaware_joint_mistral_s0.25_qproj3.0_g50_o16_seed0,14,0.63427734375,,379,688640,951,1688064,6.072616807604208,15.605950140937543
depthwarm_interaction,Depth→Joint warm start + interaction-aware mutation,depth_warm,interaction_aware,0,thesis_depthwarm_interactionaware_joint_mistral_s0.25_qproj3.0_g50_o16_seed0,15,0.634765625,,406,737792,978,1737216,6.277081783271084,15.810415116604418
depthwarm_interaction,Depth→Joint warm start + interaction-aware mutation,depth_warm,interaction_aware,0,thesis_depthwarm_interactionaware_joint_mistral_s0.25_qproj3.0_g50_o16_seed0,16,0.634765625,11.15625,433,786944,1005,1786368,7.350067953020334,16.883401286353667
depthwarm_interaction,Depth→Joint warm start + interaction-aware mutation,depth_warm,interaction_aware,0,thesis_depthwarm_interactionaware_joint_mistral_s0.25_qproj3.0_g50_o16_seed0,17,0.63525390625,,460,836096,1032,1835520,7.5598825991852205,17.093215932518554
depthwarm_interaction,Depth→Joint warm start + interaction-aware mutation,depth_warm,interaction_aware,0,thesis_depthwarm_interactionaware_joint_mistral_s0.25_qproj3.0_g50_o16_seed0,18,0.634765625,,487,885248,1059,1884672,7.7835412192236015,17.316874552556936
depthwarm_interaction,Depth→Joint warm start + interaction-aware mutation,depth_warm,interaction_aware,0,thesis_depthwarm_interactionaware_joint_mistral_s0.25_qproj3.0_g50_o16_seed0,19,0.634765625,,514,934400,1086,1933824,7.998585967067629,17.53191930040096
depthwarm_interaction,Depth→Joint warm start + interaction-aware mutation,depth_warm,interaction_aware,0,thesis_depthwarm_interactionaware_joint_mistral_s0.25_qproj3.0_g50_o16_seed0,20,0.634765625,,541,983552,1113,1982976,8.20249151585158,17.73582484918491
depthwarm_interaction,Depth→Joint warm start + interaction-aware mutation,depth_warm,interaction_aware,0,thesis_depthwarm_interactionaware_joint_mistral_s0.25_qproj3.0_g50_o16_seed0,21,0.634765625,11.15625,568,1032704,1140,2032128,9.284838985170548,18.81817231850388
depthwarm_interaction,Depth→Joint warm start + interaction-aware mutation,depth_warm,interaction_aware,0,thesis_depthwarm_interactionaware_joint_mistral_s0.25_qproj3.0_g50_o16_seed0,22,0.634765625,,595,1081856,1167,2081280,9.499825915135443,19.033159248468777
depthwarm_interaction,Depth→Joint warm start + interaction-aware mutation,depth_warm,interaction_aware,0,thesis_depthwarm_interactionaware_joint_mistral_s0.25_qproj3.0_g50_o16_seed0,23,0.63427734375,,622,1131008,1194,2130432,9.725839499849826,19.25917283318316
depthwarm_interaction,Depth→Joint warm start + interaction-aware mutation,depth_warm,interaction_aware,0,thesis_depthwarm_interactionaware_joint_mistral_s0.25_qproj3.0_g50_o16_seed0,24,0.63525390625,,649,1180160,1221,2179584,9.940321581003566,19.4736549143369
depthwarm_interaction,Depth→Joint warm start + interaction-aware mutation,depth_warm,interaction_aware,0,thesis_depthwarm_interactionaware_joint_mistral_s0.25_qproj3.0_g50_o16_seed0,25,0.63232421875,,676,1229312,1248,2228736,10.157005889100644,19.690339222433977
depthwarm_interaction,Depth→Joint warm start + interaction-aware mutation,depth_warm,interaction_aware,0,thesis_depthwarm_interactionaware_joint_mistral_s0.25_qproj3.0_g50_o16_seed0,26,0.6328125,11.03125,703,1278464,1275,2277888,11.225453542149626,20.758786875482958
depthwarm_interaction,Depth→Joint warm start + interaction-aware mutation,depth_warm,interaction_aware,0,thesis_depthwarm_interactionaware_joint_mistral_s0.25_qproj3.0_g50_o16_seed0,27,0.6318359375,,730,1327616,1302,2327040,11.432091605989262,20.965424939322595
depthwarm_interaction,Depth→Joint warm start + interaction-aware mutation,depth_warm,interaction_aware,0,thesis_depthwarm_interactionaware_joint_mistral_s0.25_qproj3.0_g50_o16_seed0,28,0.6318359375,,757,1376768,1329,2376192,11.632009565155021,21.165342898488355
depthwarm_interaction,Depth→Joint warm start + interaction-aware mutation,depth_warm,interaction_aware,0,thesis_depthwarm_interactionaware_joint_mistral_s0.25_qproj3.0_g50_o16_seed0,29,0.6318359375,,784,1425920,1356,2425344,11.845524091087281,21.378857424420616
depthwarm_interaction,Depth→Joint warm start + interaction-aware mutation,depth_warm,interaction_aware,0,thesis_depthwarm_interactionaware_joint_mistral_s0.25_qproj3.0_g50_o16_seed0,30,0.63232421875,,811,1475072,1383,2474496,12.046845747383001,21.580179080716334
depthwarm_interaction,Depth→Joint warm start + interaction-aware mutation,depth_warm,interaction_aware,0,thesis_depthwarm_interactionaware_joint_mistral_s0.25_qproj3.0_g50_o16_seed0,31,0.63232421875,11.03125,838,1524224,1410,2523648,13.125848887154522,22.659182220487857
depthwarm_interaction,Depth→Joint warm start + interaction-aware mutation,depth_warm,interaction_aware,0,thesis_depthwarm_interactionaware_joint_mistral_s0.25_qproj3.0_g50_o16_seed0,32,0.62744140625,,865,1573376,1437,2572800,13.329287336572694,22.86262066990603
depthwarm_interaction,Depth→Joint warm start + interaction-aware mutation,depth_warm,interaction_aware,0,thesis_depthwarm_interactionaware_joint_mistral_s0.25_qproj3.0_g50_o16_seed0,33,0.62744140625,,892,1622528,1464,2621952,13.525529704902631,23.058863038235966
depthwarm_interaction,Depth→Joint warm start + interaction-aware mutation,depth_warm,interaction_aware,0,thesis_depthwarm_interactionaware_joint_mistral_s0.25_qproj3.0_g50_o16_seed0,34,0.62744140625,,919,1671680,1491,2671104,13.738257114503844,23.271590447837177
depthwarm_interaction,Depth→Joint warm start + interaction-aware mutation,depth_warm,interaction_aware,0,thesis_depthwarm_interactionaware_joint_mistral_s0.25_qproj3.0_g50_o16_seed0,35,0.626953125,,946,1720832,1518,2720256,13.934892627185521,23.468225960518854
depthwarm_interaction,Depth→Joint warm start + interaction-aware mutation,depth_warm,interaction_aware,0,thesis_depthwarm_interactionaware_joint_mistral_s0.25_qproj3.0_g50_o16_seed0,36,0.626953125,10.984375,973,1769984,1545,2769408,15.00760107007033,24.54093440340366
depthwarm_interaction,Depth→Joint warm start + interaction-aware mutation,depth_warm,interaction_aware,0,thesis_depthwarm_interactionaware_joint_mistral_s0.25_qproj3.0_g50_o16_seed0,37,0.626953125,,1000,1819136,1572,2818560,15.208979163419766,24.742312496753097
depthwarm_interaction,Depth→Joint warm start + interaction-aware mutation,depth_warm,interaction_aware,0,thesis_depthwarm_interactionaware_joint_mistral_s0.25_qproj3.0_g50_o16_seed0,38,0.626953125,,1027,1868288,1599,2867712,15.410604921371366,24.943938254704697
depthwarm_interaction,Depth→Joint warm start + interaction-aware mutation,depth_warm,interaction_aware,0,thesis_depthwarm_interactionaware_joint_mistral_s0.25_qproj3.0_g50_o16_seed0,39,0.6279296875,,1054,1917440,1626,2916864,15.608710174588486,25.14204350792182
depthwarm_interaction,Depth→Joint warm start + interaction-aware mutation,depth_warm,interaction_aware,0,thesis_depthwarm_interactionaware_joint_mistral_s0.25_qproj3.0_g50_o16_seed0,40,0.626953125,,1081,1966592,1653,2966016,15.827496611637374,25.360829944970707
depthwarm_interaction,Depth→Joint warm start + interaction-aware mutation,depth_warm,interaction_aware,0,thesis_depthwarm_interactionaware_joint_mistral_s0.25_qproj3.0_g50_o16_seed0,41,0.626953125,10.984375,1108,2015744,1680,3015168,16.9237837953493,26.457117128682633
depthwarm_interaction,Depth→Joint warm start + interaction-aware mutation,depth_warm,interaction_aware,0,thesis_depthwarm_interactionaware_joint_mistral_s0.25_qproj3.0_g50_o16_seed0,42,0.626953125,,1135,2064896,1707,3064320,17.137019241570183,26.670352574903518
depthwarm_interaction,Depth→Joint warm start + interaction-aware mutation,depth_warm,interaction_aware,0,thesis_depthwarm_interactionaware_joint_mistral_s0.25_qproj3.0_g50_o16_seed0,43,0.626953125,,1162,2114048,1734,3113472,17.345436624088325,26.878769957421657
depthwarm_interaction,Depth→Joint warm start + interaction-aware mutation,depth_warm,interaction_aware,0,thesis_depthwarm_interactionaware_joint_mistral_s0.25_qproj3.0_g50_o16_seed0,44,0.626953125,,1189,2163200,1761,3162624,17.561075311301586,27.09440864463492
depthwarm_interaction,Depth→Joint warm start + interaction-aware mutation,depth_warm,interaction_aware,0,thesis_depthwarm_interactionaware_joint_mistral_s0.25_qproj3.0_g50_o16_seed0,45,0.62646484375,,1216,2212352,1788,3211776,17.78036630866894,27.313699642002273
depthwarm_interaction,Depth→Joint warm start + interaction-aware mutation,depth_warm,interaction_aware,0,thesis_depthwarm_interactionaware_joint_mistral_s0.25_qproj3.0_g50_o16_seed0,46,0.62744140625,10.984375,1243,2261504,1815,3260928,18.86752436438886,28.40085769772219
depthwarm_interaction,Depth→Joint warm start + interaction-aware mutation,depth_warm,interaction_aware,0,thesis_depthwarm_interactionaware_joint_mistral_s0.25_qproj3.0_g50_o16_seed0,47,0.62744140625,,1270,2310656,1842,3310080,19.076625141416056,28.609958474749387
depthwarm_interaction,Depth→Joint warm start + interaction-aware mutation,depth_warm,interaction_aware,0,thesis_depthwarm_interactionaware_joint_mistral_s0.25_qproj3.0_g50_o16_seed0,48,0.626953125,,1297,2359808,1869,3359232,19.290865397802555,28.824198731135887
depthwarm_interaction,Depth→Joint warm start + interaction-aware mutation,depth_warm,interaction_aware,0,thesis_depthwarm_interactionaware_joint_mistral_s0.25_qproj3.0_g50_o16_seed0,49,0.626953125,,1324,2408960,1896,3408384,19.49525357960568,29.028586912939016
depthwarm_interaction,Depth→Joint warm start + interaction-aware mutation,depth_warm,interaction_aware,0,thesis_depthwarm_interactionaware_joint_mistral_s0.25_qproj3.0_g50_o16_seed0,50,0.62744140625,10.984375,1351,2458112,1923,3457536,19.694351022969933,29.227684356303264
depthwarm_interaction,Depth→Joint warm start + interaction-aware mutation,depth_warm,interaction_aware,1,thesis_depthwarm_interactionaware_joint_mistral_s0.25_qproj3.0_g50_o16_seed1,1,0.79296875,12.5234375,28,49664,600,1049088,1.656421649005885,11.239754982339218
depthwarm_interaction,Depth→Joint warm start + interaction-aware mutation,depth_warm,interaction_aware,1,thesis_depthwarm_interactionaware_joint_mistral_s0.25_qproj3.0_g50_o16_seed1,2,0.6728515625,,55,98816,627,1098240,1.87238154586715,11.455714879200483
depthwarm_interaction,Depth→Joint warm start + interaction-aware mutation,depth_warm,interaction_aware,1,thesis_depthwarm_interactionaware_joint_mistral_s0.25_qproj3.0_g50_o16_seed1,3,0.65625,,82,147968,654,1147392,2.0817760982162627,11.665109431549597
depthwarm_interaction,Depth→Joint warm start + interaction-aware mutation,depth_warm,interaction_aware,1,thesis_depthwarm_interactionaware_joint_mistral_s0.25_qproj3.0_g50_o16_seed1,4,0.65576171875,,109,197120,681,1196544,2.280465087768001,11.863798421101334
depthwarm_interaction,Depth→Joint warm start + interaction-aware mutation,depth_warm,interaction_aware,1,thesis_depthwarm_interactionaware_joint_mistral_s0.25_qproj3.0_g50_o16_seed1,5,0.64599609375,,136,246272,708,1245696,2.4746413100045173,12.05797464333785
depthwarm_interaction,Depth→Joint warm start + interaction-aware mutation,depth_warm,interaction_aware,1,thesis_depthwarm_interactionaware_joint_mistral_s0.25_qproj3.0_g50_o16_seed1,6,0.6455078125,11.78125,163,295424,735,1294848,3.554283498856239,13.137616832189572
depthwarm_interaction,Depth→Joint warm start + interaction-aware mutation,depth_warm,interaction_aware,1,thesis_depthwarm_interactionaware_joint_mistral_s0.25_qproj3.0_g50_o16_seed1,7,0.64599609375,,190,344576,762,1344000,3.7526197914034127,13.335953124736745
depthwarm_interaction,Depth→Joint warm start + interaction-aware mutation,depth_warm,interaction_aware,1,thesis_depthwarm_interactionaware_joint_mistral_s0.25_qproj3.0_g50_o16_seed1,8,0.64599609375,,217,393728,789,1393152,3.9564002342677367,13.53973356760107
depthwarm_interaction,Depth→Joint warm start + interaction-aware mutation,depth_warm,interaction_aware,1,thesis_depthwarm_interactionaware_joint_mistral_s0.25_qproj3.0_g50_o16_seed1,9,0.646484375,,244,442880,816,1442304,4.156590193253942,13.739923526587274
depthwarm_interaction,Depth→Joint warm start + interaction-aware mutation,depth_warm,interaction_aware,1,thesis_depthwarm_interactionaware_joint_mistral_s0.25_qproj3.0_g50_o16_seed1,10,0.64599609375,,271,492032,843,1491456,4.360511741484515,13.94384507481785
depthwarm_interaction,Depth→Joint warm start + interaction-aware mutation,depth_warm,interaction_aware,1,thesis_depthwarm_interactionaware_joint_mistral_s0.25_qproj3.0_g50_o16_seed1,11,0.646484375,11.78125,298,541184,870,1540608,5.434966094551298,15.018299427884632
depthwarm_interaction,Depth→Joint warm start + interaction-aware mutation,depth_warm,interaction_aware,1,thesis_depthwarm_interactionaware_joint_mistral_s0.25_qproj3.0_g50_o16_seed1,12,0.6455078125,,325,590336,897,1589760,5.659184750371302,15.242518083704635
depthwarm_interaction,Depth→Joint warm start + interaction-aware mutation,depth_warm,interaction_aware,1,thesis_depthwarm_interactionaware_joint_mistral_s0.25_qproj3.0_g50_o16_seed1,13,0.646484375,,352,639488,924,1638912,5.87022517346777,15.453558506801103
depthwarm_interaction,Depth→Joint warm start + interaction-aware mutation,depth_warm,interaction_aware,1,thesis_depthwarm_interactionaware_joint_mistral_s0.25_qproj3.0_g50_o16_seed1,14,0.6455078125,,379,688640,951,1688064,6.077517309800411,15.660850643133745
depthwarm_interaction,Depth→Joint warm start + interaction-aware mutation,depth_warm,interaction_aware,1,thesis_depthwarm_interactionaware_joint_mistral_s0.25_qproj3.0_g50_o16_seed1,15,0.64599609375,,406,737792,978,1737216,6.284007191254447,15.86734052458778
depthwarm_interaction,Depth→Joint warm start + interaction-aware mutation,depth_warm,interaction_aware,1,thesis_depthwarm_interactionaware_joint_mistral_s0.25_qproj3.0_g50_o16_seed1,16,0.640625,11.78125,433,786944,1005,1786368,7.367573065590113,16.950906398923447
depthwarm_interaction,Depth→Joint warm start + interaction-aware mutation,depth_warm,interaction_aware,1,thesis_depthwarm_interactionaware_joint_mistral_s0.25_qproj3.0_g50_o16_seed1,17,0.64013671875,,460,836096,1032,1835520,7.572642277600243,17.155975610933577
depthwarm_interaction,Depth→Joint warm start + interaction-aware mutation,depth_warm,interaction_aware,1,thesis_depthwarm_interactionaware_joint_mistral_s0.25_qproj3.0_g50_o16_seed1,18,0.64013671875,,487,885248,1059,1884672,7.797059466154314,17.380392799487648
depthwarm_interaction,Depth→Joint warm start + interaction-aware mutation,depth_warm,interaction_aware,1,thesis_depthwarm_interactionaware_joint_mistral_s0.25_qproj3.0_g50_o16_seed1,19,0.64013671875,,514,934400,1086,1933824,8.01097289690127,17.594306230234604
depthwarm_interaction,Depth→Joint warm start + interaction-aware mutation,depth_warm,interaction_aware,1,thesis_depthwarm_interactionaware_joint_mistral_s0.25_qproj3.0_g50_o16_seed1,20,0.64111328125,,541,983552,1113,1982976,8.22061086387063,17.803944197203965
depthwarm_interaction,Depth→Joint warm start + interaction-aware mutation,depth_warm,interaction_aware,1,thesis_depthwarm_interactionaware_joint_mistral_s0.25_qproj3.0_g50_o16_seed1,21,0.640625,11.78125,568,1032704,1140,2032128,9.287659521920917,18.87099285525425
depthwarm_interaction,Depth→Joint warm start + interaction-aware mutation,depth_warm,interaction_aware,1,thesis_depthwarm_interactionaware_joint_mistral_s0.25_qproj3.0_g50_o16_seed1,22,0.64013671875,,595,1081856,1167,2081280,9.487463596269178,19.070796929602512
depthwarm_interaction,Depth→Joint warm start + interaction-aware mutation,depth_warm,interaction_aware,1,thesis_depthwarm_interactionaware_joint_mistral_s0.25_qproj3.0_g50_o16_seed1,23,0.64111328125,,622,1131008,1194,2130432,9.70393132113386,19.287264654467194
depthwarm_interaction,Depth→Joint warm start + interaction-aware mutation,depth_warm,interaction_aware,1,thesis_depthwarm_interactionaware_joint_mistral_s0.25_qproj3.0_g50_o16_seed1,24,0.640625,,649,1180160,1221,2179584,9.904271334432996,19.48760466776633
depthwarm_interaction,Depth→Joint warm start + interaction-aware mutation,depth_warm,interaction_aware,1,thesis_depthwarm_interactionaware_joint_mistral_s0.25_qproj3.0_g50_o16_seed1,25,0.64013671875,,676,1229312,1248,2228736,10.099086212871287,19.68241954620462
depthwarm_interaction,Depth→Joint warm start + interaction-aware mutation,depth_warm,interaction_aware,1,thesis_depthwarm_interactionaware_joint_mistral_s0.25_qproj3.0_g50_o16_seed1,26,0.64013671875,11.78125,703,1278464,1275,2277888,11.163712790220355,20.747046123553687
depthwarm_interaction,Depth→Joint warm start + interaction-aware mutation,depth_warm,interaction_aware,1,thesis_depthwarm_interactionaware_joint_mistral_s0.25_qproj3.0_g50_o16_seed1,27,0.640625,,730,1327616,1302,2327040,11.36769497070151,20.951028304034843
depthwarm_interaction,Depth→Joint warm start + interaction-aware mutation,depth_warm,interaction_aware,1,thesis_depthwarm_interactionaware_joint_mistral_s0.25_qproj3.0_g50_o16_seed1,28,0.64013671875,,757,1376768,1329,2376192,11.578885138787639,21.162218472120973
depthwarm_interaction,Depth→Joint warm start + interaction-aware mutation,depth_warm,interaction_aware,1,thesis_depthwarm_interactionaware_joint_mistral_s0.25_qproj3.0_g50_o16_seed1,29,0.64013671875,,784,1425920,1356,2425344,11.794629408651963,21.377962741985296
depthwarm_interaction,Depth→Joint warm start + interaction-aware mutation,depth_warm,interaction_aware,1,thesis_depthwarm_interactionaware_joint_mistral_s0.25_qproj3.0_g50_o16_seed1,30,0.640625,,811,1475072,1383,2474496,11.999087608838455,21.582420942171787
depthwarm_interaction,Depth→Joint warm start + interaction-aware mutation,depth_warm,interaction_aware,1,thesis_depthwarm_interactionaware_joint_mistral_s0.25_qproj3.0_g50_o16_seed1,31,0.640625,11.78125,838,1524224,1410,2523648,13.070500682822118,22.65383401615545
depthwarm_interaction,Depth→Joint warm start + interaction-aware mutation,depth_warm,interaction_aware,1,thesis_depthwarm_interactionaware_joint_mistral_s0.25_qproj3.0_g50_o16_seed1,32,0.6396484375,,865,1573376,1437,2572800,13.272226353020718,22.855559686354052
depthwarm_interaction,Depth→Joint warm start + interaction-aware mutation,depth_warm,interaction_aware,1,thesis_depthwarm_interactionaware_joint_mistral_s0.25_qproj3.0_g50_o16_seed1,33,0.640625,,892,1622528,1464,2621952,13.472621917421929,23.055955250755265
depthwarm_interaction,Depth→Joint warm start + interaction-aware mutation,depth_warm,interaction_aware,1,thesis_depthwarm_interactionaware_joint_mistral_s0.25_qproj3.0_g50_o16_seed1,34,0.62255859375,,919,1671680,1491,2671104,13.672936642100103,23.256269975433437
depthwarm_interaction,Depth→Joint warm start + interaction-aware mutation,depth_warm,interaction_aware,1,thesis_depthwarm_interactionaware_joint_mistral_s0.25_qproj3.0_g50_o16_seed1,35,0.62255859375,,946,1720832,1518,2720256,13.878980816838641,23.462314150171974
depthwarm_interaction,Depth→Joint warm start + interaction-aware mutation,depth_warm,interaction_aware,1,thesis_depthwarm_interactionaware_joint_mistral_s0.25_qproj3.0_g50_o16_seed1,36,0.6220703125,11.53125,973,1769984,1545,2769408,14.942428913821155,24.52576224715449
depthwarm_interaction,Depth→Joint warm start + interaction-aware mutation,depth_warm,interaction_aware,1,thesis_depthwarm_interactionaware_joint_mistral_s0.25_qproj3.0_g50_o16_seed1,37,0.623046875,,1000,1819136,1572,2818560,15.140510877485697,24.72384421081903
depthwarm_interaction,Depth→Joint warm start + interaction-aware mutation,depth_warm,interaction_aware,1,thesis_depthwarm_interactionaware_joint_mistral_s0.25_qproj3.0_g50_o16_seed1,38,0.62255859375,,1027,1868288,1599,2867712,15.347429084335454,24.930762417668788
depthwarm_interaction,Depth→Joint warm start + interaction-aware mutation,depth_warm,interaction_aware,1,thesis_depthwarm_interactionaware_joint_mistral_s0.25_qproj3.0_g50_o16_seed1,39,0.62255859375,,1054,1917440,1626,2916864,15.547784115319761,25.131117448653093
depthwarm_interaction,Depth→Joint warm start + interaction-aware mutation,depth_warm,interaction_aware,1,thesis_depthwarm_interactionaware_joint_mistral_s0.25_qproj3.0_g50_o16_seed1,40,0.62158203125,,1081,1966592,1653,2966016,15.768313891572568,25.3516472249059
depthwarm_interaction,Depth→Joint warm start + interaction-aware mutation,depth_warm,interaction_aware,1,thesis_depthwarm_interactionaware_joint_mistral_s0.25_qproj3.0_g50_o16_seed1,41,0.62158203125,11.53125,1108,2015744,1680,3015168,16.839412668005874,26.422746001339206
depthwarm_interaction,Depth→Joint warm start + interaction-aware mutation,depth_warm,interaction_aware,1,thesis_depthwarm_interactionaware_joint_mistral_s0.25_qproj3.0_g50_o16_seed1,42,0.62158203125,,1135,2064896,1707,3064320,17.036170020885766,26.6195033542191
depthwarm_interaction,Depth→Joint warm start + interaction-aware mutation,depth_warm,interaction_aware,1,thesis_depthwarm_interactionaware_joint_mistral_s0.25_qproj3.0_g50_o16_seed1,43,0.62158203125,,1162,2114048,1734,3113472,17.23355849980532,26.81689183313865
depthwarm_interaction,Depth→Joint warm start + interaction-aware mutation,depth_warm,interaction_aware,1,thesis_depthwarm_interactionaware_joint_mistral_s0.25_qproj3.0_g50_o16_seed1,44,0.62158203125,,1189,2163200,1761,3162624,17.443796373500177,27.027129706833513
depthwarm_interaction,Depth→Joint warm start + interaction-aware mutation,depth_warm,interaction_aware,1,thesis_depthwarm_interactionaware_joint_mistral_s0.25_qproj3.0_g50_o16_seed1,45,0.6220703125,,1216,2212352,1788,3211776,17.64954011348697,27.232873446820303
depthwarm_interaction,Depth→Joint warm start + interaction-aware mutation,depth_warm,interaction_aware,1,thesis_depthwarm_interactionaware_joint_mistral_s0.25_qproj3.0_g50_o16_seed1,46,0.62158203125,11.53125,1243,2261504,1815,3260928,18.70904902368784,28.29238235702117
depthwarm_interaction,Depth→Joint warm start + interaction-aware mutation,depth_warm,interaction_aware,1,thesis_depthwarm_interactionaware_joint_mistral_s0.25_qproj3.0_g50_o16_seed1,47,0.62158203125,,1270,2310656,1842,3310080,18.91718922612102,28.500522559454353
depthwarm_interaction,Depth→Joint warm start + interaction-aware mutation,depth_warm,interaction_aware,1,thesis_depthwarm_interactionaware_joint_mistral_s0.25_qproj3.0_g50_o16_seed1,48,0.6162109375,,1297,2359808,1869,3359232,19.118258617523438,28.70159195085677
depthwarm_interaction,Depth→Joint warm start + interaction-aware mutation,depth_warm,interaction_aware,1,thesis_depthwarm_interactionaware_joint_mistral_s0.25_qproj3.0_g50_o16_seed1,49,0.6162109375,,1324,2408960,1896,3408384,19.324269016917484,28.90760235025082
depthwarm_interaction,Depth→Joint warm start + interaction-aware mutation,depth_warm,interaction_aware,1,thesis_depthwarm_interactionaware_joint_mistral_s0.25_qproj3.0_g50_o16_seed1,50,0.6162109375,11.375,1351,2458112,1923,3457536,19.520811328819644,29.104144662152976
depthwarm_interaction,Depth→Joint warm start + interaction-aware mutation,depth_warm,interaction_aware,2,thesis_depthwarm_interactionaware_joint_mistral_s0.25_qproj3.0_g50_o16_seed2,1,0.62939453125,11.3515625,28,49664,600,1049088,1.7097428936511279,11.326409560317794
depthwarm_interaction,Depth→Joint warm start + interaction-aware mutation,depth_warm,interaction_aware,2,thesis_depthwarm_interactionaware_joint_mistral_s0.25_qproj3.0_g50_o16_seed2,2,0.623046875,,55,98816,627,1098240,1.9202975302857037,11.53696419695237
depthwarm_interaction,Depth→Joint warm start + interaction-aware mutation,depth_warm,interaction_aware,2,thesis_depthwarm_interactionaware_joint_mistral_s0.25_qproj3.0_g50_o16_seed2,3,0.62255859375,,82,147968,654,1147392,2.1166417280367265,11.733308394703393
depthwarm_interaction,Depth→Joint warm start + interaction-aware mutation,depth_warm,interaction_aware,2,thesis_depthwarm_interactionaware_joint_mistral_s0.25_qproj3.0_g50_o16_seed2,4,0.62353515625,,109,197120,681,1196544,2.3149692126705,11.931635879337167
depthwarm_interaction,Depth→Joint warm start + interaction-aware mutation,depth_warm,interaction_aware,2,thesis_depthwarm_interactionaware_joint_mistral_s0.25_qproj3.0_g50_o16_seed2,5,0.61767578125,,136,246272,708,1245696,2.5244596569798885,12.141126323646555
depthwarm_interaction,Depth→Joint warm start + interaction-aware mutation,depth_warm,interaction_aware,2,thesis_depthwarm_interactionaware_joint_mistral_s0.25_qproj3.0_g50_o16_seed2,6,0.61083984375,11.2890625,163,295424,735,1294848,3.597691331617534,13.214357998284202
depthwarm_interaction,Depth→Joint warm start + interaction-aware mutation,depth_warm,interaction_aware,2,thesis_depthwarm_interactionaware_joint_mistral_s0.25_qproj3.0_g50_o16_seed2,7,0.60986328125,,190,344576,762,1344000,3.7978853294470656,13.414551996113733
depthwarm_interaction,Depth→Joint warm start + interaction-aware mutation,depth_warm,interaction_aware,2,thesis_depthwarm_interactionaware_joint_mistral_s0.25_qproj3.0_g50_o16_seed2,8,0.60888671875,,217,393728,789,1393152,4.003403319216644,13.62006998588331
depthwarm_interaction,Depth→Joint warm start + interaction-aware mutation,depth_warm,interaction_aware,2,thesis_depthwarm_interactionaware_joint_mistral_s0.25_qproj3.0_g50_o16_seed2,9,0.59814453125,,244,442880,816,1442304,4.202841244731099,13.819507911397766
depthwarm_interaction,Depth→Joint warm start + interaction-aware mutation,depth_warm,interaction_aware,2,thesis_depthwarm_interactionaware_joint_mistral_s0.25_qproj3.0_g50_o16_seed2,10,0.59814453125,,271,492032,843,1491456,4.411357442933755,14.028024109600421
depthwarm_interaction,Depth→Joint warm start + interaction-aware mutation,depth_warm,interaction_aware,2,thesis_depthwarm_interactionaware_joint_mistral_s0.25_qproj3.0_g50_o16_seed2,11,0.59814453125,11.203125,298,541184,870,1540608,5.492094676530299,15.108761343196965
depthwarm_interaction,Depth→Joint warm start + interaction-aware mutation,depth_warm,interaction_aware,2,thesis_depthwarm_interactionaware_joint_mistral_s0.25_qproj3.0_g50_o16_seed2,12,0.59814453125,,325,590336,897,1589760,5.72444923586833,15.341115902534996
depthwarm_interaction,Depth→Joint warm start + interaction-aware mutation,depth_warm,interaction_aware,2,thesis_depthwarm_interactionaware_joint_mistral_s0.25_qproj3.0_g50_o16_seed2,13,0.5986328125,,352,639488,924,1638912,5.933547823464808,15.550214490131475
depthwarm_interaction,Depth→Joint warm start + interaction-aware mutation,depth_warm,interaction_aware,2,thesis_depthwarm_interactionaware_joint_mistral_s0.25_qproj3.0_g50_o16_seed2,14,0.59814453125,,379,688640,951,1688064,6.1455180718485884,15.762184738515256
depthwarm_interaction,Depth→Joint warm start + interaction-aware mutation,depth_warm,interaction_aware,2,thesis_depthwarm_interactionaware_joint_mistral_s0.25_qproj3.0_g50_o16_seed2,15,0.59814453125,,406,737792,978,1737216,6.3546736533675965,15.971340320034264
depthwarm_interaction,Depth→Joint warm start + interaction-aware mutation,depth_warm,interaction_aware,2,thesis_depthwarm_interactionaware_joint_mistral_s0.25_qproj3.0_g50_o16_seed2,16,0.59814453125,11.203125,433,786944,1005,1786368,7.429046580847353,17.04571324751402
depthwarm_interaction,Depth→Joint warm start + interaction-aware mutation,depth_warm,interaction_aware,2,thesis_depthwarm_interactionaware_joint_mistral_s0.25_qproj3.0_g50_o16_seed2,17,0.59814453125,,460,836096,1032,1835520,7.653899668863354,17.27056633553002
depthwarm_interaction,Depth→Joint warm start + interaction-aware mutation,depth_warm,interaction_aware,2,thesis_depthwarm_interactionaware_joint_mistral_s0.25_qproj3.0_g50_o16_seed2,18,0.5986328125,,487,885248,1059,1884672,7.862380628784497,17.479047295451164
depthwarm_interaction,Depth→Joint warm start + interaction-aware mutation,depth_warm,interaction_aware,2,thesis_depthwarm_interactionaware_joint_mistral_s0.25_qproj3.0_g50_o16_seed2,19,0.5986328125,,514,934400,1086,1933824,8.069894264203807,17.686560930870474
depthwarm_interaction,Depth→Joint warm start + interaction-aware mutation,depth_warm,interaction_aware,2,thesis_depthwarm_interactionaware_joint_mistral_s0.25_qproj3.0_g50_o16_seed2,20,0.59814453125,,541,983552,1113,1982976,8.27739113533559,17.894057802002255
depthwarm_interaction,Depth→Joint warm start + interaction-aware mutation,depth_warm,interaction_aware,2,thesis_depthwarm_interactionaware_joint_mistral_s0.25_qproj3.0_g50_o16_seed2,21,0.5986328125,11.203125,568,1032704,1140,2032128,9.354869553314833,18.9715362199815
depthwarm_interaction,Depth→Joint warm start + interaction-aware mutation,depth_warm,interaction_aware,2,thesis_depthwarm_interactionaware_joint_mistral_s0.25_qproj3.0_g50_o16_seed2,22,0.59814453125,,595,1081856,1167,2081280,9.55419868999937,19.170865356666035
depthwarm_interaction,Depth→Joint warm start + interaction-aware mutation,depth_warm,interaction_aware,2,thesis_depthwarm_interactionaware_joint_mistral_s0.25_qproj3.0_g50_o16_seed2,23,0.59814453125,,622,1131008,1194,2130432,9.78426986661895,19.400936533285616
depthwarm_interaction,Depth→Joint warm start + interaction-aware mutation,depth_warm,interaction_aware,2,thesis_depthwarm_interactionaware_joint_mistral_s0.25_qproj3.0_g50_o16_seed2,24,0.59814453125,,649,1180160,1221,2179584,9.996678993982885,19.61334566064955
depthwarm_interaction,Depth→Joint warm start + interaction-aware mutation,depth_warm,interaction_aware,2,thesis_depthwarm_interactionaware_joint_mistral_s0.25_qproj3.0_g50_o16_seed2,25,0.5986328125,,676,1229312,1248,2228736,10.208292985583345,19.824959652250012
depthwarm_interaction,Depth→Joint warm start + interaction-aware mutation,depth_warm,interaction_aware,2,thesis_depthwarm_interactionaware_joint_mistral_s0.25_qproj3.0_g50_o16_seed2,26,0.5986328125,11.203125,703,1278464,1275,2277888,11.276922524464316,20.89358919113098
depthwarm_interaction,Depth→Joint warm start + interaction-aware mutation,depth_warm,interaction_aware,2,thesis_depthwarm_interactionaware_joint_mistral_s0.25_qproj3.0_g50_o16_seed2,27,0.5986328125,,730,1327616,1302,2327040,11.48154752740326,21.09821419406993
depthwarm_interaction,Depth→Joint warm start + interaction-aware mutation,depth_warm,interaction_aware,2,thesis_depthwarm_interactionaware_joint_mistral_s0.25_qproj3.0_g50_o16_seed2,28,0.5986328125,,757,1376768,1329,2376192,11.694032186130062,21.31069885279673
depthwarm_interaction,Depth→Joint warm start + interaction-aware mutation,depth_warm,interaction_aware,2,thesis_depthwarm_interactionaware_joint_mistral_s0.25_qproj3.0_g50_o16_seed2,29,0.59814453125,,784,1425920,1356,2425344,11.892919951848064,21.50958661851473
depthwarm_interaction,Depth→Joint warm start + interaction-aware mutation,depth_warm,interaction_aware,2,thesis_depthwarm_interactionaware_joint_mistral_s0.25_qproj3.0_g50_o16_seed2,30,0.5986328125,,811,1475072,1383,2474496,12.096986554687222,21.713653221353887
depthwarm_interaction,Depth→Joint warm start + interaction-aware mutation,depth_warm,interaction_aware,2,thesis_depthwarm_interactionaware_joint_mistral_s0.25_qproj3.0_g50_o16_seed2,31,0.59814453125,11.203125,838,1524224,1410,2523648,13.169352727786949,22.786019394453614
depthwarm_interaction,Depth→Joint warm start + interaction-aware mutation,depth_warm,interaction_aware,2,thesis_depthwarm_interactionaware_joint_mistral_s0.25_qproj3.0_g50_o16_seed2,32,0.59619140625,,865,1573376,1437,2572800,13.372186891199089,22.988853557865756
depthwarm_interaction,Depth→Joint warm start + interaction-aware mutation,depth_warm,interaction_aware,2,thesis_depthwarm_interactionaware_joint_mistral_s0.25_qproj3.0_g50_o16_seed2,33,0.5947265625,,892,1622528,1464,2621952,13.569012086698786,23.18567875336545
depthwarm_interaction,Depth→Joint warm start + interaction-aware mutation,depth_warm,interaction_aware,2,thesis_depthwarm_interactionaware_joint_mistral_s0.25_qproj3.0_g50_o16_seed2,34,0.5947265625,,919,1671680,1491,2671104,13.782951571963107,23.399618238629774
depthwarm_interaction,Depth→Joint warm start + interaction-aware mutation,depth_warm,interaction_aware,2,thesis_depthwarm_interactionaware_joint_mistral_s0.25_qproj3.0_g50_o16_seed2,35,0.5947265625,,946,1720832,1518,2720256,13.985632482815223,23.60229914948189
depthwarm_interaction,Depth→Joint warm start + interaction-aware mutation,depth_warm,interaction_aware,2,thesis_depthwarm_interactionaware_joint_mistral_s0.25_qproj3.0_g50_o16_seed2,36,0.59423828125,11.1328125,973,1769984,1545,2769408,15.064253475299726,24.680920141966393
depthwarm_interaction,Depth→Joint warm start + interaction-aware mutation,depth_warm,interaction_aware,2,thesis_depthwarm_interactionaware_joint_mistral_s0.25_qproj3.0_g50_o16_seed2,37,0.5947265625,,1000,1819136,1572,2818560,15.275933543165836,24.8926002098325
depthwarm_interaction,Depth→Joint warm start + interaction-aware mutation,depth_warm,interaction_aware,2,thesis_depthwarm_interactionaware_joint_mistral_s0.25_qproj3.0_g50_o16_seed2,38,0.5947265625,,1027,1868288,1599,2867712,15.485597511233452,25.102264177900118
depthwarm_interaction,Depth→Joint warm start + interaction-aware mutation,depth_warm,interaction_aware,2,thesis_depthwarm_interactionaware_joint_mistral_s0.25_qproj3.0_g50_o16_seed2,39,0.5947265625,,1054,1917440,1626,2916864,15.694226683101927,25.310893349768595
depthwarm_interaction,Depth→Joint warm start + interaction-aware mutation,depth_warm,interaction_aware,2,thesis_depthwarm_interactionaware_joint_mistral_s0.25_qproj3.0_g50_o16_seed2,40,0.59423828125,,1081,1966592,1653,2966016,15.916276141799365,25.532942808466032
depthwarm_interaction,Depth→Joint warm start + interaction-aware mutation,depth_warm,interaction_aware,2,thesis_depthwarm_interactionaware_joint_mistral_s0.25_qproj3.0_g50_o16_seed2,41,0.5947265625,11.1328125,1108,2015744,1680,3015168,16.985212845200053,26.60187951186672
depthwarm_interaction,Depth→Joint warm start + interaction-aware mutation,depth_warm,interaction_aware,2,thesis_depthwarm_interactionaware_joint_mistral_s0.25_qproj3.0_g50_o16_seed2,42,0.591796875,,1135,2064896,1707,3064320,17.19189494266951,26.808561609336174
depthwarm_interaction,Depth→Joint warm start + interaction-aware mutation,depth_warm,interaction_aware,2,thesis_depthwarm_interactionaware_joint_mistral_s0.25_qproj3.0_g50_o16_seed2,43,0.5927734375,,1162,2114048,1734,3113472,17.391848394849028,27.008515061515695
depthwarm_interaction,Depth→Joint warm start + interaction-aware mutation,depth_warm,interaction_aware,2,thesis_depthwarm_interactionaware_joint_mistral_s0.25_qproj3.0_g50_o16_seed2,44,0.591796875,,1189,2163200,1761,3162624,17.59099225861331,27.207658925279976
depthwarm_interaction,Depth→Joint warm start + interaction-aware mutation,depth_warm,interaction_aware,2,thesis_depthwarm_interactionaware_joint_mistral_s0.25_qproj3.0_g50_o16_seed2,45,0.59228515625,,1216,2212352,1788,3211776,17.80469867908396,27.421365345750626
depthwarm_interaction,Depth→Joint warm start + interaction-aware mutation,depth_warm,interaction_aware,2,thesis_depthwarm_interactionaware_joint_mistral_s0.25_qproj3.0_g50_o16_seed2,46,0.591796875,11.15625,1243,2261504,1815,3260928,18.90411569526574,28.520782361932408
depthwarm_interaction,Depth→Joint warm start + interaction-aware mutation,depth_warm,interaction_aware,2,thesis_depthwarm_interactionaware_joint_mistral_s0.25_qproj3.0_g50_o16_seed2,47,0.5927734375,,1270,2310656,1842,3310080,19.113731010700576,28.730397677367243
depthwarm_interaction,Depth→Joint warm start + interaction-aware mutation,depth_warm,interaction_aware,2,thesis_depthwarm_interactionaware_joint_mistral_s0.25_qproj3.0_g50_o16_seed2,48,0.591796875,,1297,2359808,1869,3359232,19.325348611183774,28.94201527785044
depthwarm_interaction,Depth→Joint warm start + interaction-aware mutation,depth_warm,interaction_aware,2,thesis_depthwarm_interactionaware_joint_mistral_s0.25_qproj3.0_g50_o16_seed2,49,0.591796875,,1324,2408960,1896,3408384,19.53742816238664,29.154094829053307
depthwarm_interaction,Depth→Joint warm start + interaction-aware mutation,depth_warm,interaction_aware,2,thesis_depthwarm_interactionaware_joint_mistral_s0.25_qproj3.0_g50_o16_seed2,50,0.59228515625,11.15625,1351,2458112,1923,3457536,19.74683839268206,29.36350505934873
