generation,best_search_fitness,parent_search_fitness_before_generation,fitness_fn,best_calibration_kl,best_train_ppl,wikitext2_ppl,c4_ppl,fineweb_edu_ppl,eval_tokens_used,eval_tokens_by_dataset,num_offspring,num_survivors_stage_1,num_survivors_stage_2,num_survivors_stage_3,survivors_per_selection,tokens_per_selection,active_parameters,average_bitwidth_active,estimated_weight_memory_mb,compression_cost_bits,compression_target_bits,compression_difference_bits,dropped_attention_count,dropped_mlp_count,mutation_summary,selected_parent_mutation_type,accepted_parent_replacement,offspring_attempts,candidate_evaluations_stage_1,candidate_evaluations_stage_2,candidate_evaluations_stage_3,evaluation_tokens_stage_1,evaluation_tokens_stage_2,evaluation_tokens_stage_3,candidate_evaluations_search_cumulative,evaluation_tokens_search_cumulative,runtime_seconds_cumulative,peak_gpu_memory_mb
1,1.234375,1.216796875,kl,1.234375,22.359375,23.125,,,333824,"{""wikitext2"":333824}",16,8,2,1,"[8,2,1]","[512,2048,8192]",5503193088,3.0,9872.5078125,82816598016,,,8,8,"{""type"":""mixed_depth_quantization"",""sequential_mode"":""none"",""joint_mutation_mode"":""standard"",""parent_before_generation_hash"":""2c7588183f3495b539ffa0ff630c38b8a9e160d09e7acb059ff18e5fe074d820"",""parent_after_generation_hash"":""d058e7b6b7fad7b8449735cdeb5f0ce26f5a7f587844245411f98ba515bd6b26"",""generated_offspring_by_type"":{""depth"":8,""quantization"":8,""joint_aware"":0,""interaction_aware"":0,""sequential_quantization"":0,""fixed_quant_depth"":0,""component crossover"":0,""component crossover + repair"":0,""layer bundle crossover"":0,""layer bundle crossover + repair"":0},""depth_mask_entries_changed_by_type"":{""depth"":22,""quantization"":0,""joint_aware"":0,""interaction_aware"":0,""sequential_quantization"":0,""fixed_quant_depth"":0,""component crossover"":0,""component crossover + repair"":0,""layer bundle crossover"":0,""layer bundle crossover + repair"":0},""quant_assignments_changed_by_type"":{""depth"":0,""quantization"":16,""joint_aware"":0,""interaction_aware"":0,""sequential_quantization"":0,""fixed_quant_depth"":0,""component crossover"":0,""component crossover + repair"":0,""layer bundle crossover"":0,""layer bundle crossover + repair"":0},""depth_mask_entries_changed_total"":22,""quant_assignments_changed_total"":16,""interaction_aware_details"":{""budget_repair_quant_changes"":0,""preferred_quant_exchanges_used"":0,""fallback_quant_exchanges_used"":0},""crossover_diagnostics"":{""crossover_type"":""component"",""crossover_parent_selection"":""uniform"",""crossover_offspring"":0,""crossover_offspring_accepted"":0,""mutation_offspring_accepted"":16,""mutation_offspring"":16,""crossover_offspring_attempted"":0,""crossover_duplicates"":0,""crossover_infeasible_candidates"":0,""crossover_repair_changed_gene_count"":0,""crossover_repaired_proposals"":0,""parent_distance_mean"":null,""parent_distance_min"":null,""parent_distance_max"":null,""child_distance_from_parent_a_mean"":null,""child_distance_from_parent_b_mean"":null,""layers_from_parent_a_mean"":null,""layers_from_parent_b_mean"":null,""crossover_no_legal_exchange"":0,""local_exchange_attention"":0,""local_exchange_mlp"":0,""local_exchange_quantization"":0,""local_exchange_block"":0,""child_distance_from_base_mean"":null,""child_distance_from_base_min"":null,""child_distance_from_base_max"":null,""child_distance_from_base_count"":0,""child_distance_from_donor_mean"":null,""child_distance_from_donor_min"":null,""child_distance_from_donor_max"":null,""child_distance_from_donor_count"":0,""donor_distance_reduction_mean"":null,""donor_distance_reduction_min"":null,""donor_distance_reduction_max"":null,""donor_distance_reduction_count"":0,""local_exchange_changed_gene_count_mean"":null,""local_exchange_changed_gene_count_min"":null,""local_exchange_changed_gene_count_max"":null,""local_exchange_changed_gene_count_count"":0,""child_distance_statistics_scope"":""accepted_unique_crossover_offspring"",""persistent_population_size"":4,""unique_population_size"":4,""best_population_fitness"":1.234375,""configured_survivors_per_selection"":[8,2,1],""effective_survivors_per_selection"":[8,2,4],""effective_final_survivor_count"":4},""offspring_generation"":{""attempts"":16,""no_op_mutations"":0,""duplicate_candidates"":0,""infeasible_candidates"":0,""fixed_quant_legal_swap_counts"":[]},""maximum_depth_mutations_per_offspring"":3,""quantization_step_size"":1,""quantization_mutations_per_offspring"":1,""joint_aware_probability"":0.0,""adaptive_mutation"":false,""adaptive_mutation_strength"":1,""adaptive_mutation_patience"":3,""adaptive_mutation_max_strength"":3,""coarse_to_fine_mutation"":false,""coarse_to_fine_start_strength"":3,""coarse_to_fine_end_strength"":1,""stagnation_generations_after_selection"":0}",depth,True,16,16,8,6,8192,16384,49152,62,90112,180.09872667404125,14280.6416015625
2,1.173828125,1.234375,kl,1.173828125,,,,,0,{},16,8,2,1,"[8,2,1]","[512,2048,8192]",5503193088,3.0,9872.5078125,82816598016,,,8,8,"{""type"":""mixed_depth_quantization"",""sequential_mode"":""none"",""joint_mutation_mode"":""standard"",""parent_before_generation_hash"":""d058e7b6b7fad7b8449735cdeb5f0ce26f5a7f587844245411f98ba515bd6b26"",""parent_after_generation_hash"":""60d6376ae34d4cae2b8adb4fa8f1f453a6bb9283ed567a903bf454506907e5a4"",""generated_offspring_by_type"":{""depth"":11,""quantization"":5,""joint_aware"":0,""interaction_aware"":0,""sequential_quantization"":0,""fixed_quant_depth"":0,""component crossover"":0,""component crossover + repair"":0,""layer bundle crossover"":0,""layer bundle crossover + repair"":0},""depth_mask_entries_changed_by_type"":{""depth"":32,""quantization"":0,""joint_aware"":0,""interaction_aware"":0,""sequential_quantization"":0,""fixed_quant_depth"":0,""component crossover"":0,""component crossover + repair"":0,""layer bundle crossover"":0,""layer bundle crossover + repair"":0},""quant_assignments_changed_by_type"":{""depth"":0,""quantization"":10,""joint_aware"":0,""interaction_aware"":0,""sequential_quantization"":0,""fixed_quant_depth"":0,""component crossover"":0,""component crossover + repair"":0,""layer bundle crossover"":0,""layer bundle crossover + repair"":0},""depth_mask_entries_changed_total"":32,""quant_assignments_changed_total"":10,""interaction_aware_details"":{""budget_repair_quant_changes"":0,""preferred_quant_exchanges_used"":0,""fallback_quant_exchanges_used"":0},""crossover_diagnostics"":{""crossover_type"":""component"",""crossover_parent_selection"":""uniform"",""crossover_offspring"":0,""crossover_offspring_accepted"":0,""mutation_offspring_accepted"":16,""mutation_offspring"":16,""crossover_offspring_attempted"":0,""crossover_duplicates"":0,""crossover_infeasible_candidates"":0,""crossover_repair_changed_gene_count"":0,""crossover_repaired_proposals"":0,""parent_distance_mean"":null,""parent_distance_min"":null,""parent_distance_max"":null,""child_distance_from_parent_a_mean"":null,""child_distance_from_parent_b_mean"":null,""layers_from_parent_a_mean"":null,""layers_from_parent_b_mean"":null,""crossover_no_legal_exchange"":0,""local_exchange_attention"":0,""local_exchange_mlp"":0,""local_exchange_quantization"":0,""local_exchange_block"":0,""child_distance_from_base_mean"":null,""child_distance_from_base_min"":null,""child_distance_from_base_max"":null,""child_distance_from_base_count"":0,""child_distance_from_donor_mean"":null,""child_distance_from_donor_min"":null,""child_distance_from_donor_max"":null,""child_distance_from_donor_count"":0,""donor_distance_reduction_mean"":null,""donor_distance_reduction_min"":null,""donor_distance_reduction_max"":null,""donor_distance_reduction_count"":0,""local_exchange_changed_gene_count_mean"":null,""local_exchange_changed_gene_count_min"":null,""local_exchange_changed_gene_count_max"":null,""local_exchange_changed_gene_count_count"":0,""child_distance_statistics_scope"":""accepted_unique_crossover_offspring"",""persistent_population_size"":4,""unique_population_size"":4,""best_population_fitness"":1.173828125,""configured_survivors_per_selection"":[8,2,1],""effective_survivors_per_selection"":[8,2,4],""effective_final_survivor_count"":4},""offspring_generation"":{""attempts"":16,""no_op_mutations"":0,""duplicate_candidates"":0,""infeasible_candidates"":0,""fixed_quant_legal_swap_counts"":[]},""maximum_depth_mutations_per_offspring"":3,""quantization_step_size"":1,""quantization_mutations_per_offspring"":1,""joint_aware_probability"":0.0,""adaptive_mutation"":false,""adaptive_mutation_strength"":1,""adaptive_mutation_patience"":3,""adaptive_mutation_max_strength"":3,""coarse_to_fine_mutation"":false,""coarse_to_fine_start_strength"":3,""coarse_to_fine_end_strength"":1,""stagnation_generations_after_selection"":0}",depth,True,16,16,8,6,8192,16384,49152,92,163840,239.24976018600864,14280.6416015625
3,1.1015625,1.173828125,kl,1.1015625,,,,,0,{},16,8,2,1,"[8,2,1]","[512,2048,8192]",5503193088,3.0,9872.5078125,82816598016,,,8,8,"{""type"":""mixed_depth_quantization"",""sequential_mode"":""none"",""joint_mutation_mode"":""standard"",""parent_before_generation_hash"":""60d6376ae34d4cae2b8adb4fa8f1f453a6bb9283ed567a903bf454506907e5a4"",""parent_after_generation_hash"":""ef2f39b27788946c4d5e04b8a75aa230cc06e1a2262e67b3c0f8e5e3642c4332"",""generated_offspring_by_type"":{""depth"":8,""quantization"":8,""joint_aware"":0,""interaction_aware"":0,""sequential_quantization"":0,""fixed_quant_depth"":0,""component crossover"":0,""component crossover + repair"":0,""layer bundle crossover"":0,""layer bundle crossover + repair"":0},""depth_mask_entries_changed_by_type"":{""depth"":24,""quantization"":0,""joint_aware"":0,""interaction_aware"":0,""sequential_quantization"":0,""fixed_quant_depth"":0,""component crossover"":0,""component crossover + repair"":0,""layer bundle crossover"":0,""layer bundle crossover + repair"":0},""quant_assignments_changed_by_type"":{""depth"":0,""quantization"":16,""joint_aware"":0,""interaction_aware"":0,""sequential_quantization"":0,""fixed_quant_depth"":0,""component crossover"":0,""component crossover + repair"":0,""layer bundle crossover"":0,""layer bundle crossover + repair"":0},""depth_mask_entries_changed_total"":24,""quant_assignments_changed_total"":16,""interaction_aware_details"":{""budget_repair_quant_changes"":0,""preferred_quant_exchanges_used"":0,""fallback_quant_exchanges_used"":0},""crossover_diagnostics"":{""crossover_type"":""component"",""crossover_parent_selection"":""uniform"",""crossover_offspring"":0,""crossover_offspring_accepted"":0,""mutation_offspring_accepted"":16,""mutation_offspring"":16,""crossover_offspring_attempted"":0,""crossover_duplicates"":0,""crossover_infeasible_candidates"":0,""crossover_repair_changed_gene_count"":0,""crossover_repaired_proposals"":0,""parent_distance_mean"":null,""parent_distance_min"":null,""parent_distance_max"":null,""child_distance_from_parent_a_mean"":null,""child_distance_from_parent_b_mean"":null,""layers_from_parent_a_mean"":null,""layers_from_parent_b_mean"":null,""crossover_no_legal_exchange"":0,""local_exchange_attention"":0,""local_exchange_mlp"":0,""local_exchange_quantization"":0,""local_exchange_block"":0,""child_distance_from_base_mean"":null,""child_distance_from_base_min"":null,""child_distance_from_base_max"":null,""child_distance_from_base_count"":0,""child_distance_from_donor_mean"":null,""child_distance_from_donor_min"":null,""child_distance_from_donor_max"":null,""child_distance_from_donor_count"":0,""donor_distance_reduction_mean"":null,""donor_distance_reduction_min"":null,""donor_distance_reduction_max"":null,""donor_distance_reduction_count"":0,""local_exchange_changed_gene_count_mean"":null,""local_exchange_changed_gene_count_min"":null,""local_exchange_changed_gene_count_max"":null,""local_exchange_changed_gene_count_count"":0,""child_distance_statistics_scope"":""accepted_unique_crossover_offspring"",""persistent_population_size"":4,""unique_population_size"":4,""best_population_fitness"":1.1015625,""configured_survivors_per_selection"":[8,2,1],""effective_survivors_per_selection"":[8,2,4],""effective_final_survivor_count"":4},""offspring_generation"":{""attempts"":16,""no_op_mutations"":0,""duplicate_candidates"":0,""infeasible_candidates"":0,""fixed_quant_legal_swap_counts"":[]},""maximum_depth_mutations_per_offspring"":3,""quantization_step_size"":1,""quantization_mutations_per_offspring"":1,""joint_aware_probability"":0.0,""adaptive_mutation"":false,""adaptive_mutation_strength"":1,""adaptive_mutation_patience"":3,""adaptive_mutation_max_strength"":3,""coarse_to_fine_mutation"":false,""coarse_to_fine_start_strength"":3,""coarse_to_fine_end_strength"":1,""stagnation_generations_after_selection"":0}",depth,True,16,16,8,6,8192,16384,49152,122,237568,317.6961013080436,14280.6416015625
4,1.0302734375,1.1015625,kl,1.0302734375,,,,,0,{},16,8,2,1,"[8,2,1]","[512,2048,8192]",5503193088,3.0,9872.5078125,82816598016,,,8,8,"{""type"":""mixed_depth_quantization"",""sequential_mode"":""none"",""joint_mutation_mode"":""standard"",""parent_before_generation_hash"":""ef2f39b27788946c4d5e04b8a75aa230cc06e1a2262e67b3c0f8e5e3642c4332"",""parent_after_generation_hash"":""50fb3ea8bb84248d6dc361a9f6516f1004e0b67e45411665dc53d458bd6a0530"",""generated_offspring_by_type"":{""depth"":5,""quantization"":11,""joint_aware"":0,""interaction_aware"":0,""sequential_quantization"":0,""fixed_quant_depth"":0,""component crossover"":0,""component crossover + repair"":0,""layer bundle crossover"":0,""layer bundle crossover + repair"":0},""depth_mask_entries_changed_by_type"":{""depth"":10,""quantization"":0,""joint_aware"":0,""interaction_aware"":0,""sequential_quantization"":0,""fixed_quant_depth"":0,""component crossover"":0,""component crossover + repair"":0,""layer bundle crossover"":0,""layer bundle crossover + repair"":0},""quant_assignments_changed_by_type"":{""depth"":0,""quantization"":22,""joint_aware"":0,""interaction_aware"":0,""sequential_quantization"":0,""fixed_quant_depth"":0,""component crossover"":0,""component crossover + repair"":0,""layer bundle crossover"":0,""layer bundle crossover + repair"":0},""depth_mask_entries_changed_total"":10,""quant_assignments_changed_total"":22,""interaction_aware_details"":{""budget_repair_quant_changes"":0,""preferred_quant_exchanges_used"":0,""fallback_quant_exchanges_used"":0},""crossover_diagnostics"":{""crossover_type"":""component"",""crossover_parent_selection"":""uniform"",""crossover_offspring"":0,""crossover_offspring_accepted"":0,""mutation_offspring_accepted"":16,""mutation_offspring"":16,""crossover_offspring_attempted"":0,""crossover_duplicates"":0,""crossover_infeasible_candidates"":0,""crossover_repair_changed_gene_count"":0,""crossover_repaired_proposals"":0,""parent_distance_mean"":null,""parent_distance_min"":null,""parent_distance_max"":null,""child_distance_from_parent_a_mean"":null,""child_distance_from_parent_b_mean"":null,""layers_from_parent_a_mean"":null,""layers_from_parent_b_mean"":null,""crossover_no_legal_exchange"":0,""local_exchange_attention"":0,""local_exchange_mlp"":0,""local_exchange_quantization"":0,""local_exchange_block"":0,""child_distance_from_base_mean"":null,""child_distance_from_base_min"":null,""child_distance_from_base_max"":null,""child_distance_from_base_count"":0,""child_distance_from_donor_mean"":null,""child_distance_from_donor_min"":null,""child_distance_from_donor_max"":null,""child_distance_from_donor_count"":0,""donor_distance_reduction_mean"":null,""donor_distance_reduction_min"":null,""donor_distance_reduction_max"":null,""donor_distance_reduction_count"":0,""local_exchange_changed_gene_count_mean"":null,""local_exchange_changed_gene_count_min"":null,""local_exchange_changed_gene_count_max"":null,""local_exchange_changed_gene_count_count"":0,""child_distance_statistics_scope"":""accepted_unique_crossover_offspring"",""persistent_population_size"":4,""unique_population_size"":4,""best_population_fitness"":1.0302734375,""configured_survivors_per_selection"":[8,2,1],""effective_survivors_per_selection"":[8,2,4],""effective_final_survivor_count"":4},""offspring_generation"":{""attempts"":16,""no_op_mutations"":0,""duplicate_candidates"":0,""infeasible_candidates"":0,""fixed_quant_legal_swap_counts"":[]},""maximum_depth_mutations_per_offspring"":3,""quantization_step_size"":1,""quantization_mutations_per_offspring"":1,""joint_aware_probability"":0.0,""adaptive_mutation"":false,""adaptive_mutation_strength"":1,""adaptive_mutation_patience"":3,""adaptive_mutation_max_strength"":3,""coarse_to_fine_mutation"":false,""coarse_to_fine_start_strength"":3,""coarse_to_fine_end_strength"":1,""stagnation_generations_after_selection"":0}",depth,True,16,16,8,6,8192,16384,49152,152,311296,387.2379152360372,14280.6416015625
5,1.029296875,1.0302734375,kl,1.029296875,,,,,0,{},16,8,2,1,"[8,2,1]","[512,2048,8192]",5503193088,3.0,9872.5078125,82816598016,,,8,8,"{""type"":""mixed_depth_quantization"",""sequential_mode"":""none"",""joint_mutation_mode"":""standard"",""parent_before_generation_hash"":""50fb3ea8bb84248d6dc361a9f6516f1004e0b67e45411665dc53d458bd6a0530"",""parent_after_generation_hash"":""50fb3ea8bb84248d6dc361a9f6516f1004e0b67e45411665dc53d458bd6a0530"",""generated_offspring_by_type"":{""depth"":11,""quantization"":5,""joint_aware"":0,""interaction_aware"":0,""sequential_quantization"":0,""fixed_quant_depth"":0,""component crossover"":0,""component crossover + repair"":0,""layer bundle crossover"":0,""layer bundle crossover + repair"":0},""depth_mask_entries_changed_by_type"":{""depth"":34,""quantization"":0,""joint_aware"":0,""interaction_aware"":0,""sequential_quantization"":0,""fixed_quant_depth"":0,""component crossover"":0,""component crossover + repair"":0,""layer bundle crossover"":0,""layer bundle crossover + repair"":0},""quant_assignments_changed_by_type"":{""depth"":0,""quantization"":10,""joint_aware"":0,""interaction_aware"":0,""sequential_quantization"":0,""fixed_quant_depth"":0,""component crossover"":0,""component crossover + repair"":0,""layer bundle crossover"":0,""layer bundle crossover + repair"":0},""depth_mask_entries_changed_total"":34,""quant_assignments_changed_total"":10,""interaction_aware_details"":{""budget_repair_quant_changes"":0,""preferred_quant_exchanges_used"":0,""fallback_quant_exchanges_used"":0},""crossover_diagnostics"":{""crossover_type"":""component"",""crossover_parent_selection"":""uniform"",""crossover_offspring"":0,""crossover_offspring_accepted"":0,""mutation_offspring_accepted"":16,""mutation_offspring"":16,""crossover_offspring_attempted"":0,""crossover_duplicates"":0,""crossover_infeasible_candidates"":0,""crossover_repair_changed_gene_count"":0,""crossover_repaired_proposals"":0,""parent_distance_mean"":null,""parent_distance_min"":null,""parent_distance_max"":null,""child_distance_from_parent_a_mean"":null,""child_distance_from_parent_b_mean"":null,""layers_from_parent_a_mean"":null,""layers_from_parent_b_mean"":null,""crossover_no_legal_exchange"":0,""local_exchange_attention"":0,""local_exchange_mlp"":0,""local_exchange_quantization"":0,""local_exchange_block"":0,""child_distance_from_base_mean"":null,""child_distance_from_base_min"":null,""child_distance_from_base_max"":null,""child_distance_from_base_count"":0,""child_distance_from_donor_mean"":null,""child_distance_from_donor_min"":null,""child_distance_from_donor_max"":null,""child_distance_from_donor_count"":0,""donor_distance_reduction_mean"":null,""donor_distance_reduction_min"":null,""donor_distance_reduction_max"":null,""donor_distance_reduction_count"":0,""local_exchange_changed_gene_count_mean"":null,""local_exchange_changed_gene_count_min"":null,""local_exchange_changed_gene_count_max"":null,""local_exchange_changed_gene_count_count"":0,""child_distance_statistics_scope"":""accepted_unique_crossover_offspring"",""persistent_population_size"":4,""unique_population_size"":4,""best_population_fitness"":1.029296875,""configured_survivors_per_selection"":[8,2,1],""effective_survivors_per_selection"":[8,2,4],""effective_final_survivor_count"":4},""offspring_generation"":{""attempts"":16,""no_op_mutations"":0,""duplicate_candidates"":0,""infeasible_candidates"":0,""fixed_quant_legal_swap_counts"":[]},""maximum_depth_mutations_per_offspring"":3,""quantization_step_size"":1,""quantization_mutations_per_offspring"":1,""joint_aware_probability"":0.0,""adaptive_mutation"":false,""adaptive_mutation_strength"":1,""adaptive_mutation_patience"":3,""adaptive_mutation_max_strength"":3,""coarse_to_fine_mutation"":false,""coarse_to_fine_start_strength"":3,""coarse_to_fine_end_strength"":1,""stagnation_generations_after_selection"":1}",parent,False,16,16,8,6,8192,16384,49152,182,385024,452.75411885103676,14280.6416015625
6,0.92041015625,1.029296875,kl,0.92041015625,16.875,16.515625,,,333824,"{""wikitext2"":333824}",16,8,2,1,"[8,2,1]","[512,2048,8192]",5503193088,3.0,9872.5078125,82816598016,,,8,8,"{""type"":""mixed_depth_quantization"",""sequential_mode"":""none"",""joint_mutation_mode"":""standard"",""parent_before_generation_hash"":""50fb3ea8bb84248d6dc361a9f6516f1004e0b67e45411665dc53d458bd6a0530"",""parent_after_generation_hash"":""69bf9dc8ab18ba6c9fe5c8f7b560d49316b7148d59d134a16c9e380df5d36ce6"",""generated_offspring_by_type"":{""depth"":3,""quantization"":13,""joint_aware"":0,""interaction_aware"":0,""sequential_quantization"":0,""fixed_quant_depth"":0,""component crossover"":0,""component crossover + repair"":0,""layer bundle crossover"":0,""layer bundle crossover + repair"":0},""depth_mask_entries_changed_by_type"":{""depth"":6,""quantization"":0,""joint_aware"":0,""interaction_aware"":0,""sequential_quantization"":0,""fixed_quant_depth"":0,""component crossover"":0,""component crossover + repair"":0,""layer bundle crossover"":0,""layer bundle crossover + repair"":0},""quant_assignments_changed_by_type"":{""depth"":0,""quantization"":26,""joint_aware"":0,""interaction_aware"":0,""sequential_quantization"":0,""fixed_quant_depth"":0,""component crossover"":0,""component crossover + repair"":0,""layer bundle crossover"":0,""layer bundle crossover + repair"":0},""depth_mask_entries_changed_total"":6,""quant_assignments_changed_total"":26,""interaction_aware_details"":{""budget_repair_quant_changes"":0,""preferred_quant_exchanges_used"":0,""fallback_quant_exchanges_used"":0},""crossover_diagnostics"":{""crossover_type"":""component"",""crossover_parent_selection"":""uniform"",""crossover_offspring"":0,""crossover_offspring_accepted"":0,""mutation_offspring_accepted"":16,""mutation_offspring"":16,""crossover_offspring_attempted"":0,""crossover_duplicates"":0,""crossover_infeasible_candidates"":0,""crossover_repair_changed_gene_count"":0,""crossover_repaired_proposals"":0,""parent_distance_mean"":null,""parent_distance_min"":null,""parent_distance_max"":null,""child_distance_from_parent_a_mean"":null,""child_distance_from_parent_b_mean"":null,""layers_from_parent_a_mean"":null,""layers_from_parent_b_mean"":null,""crossover_no_legal_exchange"":0,""local_exchange_attention"":0,""local_exchange_mlp"":0,""local_exchange_quantization"":0,""local_exchange_block"":0,""child_distance_from_base_mean"":null,""child_distance_from_base_min"":null,""child_distance_from_base_max"":null,""child_distance_from_base_count"":0,""child_distance_from_donor_mean"":null,""child_distance_from_donor_min"":null,""child_distance_from_donor_max"":null,""child_distance_from_donor_count"":0,""donor_distance_reduction_mean"":null,""donor_distance_reduction_min"":null,""donor_distance_reduction_max"":null,""donor_distance_reduction_count"":0,""local_exchange_changed_gene_count_mean"":null,""local_exchange_changed_gene_count_min"":null,""local_exchange_changed_gene_count_max"":null,""local_exchange_changed_gene_count_count"":0,""child_distance_statistics_scope"":""accepted_unique_crossover_offspring"",""persistent_population_size"":4,""unique_population_size"":4,""best_population_fitness"":0.92041015625,""configured_survivors_per_selection"":[8,2,1],""effective_survivors_per_selection"":[8,2,4],""effective_final_survivor_count"":4},""offspring_generation"":{""attempts"":16,""no_op_mutations"":0,""duplicate_candidates"":0,""infeasible_candidates"":0,""fixed_quant_legal_swap_counts"":[]},""maximum_depth_mutations_per_offspring"":3,""quantization_step_size"":1,""quantization_mutations_per_offspring"":1,""joint_aware_probability"":0.0,""adaptive_mutation"":false,""adaptive_mutation_strength"":1,""adaptive_mutation_patience"":3,""adaptive_mutation_max_strength"":3,""coarse_to_fine_mutation"":false,""coarse_to_fine_start_strength"":3,""coarse_to_fine_end_strength"":1,""stagnation_generations_after_selection"":0}",depth,True,16,16,8,6,8192,16384,49152,212,458752,585.4148197500035,14280.6416015625
7,0.875,0.92041015625,kl,0.875,,,,,0,{},16,8,2,1,"[8,2,1]","[512,2048,8192]",5503193088,3.0,9872.5078125,82816598016,,,8,8,"{""type"":""mixed_depth_quantization"",""sequential_mode"":""none"",""joint_mutation_mode"":""standard"",""parent_before_generation_hash"":""69bf9dc8ab18ba6c9fe5c8f7b560d49316b7148d59d134a16c9e380df5d36ce6"",""parent_after_generation_hash"":""625392a774d99615c52a04b83783dd173c99a91e63cec1d8446c03f1221951f9"",""generated_offspring_by_type"":{""depth"":7,""quantization"":9,""joint_aware"":0,""interaction_aware"":0,""sequential_quantization"":0,""fixed_quant_depth"":0,""component crossover"":0,""component crossover + repair"":0,""layer bundle crossover"":0,""layer bundle crossover + repair"":0},""depth_mask_entries_changed_by_type"":{""depth"":18,""quantization"":0,""joint_aware"":0,""interaction_aware"":0,""sequential_quantization"":0,""fixed_quant_depth"":0,""component crossover"":0,""component crossover + repair"":0,""layer bundle crossover"":0,""layer bundle crossover + repair"":0},""quant_assignments_changed_by_type"":{""depth"":0,""quantization"":18,""joint_aware"":0,""interaction_aware"":0,""sequential_quantization"":0,""fixed_quant_depth"":0,""component crossover"":0,""component crossover + repair"":0,""layer bundle crossover"":0,""layer bundle crossover + repair"":0},""depth_mask_entries_changed_total"":18,""quant_assignments_changed_total"":18,""interaction_aware_details"":{""budget_repair_quant_changes"":0,""preferred_quant_exchanges_used"":0,""fallback_quant_exchanges_used"":0},""crossover_diagnostics"":{""crossover_type"":""component"",""crossover_parent_selection"":""uniform"",""crossover_offspring"":0,""crossover_offspring_accepted"":0,""mutation_offspring_accepted"":16,""mutation_offspring"":16,""crossover_offspring_attempted"":0,""crossover_duplicates"":0,""crossover_infeasible_candidates"":0,""crossover_repair_changed_gene_count"":0,""crossover_repaired_proposals"":0,""parent_distance_mean"":null,""parent_distance_min"":null,""parent_distance_max"":null,""child_distance_from_parent_a_mean"":null,""child_distance_from_parent_b_mean"":null,""layers_from_parent_a_mean"":null,""layers_from_parent_b_mean"":null,""crossover_no_legal_exchange"":0,""local_exchange_attention"":0,""local_exchange_mlp"":0,""local_exchange_quantization"":0,""local_exchange_block"":0,""child_distance_from_base_mean"":null,""child_distance_from_base_min"":null,""child_distance_from_base_max"":null,""child_distance_from_base_count"":0,""child_distance_from_donor_mean"":null,""child_distance_from_donor_min"":null,""child_distance_from_donor_max"":null,""child_distance_from_donor_count"":0,""donor_distance_reduction_mean"":null,""donor_distance_reduction_min"":null,""donor_distance_reduction_max"":null,""donor_distance_reduction_count"":0,""local_exchange_changed_gene_count_mean"":null,""local_exchange_changed_gene_count_min"":null,""local_exchange_changed_gene_count_max"":null,""local_exchange_changed_gene_count_count"":0,""child_distance_statistics_scope"":""accepted_unique_crossover_offspring"",""persistent_population_size"":4,""unique_population_size"":4,""best_population_fitness"":0.875,""configured_survivors_per_selection"":[8,2,1],""effective_survivors_per_selection"":[8,2,4],""effective_final_survivor_count"":4},""offspring_generation"":{""attempts"":16,""no_op_mutations"":0,""duplicate_candidates"":0,""infeasible_candidates"":0,""fixed_quant_legal_swap_counts"":[]},""maximum_depth_mutations_per_offspring"":3,""quantization_step_size"":1,""quantization_mutations_per_offspring"":1,""joint_aware_probability"":0.0,""adaptive_mutation"":false,""adaptive_mutation_strength"":1,""adaptive_mutation_patience"":3,""adaptive_mutation_max_strength"":3,""coarse_to_fine_mutation"":false,""coarse_to_fine_start_strength"":3,""coarse_to_fine_end_strength"":1,""stagnation_generations_after_selection"":0}",depth,True,16,16,8,6,8192,16384,49152,242,532480,658.0876443010056,14280.6416015625
8,0.8740234375,0.875,kl,0.8740234375,,,,,0,{},16,8,2,1,"[8,2,1]","[512,2048,8192]",5503193088,3.0,9872.5078125,82816598016,,,8,8,"{""type"":""mixed_depth_quantization"",""sequential_mode"":""none"",""joint_mutation_mode"":""standard"",""parent_before_generation_hash"":""625392a774d99615c52a04b83783dd173c99a91e63cec1d8446c03f1221951f9"",""parent_after_generation_hash"":""625392a774d99615c52a04b83783dd173c99a91e63cec1d8446c03f1221951f9"",""generated_offspring_by_type"":{""depth"":7,""quantization"":9,""joint_aware"":0,""interaction_aware"":0,""sequential_quantization"":0,""fixed_quant_depth"":0,""component crossover"":0,""component crossover + repair"":0,""layer bundle crossover"":0,""layer bundle crossover + repair"":0},""depth_mask_entries_changed_by_type"":{""depth"":22,""quantization"":0,""joint_aware"":0,""interaction_aware"":0,""sequential_quantization"":0,""fixed_quant_depth"":0,""component crossover"":0,""component crossover + repair"":0,""layer bundle crossover"":0,""layer bundle crossover + repair"":0},""quant_assignments_changed_by_type"":{""depth"":0,""quantization"":18,""joint_aware"":0,""interaction_aware"":0,""sequential_quantization"":0,""fixed_quant_depth"":0,""component crossover"":0,""component crossover + repair"":0,""layer bundle crossover"":0,""layer bundle crossover + repair"":0},""depth_mask_entries_changed_total"":22,""quant_assignments_changed_total"":18,""interaction_aware_details"":{""budget_repair_quant_changes"":0,""preferred_quant_exchanges_used"":0,""fallback_quant_exchanges_used"":0},""crossover_diagnostics"":{""crossover_type"":""component"",""crossover_parent_selection"":""uniform"",""crossover_offspring"":0,""crossover_offspring_accepted"":0,""mutation_offspring_accepted"":16,""mutation_offspring"":16,""crossover_offspring_attempted"":0,""crossover_duplicates"":0,""crossover_infeasible_candidates"":0,""crossover_repair_changed_gene_count"":0,""crossover_repaired_proposals"":0,""parent_distance_mean"":null,""parent_distance_min"":null,""parent_distance_max"":null,""child_distance_from_parent_a_mean"":null,""child_distance_from_parent_b_mean"":null,""layers_from_parent_a_mean"":null,""layers_from_parent_b_mean"":null,""crossover_no_legal_exchange"":0,""local_exchange_attention"":0,""local_exchange_mlp"":0,""local_exchange_quantization"":0,""local_exchange_block"":0,""child_distance_from_base_mean"":null,""child_distance_from_base_min"":null,""child_distance_from_base_max"":null,""child_distance_from_base_count"":0,""child_distance_from_donor_mean"":null,""child_distance_from_donor_min"":null,""child_distance_from_donor_max"":null,""child_distance_from_donor_count"":0,""donor_distance_reduction_mean"":null,""donor_distance_reduction_min"":null,""donor_distance_reduction_max"":null,""donor_distance_reduction_count"":0,""local_exchange_changed_gene_count_mean"":null,""local_exchange_changed_gene_count_min"":null,""local_exchange_changed_gene_count_max"":null,""local_exchange_changed_gene_count_count"":0,""child_distance_statistics_scope"":""accepted_unique_crossover_offspring"",""persistent_population_size"":4,""unique_population_size"":4,""best_population_fitness"":0.8740234375,""configured_survivors_per_selection"":[8,2,1],""effective_survivors_per_selection"":[8,2,4],""effective_final_survivor_count"":4},""offspring_generation"":{""attempts"":16,""no_op_mutations"":0,""duplicate_candidates"":0,""infeasible_candidates"":0,""fixed_quant_legal_swap_counts"":[]},""maximum_depth_mutations_per_offspring"":3,""quantization_step_size"":1,""quantization_mutations_per_offspring"":1,""joint_aware_probability"":0.0,""adaptive_mutation"":false,""adaptive_mutation_strength"":1,""adaptive_mutation_patience"":3,""adaptive_mutation_max_strength"":3,""coarse_to_fine_mutation"":false,""coarse_to_fine_start_strength"":3,""coarse_to_fine_end_strength"":1,""stagnation_generations_after_selection"":1}",parent,False,16,16,8,6,8192,16384,49152,272,606208,711.2410991390352,14280.6416015625
9,0.8740234375,0.8740234375,kl,0.8740234375,,,,,0,{},16,8,2,1,"[8,2,1]","[512,2048,8192]",5503193088,3.0,9872.5078125,82816598016,,,8,8,"{""type"":""mixed_depth_quantization"",""sequential_mode"":""none"",""joint_mutation_mode"":""standard"",""parent_before_generation_hash"":""625392a774d99615c52a04b83783dd173c99a91e63cec1d8446c03f1221951f9"",""parent_after_generation_hash"":""625392a774d99615c52a04b83783dd173c99a91e63cec1d8446c03f1221951f9"",""generated_offspring_by_type"":{""depth"":9,""quantization"":7,""joint_aware"":0,""interaction_aware"":0,""sequential_quantization"":0,""fixed_quant_depth"":0,""component crossover"":0,""component crossover + repair"":0,""layer bundle crossover"":0,""layer bundle crossover + repair"":0},""depth_mask_entries_changed_by_type"":{""depth"":28,""quantization"":0,""joint_aware"":0,""interaction_aware"":0,""sequential_quantization"":0,""fixed_quant_depth"":0,""component crossover"":0,""component crossover + repair"":0,""layer bundle crossover"":0,""layer bundle crossover + repair"":0},""quant_assignments_changed_by_type"":{""depth"":0,""quantization"":14,""joint_aware"":0,""interaction_aware"":0,""sequential_quantization"":0,""fixed_quant_depth"":0,""component crossover"":0,""component crossover + repair"":0,""layer bundle crossover"":0,""layer bundle crossover + repair"":0},""depth_mask_entries_changed_total"":28,""quant_assignments_changed_total"":14,""interaction_aware_details"":{""budget_repair_quant_changes"":0,""preferred_quant_exchanges_used"":0,""fallback_quant_exchanges_used"":0},""crossover_diagnostics"":{""crossover_type"":""component"",""crossover_parent_selection"":""uniform"",""crossover_offspring"":0,""crossover_offspring_accepted"":0,""mutation_offspring_accepted"":16,""mutation_offspring"":16,""crossover_offspring_attempted"":0,""crossover_duplicates"":0,""crossover_infeasible_candidates"":0,""crossover_repair_changed_gene_count"":0,""crossover_repaired_proposals"":0,""parent_distance_mean"":null,""parent_distance_min"":null,""parent_distance_max"":null,""child_distance_from_parent_a_mean"":null,""child_distance_from_parent_b_mean"":null,""layers_from_parent_a_mean"":null,""layers_from_parent_b_mean"":null,""crossover_no_legal_exchange"":0,""local_exchange_attention"":0,""local_exchange_mlp"":0,""local_exchange_quantization"":0,""local_exchange_block"":0,""child_distance_from_base_mean"":null,""child_distance_from_base_min"":null,""child_distance_from_base_max"":null,""child_distance_from_base_count"":0,""child_distance_from_donor_mean"":null,""child_distance_from_donor_min"":null,""child_distance_from_donor_max"":null,""child_distance_from_donor_count"":0,""donor_distance_reduction_mean"":null,""donor_distance_reduction_min"":null,""donor_distance_reduction_max"":null,""donor_distance_reduction_count"":0,""local_exchange_changed_gene_count_mean"":null,""local_exchange_changed_gene_count_min"":null,""local_exchange_changed_gene_count_max"":null,""local_exchange_changed_gene_count_count"":0,""child_distance_statistics_scope"":""accepted_unique_crossover_offspring"",""persistent_population_size"":4,""unique_population_size"":4,""best_population_fitness"":0.8740234375,""configured_survivors_per_selection"":[8,2,1],""effective_survivors_per_selection"":[8,2,4],""effective_final_survivor_count"":4},""offspring_generation"":{""attempts"":16,""no_op_mutations"":0,""duplicate_candidates"":0,""infeasible_candidates"":0,""fixed_quant_legal_swap_counts"":[]},""maximum_depth_mutations_per_offspring"":3,""quantization_step_size"":1,""quantization_mutations_per_offspring"":1,""joint_aware_probability"":0.0,""adaptive_mutation"":false,""adaptive_mutation_strength"":1,""adaptive_mutation_patience"":3,""adaptive_mutation_max_strength"":3,""coarse_to_fine_mutation"":false,""coarse_to_fine_start_strength"":3,""coarse_to_fine_end_strength"":1,""stagnation_generations_after_selection"":2}",parent,False,16,16,8,6,8192,16384,49152,302,679936,765.6082759790006,14280.6416015625
10,0.8740234375,0.8740234375,kl,0.8740234375,,,,,0,{},16,8,2,1,"[8,2,1]","[512,2048,8192]",5503193088,3.0,9872.5078125,82816598016,,,8,8,"{""type"":""mixed_depth_quantization"",""sequential_mode"":""none"",""joint_mutation_mode"":""standard"",""parent_before_generation_hash"":""625392a774d99615c52a04b83783dd173c99a91e63cec1d8446c03f1221951f9"",""parent_after_generation_hash"":""625392a774d99615c52a04b83783dd173c99a91e63cec1d8446c03f1221951f9"",""generated_offspring_by_type"":{""depth"":8,""quantization"":8,""joint_aware"":0,""interaction_aware"":0,""sequential_quantization"":0,""fixed_quant_depth"":0,""component crossover"":0,""component crossover + repair"":0,""layer bundle crossover"":0,""layer bundle crossover + repair"":0},""depth_mask_entries_changed_by_type"":{""depth"":24,""quantization"":0,""joint_aware"":0,""interaction_aware"":0,""sequential_quantization"":0,""fixed_quant_depth"":0,""component crossover"":0,""component crossover + repair"":0,""layer bundle crossover"":0,""layer bundle crossover + repair"":0},""quant_assignments_changed_by_type"":{""depth"":2,""quantization"":16,""joint_aware"":0,""interaction_aware"":0,""sequential_quantization"":0,""fixed_quant_depth"":0,""component crossover"":0,""component crossover + repair"":0,""layer bundle crossover"":0,""layer bundle crossover + repair"":0},""depth_mask_entries_changed_total"":24,""quant_assignments_changed_total"":18,""interaction_aware_details"":{""budget_repair_quant_changes"":0,""preferred_quant_exchanges_used"":0,""fallback_quant_exchanges_used"":0},""crossover_diagnostics"":{""crossover_type"":""component"",""crossover_parent_selection"":""uniform"",""crossover_offspring"":0,""crossover_offspring_accepted"":0,""mutation_offspring_accepted"":16,""mutation_offspring"":16,""crossover_offspring_attempted"":0,""crossover_duplicates"":0,""crossover_infeasible_candidates"":0,""crossover_repair_changed_gene_count"":0,""crossover_repaired_proposals"":0,""parent_distance_mean"":null,""parent_distance_min"":null,""parent_distance_max"":null,""child_distance_from_parent_a_mean"":null,""child_distance_from_parent_b_mean"":null,""layers_from_parent_a_mean"":null,""layers_from_parent_b_mean"":null,""crossover_no_legal_exchange"":0,""local_exchange_attention"":0,""local_exchange_mlp"":0,""local_exchange_quantization"":0,""local_exchange_block"":0,""child_distance_from_base_mean"":null,""child_distance_from_base_min"":null,""child_distance_from_base_max"":null,""child_distance_from_base_count"":0,""child_distance_from_donor_mean"":null,""child_distance_from_donor_min"":null,""child_distance_from_donor_max"":null,""child_distance_from_donor_count"":0,""donor_distance_reduction_mean"":null,""donor_distance_reduction_min"":null,""donor_distance_reduction_max"":null,""donor_distance_reduction_count"":0,""local_exchange_changed_gene_count_mean"":null,""local_exchange_changed_gene_count_min"":null,""local_exchange_changed_gene_count_max"":null,""local_exchange_changed_gene_count_count"":0,""child_distance_statistics_scope"":""accepted_unique_crossover_offspring"",""persistent_population_size"":4,""unique_population_size"":4,""best_population_fitness"":0.8740234375,""configured_survivors_per_selection"":[8,2,1],""effective_survivors_per_selection"":[8,2,4],""effective_final_survivor_count"":4},""offspring_generation"":{""attempts"":16,""no_op_mutations"":0,""duplicate_candidates"":0,""infeasible_candidates"":0,""fixed_quant_legal_swap_counts"":[]},""maximum_depth_mutations_per_offspring"":3,""quantization_step_size"":1,""quantization_mutations_per_offspring"":1,""joint_aware_probability"":0.0,""adaptive_mutation"":false,""adaptive_mutation_strength"":1,""adaptive_mutation_patience"":3,""adaptive_mutation_max_strength"":3,""coarse_to_fine_mutation"":false,""coarse_to_fine_start_strength"":3,""coarse_to_fine_end_strength"":1,""stagnation_generations_after_selection"":3}",parent,False,16,16,8,6,8192,16384,49152,332,753664,824.769911445037,14280.6416015625
11,0.8740234375,0.8740234375,kl,0.8740234375,14.3828125,13.96875,,,333824,"{""wikitext2"":333824}",16,8,2,1,"[8,2,1]","[512,2048,8192]",5503193088,3.0,9872.5078125,82816598016,,,8,8,"{""type"":""mixed_depth_quantization"",""sequential_mode"":""none"",""joint_mutation_mode"":""standard"",""parent_before_generation_hash"":""625392a774d99615c52a04b83783dd173c99a91e63cec1d8446c03f1221951f9"",""parent_after_generation_hash"":""625392a774d99615c52a04b83783dd173c99a91e63cec1d8446c03f1221951f9"",""generated_offspring_by_type"":{""depth"":6,""quantization"":10,""joint_aware"":0,""interaction_aware"":0,""sequential_quantization"":0,""fixed_quant_depth"":0,""component crossover"":0,""component crossover + repair"":0,""layer bundle crossover"":0,""layer bundle crossover + repair"":0},""depth_mask_entries_changed_by_type"":{""depth"":18,""quantization"":0,""joint_aware"":0,""interaction_aware"":0,""sequential_quantization"":0,""fixed_quant_depth"":0,""component crossover"":0,""component crossover + repair"":0,""layer bundle crossover"":0,""layer bundle crossover + repair"":0},""quant_assignments_changed_by_type"":{""depth"":1,""quantization"":20,""joint_aware"":0,""interaction_aware"":0,""sequential_quantization"":0,""fixed_quant_depth"":0,""component crossover"":0,""component crossover + repair"":0,""layer bundle crossover"":0,""layer bundle crossover + repair"":0},""depth_mask_entries_changed_total"":18,""quant_assignments_changed_total"":21,""interaction_aware_details"":{""budget_repair_quant_changes"":0,""preferred_quant_exchanges_used"":0,""fallback_quant_exchanges_used"":0},""crossover_diagnostics"":{""crossover_type"":""component"",""crossover_parent_selection"":""uniform"",""crossover_offspring"":0,""crossover_offspring_accepted"":0,""mutation_offspring_accepted"":16,""mutation_offspring"":16,""crossover_offspring_attempted"":0,""crossover_duplicates"":0,""crossover_infeasible_candidates"":0,""crossover_repair_changed_gene_count"":0,""crossover_repaired_proposals"":0,""parent_distance_mean"":null,""parent_distance_min"":null,""parent_distance_max"":null,""child_distance_from_parent_a_mean"":null,""child_distance_from_parent_b_mean"":null,""layers_from_parent_a_mean"":null,""layers_from_parent_b_mean"":null,""crossover_no_legal_exchange"":0,""local_exchange_attention"":0,""local_exchange_mlp"":0,""local_exchange_quantization"":0,""local_exchange_block"":0,""child_distance_from_base_mean"":null,""child_distance_from_base_min"":null,""child_distance_from_base_max"":null,""child_distance_from_base_count"":0,""child_distance_from_donor_mean"":null,""child_distance_from_donor_min"":null,""child_distance_from_donor_max"":null,""child_distance_from_donor_count"":0,""donor_distance_reduction_mean"":null,""donor_distance_reduction_min"":null,""donor_distance_reduction_max"":null,""donor_distance_reduction_count"":0,""local_exchange_changed_gene_count_mean"":null,""local_exchange_changed_gene_count_min"":null,""local_exchange_changed_gene_count_max"":null,""local_exchange_changed_gene_count_count"":0,""child_distance_statistics_scope"":""accepted_unique_crossover_offspring"",""persistent_population_size"":4,""unique_population_size"":4,""best_population_fitness"":0.8740234375,""configured_survivors_per_selection"":[8,2,1],""effective_survivors_per_selection"":[8,2,4],""effective_final_survivor_count"":4},""offspring_generation"":{""attempts"":16,""no_op_mutations"":0,""duplicate_candidates"":0,""infeasible_candidates"":0,""fixed_quant_legal_swap_counts"":[]},""maximum_depth_mutations_per_offspring"":3,""quantization_step_size"":1,""quantization_mutations_per_offspring"":1,""joint_aware_probability"":0.0,""adaptive_mutation"":false,""adaptive_mutation_strength"":1,""adaptive_mutation_patience"":3,""adaptive_mutation_max_strength"":3,""coarse_to_fine_mutation"":false,""coarse_to_fine_start_strength"":3,""coarse_to_fine_end_strength"":1,""stagnation_generations_after_selection"":4}",parent,False,16,16,8,6,8192,16384,49152,362,827392,933.0942168590263,14280.6416015625
12,0.77001953125,0.8740234375,kl,0.77001953125,,,,,0,{},16,8,2,1,"[8,2,1]","[512,2048,8192]",5503193088,3.0,9872.5078125,82816598016,,,8,8,"{""type"":""mixed_depth_quantization"",""sequential_mode"":""none"",""joint_mutation_mode"":""standard"",""parent_before_generation_hash"":""625392a774d99615c52a04b83783dd173c99a91e63cec1d8446c03f1221951f9"",""parent_after_generation_hash"":""edb636f44a50dfb16e8b6ea53942b4594b26c2f6b04b145822229fddf1bbd5c4"",""generated_offspring_by_type"":{""depth"":7,""quantization"":9,""joint_aware"":0,""interaction_aware"":0,""sequential_quantization"":0,""fixed_quant_depth"":0,""component crossover"":0,""component crossover + repair"":0,""layer bundle crossover"":0,""layer bundle crossover + repair"":0},""depth_mask_entries_changed_by_type"":{""depth"":18,""quantization"":0,""joint_aware"":0,""interaction_aware"":0,""sequential_quantization"":0,""fixed_quant_depth"":0,""component crossover"":0,""component crossover + repair"":0,""layer bundle crossover"":0,""layer bundle crossover + repair"":0},""quant_assignments_changed_by_type"":{""depth"":0,""quantization"":18,""joint_aware"":0,""interaction_aware"":0,""sequential_quantization"":0,""fixed_quant_depth"":0,""component crossover"":0,""component crossover + repair"":0,""layer bundle crossover"":0,""layer bundle crossover + repair"":0},""depth_mask_entries_changed_total"":18,""quant_assignments_changed_total"":18,""interaction_aware_details"":{""budget_repair_quant_changes"":0,""preferred_quant_exchanges_used"":0,""fallback_quant_exchanges_used"":0},""crossover_diagnostics"":{""crossover_type"":""component"",""crossover_parent_selection"":""uniform"",""crossover_offspring"":0,""crossover_offspring_accepted"":0,""mutation_offspring_accepted"":16,""mutation_offspring"":16,""crossover_offspring_attempted"":0,""crossover_duplicates"":0,""crossover_infeasible_candidates"":0,""crossover_repair_changed_gene_count"":0,""crossover_repaired_proposals"":0,""parent_distance_mean"":null,""parent_distance_min"":null,""parent_distance_max"":null,""child_distance_from_parent_a_mean"":null,""child_distance_from_parent_b_mean"":null,""layers_from_parent_a_mean"":null,""layers_from_parent_b_mean"":null,""crossover_no_legal_exchange"":0,""local_exchange_attention"":0,""local_exchange_mlp"":0,""local_exchange_quantization"":0,""local_exchange_block"":0,""child_distance_from_base_mean"":null,""child_distance_from_base_min"":null,""child_distance_from_base_max"":null,""child_distance_from_base_count"":0,""child_distance_from_donor_mean"":null,""child_distance_from_donor_min"":null,""child_distance_from_donor_max"":null,""child_distance_from_donor_count"":0,""donor_distance_reduction_mean"":null,""donor_distance_reduction_min"":null,""donor_distance_reduction_max"":null,""donor_distance_reduction_count"":0,""local_exchange_changed_gene_count_mean"":null,""local_exchange_changed_gene_count_min"":null,""local_exchange_changed_gene_count_max"":null,""local_exchange_changed_gene_count_count"":0,""child_distance_statistics_scope"":""accepted_unique_crossover_offspring"",""persistent_population_size"":4,""unique_population_size"":4,""best_population_fitness"":0.77001953125,""configured_survivors_per_selection"":[8,2,1],""effective_survivors_per_selection"":[8,2,4],""effective_final_survivor_count"":4},""offspring_generation"":{""attempts"":16,""no_op_mutations"":0,""duplicate_candidates"":0,""infeasible_candidates"":0,""fixed_quant_legal_swap_counts"":[]},""maximum_depth_mutations_per_offspring"":3,""quantization_step_size"":1,""quantization_mutations_per_offspring"":1,""joint_aware_probability"":0.0,""adaptive_mutation"":false,""adaptive_mutation_strength"":1,""adaptive_mutation_patience"":3,""adaptive_mutation_max_strength"":3,""coarse_to_fine_mutation"":false,""coarse_to_fine_start_strength"":3,""coarse_to_fine_end_strength"":1,""stagnation_generations_after_selection"":0}",depth,True,16,16,8,6,8192,16384,49152,392,901120,983.7648176620132,14280.6416015625
13,0.76953125,0.77001953125,kl,0.76953125,,,,,0,{},16,8,2,1,"[8,2,1]","[512,2048,8192]",5503193088,3.0,9872.5078125,82816598016,,,8,8,"{""type"":""mixed_depth_quantization"",""sequential_mode"":""none"",""joint_mutation_mode"":""standard"",""parent_before_generation_hash"":""edb636f44a50dfb16e8b6ea53942b4594b26c2f6b04b145822229fddf1bbd5c4"",""parent_after_generation_hash"":""3b3b9e2995eec022d89ac1cf238b3e1cc95794a719a9651c224ad50215c23009"",""generated_offspring_by_type"":{""depth"":7,""quantization"":9,""joint_aware"":0,""interaction_aware"":0,""sequential_quantization"":0,""fixed_quant_depth"":0,""component crossover"":0,""component crossover + repair"":0,""layer bundle crossover"":0,""layer bundle crossover + repair"":0},""depth_mask_entries_changed_by_type"":{""depth"":20,""quantization"":0,""joint_aware"":0,""interaction_aware"":0,""sequential_quantization"":0,""fixed_quant_depth"":0,""component crossover"":0,""component crossover + repair"":0,""layer bundle crossover"":0,""layer bundle crossover + repair"":0},""quant_assignments_changed_by_type"":{""depth"":2,""quantization"":18,""joint_aware"":0,""interaction_aware"":0,""sequential_quantization"":0,""fixed_quant_depth"":0,""component crossover"":0,""component crossover + repair"":0,""layer bundle crossover"":0,""layer bundle crossover + repair"":0},""depth_mask_entries_changed_total"":20,""quant_assignments_changed_total"":20,""interaction_aware_details"":{""budget_repair_quant_changes"":0,""preferred_quant_exchanges_used"":0,""fallback_quant_exchanges_used"":0},""crossover_diagnostics"":{""crossover_type"":""component"",""crossover_parent_selection"":""uniform"",""crossover_offspring"":0,""crossover_offspring_accepted"":0,""mutation_offspring_accepted"":16,""mutation_offspring"":16,""crossover_offspring_attempted"":0,""crossover_duplicates"":0,""crossover_infeasible_candidates"":0,""crossover_repair_changed_gene_count"":0,""crossover_repaired_proposals"":0,""parent_distance_mean"":null,""parent_distance_min"":null,""parent_distance_max"":null,""child_distance_from_parent_a_mean"":null,""child_distance_from_parent_b_mean"":null,""layers_from_parent_a_mean"":null,""layers_from_parent_b_mean"":null,""crossover_no_legal_exchange"":0,""local_exchange_attention"":0,""local_exchange_mlp"":0,""local_exchange_quantization"":0,""local_exchange_block"":0,""child_distance_from_base_mean"":null,""child_distance_from_base_min"":null,""child_distance_from_base_max"":null,""child_distance_from_base_count"":0,""child_distance_from_donor_mean"":null,""child_distance_from_donor_min"":null,""child_distance_from_donor_max"":null,""child_distance_from_donor_count"":0,""donor_distance_reduction_mean"":null,""donor_distance_reduction_min"":null,""donor_distance_reduction_max"":null,""donor_distance_reduction_count"":0,""local_exchange_changed_gene_count_mean"":null,""local_exchange_changed_gene_count_min"":null,""local_exchange_changed_gene_count_max"":null,""local_exchange_changed_gene_count_count"":0,""child_distance_statistics_scope"":""accepted_unique_crossover_offspring"",""persistent_population_size"":4,""unique_population_size"":4,""best_population_fitness"":0.76953125,""configured_survivors_per_selection"":[8,2,1],""effective_survivors_per_selection"":[8,2,4],""effective_final_survivor_count"":4},""offspring_generation"":{""attempts"":16,""no_op_mutations"":0,""duplicate_candidates"":0,""infeasible_candidates"":0,""fixed_quant_legal_swap_counts"":[]},""maximum_depth_mutations_per_offspring"":3,""quantization_step_size"":1,""quantization_mutations_per_offspring"":1,""joint_aware_probability"":0.0,""adaptive_mutation"":false,""adaptive_mutation_strength"":1,""adaptive_mutation_patience"":3,""adaptive_mutation_max_strength"":3,""coarse_to_fine_mutation"":false,""coarse_to_fine_start_strength"":3,""coarse_to_fine_end_strength"":1,""stagnation_generations_after_selection"":0}",quantization,True,16,16,8,6,8192,16384,49152,422,974848,1034.0277444740059,14280.6416015625
14,0.76904296875,0.76953125,kl,0.76904296875,,,,,0,{},16,8,2,1,"[8,2,1]","[512,2048,8192]",5503193088,3.0,9872.5078125,82816598016,,,8,8,"{""type"":""mixed_depth_quantization"",""sequential_mode"":""none"",""joint_mutation_mode"":""standard"",""parent_before_generation_hash"":""3b3b9e2995eec022d89ac1cf238b3e1cc95794a719a9651c224ad50215c23009"",""parent_after_generation_hash"":""3b3b9e2995eec022d89ac1cf238b3e1cc95794a719a9651c224ad50215c23009"",""generated_offspring_by_type"":{""depth"":8,""quantization"":8,""joint_aware"":0,""interaction_aware"":0,""sequential_quantization"":0,""fixed_quant_depth"":0,""component crossover"":0,""component crossover + repair"":0,""layer bundle crossover"":0,""layer bundle crossover + repair"":0},""depth_mask_entries_changed_by_type"":{""depth"":28,""quantization"":0,""joint_aware"":0,""interaction_aware"":0,""sequential_quantization"":0,""fixed_quant_depth"":0,""component crossover"":0,""component crossover + repair"":0,""layer bundle crossover"":0,""layer bundle crossover + repair"":0},""quant_assignments_changed_by_type"":{""depth"":0,""quantization"":16,""joint_aware"":0,""interaction_aware"":0,""sequential_quantization"":0,""fixed_quant_depth"":0,""component crossover"":0,""component crossover + repair"":0,""layer bundle crossover"":0,""layer bundle crossover + repair"":0},""depth_mask_entries_changed_total"":28,""quant_assignments_changed_total"":16,""interaction_aware_details"":{""budget_repair_quant_changes"":0,""preferred_quant_exchanges_used"":0,""fallback_quant_exchanges_used"":0},""crossover_diagnostics"":{""crossover_type"":""component"",""crossover_parent_selection"":""uniform"",""crossover_offspring"":0,""crossover_offspring_accepted"":0,""mutation_offspring_accepted"":16,""mutation_offspring"":16,""crossover_offspring_attempted"":0,""crossover_duplicates"":0,""crossover_infeasible_candidates"":0,""crossover_repair_changed_gene_count"":0,""crossover_repaired_proposals"":0,""parent_distance_mean"":null,""parent_distance_min"":null,""parent_distance_max"":null,""child_distance_from_parent_a_mean"":null,""child_distance_from_parent_b_mean"":null,""layers_from_parent_a_mean"":null,""layers_from_parent_b_mean"":null,""crossover_no_legal_exchange"":0,""local_exchange_attention"":0,""local_exchange_mlp"":0,""local_exchange_quantization"":0,""local_exchange_block"":0,""child_distance_from_base_mean"":null,""child_distance_from_base_min"":null,""child_distance_from_base_max"":null,""child_distance_from_base_count"":0,""child_distance_from_donor_mean"":null,""child_distance_from_donor_min"":null,""child_distance_from_donor_max"":null,""child_distance_from_donor_count"":0,""donor_distance_reduction_mean"":null,""donor_distance_reduction_min"":null,""donor_distance_reduction_max"":null,""donor_distance_reduction_count"":0,""local_exchange_changed_gene_count_mean"":null,""local_exchange_changed_gene_count_min"":null,""local_exchange_changed_gene_count_max"":null,""local_exchange_changed_gene_count_count"":0,""child_distance_statistics_scope"":""accepted_unique_crossover_offspring"",""persistent_population_size"":4,""unique_population_size"":4,""best_population_fitness"":0.76904296875,""configured_survivors_per_selection"":[8,2,1],""effective_survivors_per_selection"":[8,2,4],""effective_final_survivor_count"":4},""offspring_generation"":{""attempts"":16,""no_op_mutations"":0,""duplicate_candidates"":0,""infeasible_candidates"":0,""fixed_quant_legal_swap_counts"":[]},""maximum_depth_mutations_per_offspring"":3,""quantization_step_size"":1,""quantization_mutations_per_offspring"":1,""joint_aware_probability"":0.0,""adaptive_mutation"":false,""adaptive_mutation_strength"":1,""adaptive_mutation_patience"":3,""adaptive_mutation_max_strength"":3,""coarse_to_fine_mutation"":false,""coarse_to_fine_start_strength"":3,""coarse_to_fine_end_strength"":1,""stagnation_generations_after_selection"":1}",parent,False,16,16,8,6,8192,16384,49152,452,1048576,1089.4844342140132,14280.6416015625
15,0.744140625,0.76904296875,kl,0.744140625,,,,,0,{},16,8,2,1,"[8,2,1]","[512,2048,8192]",5503193088,3.0,9872.5078125,82816598016,,,8,8,"{""type"":""mixed_depth_quantization"",""sequential_mode"":""none"",""joint_mutation_mode"":""standard"",""parent_before_generation_hash"":""3b3b9e2995eec022d89ac1cf238b3e1cc95794a719a9651c224ad50215c23009"",""parent_after_generation_hash"":""270f6687f5824edd9e4db4fa7eb62da0207995a93f74ef43bc9f40ec293020c8"",""generated_offspring_by_type"":{""depth"":8,""quantization"":8,""joint_aware"":0,""interaction_aware"":0,""sequential_quantization"":0,""fixed_quant_depth"":0,""component crossover"":0,""component crossover + repair"":0,""layer bundle crossover"":0,""layer bundle crossover + repair"":0},""depth_mask_entries_changed_by_type"":{""depth"":26,""quantization"":0,""joint_aware"":0,""interaction_aware"":0,""sequential_quantization"":0,""fixed_quant_depth"":0,""component crossover"":0,""component crossover + repair"":0,""layer bundle crossover"":0,""layer bundle crossover + repair"":0},""quant_assignments_changed_by_type"":{""depth"":2,""quantization"":16,""joint_aware"":0,""interaction_aware"":0,""sequential_quantization"":0,""fixed_quant_depth"":0,""component crossover"":0,""component crossover + repair"":0,""layer bundle crossover"":0,""layer bundle crossover + repair"":0},""depth_mask_entries_changed_total"":26,""quant_assignments_changed_total"":18,""interaction_aware_details"":{""budget_repair_quant_changes"":0,""preferred_quant_exchanges_used"":0,""fallback_quant_exchanges_used"":0},""crossover_diagnostics"":{""crossover_type"":""component"",""crossover_parent_selection"":""uniform"",""crossover_offspring"":0,""crossover_offspring_accepted"":0,""mutation_offspring_accepted"":16,""mutation_offspring"":16,""crossover_offspring_attempted"":0,""crossover_duplicates"":0,""crossover_infeasible_candidates"":0,""crossover_repair_changed_gene_count"":0,""crossover_repaired_proposals"":0,""parent_distance_mean"":null,""parent_distance_min"":null,""parent_distance_max"":null,""child_distance_from_parent_a_mean"":null,""child_distance_from_parent_b_mean"":null,""layers_from_parent_a_mean"":null,""layers_from_parent_b_mean"":null,""crossover_no_legal_exchange"":0,""local_exchange_attention"":0,""local_exchange_mlp"":0,""local_exchange_quantization"":0,""local_exchange_block"":0,""child_distance_from_base_mean"":null,""child_distance_from_base_min"":null,""child_distance_from_base_max"":null,""child_distance_from_base_count"":0,""child_distance_from_donor_mean"":null,""child_distance_from_donor_min"":null,""child_distance_from_donor_max"":null,""child_distance_from_donor_count"":0,""donor_distance_reduction_mean"":null,""donor_distance_reduction_min"":null,""donor_distance_reduction_max"":null,""donor_distance_reduction_count"":0,""local_exchange_changed_gene_count_mean"":null,""local_exchange_changed_gene_count_min"":null,""local_exchange_changed_gene_count_max"":null,""local_exchange_changed_gene_count_count"":0,""child_distance_statistics_scope"":""accepted_unique_crossover_offspring"",""persistent_population_size"":4,""unique_population_size"":4,""best_population_fitness"":0.744140625,""configured_survivors_per_selection"":[8,2,1],""effective_survivors_per_selection"":[8,2,4],""effective_final_survivor_count"":4},""offspring_generation"":{""attempts"":16,""no_op_mutations"":0,""duplicate_candidates"":0,""infeasible_candidates"":0,""fixed_quant_legal_swap_counts"":[]},""maximum_depth_mutations_per_offspring"":3,""quantization_step_size"":1,""quantization_mutations_per_offspring"":1,""joint_aware_probability"":0.0,""adaptive_mutation"":false,""adaptive_mutation_strength"":1,""adaptive_mutation_patience"":3,""adaptive_mutation_max_strength"":3,""coarse_to_fine_mutation"":false,""coarse_to_fine_start_strength"":3,""coarse_to_fine_end_strength"":1,""stagnation_generations_after_selection"":0}",depth,True,16,16,8,6,8192,16384,49152,482,1122304,1143.1625641110004,14280.6416015625
16,0.74365234375,0.744140625,kl,0.74365234375,12.8203125,12.4453125,,,333824,"{""wikitext2"":333824}",16,8,2,1,"[8,2,1]","[512,2048,8192]",5503193088,3.0,9872.5078125,82816598016,,,8,8,"{""type"":""mixed_depth_quantization"",""sequential_mode"":""none"",""joint_mutation_mode"":""standard"",""parent_before_generation_hash"":""270f6687f5824edd9e4db4fa7eb62da0207995a93f74ef43bc9f40ec293020c8"",""parent_after_generation_hash"":""6087bb1390a15efe0bc088cb871a3efea55364ee1decab2e16122f55e03f4a00"",""generated_offspring_by_type"":{""depth"":8,""quantization"":8,""joint_aware"":0,""interaction_aware"":0,""sequential_quantization"":0,""fixed_quant_depth"":0,""component crossover"":0,""component crossover + repair"":0,""layer bundle crossover"":0,""layer bundle crossover + repair"":0},""depth_mask_entries_changed_by_type"":{""depth"":24,""quantization"":0,""joint_aware"":0,""interaction_aware"":0,""sequential_quantization"":0,""fixed_quant_depth"":0,""component crossover"":0,""component crossover + repair"":0,""layer bundle crossover"":0,""layer bundle crossover + repair"":0},""quant_assignments_changed_by_type"":{""depth"":0,""quantization"":16,""joint_aware"":0,""interaction_aware"":0,""sequential_quantization"":0,""fixed_quant_depth"":0,""component crossover"":0,""component crossover + repair"":0,""layer bundle crossover"":0,""layer bundle crossover + repair"":0},""depth_mask_entries_changed_total"":24,""quant_assignments_changed_total"":16,""interaction_aware_details"":{""budget_repair_quant_changes"":0,""preferred_quant_exchanges_used"":0,""fallback_quant_exchanges_used"":0},""crossover_diagnostics"":{""crossover_type"":""component"",""crossover_parent_selection"":""uniform"",""crossover_offspring"":0,""crossover_offspring_accepted"":0,""mutation_offspring_accepted"":16,""mutation_offspring"":16,""crossover_offspring_attempted"":0,""crossover_duplicates"":0,""crossover_infeasible_candidates"":0,""crossover_repair_changed_gene_count"":0,""crossover_repaired_proposals"":0,""parent_distance_mean"":null,""parent_distance_min"":null,""parent_distance_max"":null,""child_distance_from_parent_a_mean"":null,""child_distance_from_parent_b_mean"":null,""layers_from_parent_a_mean"":null,""layers_from_parent_b_mean"":null,""crossover_no_legal_exchange"":0,""local_exchange_attention"":0,""local_exchange_mlp"":0,""local_exchange_quantization"":0,""local_exchange_block"":0,""child_distance_from_base_mean"":null,""child_distance_from_base_min"":null,""child_distance_from_base_max"":null,""child_distance_from_base_count"":0,""child_distance_from_donor_mean"":null,""child_distance_from_donor_min"":null,""child_distance_from_donor_max"":null,""child_distance_from_donor_count"":0,""donor_distance_reduction_mean"":null,""donor_distance_reduction_min"":null,""donor_distance_reduction_max"":null,""donor_distance_reduction_count"":0,""local_exchange_changed_gene_count_mean"":null,""local_exchange_changed_gene_count_min"":null,""local_exchange_changed_gene_count_max"":null,""local_exchange_changed_gene_count_count"":0,""child_distance_statistics_scope"":""accepted_unique_crossover_offspring"",""persistent_population_size"":4,""unique_population_size"":4,""best_population_fitness"":0.74365234375,""configured_survivors_per_selection"":[8,2,1],""effective_survivors_per_selection"":[8,2,4],""effective_final_survivor_count"":4},""offspring_generation"":{""attempts"":16,""no_op_mutations"":0,""duplicate_candidates"":0,""infeasible_candidates"":0,""fixed_quant_legal_swap_counts"":[]},""maximum_depth_mutations_per_offspring"":3,""quantization_step_size"":1,""quantization_mutations_per_offspring"":1,""joint_aware_probability"":0.0,""adaptive_mutation"":false,""adaptive_mutation_strength"":1,""adaptive_mutation_patience"":3,""adaptive_mutation_max_strength"":3,""coarse_to_fine_mutation"":false,""coarse_to_fine_start_strength"":3,""coarse_to_fine_end_strength"":1,""stagnation_generations_after_selection"":0}",quantization,True,16,16,8,6,8192,16384,49152,512,1196032,1248.3785442760563,14280.6416015625
17,0.7412109375,0.74365234375,kl,0.7412109375,,,,,0,{},16,8,2,1,"[8,2,1]","[512,2048,8192]",5503193088,3.0,9872.5078125,82816598016,,,8,8,"{""type"":""mixed_depth_quantization"",""sequential_mode"":""none"",""joint_mutation_mode"":""standard"",""parent_before_generation_hash"":""6087bb1390a15efe0bc088cb871a3efea55364ee1decab2e16122f55e03f4a00"",""parent_after_generation_hash"":""876a08b0fe273729438ad37824f2a9aa68248b9ce4c2c4f5036a4217e8482fc4"",""generated_offspring_by_type"":{""depth"":6,""quantization"":10,""joint_aware"":0,""interaction_aware"":0,""sequential_quantization"":0,""fixed_quant_depth"":0,""component crossover"":0,""component crossover + repair"":0,""layer bundle crossover"":0,""layer bundle crossover + repair"":0},""depth_mask_entries_changed_by_type"":{""depth"":20,""quantization"":0,""joint_aware"":0,""interaction_aware"":0,""sequential_quantization"":0,""fixed_quant_depth"":0,""component crossover"":0,""component crossover + repair"":0,""layer bundle crossover"":0,""layer bundle crossover + repair"":0},""quant_assignments_changed_by_type"":{""depth"":1,""quantization"":20,""joint_aware"":0,""interaction_aware"":0,""sequential_quantization"":0,""fixed_quant_depth"":0,""component crossover"":0,""component crossover + repair"":0,""layer bundle crossover"":0,""layer bundle crossover + repair"":0},""depth_mask_entries_changed_total"":20,""quant_assignments_changed_total"":21,""interaction_aware_details"":{""budget_repair_quant_changes"":0,""preferred_quant_exchanges_used"":0,""fallback_quant_exchanges_used"":0},""crossover_diagnostics"":{""crossover_type"":""component"",""crossover_parent_selection"":""uniform"",""crossover_offspring"":0,""crossover_offspring_accepted"":0,""mutation_offspring_accepted"":16,""mutation_offspring"":16,""crossover_offspring_attempted"":0,""crossover_duplicates"":0,""crossover_infeasible_candidates"":0,""crossover_repair_changed_gene_count"":0,""crossover_repaired_proposals"":0,""parent_distance_mean"":null,""parent_distance_min"":null,""parent_distance_max"":null,""child_distance_from_parent_a_mean"":null,""child_distance_from_parent_b_mean"":null,""layers_from_parent_a_mean"":null,""layers_from_parent_b_mean"":null,""crossover_no_legal_exchange"":0,""local_exchange_attention"":0,""local_exchange_mlp"":0,""local_exchange_quantization"":0,""local_exchange_block"":0,""child_distance_from_base_mean"":null,""child_distance_from_base_min"":null,""child_distance_from_base_max"":null,""child_distance_from_base_count"":0,""child_distance_from_donor_mean"":null,""child_distance_from_donor_min"":null,""child_distance_from_donor_max"":null,""child_distance_from_donor_count"":0,""donor_distance_reduction_mean"":null,""donor_distance_reduction_min"":null,""donor_distance_reduction_max"":null,""donor_distance_reduction_count"":0,""local_exchange_changed_gene_count_mean"":null,""local_exchange_changed_gene_count_min"":null,""local_exchange_changed_gene_count_max"":null,""local_exchange_changed_gene_count_count"":0,""child_distance_statistics_scope"":""accepted_unique_crossover_offspring"",""persistent_population_size"":4,""unique_population_size"":4,""best_population_fitness"":0.7412109375,""configured_survivors_per_selection"":[8,2,1],""effective_survivors_per_selection"":[8,2,4],""effective_final_survivor_count"":4},""offspring_generation"":{""attempts"":16,""no_op_mutations"":0,""duplicate_candidates"":0,""infeasible_candidates"":0,""fixed_quant_legal_swap_counts"":[]},""maximum_depth_mutations_per_offspring"":3,""quantization_step_size"":1,""quantization_mutations_per_offspring"":1,""joint_aware_probability"":0.0,""adaptive_mutation"":false,""adaptive_mutation_strength"":1,""adaptive_mutation_patience"":3,""adaptive_mutation_max_strength"":3,""coarse_to_fine_mutation"":false,""coarse_to_fine_start_strength"":3,""coarse_to_fine_end_strength"":1,""stagnation_generations_after_selection"":0}",quantization,True,16,16,8,6,8192,16384,49152,542,1269760,1302.024750068027,14280.6416015625
18,0.740234375,0.7412109375,kl,0.740234375,,,,,0,{},16,8,2,1,"[8,2,1]","[512,2048,8192]",5503193088,3.0,9872.5078125,82816598016,,,8,8,"{""type"":""mixed_depth_quantization"",""sequential_mode"":""none"",""joint_mutation_mode"":""standard"",""parent_before_generation_hash"":""876a08b0fe273729438ad37824f2a9aa68248b9ce4c2c4f5036a4217e8482fc4"",""parent_after_generation_hash"":""09d454bf6f1b74e684c5152a2086e72f4a0aaf12f2c40d70640581b7b0a84a06"",""generated_offspring_by_type"":{""depth"":7,""quantization"":9,""joint_aware"":0,""interaction_aware"":0,""sequential_quantization"":0,""fixed_quant_depth"":0,""component crossover"":0,""component crossover + repair"":0,""layer bundle crossover"":0,""layer bundle crossover + repair"":0},""depth_mask_entries_changed_by_type"":{""depth"":24,""quantization"":0,""joint_aware"":0,""interaction_aware"":0,""sequential_quantization"":0,""fixed_quant_depth"":0,""component crossover"":0,""component crossover + repair"":0,""layer bundle crossover"":0,""layer bundle crossover + repair"":0},""quant_assignments_changed_by_type"":{""depth"":0,""quantization"":18,""joint_aware"":0,""interaction_aware"":0,""sequential_quantization"":0,""fixed_quant_depth"":0,""component crossover"":0,""component crossover + repair"":0,""layer bundle crossover"":0,""layer bundle crossover + repair"":0},""depth_mask_entries_changed_total"":24,""quant_assignments_changed_total"":18,""interaction_aware_details"":{""budget_repair_quant_changes"":0,""preferred_quant_exchanges_used"":0,""fallback_quant_exchanges_used"":0},""crossover_diagnostics"":{""crossover_type"":""component"",""crossover_parent_selection"":""uniform"",""crossover_offspring"":0,""crossover_offspring_accepted"":0,""mutation_offspring_accepted"":16,""mutation_offspring"":16,""crossover_offspring_attempted"":0,""crossover_duplicates"":0,""crossover_infeasible_candidates"":0,""crossover_repair_changed_gene_count"":0,""crossover_repaired_proposals"":0,""parent_distance_mean"":null,""parent_distance_min"":null,""parent_distance_max"":null,""child_distance_from_parent_a_mean"":null,""child_distance_from_parent_b_mean"":null,""layers_from_parent_a_mean"":null,""layers_from_parent_b_mean"":null,""crossover_no_legal_exchange"":0,""local_exchange_attention"":0,""local_exchange_mlp"":0,""local_exchange_quantization"":0,""local_exchange_block"":0,""child_distance_from_base_mean"":null,""child_distance_from_base_min"":null,""child_distance_from_base_max"":null,""child_distance_from_base_count"":0,""child_distance_from_donor_mean"":null,""child_distance_from_donor_min"":null,""child_distance_from_donor_max"":null,""child_distance_from_donor_count"":0,""donor_distance_reduction_mean"":null,""donor_distance_reduction_min"":null,""donor_distance_reduction_max"":null,""donor_distance_reduction_count"":0,""local_exchange_changed_gene_count_mean"":null,""local_exchange_changed_gene_count_min"":null,""local_exchange_changed_gene_count_max"":null,""local_exchange_changed_gene_count_count"":0,""child_distance_statistics_scope"":""accepted_unique_crossover_offspring"",""persistent_population_size"":4,""unique_population_size"":4,""best_population_fitness"":0.740234375,""configured_survivors_per_selection"":[8,2,1],""effective_survivors_per_selection"":[8,2,4],""effective_final_survivor_count"":4},""offspring_generation"":{""attempts"":16,""no_op_mutations"":0,""duplicate_candidates"":0,""infeasible_candidates"":0,""fixed_quant_legal_swap_counts"":[]},""maximum_depth_mutations_per_offspring"":3,""quantization_step_size"":1,""quantization_mutations_per_offspring"":1,""joint_aware_probability"":0.0,""adaptive_mutation"":false,""adaptive_mutation_strength"":1,""adaptive_mutation_patience"":3,""adaptive_mutation_max_strength"":3,""coarse_to_fine_mutation"":false,""coarse_to_fine_start_strength"":3,""coarse_to_fine_end_strength"":1,""stagnation_generations_after_selection"":0}",quantization,True,16,16,8,6,8192,16384,49152,572,1343488,1356.9687860470149,14280.6416015625
19,0.740234375,0.740234375,kl,0.740234375,,,,,0,{},16,8,2,1,"[8,2,1]","[512,2048,8192]",5503193088,3.0,9872.5078125,82816598016,,,8,8,"{""type"":""mixed_depth_quantization"",""sequential_mode"":""none"",""joint_mutation_mode"":""standard"",""parent_before_generation_hash"":""09d454bf6f1b74e684c5152a2086e72f4a0aaf12f2c40d70640581b7b0a84a06"",""parent_after_generation_hash"":""09d454bf6f1b74e684c5152a2086e72f4a0aaf12f2c40d70640581b7b0a84a06"",""generated_offspring_by_type"":{""depth"":5,""quantization"":11,""joint_aware"":0,""interaction_aware"":0,""sequential_quantization"":0,""fixed_quant_depth"":0,""component crossover"":0,""component crossover + repair"":0,""layer bundle crossover"":0,""layer bundle crossover + repair"":0},""depth_mask_entries_changed_by_type"":{""depth"":18,""quantization"":0,""joint_aware"":0,""interaction_aware"":0,""sequential_quantization"":0,""fixed_quant_depth"":0,""component crossover"":0,""component crossover + repair"":0,""layer bundle crossover"":0,""layer bundle crossover + repair"":0},""quant_assignments_changed_by_type"":{""depth"":1,""quantization"":22,""joint_aware"":0,""interaction_aware"":0,""sequential_quantization"":0,""fixed_quant_depth"":0,""component crossover"":0,""component crossover + repair"":0,""layer bundle crossover"":0,""layer bundle crossover + repair"":0},""depth_mask_entries_changed_total"":18,""quant_assignments_changed_total"":23,""interaction_aware_details"":{""budget_repair_quant_changes"":0,""preferred_quant_exchanges_used"":0,""fallback_quant_exchanges_used"":0},""crossover_diagnostics"":{""crossover_type"":""component"",""crossover_parent_selection"":""uniform"",""crossover_offspring"":0,""crossover_offspring_accepted"":0,""mutation_offspring_accepted"":16,""mutation_offspring"":16,""crossover_offspring_attempted"":0,""crossover_duplicates"":0,""crossover_infeasible_candidates"":0,""crossover_repair_changed_gene_count"":0,""crossover_repaired_proposals"":0,""parent_distance_mean"":null,""parent_distance_min"":null,""parent_distance_max"":null,""child_distance_from_parent_a_mean"":null,""child_distance_from_parent_b_mean"":null,""layers_from_parent_a_mean"":null,""layers_from_parent_b_mean"":null,""crossover_no_legal_exchange"":0,""local_exchange_attention"":0,""local_exchange_mlp"":0,""local_exchange_quantization"":0,""local_exchange_block"":0,""child_distance_from_base_mean"":null,""child_distance_from_base_min"":null,""child_distance_from_base_max"":null,""child_distance_from_base_count"":0,""child_distance_from_donor_mean"":null,""child_distance_from_donor_min"":null,""child_distance_from_donor_max"":null,""child_distance_from_donor_count"":0,""donor_distance_reduction_mean"":null,""donor_distance_reduction_min"":null,""donor_distance_reduction_max"":null,""donor_distance_reduction_count"":0,""local_exchange_changed_gene_count_mean"":null,""local_exchange_changed_gene_count_min"":null,""local_exchange_changed_gene_count_max"":null,""local_exchange_changed_gene_count_count"":0,""child_distance_statistics_scope"":""accepted_unique_crossover_offspring"",""persistent_population_size"":4,""unique_population_size"":4,""best_population_fitness"":0.740234375,""configured_survivors_per_selection"":[8,2,1],""effective_survivors_per_selection"":[8,2,4],""effective_final_survivor_count"":4},""offspring_generation"":{""attempts"":16,""no_op_mutations"":0,""duplicate_candidates"":0,""infeasible_candidates"":0,""fixed_quant_legal_swap_counts"":[]},""maximum_depth_mutations_per_offspring"":3,""quantization_step_size"":1,""quantization_mutations_per_offspring"":1,""joint_aware_probability"":0.0,""adaptive_mutation"":false,""adaptive_mutation_strength"":1,""adaptive_mutation_patience"":3,""adaptive_mutation_max_strength"":3,""coarse_to_fine_mutation"":false,""coarse_to_fine_start_strength"":3,""coarse_to_fine_end_strength"":1,""stagnation_generations_after_selection"":1}",parent,False,16,16,8,6,8192,16384,49152,602,1417216,1409.6896616570302,14280.6416015625
20,0.740234375,0.740234375,kl,0.740234375,,,,,0,{},16,8,2,1,"[8,2,1]","[512,2048,8192]",5503193088,3.0,9872.5078125,82816598016,,,8,8,"{""type"":""mixed_depth_quantization"",""sequential_mode"":""none"",""joint_mutation_mode"":""standard"",""parent_before_generation_hash"":""09d454bf6f1b74e684c5152a2086e72f4a0aaf12f2c40d70640581b7b0a84a06"",""parent_after_generation_hash"":""09d454bf6f1b74e684c5152a2086e72f4a0aaf12f2c40d70640581b7b0a84a06"",""generated_offspring_by_type"":{""depth"":9,""quantization"":7,""joint_aware"":0,""interaction_aware"":0,""sequential_quantization"":0,""fixed_quant_depth"":0,""component crossover"":0,""component crossover + repair"":0,""layer bundle crossover"":0,""layer bundle crossover + repair"":0},""depth_mask_entries_changed_by_type"":{""depth"":22,""quantization"":0,""joint_aware"":0,""interaction_aware"":0,""sequential_quantization"":0,""fixed_quant_depth"":0,""component crossover"":0,""component crossover + repair"":0,""layer bundle crossover"":0,""layer bundle crossover + repair"":0},""quant_assignments_changed_by_type"":{""depth"":0,""quantization"":14,""joint_aware"":0,""interaction_aware"":0,""sequential_quantization"":0,""fixed_quant_depth"":0,""component crossover"":0,""component crossover + repair"":0,""layer bundle crossover"":0,""layer bundle crossover + repair"":0},""depth_mask_entries_changed_total"":22,""quant_assignments_changed_total"":14,""interaction_aware_details"":{""budget_repair_quant_changes"":0,""preferred_quant_exchanges_used"":0,""fallback_quant_exchanges_used"":0},""crossover_diagnostics"":{""crossover_type"":""component"",""crossover_parent_selection"":""uniform"",""crossover_offspring"":0,""crossover_offspring_accepted"":0,""mutation_offspring_accepted"":16,""mutation_offspring"":16,""crossover_offspring_attempted"":0,""crossover_duplicates"":0,""crossover_infeasible_candidates"":0,""crossover_repair_changed_gene_count"":0,""crossover_repaired_proposals"":0,""parent_distance_mean"":null,""parent_distance_min"":null,""parent_distance_max"":null,""child_distance_from_parent_a_mean"":null,""child_distance_from_parent_b_mean"":null,""layers_from_parent_a_mean"":null,""layers_from_parent_b_mean"":null,""crossover_no_legal_exchange"":0,""local_exchange_attention"":0,""local_exchange_mlp"":0,""local_exchange_quantization"":0,""local_exchange_block"":0,""child_distance_from_base_mean"":null,""child_distance_from_base_min"":null,""child_distance_from_base_max"":null,""child_distance_from_base_count"":0,""child_distance_from_donor_mean"":null,""child_distance_from_donor_min"":null,""child_distance_from_donor_max"":null,""child_distance_from_donor_count"":0,""donor_distance_reduction_mean"":null,""donor_distance_reduction_min"":null,""donor_distance_reduction_max"":null,""donor_distance_reduction_count"":0,""local_exchange_changed_gene_count_mean"":null,""local_exchange_changed_gene_count_min"":null,""local_exchange_changed_gene_count_max"":null,""local_exchange_changed_gene_count_count"":0,""child_distance_statistics_scope"":""accepted_unique_crossover_offspring"",""persistent_population_size"":4,""unique_population_size"":4,""best_population_fitness"":0.740234375,""configured_survivors_per_selection"":[8,2,1],""effective_survivors_per_selection"":[8,2,4],""effective_final_survivor_count"":4},""offspring_generation"":{""attempts"":16,""no_op_mutations"":0,""duplicate_candidates"":0,""infeasible_candidates"":0,""fixed_quant_legal_swap_counts"":[]},""maximum_depth_mutations_per_offspring"":3,""quantization_step_size"":1,""quantization_mutations_per_offspring"":1,""joint_aware_probability"":0.0,""adaptive_mutation"":false,""adaptive_mutation_strength"":1,""adaptive_mutation_patience"":3,""adaptive_mutation_max_strength"":3,""coarse_to_fine_mutation"":false,""coarse_to_fine_start_strength"":3,""coarse_to_fine_end_strength"":1,""stagnation_generations_after_selection"":2}",parent,False,16,16,8,6,8192,16384,49152,632,1490944,1462.2877214950277,14280.6416015625
21,0.73974609375,0.740234375,kl,0.73974609375,12.7421875,12.4453125,,,333824,"{""wikitext2"":333824}",16,8,2,1,"[8,2,1]","[512,2048,8192]",5503193088,3.0,9872.5078125,82816598016,,,8,8,"{""type"":""mixed_depth_quantization"",""sequential_mode"":""none"",""joint_mutation_mode"":""standard"",""parent_before_generation_hash"":""09d454bf6f1b74e684c5152a2086e72f4a0aaf12f2c40d70640581b7b0a84a06"",""parent_after_generation_hash"":""ca7b740a6a387e5b45ccba20d8ec73216c595754796de3d002b3d1453005481a"",""generated_offspring_by_type"":{""depth"":4,""quantization"":12,""joint_aware"":0,""interaction_aware"":0,""sequential_quantization"":0,""fixed_quant_depth"":0,""component crossover"":0,""component crossover + repair"":0,""layer bundle crossover"":0,""layer bundle crossover + repair"":0},""depth_mask_entries_changed_by_type"":{""depth"":10,""quantization"":0,""joint_aware"":0,""interaction_aware"":0,""sequential_quantization"":0,""fixed_quant_depth"":0,""component crossover"":0,""component crossover + repair"":0,""layer bundle crossover"":0,""layer bundle crossover + repair"":0},""quant_assignments_changed_by_type"":{""depth"":0,""quantization"":24,""joint_aware"":0,""interaction_aware"":0,""sequential_quantization"":0,""fixed_quant_depth"":0,""component crossover"":0,""component crossover + repair"":0,""layer bundle crossover"":0,""layer bundle crossover + repair"":0},""depth_mask_entries_changed_total"":10,""quant_assignments_changed_total"":24,""interaction_aware_details"":{""budget_repair_quant_changes"":0,""preferred_quant_exchanges_used"":0,""fallback_quant_exchanges_used"":0},""crossover_diagnostics"":{""crossover_type"":""component"",""crossover_parent_selection"":""uniform"",""crossover_offspring"":0,""crossover_offspring_accepted"":0,""mutation_offspring_accepted"":16,""mutation_offspring"":16,""crossover_offspring_attempted"":0,""crossover_duplicates"":0,""crossover_infeasible_candidates"":0,""crossover_repair_changed_gene_count"":0,""crossover_repaired_proposals"":0,""parent_distance_mean"":null,""parent_distance_min"":null,""parent_distance_max"":null,""child_distance_from_parent_a_mean"":null,""child_distance_from_parent_b_mean"":null,""layers_from_parent_a_mean"":null,""layers_from_parent_b_mean"":null,""crossover_no_legal_exchange"":0,""local_exchange_attention"":0,""local_exchange_mlp"":0,""local_exchange_quantization"":0,""local_exchange_block"":0,""child_distance_from_base_mean"":null,""child_distance_from_base_min"":null,""child_distance_from_base_max"":null,""child_distance_from_base_count"":0,""child_distance_from_donor_mean"":null,""child_distance_from_donor_min"":null,""child_distance_from_donor_max"":null,""child_distance_from_donor_count"":0,""donor_distance_reduction_mean"":null,""donor_distance_reduction_min"":null,""donor_distance_reduction_max"":null,""donor_distance_reduction_count"":0,""local_exchange_changed_gene_count_mean"":null,""local_exchange_changed_gene_count_min"":null,""local_exchange_changed_gene_count_max"":null,""local_exchange_changed_gene_count_count"":0,""child_distance_statistics_scope"":""accepted_unique_crossover_offspring"",""persistent_population_size"":4,""unique_population_size"":4,""best_population_fitness"":0.73974609375,""configured_survivors_per_selection"":[8,2,1],""effective_survivors_per_selection"":[8,2,4],""effective_final_survivor_count"":4},""offspring_generation"":{""attempts"":16,""no_op_mutations"":0,""duplicate_candidates"":0,""infeasible_candidates"":0,""fixed_quant_legal_swap_counts"":[]},""maximum_depth_mutations_per_offspring"":3,""quantization_step_size"":1,""quantization_mutations_per_offspring"":1,""joint_aware_probability"":0.0,""adaptive_mutation"":false,""adaptive_mutation_strength"":1,""adaptive_mutation_patience"":3,""adaptive_mutation_max_strength"":3,""coarse_to_fine_mutation"":false,""coarse_to_fine_start_strength"":3,""coarse_to_fine_end_strength"":1,""stagnation_generations_after_selection"":0}",quantization,True,16,16,8,6,8192,16384,49152,662,1564672,1572.7497841250151,14280.6416015625
22,0.73974609375,0.73974609375,kl,0.73974609375,,,,,0,{},16,8,2,1,"[8,2,1]","[512,2048,8192]",5503193088,3.0,9872.5078125,82816598016,,,8,8,"{""type"":""mixed_depth_quantization"",""sequential_mode"":""none"",""joint_mutation_mode"":""standard"",""parent_before_generation_hash"":""ca7b740a6a387e5b45ccba20d8ec73216c595754796de3d002b3d1453005481a"",""parent_after_generation_hash"":""ca7b740a6a387e5b45ccba20d8ec73216c595754796de3d002b3d1453005481a"",""generated_offspring_by_type"":{""depth"":5,""quantization"":11,""joint_aware"":0,""interaction_aware"":0,""sequential_quantization"":0,""fixed_quant_depth"":0,""component crossover"":0,""component crossover + repair"":0,""layer bundle crossover"":0,""layer bundle crossover + repair"":0},""depth_mask_entries_changed_by_type"":{""depth"":12,""quantization"":0,""joint_aware"":0,""interaction_aware"":0,""sequential_quantization"":0,""fixed_quant_depth"":0,""component crossover"":0,""component crossover + repair"":0,""layer bundle crossover"":0,""layer bundle crossover + repair"":0},""quant_assignments_changed_by_type"":{""depth"":1,""quantization"":22,""joint_aware"":0,""interaction_aware"":0,""sequential_quantization"":0,""fixed_quant_depth"":0,""component crossover"":0,""component crossover + repair"":0,""layer bundle crossover"":0,""layer bundle crossover + repair"":0},""depth_mask_entries_changed_total"":12,""quant_assignments_changed_total"":23,""interaction_aware_details"":{""budget_repair_quant_changes"":0,""preferred_quant_exchanges_used"":0,""fallback_quant_exchanges_used"":0},""crossover_diagnostics"":{""crossover_type"":""component"",""crossover_parent_selection"":""uniform"",""crossover_offspring"":0,""crossover_offspring_accepted"":0,""mutation_offspring_accepted"":16,""mutation_offspring"":16,""crossover_offspring_attempted"":0,""crossover_duplicates"":0,""crossover_infeasible_candidates"":0,""crossover_repair_changed_gene_count"":0,""crossover_repaired_proposals"":0,""parent_distance_mean"":null,""parent_distance_min"":null,""parent_distance_max"":null,""child_distance_from_parent_a_mean"":null,""child_distance_from_parent_b_mean"":null,""layers_from_parent_a_mean"":null,""layers_from_parent_b_mean"":null,""crossover_no_legal_exchange"":0,""local_exchange_attention"":0,""local_exchange_mlp"":0,""local_exchange_quantization"":0,""local_exchange_block"":0,""child_distance_from_base_mean"":null,""child_distance_from_base_min"":null,""child_distance_from_base_max"":null,""child_distance_from_base_count"":0,""child_distance_from_donor_mean"":null,""child_distance_from_donor_min"":null,""child_distance_from_donor_max"":null,""child_distance_from_donor_count"":0,""donor_distance_reduction_mean"":null,""donor_distance_reduction_min"":null,""donor_distance_reduction_max"":null,""donor_distance_reduction_count"":0,""local_exchange_changed_gene_count_mean"":null,""local_exchange_changed_gene_count_min"":null,""local_exchange_changed_gene_count_max"":null,""local_exchange_changed_gene_count_count"":0,""child_distance_statistics_scope"":""accepted_unique_crossover_offspring"",""persistent_population_size"":4,""unique_population_size"":4,""best_population_fitness"":0.73974609375,""configured_survivors_per_selection"":[8,2,1],""effective_survivors_per_selection"":[8,2,4],""effective_final_survivor_count"":4},""offspring_generation"":{""attempts"":16,""no_op_mutations"":0,""duplicate_candidates"":0,""infeasible_candidates"":0,""fixed_quant_legal_swap_counts"":[]},""maximum_depth_mutations_per_offspring"":3,""quantization_step_size"":1,""quantization_mutations_per_offspring"":1,""joint_aware_probability"":0.0,""adaptive_mutation"":false,""adaptive_mutation_strength"":1,""adaptive_mutation_patience"":3,""adaptive_mutation_max_strength"":3,""coarse_to_fine_mutation"":false,""coarse_to_fine_start_strength"":3,""coarse_to_fine_end_strength"":1,""stagnation_generations_after_selection"":1}",parent,False,16,16,8,6,8192,16384,49152,692,1638400,1638.2039294940187,14280.6416015625
23,0.73974609375,0.73974609375,kl,0.73974609375,,,,,0,{},16,8,2,1,"[8,2,1]","[512,2048,8192]",5503193088,3.0,9872.5078125,82816598016,,,8,8,"{""type"":""mixed_depth_quantization"",""sequential_mode"":""none"",""joint_mutation_mode"":""standard"",""parent_before_generation_hash"":""ca7b740a6a387e5b45ccba20d8ec73216c595754796de3d002b3d1453005481a"",""parent_after_generation_hash"":""b0ddcee995fc95fe4e84e318aa0035d40870939bf20728ef2dd161ab59a843cb"",""generated_offspring_by_type"":{""depth"":8,""quantization"":8,""joint_aware"":0,""interaction_aware"":0,""sequential_quantization"":0,""fixed_quant_depth"":0,""component crossover"":0,""component crossover + repair"":0,""layer bundle crossover"":0,""layer bundle crossover + repair"":0},""depth_mask_entries_changed_by_type"":{""depth"":26,""quantization"":0,""joint_aware"":0,""interaction_aware"":0,""sequential_quantization"":0,""fixed_quant_depth"":0,""component crossover"":0,""component crossover + repair"":0,""layer bundle crossover"":0,""layer bundle crossover + repair"":0},""quant_assignments_changed_by_type"":{""depth"":0,""quantization"":16,""joint_aware"":0,""interaction_aware"":0,""sequential_quantization"":0,""fixed_quant_depth"":0,""component crossover"":0,""component crossover + repair"":0,""layer bundle crossover"":0,""layer bundle crossover + repair"":0},""depth_mask_entries_changed_total"":26,""quant_assignments_changed_total"":16,""interaction_aware_details"":{""budget_repair_quant_changes"":0,""preferred_quant_exchanges_used"":0,""fallback_quant_exchanges_used"":0},""crossover_diagnostics"":{""crossover_type"":""component"",""crossover_parent_selection"":""uniform"",""crossover_offspring"":0,""crossover_offspring_accepted"":0,""mutation_offspring_accepted"":16,""mutation_offspring"":16,""crossover_offspring_attempted"":0,""crossover_duplicates"":0,""crossover_infeasible_candidates"":0,""crossover_repair_changed_gene_count"":0,""crossover_repaired_proposals"":0,""parent_distance_mean"":null,""parent_distance_min"":null,""parent_distance_max"":null,""child_distance_from_parent_a_mean"":null,""child_distance_from_parent_b_mean"":null,""layers_from_parent_a_mean"":null,""layers_from_parent_b_mean"":null,""crossover_no_legal_exchange"":0,""local_exchange_attention"":0,""local_exchange_mlp"":0,""local_exchange_quantization"":0,""local_exchange_block"":0,""child_distance_from_base_mean"":null,""child_distance_from_base_min"":null,""child_distance_from_base_max"":null,""child_distance_from_base_count"":0,""child_distance_from_donor_mean"":null,""child_distance_from_donor_min"":null,""child_distance_from_donor_max"":null,""child_distance_from_donor_count"":0,""donor_distance_reduction_mean"":null,""donor_distance_reduction_min"":null,""donor_distance_reduction_max"":null,""donor_distance_reduction_count"":0,""local_exchange_changed_gene_count_mean"":null,""local_exchange_changed_gene_count_min"":null,""local_exchange_changed_gene_count_max"":null,""local_exchange_changed_gene_count_count"":0,""child_distance_statistics_scope"":""accepted_unique_crossover_offspring"",""persistent_population_size"":4,""unique_population_size"":4,""best_population_fitness"":0.73974609375,""configured_survivors_per_selection"":[8,2,1],""effective_survivors_per_selection"":[8,2,4],""effective_final_survivor_count"":4},""offspring_generation"":{""attempts"":16,""no_op_mutations"":0,""duplicate_candidates"":0,""infeasible_candidates"":0,""fixed_quant_legal_swap_counts"":[]},""maximum_depth_mutations_per_offspring"":3,""quantization_step_size"":1,""quantization_mutations_per_offspring"":1,""joint_aware_probability"":0.0,""adaptive_mutation"":false,""adaptive_mutation_strength"":1,""adaptive_mutation_patience"":3,""adaptive_mutation_max_strength"":3,""coarse_to_fine_mutation"":false,""coarse_to_fine_start_strength"":3,""coarse_to_fine_end_strength"":1,""stagnation_generations_after_selection"":0}",quantization,True,16,16,8,6,8192,16384,49152,722,1712128,1699.053112151043,14280.6416015625
24,0.740234375,0.73974609375,kl,0.740234375,,,,,0,{},16,8,2,1,"[8,2,1]","[512,2048,8192]",5503193088,3.0,9872.5078125,82816598016,,,8,8,"{""type"":""mixed_depth_quantization"",""sequential_mode"":""none"",""joint_mutation_mode"":""standard"",""parent_before_generation_hash"":""b0ddcee995fc95fe4e84e318aa0035d40870939bf20728ef2dd161ab59a843cb"",""parent_after_generation_hash"":""ca7b740a6a387e5b45ccba20d8ec73216c595754796de3d002b3d1453005481a"",""generated_offspring_by_type"":{""depth"":12,""quantization"":4,""joint_aware"":0,""interaction_aware"":0,""sequential_quantization"":0,""fixed_quant_depth"":0,""component crossover"":0,""component crossover + repair"":0,""layer bundle crossover"":0,""layer bundle crossover + repair"":0},""depth_mask_entries_changed_by_type"":{""depth"":36,""quantization"":0,""joint_aware"":0,""interaction_aware"":0,""sequential_quantization"":0,""fixed_quant_depth"":0,""component crossover"":0,""component crossover + repair"":0,""layer bundle crossover"":0,""layer bundle crossover + repair"":0},""quant_assignments_changed_by_type"":{""depth"":2,""quantization"":8,""joint_aware"":0,""interaction_aware"":0,""sequential_quantization"":0,""fixed_quant_depth"":0,""component crossover"":0,""component crossover + repair"":0,""layer bundle crossover"":0,""layer bundle crossover + repair"":0},""depth_mask_entries_changed_total"":36,""quant_assignments_changed_total"":10,""interaction_aware_details"":{""budget_repair_quant_changes"":0,""preferred_quant_exchanges_used"":0,""fallback_quant_exchanges_used"":0},""crossover_diagnostics"":{""crossover_type"":""component"",""crossover_parent_selection"":""uniform"",""crossover_offspring"":0,""crossover_offspring_accepted"":0,""mutation_offspring_accepted"":16,""mutation_offspring"":16,""crossover_offspring_attempted"":0,""crossover_duplicates"":0,""crossover_infeasible_candidates"":0,""crossover_repair_changed_gene_count"":0,""crossover_repaired_proposals"":0,""parent_distance_mean"":null,""parent_distance_min"":null,""parent_distance_max"":null,""child_distance_from_parent_a_mean"":null,""child_distance_from_parent_b_mean"":null,""layers_from_parent_a_mean"":null,""layers_from_parent_b_mean"":null,""crossover_no_legal_exchange"":0,""local_exchange_attention"":0,""local_exchange_mlp"":0,""local_exchange_quantization"":0,""local_exchange_block"":0,""child_distance_from_base_mean"":null,""child_distance_from_base_min"":null,""child_distance_from_base_max"":null,""child_distance_from_base_count"":0,""child_distance_from_donor_mean"":null,""child_distance_from_donor_min"":null,""child_distance_from_donor_max"":null,""child_distance_from_donor_count"":0,""donor_distance_reduction_mean"":null,""donor_distance_reduction_min"":null,""donor_distance_reduction_max"":null,""donor_distance_reduction_count"":0,""local_exchange_changed_gene_count_mean"":null,""local_exchange_changed_gene_count_min"":null,""local_exchange_changed_gene_count_max"":null,""local_exchange_changed_gene_count_count"":0,""child_distance_statistics_scope"":""accepted_unique_crossover_offspring"",""persistent_population_size"":4,""unique_population_size"":4,""best_population_fitness"":0.740234375,""configured_survivors_per_selection"":[8,2,1],""effective_survivors_per_selection"":[8,2,4],""effective_final_survivor_count"":4},""offspring_generation"":{""attempts"":16,""no_op_mutations"":0,""duplicate_candidates"":0,""infeasible_candidates"":0,""fixed_quant_legal_swap_counts"":[]},""maximum_depth_mutations_per_offspring"":3,""quantization_step_size"":1,""quantization_mutations_per_offspring"":1,""joint_aware_probability"":0.0,""adaptive_mutation"":false,""adaptive_mutation_strength"":1,""adaptive_mutation_patience"":3,""adaptive_mutation_max_strength"":3,""coarse_to_fine_mutation"":false,""coarse_to_fine_start_strength"":3,""coarse_to_fine_end_strength"":1,""stagnation_generations_after_selection"":0}",parent,True,16,16,8,6,8192,16384,49152,752,1785856,1755.2314163860283,14280.6416015625
25,0.724609375,0.740234375,kl,0.724609375,,,,,0,{},16,8,2,1,"[8,2,1]","[512,2048,8192]",5503193088,3.0,9872.5078125,82816598016,,,8,8,"{""type"":""mixed_depth_quantization"",""sequential_mode"":""none"",""joint_mutation_mode"":""standard"",""parent_before_generation_hash"":""ca7b740a6a387e5b45ccba20d8ec73216c595754796de3d002b3d1453005481a"",""parent_after_generation_hash"":""5faa5712c799cf1e46de3535274ef030da4f6255833ba4d93f8c51bd1002af6a"",""generated_offspring_by_type"":{""depth"":10,""quantization"":6,""joint_aware"":0,""interaction_aware"":0,""sequential_quantization"":0,""fixed_quant_depth"":0,""component crossover"":0,""component crossover + repair"":0,""layer bundle crossover"":0,""layer bundle crossover + repair"":0},""depth_mask_entries_changed_by_type"":{""depth"":32,""quantization"":0,""joint_aware"":0,""interaction_aware"":0,""sequential_quantization"":0,""fixed_quant_depth"":0,""component crossover"":0,""component crossover + repair"":0,""layer bundle crossover"":0,""layer bundle crossover + repair"":0},""quant_assignments_changed_by_type"":{""depth"":1,""quantization"":12,""joint_aware"":0,""interaction_aware"":0,""sequential_quantization"":0,""fixed_quant_depth"":0,""component crossover"":0,""component crossover + repair"":0,""layer bundle crossover"":0,""layer bundle crossover + repair"":0},""depth_mask_entries_changed_total"":32,""quant_assignments_changed_total"":13,""interaction_aware_details"":{""budget_repair_quant_changes"":0,""preferred_quant_exchanges_used"":0,""fallback_quant_exchanges_used"":0},""crossover_diagnostics"":{""crossover_type"":""component"",""crossover_parent_selection"":""uniform"",""crossover_offspring"":0,""crossover_offspring_accepted"":0,""mutation_offspring_accepted"":16,""mutation_offspring"":16,""crossover_offspring_attempted"":0,""crossover_duplicates"":0,""crossover_infeasible_candidates"":0,""crossover_repair_changed_gene_count"":0,""crossover_repaired_proposals"":0,""parent_distance_mean"":null,""parent_distance_min"":null,""parent_distance_max"":null,""child_distance_from_parent_a_mean"":null,""child_distance_from_parent_b_mean"":null,""layers_from_parent_a_mean"":null,""layers_from_parent_b_mean"":null,""crossover_no_legal_exchange"":0,""local_exchange_attention"":0,""local_exchange_mlp"":0,""local_exchange_quantization"":0,""local_exchange_block"":0,""child_distance_from_base_mean"":null,""child_distance_from_base_min"":null,""child_distance_from_base_max"":null,""child_distance_from_base_count"":0,""child_distance_from_donor_mean"":null,""child_distance_from_donor_min"":null,""child_distance_from_donor_max"":null,""child_distance_from_donor_count"":0,""donor_distance_reduction_mean"":null,""donor_distance_reduction_min"":null,""donor_distance_reduction_max"":null,""donor_distance_reduction_count"":0,""local_exchange_changed_gene_count_mean"":null,""local_exchange_changed_gene_count_min"":null,""local_exchange_changed_gene_count_max"":null,""local_exchange_changed_gene_count_count"":0,""child_distance_statistics_scope"":""accepted_unique_crossover_offspring"",""persistent_population_size"":4,""unique_population_size"":4,""best_population_fitness"":0.724609375,""configured_survivors_per_selection"":[8,2,1],""effective_survivors_per_selection"":[8,2,4],""effective_final_survivor_count"":4},""offspring_generation"":{""attempts"":16,""no_op_mutations"":0,""duplicate_candidates"":0,""infeasible_candidates"":0,""fixed_quant_legal_swap_counts"":[]},""maximum_depth_mutations_per_offspring"":3,""quantization_step_size"":1,""quantization_mutations_per_offspring"":1,""joint_aware_probability"":0.0,""adaptive_mutation"":false,""adaptive_mutation_strength"":1,""adaptive_mutation_patience"":3,""adaptive_mutation_max_strength"":3,""coarse_to_fine_mutation"":false,""coarse_to_fine_start_strength"":3,""coarse_to_fine_end_strength"":1,""stagnation_generations_after_selection"":0}",depth,True,16,16,8,6,8192,16384,49152,782,1859584,1810.352114022011,14280.6416015625
26,0.7158203125,0.724609375,kl,0.7158203125,12.6171875,12.1796875,,,333824,"{""wikitext2"":333824}",16,8,2,1,"[8,2,1]","[512,2048,8192]",5503193088,3.0,9872.5078125,82816598016,,,8,8,"{""type"":""mixed_depth_quantization"",""sequential_mode"":""none"",""joint_mutation_mode"":""standard"",""parent_before_generation_hash"":""5faa5712c799cf1e46de3535274ef030da4f6255833ba4d93f8c51bd1002af6a"",""parent_after_generation_hash"":""5fcf4c6a1b1de265d7bcdd60e014e032276df55515d7a3a1a6df1d94ddd879cb"",""generated_offspring_by_type"":{""depth"":10,""quantization"":6,""joint_aware"":0,""interaction_aware"":0,""sequential_quantization"":0,""fixed_quant_depth"":0,""component crossover"":0,""component crossover + repair"":0,""layer bundle crossover"":0,""layer bundle crossover + repair"":0},""depth_mask_entries_changed_by_type"":{""depth"":32,""quantization"":0,""joint_aware"":0,""interaction_aware"":0,""sequential_quantization"":0,""fixed_quant_depth"":0,""component crossover"":0,""component crossover + repair"":0,""layer bundle crossover"":0,""layer bundle crossover + repair"":0},""quant_assignments_changed_by_type"":{""depth"":3,""quantization"":12,""joint_aware"":0,""interaction_aware"":0,""sequential_quantization"":0,""fixed_quant_depth"":0,""component crossover"":0,""component crossover + repair"":0,""layer bundle crossover"":0,""layer bundle crossover + repair"":0},""depth_mask_entries_changed_total"":32,""quant_assignments_changed_total"":15,""interaction_aware_details"":{""budget_repair_quant_changes"":0,""preferred_quant_exchanges_used"":0,""fallback_quant_exchanges_used"":0},""crossover_diagnostics"":{""crossover_type"":""component"",""crossover_parent_selection"":""uniform"",""crossover_offspring"":0,""crossover_offspring_accepted"":0,""mutation_offspring_accepted"":16,""mutation_offspring"":16,""crossover_offspring_attempted"":0,""crossover_duplicates"":0,""crossover_infeasible_candidates"":0,""crossover_repair_changed_gene_count"":0,""crossover_repaired_proposals"":0,""parent_distance_mean"":null,""parent_distance_min"":null,""parent_distance_max"":null,""child_distance_from_parent_a_mean"":null,""child_distance_from_parent_b_mean"":null,""layers_from_parent_a_mean"":null,""layers_from_parent_b_mean"":null,""crossover_no_legal_exchange"":0,""local_exchange_attention"":0,""local_exchange_mlp"":0,""local_exchange_quantization"":0,""local_exchange_block"":0,""child_distance_from_base_mean"":null,""child_distance_from_base_min"":null,""child_distance_from_base_max"":null,""child_distance_from_base_count"":0,""child_distance_from_donor_mean"":null,""child_distance_from_donor_min"":null,""child_distance_from_donor_max"":null,""child_distance_from_donor_count"":0,""donor_distance_reduction_mean"":null,""donor_distance_reduction_min"":null,""donor_distance_reduction_max"":null,""donor_distance_reduction_count"":0,""local_exchange_changed_gene_count_mean"":null,""local_exchange_changed_gene_count_min"":null,""local_exchange_changed_gene_count_max"":null,""local_exchange_changed_gene_count_count"":0,""child_distance_statistics_scope"":""accepted_unique_crossover_offspring"",""persistent_population_size"":4,""unique_population_size"":4,""best_population_fitness"":0.7158203125,""configured_survivors_per_selection"":[8,2,1],""effective_survivors_per_selection"":[8,2,4],""effective_final_survivor_count"":4},""offspring_generation"":{""attempts"":16,""no_op_mutations"":0,""duplicate_candidates"":0,""infeasible_candidates"":0,""fixed_quant_legal_swap_counts"":[]},""maximum_depth_mutations_per_offspring"":3,""quantization_step_size"":1,""quantization_mutations_per_offspring"":1,""joint_aware_probability"":0.0,""adaptive_mutation"":false,""adaptive_mutation_strength"":1,""adaptive_mutation_patience"":3,""adaptive_mutation_max_strength"":3,""coarse_to_fine_mutation"":false,""coarse_to_fine_start_strength"":3,""coarse_to_fine_end_strength"":1,""stagnation_generations_after_selection"":0}",depth,True,16,16,8,6,8192,16384,49152,812,1933312,1917.4224910480552,14280.6416015625
27,0.71630859375,0.7158203125,kl,0.71630859375,,,,,0,{},16,8,2,1,"[8,2,1]","[512,2048,8192]",5503193088,3.0,9872.5078125,82816598016,,,8,8,"{""type"":""mixed_depth_quantization"",""sequential_mode"":""none"",""joint_mutation_mode"":""standard"",""parent_before_generation_hash"":""5fcf4c6a1b1de265d7bcdd60e014e032276df55515d7a3a1a6df1d94ddd879cb"",""parent_after_generation_hash"":""5fcf4c6a1b1de265d7bcdd60e014e032276df55515d7a3a1a6df1d94ddd879cb"",""generated_offspring_by_type"":{""depth"":8,""quantization"":8,""joint_aware"":0,""interaction_aware"":0,""sequential_quantization"":0,""fixed_quant_depth"":0,""component crossover"":0,""component crossover + repair"":0,""layer bundle crossover"":0,""layer bundle crossover + repair"":0},""depth_mask_entries_changed_by_type"":{""depth"":22,""quantization"":0,""joint_aware"":0,""interaction_aware"":0,""sequential_quantization"":0,""fixed_quant_depth"":0,""component crossover"":0,""component crossover + repair"":0,""layer bundle crossover"":0,""layer bundle crossover + repair"":0},""quant_assignments_changed_by_type"":{""depth"":0,""quantization"":16,""joint_aware"":0,""interaction_aware"":0,""sequential_quantization"":0,""fixed_quant_depth"":0,""component crossover"":0,""component crossover + repair"":0,""layer bundle crossover"":0,""layer bundle crossover + repair"":0},""depth_mask_entries_changed_total"":22,""quant_assignments_changed_total"":16,""interaction_aware_details"":{""budget_repair_quant_changes"":0,""preferred_quant_exchanges_used"":0,""fallback_quant_exchanges_used"":0},""crossover_diagnostics"":{""crossover_type"":""component"",""crossover_parent_selection"":""uniform"",""crossover_offspring"":0,""crossover_offspring_accepted"":0,""mutation_offspring_accepted"":16,""mutation_offspring"":16,""crossover_offspring_attempted"":0,""crossover_duplicates"":0,""crossover_infeasible_candidates"":0,""crossover_repair_changed_gene_count"":0,""crossover_repaired_proposals"":0,""parent_distance_mean"":null,""parent_distance_min"":null,""parent_distance_max"":null,""child_distance_from_parent_a_mean"":null,""child_distance_from_parent_b_mean"":null,""layers_from_parent_a_mean"":null,""layers_from_parent_b_mean"":null,""crossover_no_legal_exchange"":0,""local_exchange_attention"":0,""local_exchange_mlp"":0,""local_exchange_quantization"":0,""local_exchange_block"":0,""child_distance_from_base_mean"":null,""child_distance_from_base_min"":null,""child_distance_from_base_max"":null,""child_distance_from_base_count"":0,""child_distance_from_donor_mean"":null,""child_distance_from_donor_min"":null,""child_distance_from_donor_max"":null,""child_distance_from_donor_count"":0,""donor_distance_reduction_mean"":null,""donor_distance_reduction_min"":null,""donor_distance_reduction_max"":null,""donor_distance_reduction_count"":0,""local_exchange_changed_gene_count_mean"":null,""local_exchange_changed_gene_count_min"":null,""local_exchange_changed_gene_count_max"":null,""local_exchange_changed_gene_count_count"":0,""child_distance_statistics_scope"":""accepted_unique_crossover_offspring"",""persistent_population_size"":4,""unique_population_size"":4,""best_population_fitness"":0.71630859375,""configured_survivors_per_selection"":[8,2,1],""effective_survivors_per_selection"":[8,2,4],""effective_final_survivor_count"":4},""offspring_generation"":{""attempts"":16,""no_op_mutations"":0,""duplicate_candidates"":0,""infeasible_candidates"":0,""fixed_quant_legal_swap_counts"":[]},""maximum_depth_mutations_per_offspring"":3,""quantization_step_size"":1,""quantization_mutations_per_offspring"":1,""joint_aware_probability"":0.0,""adaptive_mutation"":false,""adaptive_mutation_strength"":1,""adaptive_mutation_patience"":3,""adaptive_mutation_max_strength"":3,""coarse_to_fine_mutation"":false,""coarse_to_fine_start_strength"":3,""coarse_to_fine_end_strength"":1,""stagnation_generations_after_selection"":1}",parent,False,16,16,8,6,8192,16384,49152,842,2007040,1971.7231762130396,14280.6416015625
28,0.716796875,0.71630859375,kl,0.716796875,,,,,0,{},16,8,2,1,"[8,2,1]","[512,2048,8192]",5503193088,3.0,9872.5078125,82816598016,,,8,8,"{""type"":""mixed_depth_quantization"",""sequential_mode"":""none"",""joint_mutation_mode"":""standard"",""parent_before_generation_hash"":""5fcf4c6a1b1de265d7bcdd60e014e032276df55515d7a3a1a6df1d94ddd879cb"",""parent_after_generation_hash"":""5fcf4c6a1b1de265d7bcdd60e014e032276df55515d7a3a1a6df1d94ddd879cb"",""generated_offspring_by_type"":{""depth"":7,""quantization"":9,""joint_aware"":0,""interaction_aware"":0,""sequential_quantization"":0,""fixed_quant_depth"":0,""component crossover"":0,""component crossover + repair"":0,""layer bundle crossover"":0,""layer bundle crossover + repair"":0},""depth_mask_entries_changed_by_type"":{""depth"":22,""quantization"":0,""joint_aware"":0,""interaction_aware"":0,""sequential_quantization"":0,""fixed_quant_depth"":0,""component crossover"":0,""component crossover + repair"":0,""layer bundle crossover"":0,""layer bundle crossover + repair"":0},""quant_assignments_changed_by_type"":{""depth"":1,""quantization"":18,""joint_aware"":0,""interaction_aware"":0,""sequential_quantization"":0,""fixed_quant_depth"":0,""component crossover"":0,""component crossover + repair"":0,""layer bundle crossover"":0,""layer bundle crossover + repair"":0},""depth_mask_entries_changed_total"":22,""quant_assignments_changed_total"":19,""interaction_aware_details"":{""budget_repair_quant_changes"":0,""preferred_quant_exchanges_used"":0,""fallback_quant_exchanges_used"":0},""crossover_diagnostics"":{""crossover_type"":""component"",""crossover_parent_selection"":""uniform"",""crossover_offspring"":0,""crossover_offspring_accepted"":0,""mutation_offspring_accepted"":16,""mutation_offspring"":16,""crossover_offspring_attempted"":0,""crossover_duplicates"":0,""crossover_infeasible_candidates"":0,""crossover_repair_changed_gene_count"":0,""crossover_repaired_proposals"":0,""parent_distance_mean"":null,""parent_distance_min"":null,""parent_distance_max"":null,""child_distance_from_parent_a_mean"":null,""child_distance_from_parent_b_mean"":null,""layers_from_parent_a_mean"":null,""layers_from_parent_b_mean"":null,""crossover_no_legal_exchange"":0,""local_exchange_attention"":0,""local_exchange_mlp"":0,""local_exchange_quantization"":0,""local_exchange_block"":0,""child_distance_from_base_mean"":null,""child_distance_from_base_min"":null,""child_distance_from_base_max"":null,""child_distance_from_base_count"":0,""child_distance_from_donor_mean"":null,""child_distance_from_donor_min"":null,""child_distance_from_donor_max"":null,""child_distance_from_donor_count"":0,""donor_distance_reduction_mean"":null,""donor_distance_reduction_min"":null,""donor_distance_reduction_max"":null,""donor_distance_reduction_count"":0,""local_exchange_changed_gene_count_mean"":null,""local_exchange_changed_gene_count_min"":null,""local_exchange_changed_gene_count_max"":null,""local_exchange_changed_gene_count_count"":0,""child_distance_statistics_scope"":""accepted_unique_crossover_offspring"",""persistent_population_size"":4,""unique_population_size"":4,""best_population_fitness"":0.716796875,""configured_survivors_per_selection"":[8,2,1],""effective_survivors_per_selection"":[8,2,4],""effective_final_survivor_count"":4},""offspring_generation"":{""attempts"":16,""no_op_mutations"":0,""duplicate_candidates"":0,""infeasible_candidates"":0,""fixed_quant_legal_swap_counts"":[]},""maximum_depth_mutations_per_offspring"":3,""quantization_step_size"":1,""quantization_mutations_per_offspring"":1,""joint_aware_probability"":0.0,""adaptive_mutation"":false,""adaptive_mutation_strength"":1,""adaptive_mutation_patience"":3,""adaptive_mutation_max_strength"":3,""coarse_to_fine_mutation"":false,""coarse_to_fine_start_strength"":3,""coarse_to_fine_end_strength"":1,""stagnation_generations_after_selection"":2}",parent,False,16,16,8,6,8192,16384,49152,872,2080768,2025.9434488460538,14280.6416015625
29,0.7158203125,0.716796875,kl,0.7158203125,,,,,0,{},16,8,2,1,"[8,2,1]","[512,2048,8192]",5503193088,3.0,9872.5078125,82816598016,,,8,8,"{""type"":""mixed_depth_quantization"",""sequential_mode"":""none"",""joint_mutation_mode"":""standard"",""parent_before_generation_hash"":""5fcf4c6a1b1de265d7bcdd60e014e032276df55515d7a3a1a6df1d94ddd879cb"",""parent_after_generation_hash"":""5fcf4c6a1b1de265d7bcdd60e014e032276df55515d7a3a1a6df1d94ddd879cb"",""generated_offspring_by_type"":{""depth"":9,""quantization"":7,""joint_aware"":0,""interaction_aware"":0,""sequential_quantization"":0,""fixed_quant_depth"":0,""component crossover"":0,""component crossover + repair"":0,""layer bundle crossover"":0,""layer bundle crossover + repair"":0},""depth_mask_entries_changed_by_type"":{""depth"":28,""quantization"":0,""joint_aware"":0,""interaction_aware"":0,""sequential_quantization"":0,""fixed_quant_depth"":0,""component crossover"":0,""component crossover + repair"":0,""layer bundle crossover"":0,""layer bundle crossover + repair"":0},""quant_assignments_changed_by_type"":{""depth"":3,""quantization"":14,""joint_aware"":0,""interaction_aware"":0,""sequential_quantization"":0,""fixed_quant_depth"":0,""component crossover"":0,""component crossover + repair"":0,""layer bundle crossover"":0,""layer bundle crossover + repair"":0},""depth_mask_entries_changed_total"":28,""quant_assignments_changed_total"":17,""interaction_aware_details"":{""budget_repair_quant_changes"":0,""preferred_quant_exchanges_used"":0,""fallback_quant_exchanges_used"":0},""crossover_diagnostics"":{""crossover_type"":""component"",""crossover_parent_selection"":""uniform"",""crossover_offspring"":0,""crossover_offspring_accepted"":0,""mutation_offspring_accepted"":16,""mutation_offspring"":16,""crossover_offspring_attempted"":0,""crossover_duplicates"":0,""crossover_infeasible_candidates"":0,""crossover_repair_changed_gene_count"":0,""crossover_repaired_proposals"":0,""parent_distance_mean"":null,""parent_distance_min"":null,""parent_distance_max"":null,""child_distance_from_parent_a_mean"":null,""child_distance_from_parent_b_mean"":null,""layers_from_parent_a_mean"":null,""layers_from_parent_b_mean"":null,""crossover_no_legal_exchange"":0,""local_exchange_attention"":0,""local_exchange_mlp"":0,""local_exchange_quantization"":0,""local_exchange_block"":0,""child_distance_from_base_mean"":null,""child_distance_from_base_min"":null,""child_distance_from_base_max"":null,""child_distance_from_base_count"":0,""child_distance_from_donor_mean"":null,""child_distance_from_donor_min"":null,""child_distance_from_donor_max"":null,""child_distance_from_donor_count"":0,""donor_distance_reduction_mean"":null,""donor_distance_reduction_min"":null,""donor_distance_reduction_max"":null,""donor_distance_reduction_count"":0,""local_exchange_changed_gene_count_mean"":null,""local_exchange_changed_gene_count_min"":null,""local_exchange_changed_gene_count_max"":null,""local_exchange_changed_gene_count_count"":0,""child_distance_statistics_scope"":""accepted_unique_crossover_offspring"",""persistent_population_size"":4,""unique_population_size"":4,""best_population_fitness"":0.7158203125,""configured_survivors_per_selection"":[8,2,1],""effective_survivors_per_selection"":[8,2,4],""effective_final_survivor_count"":4},""offspring_generation"":{""attempts"":16,""no_op_mutations"":0,""duplicate_candidates"":0,""infeasible_candidates"":0,""fixed_quant_legal_swap_counts"":[]},""maximum_depth_mutations_per_offspring"":3,""quantization_step_size"":1,""quantization_mutations_per_offspring"":1,""joint_aware_probability"":0.0,""adaptive_mutation"":false,""adaptive_mutation_strength"":1,""adaptive_mutation_patience"":3,""adaptive_mutation_max_strength"":3,""coarse_to_fine_mutation"":false,""coarse_to_fine_start_strength"":3,""coarse_to_fine_end_strength"":1,""stagnation_generations_after_selection"":3}",parent,False,16,16,8,6,8192,16384,49152,902,2154496,2075.457852422027,14280.6416015625
30,0.7158203125,0.7158203125,kl,0.7158203125,,,,,0,{},16,8,2,1,"[8,2,1]","[512,2048,8192]",5503193088,3.0,9872.5078125,82816598016,,,8,8,"{""type"":""mixed_depth_quantization"",""sequential_mode"":""none"",""joint_mutation_mode"":""standard"",""parent_before_generation_hash"":""5fcf4c6a1b1de265d7bcdd60e014e032276df55515d7a3a1a6df1d94ddd879cb"",""parent_after_generation_hash"":""5fcf4c6a1b1de265d7bcdd60e014e032276df55515d7a3a1a6df1d94ddd879cb"",""generated_offspring_by_type"":{""depth"":7,""quantization"":9,""joint_aware"":0,""interaction_aware"":0,""sequential_quantization"":0,""fixed_quant_depth"":0,""component crossover"":0,""component crossover + repair"":0,""layer bundle crossover"":0,""layer bundle crossover + repair"":0},""depth_mask_entries_changed_by_type"":{""depth"":18,""quantization"":0,""joint_aware"":0,""interaction_aware"":0,""sequential_quantization"":0,""fixed_quant_depth"":0,""component crossover"":0,""component crossover + repair"":0,""layer bundle crossover"":0,""layer bundle crossover + repair"":0},""quant_assignments_changed_by_type"":{""depth"":0,""quantization"":18,""joint_aware"":0,""interaction_aware"":0,""sequential_quantization"":0,""fixed_quant_depth"":0,""component crossover"":0,""component crossover + repair"":0,""layer bundle crossover"":0,""layer bundle crossover + repair"":0},""depth_mask_entries_changed_total"":18,""quant_assignments_changed_total"":18,""interaction_aware_details"":{""budget_repair_quant_changes"":0,""preferred_quant_exchanges_used"":0,""fallback_quant_exchanges_used"":0},""crossover_diagnostics"":{""crossover_type"":""component"",""crossover_parent_selection"":""uniform"",""crossover_offspring"":0,""crossover_offspring_accepted"":0,""mutation_offspring_accepted"":16,""mutation_offspring"":16,""crossover_offspring_attempted"":0,""crossover_duplicates"":0,""crossover_infeasible_candidates"":0,""crossover_repair_changed_gene_count"":0,""crossover_repaired_proposals"":0,""parent_distance_mean"":null,""parent_distance_min"":null,""parent_distance_max"":null,""child_distance_from_parent_a_mean"":null,""child_distance_from_parent_b_mean"":null,""layers_from_parent_a_mean"":null,""layers_from_parent_b_mean"":null,""crossover_no_legal_exchange"":0,""local_exchange_attention"":0,""local_exchange_mlp"":0,""local_exchange_quantization"":0,""local_exchange_block"":0,""child_distance_from_base_mean"":null,""child_distance_from_base_min"":null,""child_distance_from_base_max"":null,""child_distance_from_base_count"":0,""child_distance_from_donor_mean"":null,""child_distance_from_donor_min"":null,""child_distance_from_donor_max"":null,""child_distance_from_donor_count"":0,""donor_distance_reduction_mean"":null,""donor_distance_reduction_min"":null,""donor_distance_reduction_max"":null,""donor_distance_reduction_count"":0,""local_exchange_changed_gene_count_mean"":null,""local_exchange_changed_gene_count_min"":null,""local_exchange_changed_gene_count_max"":null,""local_exchange_changed_gene_count_count"":0,""child_distance_statistics_scope"":""accepted_unique_crossover_offspring"",""persistent_population_size"":4,""unique_population_size"":4,""best_population_fitness"":0.7158203125,""configured_survivors_per_selection"":[8,2,1],""effective_survivors_per_selection"":[8,2,4],""effective_final_survivor_count"":4},""offspring_generation"":{""attempts"":16,""no_op_mutations"":0,""duplicate_candidates"":0,""infeasible_candidates"":0,""fixed_quant_legal_swap_counts"":[]},""maximum_depth_mutations_per_offspring"":3,""quantization_step_size"":1,""quantization_mutations_per_offspring"":1,""joint_aware_probability"":0.0,""adaptive_mutation"":false,""adaptive_mutation_strength"":1,""adaptive_mutation_patience"":3,""adaptive_mutation_max_strength"":3,""coarse_to_fine_mutation"":false,""coarse_to_fine_start_strength"":3,""coarse_to_fine_end_strength"":1,""stagnation_generations_after_selection"":4}",parent,False,16,16,8,6,8192,16384,49152,932,2228224,2129.4501454360434,14280.6416015625
31,0.70751953125,0.7158203125,kl,0.70751953125,12.6640625,12.2578125,,,333824,"{""wikitext2"":333824}",16,8,2,1,"[8,2,1]","[512,2048,8192]",5503193088,3.0,9872.5078125,82816598016,,,8,8,"{""type"":""mixed_depth_quantization"",""sequential_mode"":""none"",""joint_mutation_mode"":""standard"",""parent_before_generation_hash"":""5fcf4c6a1b1de265d7bcdd60e014e032276df55515d7a3a1a6df1d94ddd879cb"",""parent_after_generation_hash"":""10745539c0a675b27d1eebbb2c8aae2822767bebfe5140d8124fd373d0250647"",""generated_offspring_by_type"":{""depth"":8,""quantization"":8,""joint_aware"":0,""interaction_aware"":0,""sequential_quantization"":0,""fixed_quant_depth"":0,""component crossover"":0,""component crossover + repair"":0,""layer bundle crossover"":0,""layer bundle crossover + repair"":0},""depth_mask_entries_changed_by_type"":{""depth"":26,""quantization"":0,""joint_aware"":0,""interaction_aware"":0,""sequential_quantization"":0,""fixed_quant_depth"":0,""component crossover"":0,""component crossover + repair"":0,""layer bundle crossover"":0,""layer bundle crossover + repair"":0},""quant_assignments_changed_by_type"":{""depth"":2,""quantization"":16,""joint_aware"":0,""interaction_aware"":0,""sequential_quantization"":0,""fixed_quant_depth"":0,""component crossover"":0,""component crossover + repair"":0,""layer bundle crossover"":0,""layer bundle crossover + repair"":0},""depth_mask_entries_changed_total"":26,""quant_assignments_changed_total"":18,""interaction_aware_details"":{""budget_repair_quant_changes"":0,""preferred_quant_exchanges_used"":0,""fallback_quant_exchanges_used"":0},""crossover_diagnostics"":{""crossover_type"":""component"",""crossover_parent_selection"":""uniform"",""crossover_offspring"":0,""crossover_offspring_accepted"":0,""mutation_offspring_accepted"":16,""mutation_offspring"":16,""crossover_offspring_attempted"":0,""crossover_duplicates"":0,""crossover_infeasible_candidates"":0,""crossover_repair_changed_gene_count"":0,""crossover_repaired_proposals"":0,""parent_distance_mean"":null,""parent_distance_min"":null,""parent_distance_max"":null,""child_distance_from_parent_a_mean"":null,""child_distance_from_parent_b_mean"":null,""layers_from_parent_a_mean"":null,""layers_from_parent_b_mean"":null,""crossover_no_legal_exchange"":0,""local_exchange_attention"":0,""local_exchange_mlp"":0,""local_exchange_quantization"":0,""local_exchange_block"":0,""child_distance_from_base_mean"":null,""child_distance_from_base_min"":null,""child_distance_from_base_max"":null,""child_distance_from_base_count"":0,""child_distance_from_donor_mean"":null,""child_distance_from_donor_min"":null,""child_distance_from_donor_max"":null,""child_distance_from_donor_count"":0,""donor_distance_reduction_mean"":null,""donor_distance_reduction_min"":null,""donor_distance_reduction_max"":null,""donor_distance_reduction_count"":0,""local_exchange_changed_gene_count_mean"":null,""local_exchange_changed_gene_count_min"":null,""local_exchange_changed_gene_count_max"":null,""local_exchange_changed_gene_count_count"":0,""child_distance_statistics_scope"":""accepted_unique_crossover_offspring"",""persistent_population_size"":4,""unique_population_size"":4,""best_population_fitness"":0.70751953125,""configured_survivors_per_selection"":[8,2,1],""effective_survivors_per_selection"":[8,2,4],""effective_final_survivor_count"":4},""offspring_generation"":{""attempts"":16,""no_op_mutations"":0,""duplicate_candidates"":0,""infeasible_candidates"":0,""fixed_quant_legal_swap_counts"":[]},""maximum_depth_mutations_per_offspring"":3,""quantization_step_size"":1,""quantization_mutations_per_offspring"":1,""joint_aware_probability"":0.0,""adaptive_mutation"":false,""adaptive_mutation_strength"":1,""adaptive_mutation_patience"":3,""adaptive_mutation_max_strength"":3,""coarse_to_fine_mutation"":false,""coarse_to_fine_start_strength"":3,""coarse_to_fine_end_strength"":1,""stagnation_generations_after_selection"":0}",depth,True,16,16,8,6,8192,16384,49152,962,2301952,2235.3585968930274,14280.6416015625
32,0.70703125,0.70751953125,kl,0.70703125,,,,,0,{},16,8,2,1,"[8,2,1]","[512,2048,8192]",5503193088,3.0,9872.5078125,82816598016,,,8,8,"{""type"":""mixed_depth_quantization"",""sequential_mode"":""none"",""joint_mutation_mode"":""standard"",""parent_before_generation_hash"":""10745539c0a675b27d1eebbb2c8aae2822767bebfe5140d8124fd373d0250647"",""parent_after_generation_hash"":""10745539c0a675b27d1eebbb2c8aae2822767bebfe5140d8124fd373d0250647"",""generated_offspring_by_type"":{""depth"":8,""quantization"":8,""joint_aware"":0,""interaction_aware"":0,""sequential_quantization"":0,""fixed_quant_depth"":0,""component crossover"":0,""component crossover + repair"":0,""layer bundle crossover"":0,""layer bundle crossover + repair"":0},""depth_mask_entries_changed_by_type"":{""depth"":26,""quantization"":0,""joint_aware"":0,""interaction_aware"":0,""sequential_quantization"":0,""fixed_quant_depth"":0,""component crossover"":0,""component crossover + repair"":0,""layer bundle crossover"":0,""layer bundle crossover + repair"":0},""quant_assignments_changed_by_type"":{""depth"":0,""quantization"":16,""joint_aware"":0,""interaction_aware"":0,""sequential_quantization"":0,""fixed_quant_depth"":0,""component crossover"":0,""component crossover + repair"":0,""layer bundle crossover"":0,""layer bundle crossover + repair"":0},""depth_mask_entries_changed_total"":26,""quant_assignments_changed_total"":16,""interaction_aware_details"":{""budget_repair_quant_changes"":0,""preferred_quant_exchanges_used"":0,""fallback_quant_exchanges_used"":0},""crossover_diagnostics"":{""crossover_type"":""component"",""crossover_parent_selection"":""uniform"",""crossover_offspring"":0,""crossover_offspring_accepted"":0,""mutation_offspring_accepted"":16,""mutation_offspring"":16,""crossover_offspring_attempted"":0,""crossover_duplicates"":0,""crossover_infeasible_candidates"":0,""crossover_repair_changed_gene_count"":0,""crossover_repaired_proposals"":0,""parent_distance_mean"":null,""parent_distance_min"":null,""parent_distance_max"":null,""child_distance_from_parent_a_mean"":null,""child_distance_from_parent_b_mean"":null,""layers_from_parent_a_mean"":null,""layers_from_parent_b_mean"":null,""crossover_no_legal_exchange"":0,""local_exchange_attention"":0,""local_exchange_mlp"":0,""local_exchange_quantization"":0,""local_exchange_block"":0,""child_distance_from_base_mean"":null,""child_distance_from_base_min"":null,""child_distance_from_base_max"":null,""child_distance_from_base_count"":0,""child_distance_from_donor_mean"":null,""child_distance_from_donor_min"":null,""child_distance_from_donor_max"":null,""child_distance_from_donor_count"":0,""donor_distance_reduction_mean"":null,""donor_distance_reduction_min"":null,""donor_distance_reduction_max"":null,""donor_distance_reduction_count"":0,""local_exchange_changed_gene_count_mean"":null,""local_exchange_changed_gene_count_min"":null,""local_exchange_changed_gene_count_max"":null,""local_exchange_changed_gene_count_count"":0,""child_distance_statistics_scope"":""accepted_unique_crossover_offspring"",""persistent_population_size"":4,""unique_population_size"":4,""best_population_fitness"":0.70703125,""configured_survivors_per_selection"":[8,2,1],""effective_survivors_per_selection"":[8,2,4],""effective_final_survivor_count"":4},""offspring_generation"":{""attempts"":16,""no_op_mutations"":0,""duplicate_candidates"":0,""infeasible_candidates"":0,""fixed_quant_legal_swap_counts"":[]},""maximum_depth_mutations_per_offspring"":3,""quantization_step_size"":1,""quantization_mutations_per_offspring"":1,""joint_aware_probability"":0.0,""adaptive_mutation"":false,""adaptive_mutation_strength"":1,""adaptive_mutation_patience"":3,""adaptive_mutation_max_strength"":3,""coarse_to_fine_mutation"":false,""coarse_to_fine_start_strength"":3,""coarse_to_fine_end_strength"":1,""stagnation_generations_after_selection"":1}",parent,False,16,16,8,6,8192,16384,49152,992,2375680,2289.250829548051,14280.6416015625
33,0.70751953125,0.70703125,kl,0.70751953125,,,,,0,{},16,8,2,1,"[8,2,1]","[512,2048,8192]",5503193088,3.0,9872.5078125,82816598016,,,8,8,"{""type"":""mixed_depth_quantization"",""sequential_mode"":""none"",""joint_mutation_mode"":""standard"",""parent_before_generation_hash"":""10745539c0a675b27d1eebbb2c8aae2822767bebfe5140d8124fd373d0250647"",""parent_after_generation_hash"":""10745539c0a675b27d1eebbb2c8aae2822767bebfe5140d8124fd373d0250647"",""generated_offspring_by_type"":{""depth"":6,""quantization"":10,""joint_aware"":0,""interaction_aware"":0,""sequential_quantization"":0,""fixed_quant_depth"":0,""component crossover"":0,""component crossover + repair"":0,""layer bundle crossover"":0,""layer bundle crossover + repair"":0},""depth_mask_entries_changed_by_type"":{""depth"":20,""quantization"":0,""joint_aware"":0,""interaction_aware"":0,""sequential_quantization"":0,""fixed_quant_depth"":0,""component crossover"":0,""component crossover + repair"":0,""layer bundle crossover"":0,""layer bundle crossover + repair"":0},""quant_assignments_changed_by_type"":{""depth"":3,""quantization"":20,""joint_aware"":0,""interaction_aware"":0,""sequential_quantization"":0,""fixed_quant_depth"":0,""component crossover"":0,""component crossover + repair"":0,""layer bundle crossover"":0,""layer bundle crossover + repair"":0},""depth_mask_entries_changed_total"":20,""quant_assignments_changed_total"":23,""interaction_aware_details"":{""budget_repair_quant_changes"":0,""preferred_quant_exchanges_used"":0,""fallback_quant_exchanges_used"":0},""crossover_diagnostics"":{""crossover_type"":""component"",""crossover_parent_selection"":""uniform"",""crossover_offspring"":0,""crossover_offspring_accepted"":0,""mutation_offspring_accepted"":16,""mutation_offspring"":16,""crossover_offspring_attempted"":0,""crossover_duplicates"":0,""crossover_infeasible_candidates"":0,""crossover_repair_changed_gene_count"":0,""crossover_repaired_proposals"":0,""parent_distance_mean"":null,""parent_distance_min"":null,""parent_distance_max"":null,""child_distance_from_parent_a_mean"":null,""child_distance_from_parent_b_mean"":null,""layers_from_parent_a_mean"":null,""layers_from_parent_b_mean"":null,""crossover_no_legal_exchange"":0,""local_exchange_attention"":0,""local_exchange_mlp"":0,""local_exchange_quantization"":0,""local_exchange_block"":0,""child_distance_from_base_mean"":null,""child_distance_from_base_min"":null,""child_distance_from_base_max"":null,""child_distance_from_base_count"":0,""child_distance_from_donor_mean"":null,""child_distance_from_donor_min"":null,""child_distance_from_donor_max"":null,""child_distance_from_donor_count"":0,""donor_distance_reduction_mean"":null,""donor_distance_reduction_min"":null,""donor_distance_reduction_max"":null,""donor_distance_reduction_count"":0,""local_exchange_changed_gene_count_mean"":null,""local_exchange_changed_gene_count_min"":null,""local_exchange_changed_gene_count_max"":null,""local_exchange_changed_gene_count_count"":0,""child_distance_statistics_scope"":""accepted_unique_crossover_offspring"",""persistent_population_size"":4,""unique_population_size"":4,""best_population_fitness"":0.70751953125,""configured_survivors_per_selection"":[8,2,1],""effective_survivors_per_selection"":[8,2,4],""effective_final_survivor_count"":4},""offspring_generation"":{""attempts"":16,""no_op_mutations"":0,""duplicate_candidates"":0,""infeasible_candidates"":0,""fixed_quant_legal_swap_counts"":[]},""maximum_depth_mutations_per_offspring"":3,""quantization_step_size"":1,""quantization_mutations_per_offspring"":1,""joint_aware_probability"":0.0,""adaptive_mutation"":false,""adaptive_mutation_strength"":1,""adaptive_mutation_patience"":3,""adaptive_mutation_max_strength"":3,""coarse_to_fine_mutation"":false,""coarse_to_fine_start_strength"":3,""coarse_to_fine_end_strength"":1,""stagnation_generations_after_selection"":2}",parent,False,16,16,8,6,8192,16384,49152,1022,2449408,2349.071137289051,14280.6416015625
34,0.70458984375,0.70751953125,kl,0.70458984375,,,,,0,{},16,8,2,1,"[8,2,1]","[512,2048,8192]",5503193088,3.0,9872.5078125,82816598016,,,8,8,"{""type"":""mixed_depth_quantization"",""sequential_mode"":""none"",""joint_mutation_mode"":""standard"",""parent_before_generation_hash"":""10745539c0a675b27d1eebbb2c8aae2822767bebfe5140d8124fd373d0250647"",""parent_after_generation_hash"":""56db0731ac11acd69c7f86f37005988037e95af278baf86b9e61ac4f8e42eb74"",""generated_offspring_by_type"":{""depth"":11,""quantization"":5,""joint_aware"":0,""interaction_aware"":0,""sequential_quantization"":0,""fixed_quant_depth"":0,""component crossover"":0,""component crossover + repair"":0,""layer bundle crossover"":0,""layer bundle crossover + repair"":0},""depth_mask_entries_changed_by_type"":{""depth"":34,""quantization"":0,""joint_aware"":0,""interaction_aware"":0,""sequential_quantization"":0,""fixed_quant_depth"":0,""component crossover"":0,""component crossover + repair"":0,""layer bundle crossover"":0,""layer bundle crossover + repair"":0},""quant_assignments_changed_by_type"":{""depth"":2,""quantization"":10,""joint_aware"":0,""interaction_aware"":0,""sequential_quantization"":0,""fixed_quant_depth"":0,""component crossover"":0,""component crossover + repair"":0,""layer bundle crossover"":0,""layer bundle crossover + repair"":0},""depth_mask_entries_changed_total"":34,""quant_assignments_changed_total"":12,""interaction_aware_details"":{""budget_repair_quant_changes"":0,""preferred_quant_exchanges_used"":0,""fallback_quant_exchanges_used"":0},""crossover_diagnostics"":{""crossover_type"":""component"",""crossover_parent_selection"":""uniform"",""crossover_offspring"":0,""crossover_offspring_accepted"":0,""mutation_offspring_accepted"":16,""mutation_offspring"":16,""crossover_offspring_attempted"":0,""crossover_duplicates"":0,""crossover_infeasible_candidates"":0,""crossover_repair_changed_gene_count"":0,""crossover_repaired_proposals"":0,""parent_distance_mean"":null,""parent_distance_min"":null,""parent_distance_max"":null,""child_distance_from_parent_a_mean"":null,""child_distance_from_parent_b_mean"":null,""layers_from_parent_a_mean"":null,""layers_from_parent_b_mean"":null,""crossover_no_legal_exchange"":0,""local_exchange_attention"":0,""local_exchange_mlp"":0,""local_exchange_quantization"":0,""local_exchange_block"":0,""child_distance_from_base_mean"":null,""child_distance_from_base_min"":null,""child_distance_from_base_max"":null,""child_distance_from_base_count"":0,""child_distance_from_donor_mean"":null,""child_distance_from_donor_min"":null,""child_distance_from_donor_max"":null,""child_distance_from_donor_count"":0,""donor_distance_reduction_mean"":null,""donor_distance_reduction_min"":null,""donor_distance_reduction_max"":null,""donor_distance_reduction_count"":0,""local_exchange_changed_gene_count_mean"":null,""local_exchange_changed_gene_count_min"":null,""local_exchange_changed_gene_count_max"":null,""local_exchange_changed_gene_count_count"":0,""child_distance_statistics_scope"":""accepted_unique_crossover_offspring"",""persistent_population_size"":4,""unique_population_size"":4,""best_population_fitness"":0.70458984375,""configured_survivors_per_selection"":[8,2,1],""effective_survivors_per_selection"":[8,2,4],""effective_final_survivor_count"":4},""offspring_generation"":{""attempts"":16,""no_op_mutations"":0,""duplicate_candidates"":0,""infeasible_candidates"":0,""fixed_quant_legal_swap_counts"":[]},""maximum_depth_mutations_per_offspring"":3,""quantization_step_size"":1,""quantization_mutations_per_offspring"":1,""joint_aware_probability"":0.0,""adaptive_mutation"":false,""adaptive_mutation_strength"":1,""adaptive_mutation_patience"":3,""adaptive_mutation_max_strength"":3,""coarse_to_fine_mutation"":false,""coarse_to_fine_start_strength"":3,""coarse_to_fine_end_strength"":1,""stagnation_generations_after_selection"":0}",depth,True,16,16,8,6,8192,16384,49152,1052,2523136,2401.302546104009,14280.6416015625
35,0.70361328125,0.70458984375,kl,0.70361328125,,,,,0,{},16,8,2,1,"[8,2,1]","[512,2048,8192]",5503193088,3.0,9872.5078125,82816598016,,,8,8,"{""type"":""mixed_depth_quantization"",""sequential_mode"":""none"",""joint_mutation_mode"":""standard"",""parent_before_generation_hash"":""56db0731ac11acd69c7f86f37005988037e95af278baf86b9e61ac4f8e42eb74"",""parent_after_generation_hash"":""e19759ec81ab231a7dc09b444d44c79482ab38df7d9e070deefd14b48c43547a"",""generated_offspring_by_type"":{""depth"":8,""quantization"":8,""joint_aware"":0,""interaction_aware"":0,""sequential_quantization"":0,""fixed_quant_depth"":0,""component crossover"":0,""component crossover + repair"":0,""layer bundle crossover"":0,""layer bundle crossover + repair"":0},""depth_mask_entries_changed_by_type"":{""depth"":24,""quantization"":0,""joint_aware"":0,""interaction_aware"":0,""sequential_quantization"":0,""fixed_quant_depth"":0,""component crossover"":0,""component crossover + repair"":0,""layer bundle crossover"":0,""layer bundle crossover + repair"":0},""quant_assignments_changed_by_type"":{""depth"":3,""quantization"":16,""joint_aware"":0,""interaction_aware"":0,""sequential_quantization"":0,""fixed_quant_depth"":0,""component crossover"":0,""component crossover + repair"":0,""layer bundle crossover"":0,""layer bundle crossover + repair"":0},""depth_mask_entries_changed_total"":24,""quant_assignments_changed_total"":19,""interaction_aware_details"":{""budget_repair_quant_changes"":0,""preferred_quant_exchanges_used"":0,""fallback_quant_exchanges_used"":0},""crossover_diagnostics"":{""crossover_type"":""component"",""crossover_parent_selection"":""uniform"",""crossover_offspring"":0,""crossover_offspring_accepted"":0,""mutation_offspring_accepted"":16,""mutation_offspring"":16,""crossover_offspring_attempted"":0,""crossover_duplicates"":0,""crossover_infeasible_candidates"":0,""crossover_repair_changed_gene_count"":0,""crossover_repaired_proposals"":0,""parent_distance_mean"":null,""parent_distance_min"":null,""parent_distance_max"":null,""child_distance_from_parent_a_mean"":null,""child_distance_from_parent_b_mean"":null,""layers_from_parent_a_mean"":null,""layers_from_parent_b_mean"":null,""crossover_no_legal_exchange"":0,""local_exchange_attention"":0,""local_exchange_mlp"":0,""local_exchange_quantization"":0,""local_exchange_block"":0,""child_distance_from_base_mean"":null,""child_distance_from_base_min"":null,""child_distance_from_base_max"":null,""child_distance_from_base_count"":0,""child_distance_from_donor_mean"":null,""child_distance_from_donor_min"":null,""child_distance_from_donor_max"":null,""child_distance_from_donor_count"":0,""donor_distance_reduction_mean"":null,""donor_distance_reduction_min"":null,""donor_distance_reduction_max"":null,""donor_distance_reduction_count"":0,""local_exchange_changed_gene_count_mean"":null,""local_exchange_changed_gene_count_min"":null,""local_exchange_changed_gene_count_max"":null,""local_exchange_changed_gene_count_count"":0,""child_distance_statistics_scope"":""accepted_unique_crossover_offspring"",""persistent_population_size"":4,""unique_population_size"":4,""best_population_fitness"":0.70361328125,""configured_survivors_per_selection"":[8,2,1],""effective_survivors_per_selection"":[8,2,4],""effective_final_survivor_count"":4},""offspring_generation"":{""attempts"":16,""no_op_mutations"":0,""duplicate_candidates"":0,""infeasible_candidates"":0,""fixed_quant_legal_swap_counts"":[]},""maximum_depth_mutations_per_offspring"":3,""quantization_step_size"":1,""quantization_mutations_per_offspring"":1,""joint_aware_probability"":0.0,""adaptive_mutation"":false,""adaptive_mutation_strength"":1,""adaptive_mutation_patience"":3,""adaptive_mutation_max_strength"":3,""coarse_to_fine_mutation"":false,""coarse_to_fine_start_strength"":3,""coarse_to_fine_end_strength"":1,""stagnation_generations_after_selection"":0}",quantization,True,16,16,8,6,8192,16384,49152,1082,2596864,2456.3275764240534,14280.6416015625
36,0.6953125,0.70361328125,kl,0.6953125,12.5234375,11.8046875,,,333824,"{""wikitext2"":333824}",16,8,2,1,"[8,2,1]","[512,2048,8192]",5503193088,3.0,9872.5078125,82816598016,,,8,8,"{""type"":""mixed_depth_quantization"",""sequential_mode"":""none"",""joint_mutation_mode"":""standard"",""parent_before_generation_hash"":""e19759ec81ab231a7dc09b444d44c79482ab38df7d9e070deefd14b48c43547a"",""parent_after_generation_hash"":""3e0b8b87e76d91e482785e24ba47cb739a3651c7a342ff24951e9d65e23c4142"",""generated_offspring_by_type"":{""depth"":3,""quantization"":13,""joint_aware"":0,""interaction_aware"":0,""sequential_quantization"":0,""fixed_quant_depth"":0,""component crossover"":0,""component crossover + repair"":0,""layer bundle crossover"":0,""layer bundle crossover + repair"":0},""depth_mask_entries_changed_by_type"":{""depth"":6,""quantization"":0,""joint_aware"":0,""interaction_aware"":0,""sequential_quantization"":0,""fixed_quant_depth"":0,""component crossover"":0,""component crossover + repair"":0,""layer bundle crossover"":0,""layer bundle crossover + repair"":0},""quant_assignments_changed_by_type"":{""depth"":0,""quantization"":26,""joint_aware"":0,""interaction_aware"":0,""sequential_quantization"":0,""fixed_quant_depth"":0,""component crossover"":0,""component crossover + repair"":0,""layer bundle crossover"":0,""layer bundle crossover + repair"":0},""depth_mask_entries_changed_total"":6,""quant_assignments_changed_total"":26,""interaction_aware_details"":{""budget_repair_quant_changes"":0,""preferred_quant_exchanges_used"":0,""fallback_quant_exchanges_used"":0},""crossover_diagnostics"":{""crossover_type"":""component"",""crossover_parent_selection"":""uniform"",""crossover_offspring"":0,""crossover_offspring_accepted"":0,""mutation_offspring_accepted"":16,""mutation_offspring"":16,""crossover_offspring_attempted"":0,""crossover_duplicates"":0,""crossover_infeasible_candidates"":0,""crossover_repair_changed_gene_count"":0,""crossover_repaired_proposals"":0,""parent_distance_mean"":null,""parent_distance_min"":null,""parent_distance_max"":null,""child_distance_from_parent_a_mean"":null,""child_distance_from_parent_b_mean"":null,""layers_from_parent_a_mean"":null,""layers_from_parent_b_mean"":null,""crossover_no_legal_exchange"":0,""local_exchange_attention"":0,""local_exchange_mlp"":0,""local_exchange_quantization"":0,""local_exchange_block"":0,""child_distance_from_base_mean"":null,""child_distance_from_base_min"":null,""child_distance_from_base_max"":null,""child_distance_from_base_count"":0,""child_distance_from_donor_mean"":null,""child_distance_from_donor_min"":null,""child_distance_from_donor_max"":null,""child_distance_from_donor_count"":0,""donor_distance_reduction_mean"":null,""donor_distance_reduction_min"":null,""donor_distance_reduction_max"":null,""donor_distance_reduction_count"":0,""local_exchange_changed_gene_count_mean"":null,""local_exchange_changed_gene_count_min"":null,""local_exchange_changed_gene_count_max"":null,""local_exchange_changed_gene_count_count"":0,""child_distance_statistics_scope"":""accepted_unique_crossover_offspring"",""persistent_population_size"":4,""unique_population_size"":4,""best_population_fitness"":0.6953125,""configured_survivors_per_selection"":[8,2,1],""effective_survivors_per_selection"":[8,2,4],""effective_final_survivor_count"":4},""offspring_generation"":{""attempts"":16,""no_op_mutations"":0,""duplicate_candidates"":0,""infeasible_candidates"":0,""fixed_quant_legal_swap_counts"":[]},""maximum_depth_mutations_per_offspring"":3,""quantization_step_size"":1,""quantization_mutations_per_offspring"":1,""joint_aware_probability"":0.0,""adaptive_mutation"":false,""adaptive_mutation_strength"":1,""adaptive_mutation_patience"":3,""adaptive_mutation_max_strength"":3,""coarse_to_fine_mutation"":false,""coarse_to_fine_start_strength"":3,""coarse_to_fine_end_strength"":1,""stagnation_generations_after_selection"":0}",depth,True,16,16,8,6,8192,16384,49152,1112,2670592,2569.0501933900523,14280.6416015625
37,0.69482421875,0.6953125,kl,0.69482421875,,,,,0,{},16,8,2,1,"[8,2,1]","[512,2048,8192]",5503193088,3.0,9872.5078125,82816598016,,,8,8,"{""type"":""mixed_depth_quantization"",""sequential_mode"":""none"",""joint_mutation_mode"":""standard"",""parent_before_generation_hash"":""3e0b8b87e76d91e482785e24ba47cb739a3651c7a342ff24951e9d65e23c4142"",""parent_after_generation_hash"":""3e0b8b87e76d91e482785e24ba47cb739a3651c7a342ff24951e9d65e23c4142"",""generated_offspring_by_type"":{""depth"":8,""quantization"":8,""joint_aware"":0,""interaction_aware"":0,""sequential_quantization"":0,""fixed_quant_depth"":0,""component crossover"":0,""component crossover + repair"":0,""layer bundle crossover"":0,""layer bundle crossover + repair"":0},""depth_mask_entries_changed_by_type"":{""depth"":28,""quantization"":0,""joint_aware"":0,""interaction_aware"":0,""sequential_quantization"":0,""fixed_quant_depth"":0,""component crossover"":0,""component crossover + repair"":0,""layer bundle crossover"":0,""layer bundle crossover + repair"":0},""quant_assignments_changed_by_type"":{""depth"":1,""quantization"":16,""joint_aware"":0,""interaction_aware"":0,""sequential_quantization"":0,""fixed_quant_depth"":0,""component crossover"":0,""component crossover + repair"":0,""layer bundle crossover"":0,""layer bundle crossover + repair"":0},""depth_mask_entries_changed_total"":28,""quant_assignments_changed_total"":17,""interaction_aware_details"":{""budget_repair_quant_changes"":0,""preferred_quant_exchanges_used"":0,""fallback_quant_exchanges_used"":0},""crossover_diagnostics"":{""crossover_type"":""component"",""crossover_parent_selection"":""uniform"",""crossover_offspring"":0,""crossover_offspring_accepted"":0,""mutation_offspring_accepted"":16,""mutation_offspring"":16,""crossover_offspring_attempted"":0,""crossover_duplicates"":0,""crossover_infeasible_candidates"":0,""crossover_repair_changed_gene_count"":0,""crossover_repaired_proposals"":0,""parent_distance_mean"":null,""parent_distance_min"":null,""parent_distance_max"":null,""child_distance_from_parent_a_mean"":null,""child_distance_from_parent_b_mean"":null,""layers_from_parent_a_mean"":null,""layers_from_parent_b_mean"":null,""crossover_no_legal_exchange"":0,""local_exchange_attention"":0,""local_exchange_mlp"":0,""local_exchange_quantization"":0,""local_exchange_block"":0,""child_distance_from_base_mean"":null,""child_distance_from_base_min"":null,""child_distance_from_base_max"":null,""child_distance_from_base_count"":0,""child_distance_from_donor_mean"":null,""child_distance_from_donor_min"":null,""child_distance_from_donor_max"":null,""child_distance_from_donor_count"":0,""donor_distance_reduction_mean"":null,""donor_distance_reduction_min"":null,""donor_distance_reduction_max"":null,""donor_distance_reduction_count"":0,""local_exchange_changed_gene_count_mean"":null,""local_exchange_changed_gene_count_min"":null,""local_exchange_changed_gene_count_max"":null,""local_exchange_changed_gene_count_count"":0,""child_distance_statistics_scope"":""accepted_unique_crossover_offspring"",""persistent_population_size"":4,""unique_population_size"":4,""best_population_fitness"":0.69482421875,""configured_survivors_per_selection"":[8,2,1],""effective_survivors_per_selection"":[8,2,4],""effective_final_survivor_count"":4},""offspring_generation"":{""attempts"":16,""no_op_mutations"":0,""duplicate_candidates"":0,""infeasible_candidates"":0,""fixed_quant_legal_swap_counts"":[]},""maximum_depth_mutations_per_offspring"":3,""quantization_step_size"":1,""quantization_mutations_per_offspring"":1,""joint_aware_probability"":0.0,""adaptive_mutation"":false,""adaptive_mutation_strength"":1,""adaptive_mutation_patience"":3,""adaptive_mutation_max_strength"":3,""coarse_to_fine_mutation"":false,""coarse_to_fine_start_strength"":3,""coarse_to_fine_end_strength"":1,""stagnation_generations_after_selection"":1}",parent,False,16,16,8,6,8192,16384,49152,1142,2744320,2624.2482459020102,14280.6416015625
38,0.6884765625,0.69482421875,kl,0.6884765625,,,,,0,{},16,8,2,1,"[8,2,1]","[512,2048,8192]",5503193088,3.0,9872.5078125,82816598016,,,8,8,"{""type"":""mixed_depth_quantization"",""sequential_mode"":""none"",""joint_mutation_mode"":""standard"",""parent_before_generation_hash"":""3e0b8b87e76d91e482785e24ba47cb739a3651c7a342ff24951e9d65e23c4142"",""parent_after_generation_hash"":""15348eb46347e2a3c32b29469ef7901be6882c3076ea45ad40a7417e611123b6"",""generated_offspring_by_type"":{""depth"":9,""quantization"":7,""joint_aware"":0,""interaction_aware"":0,""sequential_quantization"":0,""fixed_quant_depth"":0,""component crossover"":0,""component crossover + repair"":0,""layer bundle crossover"":0,""layer bundle crossover + repair"":0},""depth_mask_entries_changed_by_type"":{""depth"":30,""quantization"":0,""joint_aware"":0,""interaction_aware"":0,""sequential_quantization"":0,""fixed_quant_depth"":0,""component crossover"":0,""component crossover + repair"":0,""layer bundle crossover"":0,""layer bundle crossover + repair"":0},""quant_assignments_changed_by_type"":{""depth"":3,""quantization"":14,""joint_aware"":0,""interaction_aware"":0,""sequential_quantization"":0,""fixed_quant_depth"":0,""component crossover"":0,""component crossover + repair"":0,""layer bundle crossover"":0,""layer bundle crossover + repair"":0},""depth_mask_entries_changed_total"":30,""quant_assignments_changed_total"":17,""interaction_aware_details"":{""budget_repair_quant_changes"":0,""preferred_quant_exchanges_used"":0,""fallback_quant_exchanges_used"":0},""crossover_diagnostics"":{""crossover_type"":""component"",""crossover_parent_selection"":""uniform"",""crossover_offspring"":0,""crossover_offspring_accepted"":0,""mutation_offspring_accepted"":16,""mutation_offspring"":16,""crossover_offspring_attempted"":0,""crossover_duplicates"":0,""crossover_infeasible_candidates"":0,""crossover_repair_changed_gene_count"":0,""crossover_repaired_proposals"":0,""parent_distance_mean"":null,""parent_distance_min"":null,""parent_distance_max"":null,""child_distance_from_parent_a_mean"":null,""child_distance_from_parent_b_mean"":null,""layers_from_parent_a_mean"":null,""layers_from_parent_b_mean"":null,""crossover_no_legal_exchange"":0,""local_exchange_attention"":0,""local_exchange_mlp"":0,""local_exchange_quantization"":0,""local_exchange_block"":0,""child_distance_from_base_mean"":null,""child_distance_from_base_min"":null,""child_distance_from_base_max"":null,""child_distance_from_base_count"":0,""child_distance_from_donor_mean"":null,""child_distance_from_donor_min"":null,""child_distance_from_donor_max"":null,""child_distance_from_donor_count"":0,""donor_distance_reduction_mean"":null,""donor_distance_reduction_min"":null,""donor_distance_reduction_max"":null,""donor_distance_reduction_count"":0,""local_exchange_changed_gene_count_mean"":null,""local_exchange_changed_gene_count_min"":null,""local_exchange_changed_gene_count_max"":null,""local_exchange_changed_gene_count_count"":0,""child_distance_statistics_scope"":""accepted_unique_crossover_offspring"",""persistent_population_size"":4,""unique_population_size"":4,""best_population_fitness"":0.6884765625,""configured_survivors_per_selection"":[8,2,1],""effective_survivors_per_selection"":[8,2,4],""effective_final_survivor_count"":4},""offspring_generation"":{""attempts"":16,""no_op_mutations"":0,""duplicate_candidates"":0,""infeasible_candidates"":0,""fixed_quant_legal_swap_counts"":[]},""maximum_depth_mutations_per_offspring"":3,""quantization_step_size"":1,""quantization_mutations_per_offspring"":1,""joint_aware_probability"":0.0,""adaptive_mutation"":false,""adaptive_mutation_strength"":1,""adaptive_mutation_patience"":3,""adaptive_mutation_max_strength"":3,""coarse_to_fine_mutation"":false,""coarse_to_fine_start_strength"":3,""coarse_to_fine_end_strength"":1,""stagnation_generations_after_selection"":0}",depth,True,16,16,8,6,8192,16384,49152,1172,2818048,2679.3364188660053,14280.6416015625
39,0.67138671875,0.6884765625,kl,0.67138671875,,,,,0,{},16,8,2,1,"[8,2,1]","[512,2048,8192]",5503193088,3.0,9872.5078125,82816598016,,,8,8,"{""type"":""mixed_depth_quantization"",""sequential_mode"":""none"",""joint_mutation_mode"":""standard"",""parent_before_generation_hash"":""15348eb46347e2a3c32b29469ef7901be6882c3076ea45ad40a7417e611123b6"",""parent_after_generation_hash"":""b782ddeaffca6c9808b6b13443f63fa0343deb742764b4057adfe604f50db60b"",""generated_offspring_by_type"":{""depth"":6,""quantization"":10,""joint_aware"":0,""interaction_aware"":0,""sequential_quantization"":0,""fixed_quant_depth"":0,""component crossover"":0,""component crossover + repair"":0,""layer bundle crossover"":0,""layer bundle crossover + repair"":0},""depth_mask_entries_changed_by_type"":{""depth"":18,""quantization"":0,""joint_aware"":0,""interaction_aware"":0,""sequential_quantization"":0,""fixed_quant_depth"":0,""component crossover"":0,""component crossover + repair"":0,""layer bundle crossover"":0,""layer bundle crossover + repair"":0},""quant_assignments_changed_by_type"":{""depth"":2,""quantization"":20,""joint_aware"":0,""interaction_aware"":0,""sequential_quantization"":0,""fixed_quant_depth"":0,""component crossover"":0,""component crossover + repair"":0,""layer bundle crossover"":0,""layer bundle crossover + repair"":0},""depth_mask_entries_changed_total"":18,""quant_assignments_changed_total"":22,""interaction_aware_details"":{""budget_repair_quant_changes"":0,""preferred_quant_exchanges_used"":0,""fallback_quant_exchanges_used"":0},""crossover_diagnostics"":{""crossover_type"":""component"",""crossover_parent_selection"":""uniform"",""crossover_offspring"":0,""crossover_offspring_accepted"":0,""mutation_offspring_accepted"":16,""mutation_offspring"":16,""crossover_offspring_attempted"":0,""crossover_duplicates"":0,""crossover_infeasible_candidates"":0,""crossover_repair_changed_gene_count"":0,""crossover_repaired_proposals"":0,""parent_distance_mean"":null,""parent_distance_min"":null,""parent_distance_max"":null,""child_distance_from_parent_a_mean"":null,""child_distance_from_parent_b_mean"":null,""layers_from_parent_a_mean"":null,""layers_from_parent_b_mean"":null,""crossover_no_legal_exchange"":0,""local_exchange_attention"":0,""local_exchange_mlp"":0,""local_exchange_quantization"":0,""local_exchange_block"":0,""child_distance_from_base_mean"":null,""child_distance_from_base_min"":null,""child_distance_from_base_max"":null,""child_distance_from_base_count"":0,""child_distance_from_donor_mean"":null,""child_distance_from_donor_min"":null,""child_distance_from_donor_max"":null,""child_distance_from_donor_count"":0,""donor_distance_reduction_mean"":null,""donor_distance_reduction_min"":null,""donor_distance_reduction_max"":null,""donor_distance_reduction_count"":0,""local_exchange_changed_gene_count_mean"":null,""local_exchange_changed_gene_count_min"":null,""local_exchange_changed_gene_count_max"":null,""local_exchange_changed_gene_count_count"":0,""child_distance_statistics_scope"":""accepted_unique_crossover_offspring"",""persistent_population_size"":4,""unique_population_size"":4,""best_population_fitness"":0.67138671875,""configured_survivors_per_selection"":[8,2,1],""effective_survivors_per_selection"":[8,2,4],""effective_final_survivor_count"":4},""offspring_generation"":{""attempts"":16,""no_op_mutations"":0,""duplicate_candidates"":0,""infeasible_candidates"":0,""fixed_quant_legal_swap_counts"":[]},""maximum_depth_mutations_per_offspring"":3,""quantization_step_size"":1,""quantization_mutations_per_offspring"":1,""joint_aware_probability"":0.0,""adaptive_mutation"":false,""adaptive_mutation_strength"":1,""adaptive_mutation_patience"":3,""adaptive_mutation_max_strength"":3,""coarse_to_fine_mutation"":false,""coarse_to_fine_start_strength"":3,""coarse_to_fine_end_strength"":1,""stagnation_generations_after_selection"":0}",depth,True,16,16,8,6,8192,16384,49152,1202,2891776,2736.392025884008,14280.6416015625
40,0.67138671875,0.67138671875,kl,0.67138671875,,,,,0,{},16,8,2,1,"[8,2,1]","[512,2048,8192]",5503193088,3.0,9872.5078125,82816598016,,,8,8,"{""type"":""mixed_depth_quantization"",""sequential_mode"":""none"",""joint_mutation_mode"":""standard"",""parent_before_generation_hash"":""b782ddeaffca6c9808b6b13443f63fa0343deb742764b4057adfe604f50db60b"",""parent_after_generation_hash"":""b782ddeaffca6c9808b6b13443f63fa0343deb742764b4057adfe604f50db60b"",""generated_offspring_by_type"":{""depth"":7,""quantization"":9,""joint_aware"":0,""interaction_aware"":0,""sequential_quantization"":0,""fixed_quant_depth"":0,""component crossover"":0,""component crossover + repair"":0,""layer bundle crossover"":0,""layer bundle crossover + repair"":0},""depth_mask_entries_changed_by_type"":{""depth"":22,""quantization"":0,""joint_aware"":0,""interaction_aware"":0,""sequential_quantization"":0,""fixed_quant_depth"":0,""component crossover"":0,""component crossover + repair"":0,""layer bundle crossover"":0,""layer bundle crossover + repair"":0},""quant_assignments_changed_by_type"":{""depth"":5,""quantization"":18,""joint_aware"":0,""interaction_aware"":0,""sequential_quantization"":0,""fixed_quant_depth"":0,""component crossover"":0,""component crossover + repair"":0,""layer bundle crossover"":0,""layer bundle crossover + repair"":0},""depth_mask_entries_changed_total"":22,""quant_assignments_changed_total"":23,""interaction_aware_details"":{""budget_repair_quant_changes"":0,""preferred_quant_exchanges_used"":0,""fallback_quant_exchanges_used"":0},""crossover_diagnostics"":{""crossover_type"":""component"",""crossover_parent_selection"":""uniform"",""crossover_offspring"":0,""crossover_offspring_accepted"":0,""mutation_offspring_accepted"":16,""mutation_offspring"":16,""crossover_offspring_attempted"":0,""crossover_duplicates"":0,""crossover_infeasible_candidates"":0,""crossover_repair_changed_gene_count"":0,""crossover_repaired_proposals"":0,""parent_distance_mean"":null,""parent_distance_min"":null,""parent_distance_max"":null,""child_distance_from_parent_a_mean"":null,""child_distance_from_parent_b_mean"":null,""layers_from_parent_a_mean"":null,""layers_from_parent_b_mean"":null,""crossover_no_legal_exchange"":0,""local_exchange_attention"":0,""local_exchange_mlp"":0,""local_exchange_quantization"":0,""local_exchange_block"":0,""child_distance_from_base_mean"":null,""child_distance_from_base_min"":null,""child_distance_from_base_max"":null,""child_distance_from_base_count"":0,""child_distance_from_donor_mean"":null,""child_distance_from_donor_min"":null,""child_distance_from_donor_max"":null,""child_distance_from_donor_count"":0,""donor_distance_reduction_mean"":null,""donor_distance_reduction_min"":null,""donor_distance_reduction_max"":null,""donor_distance_reduction_count"":0,""local_exchange_changed_gene_count_mean"":null,""local_exchange_changed_gene_count_min"":null,""local_exchange_changed_gene_count_max"":null,""local_exchange_changed_gene_count_count"":0,""child_distance_statistics_scope"":""accepted_unique_crossover_offspring"",""persistent_population_size"":4,""unique_population_size"":4,""best_population_fitness"":0.67138671875,""configured_survivors_per_selection"":[8,2,1],""effective_survivors_per_selection"":[8,2,4],""effective_final_survivor_count"":4},""offspring_generation"":{""attempts"":16,""no_op_mutations"":0,""duplicate_candidates"":0,""infeasible_candidates"":0,""fixed_quant_legal_swap_counts"":[]},""maximum_depth_mutations_per_offspring"":3,""quantization_step_size"":1,""quantization_mutations_per_offspring"":1,""joint_aware_probability"":0.0,""adaptive_mutation"":false,""adaptive_mutation_strength"":1,""adaptive_mutation_patience"":3,""adaptive_mutation_max_strength"":3,""coarse_to_fine_mutation"":false,""coarse_to_fine_start_strength"":3,""coarse_to_fine_end_strength"":1,""stagnation_generations_after_selection"":1}",parent,False,16,16,8,6,8192,16384,49152,1232,2965504,2794.770423798007,14280.6416015625
41,0.67138671875,0.67138671875,kl,0.67138671875,12.203125,11.46875,,,333824,"{""wikitext2"":333824}",16,8,2,1,"[8,2,1]","[512,2048,8192]",5503193088,3.0,9872.5078125,82816598016,,,8,8,"{""type"":""mixed_depth_quantization"",""sequential_mode"":""none"",""joint_mutation_mode"":""standard"",""parent_before_generation_hash"":""b782ddeaffca6c9808b6b13443f63fa0343deb742764b4057adfe604f50db60b"",""parent_after_generation_hash"":""a9aacdce9a4d7158a263f8da5c7fbaf5b76e2ba253934e46c9aa4db21309e100"",""generated_offspring_by_type"":{""depth"":5,""quantization"":11,""joint_aware"":0,""interaction_aware"":0,""sequential_quantization"":0,""fixed_quant_depth"":0,""component crossover"":0,""component crossover + repair"":0,""layer bundle crossover"":0,""layer bundle crossover + repair"":0},""depth_mask_entries_changed_by_type"":{""depth"":12,""quantization"":0,""joint_aware"":0,""interaction_aware"":0,""sequential_quantization"":0,""fixed_quant_depth"":0,""component crossover"":0,""component crossover + repair"":0,""layer bundle crossover"":0,""layer bundle crossover + repair"":0},""quant_assignments_changed_by_type"":{""depth"":2,""quantization"":22,""joint_aware"":0,""interaction_aware"":0,""sequential_quantization"":0,""fixed_quant_depth"":0,""component crossover"":0,""component crossover + repair"":0,""layer bundle crossover"":0,""layer bundle crossover + repair"":0},""depth_mask_entries_changed_total"":12,""quant_assignments_changed_total"":24,""interaction_aware_details"":{""budget_repair_quant_changes"":0,""preferred_quant_exchanges_used"":0,""fallback_quant_exchanges_used"":0},""crossover_diagnostics"":{""crossover_type"":""component"",""crossover_parent_selection"":""uniform"",""crossover_offspring"":0,""crossover_offspring_accepted"":0,""mutation_offspring_accepted"":16,""mutation_offspring"":16,""crossover_offspring_attempted"":0,""crossover_duplicates"":0,""crossover_infeasible_candidates"":0,""crossover_repair_changed_gene_count"":0,""crossover_repaired_proposals"":0,""parent_distance_mean"":null,""parent_distance_min"":null,""parent_distance_max"":null,""child_distance_from_parent_a_mean"":null,""child_distance_from_parent_b_mean"":null,""layers_from_parent_a_mean"":null,""layers_from_parent_b_mean"":null,""crossover_no_legal_exchange"":0,""local_exchange_attention"":0,""local_exchange_mlp"":0,""local_exchange_quantization"":0,""local_exchange_block"":0,""child_distance_from_base_mean"":null,""child_distance_from_base_min"":null,""child_distance_from_base_max"":null,""child_distance_from_base_count"":0,""child_distance_from_donor_mean"":null,""child_distance_from_donor_min"":null,""child_distance_from_donor_max"":null,""child_distance_from_donor_count"":0,""donor_distance_reduction_mean"":null,""donor_distance_reduction_min"":null,""donor_distance_reduction_max"":null,""donor_distance_reduction_count"":0,""local_exchange_changed_gene_count_mean"":null,""local_exchange_changed_gene_count_min"":null,""local_exchange_changed_gene_count_max"":null,""local_exchange_changed_gene_count_count"":0,""child_distance_statistics_scope"":""accepted_unique_crossover_offspring"",""persistent_population_size"":4,""unique_population_size"":4,""best_population_fitness"":0.67138671875,""configured_survivors_per_selection"":[8,2,1],""effective_survivors_per_selection"":[8,2,4],""effective_final_survivor_count"":4},""offspring_generation"":{""attempts"":16,""no_op_mutations"":0,""duplicate_candidates"":0,""infeasible_candidates"":0,""fixed_quant_legal_swap_counts"":[]},""maximum_depth_mutations_per_offspring"":3,""quantization_step_size"":1,""quantization_mutations_per_offspring"":1,""joint_aware_probability"":0.0,""adaptive_mutation"":false,""adaptive_mutation_strength"":1,""adaptive_mutation_patience"":3,""adaptive_mutation_max_strength"":3,""coarse_to_fine_mutation"":false,""coarse_to_fine_start_strength"":3,""coarse_to_fine_end_strength"":1,""stagnation_generations_after_selection"":0}",quantization,True,16,16,8,6,8192,16384,49152,1262,3039232,2907.7782775050146,14280.6416015625
42,0.67138671875,0.67138671875,kl,0.67138671875,,,,,0,{},16,8,2,1,"[8,2,1]","[512,2048,8192]",5503193088,3.0,9872.5078125,82816598016,,,8,8,"{""type"":""mixed_depth_quantization"",""sequential_mode"":""none"",""joint_mutation_mode"":""standard"",""parent_before_generation_hash"":""a9aacdce9a4d7158a263f8da5c7fbaf5b76e2ba253934e46c9aa4db21309e100"",""parent_after_generation_hash"":""b782ddeaffca6c9808b6b13443f63fa0343deb742764b4057adfe604f50db60b"",""generated_offspring_by_type"":{""depth"":7,""quantization"":9,""joint_aware"":0,""interaction_aware"":0,""sequential_quantization"":0,""fixed_quant_depth"":0,""component crossover"":0,""component crossover + repair"":0,""layer bundle crossover"":0,""layer bundle crossover + repair"":0},""depth_mask_entries_changed_by_type"":{""depth"":18,""quantization"":0,""joint_aware"":0,""interaction_aware"":0,""sequential_quantization"":0,""fixed_quant_depth"":0,""component crossover"":0,""component crossover + repair"":0,""layer bundle crossover"":0,""layer bundle crossover + repair"":0},""quant_assignments_changed_by_type"":{""depth"":0,""quantization"":18,""joint_aware"":0,""interaction_aware"":0,""sequential_quantization"":0,""fixed_quant_depth"":0,""component crossover"":0,""component crossover + repair"":0,""layer bundle crossover"":0,""layer bundle crossover + repair"":0},""depth_mask_entries_changed_total"":18,""quant_assignments_changed_total"":18,""interaction_aware_details"":{""budget_repair_quant_changes"":0,""preferred_quant_exchanges_used"":0,""fallback_quant_exchanges_used"":0},""crossover_diagnostics"":{""crossover_type"":""component"",""crossover_parent_selection"":""uniform"",""crossover_offspring"":0,""crossover_offspring_accepted"":0,""mutation_offspring_accepted"":16,""mutation_offspring"":16,""crossover_offspring_attempted"":0,""crossover_duplicates"":0,""crossover_infeasible_candidates"":0,""crossover_repair_changed_gene_count"":0,""crossover_repaired_proposals"":0,""parent_distance_mean"":null,""parent_distance_min"":null,""parent_distance_max"":null,""child_distance_from_parent_a_mean"":null,""child_distance_from_parent_b_mean"":null,""layers_from_parent_a_mean"":null,""layers_from_parent_b_mean"":null,""crossover_no_legal_exchange"":0,""local_exchange_attention"":0,""local_exchange_mlp"":0,""local_exchange_quantization"":0,""local_exchange_block"":0,""child_distance_from_base_mean"":null,""child_distance_from_base_min"":null,""child_distance_from_base_max"":null,""child_distance_from_base_count"":0,""child_distance_from_donor_mean"":null,""child_distance_from_donor_min"":null,""child_distance_from_donor_max"":null,""child_distance_from_donor_count"":0,""donor_distance_reduction_mean"":null,""donor_distance_reduction_min"":null,""donor_distance_reduction_max"":null,""donor_distance_reduction_count"":0,""local_exchange_changed_gene_count_mean"":null,""local_exchange_changed_gene_count_min"":null,""local_exchange_changed_gene_count_max"":null,""local_exchange_changed_gene_count_count"":0,""child_distance_statistics_scope"":""accepted_unique_crossover_offspring"",""persistent_population_size"":4,""unique_population_size"":4,""best_population_fitness"":0.67138671875,""configured_survivors_per_selection"":[8,2,1],""effective_survivors_per_selection"":[8,2,4],""effective_final_survivor_count"":4},""offspring_generation"":{""attempts"":16,""no_op_mutations"":0,""duplicate_candidates"":0,""infeasible_candidates"":0,""fixed_quant_legal_swap_counts"":[]},""maximum_depth_mutations_per_offspring"":3,""quantization_step_size"":1,""quantization_mutations_per_offspring"":1,""joint_aware_probability"":0.0,""adaptive_mutation"":false,""adaptive_mutation_strength"":1,""adaptive_mutation_patience"":3,""adaptive_mutation_max_strength"":3,""coarse_to_fine_mutation"":false,""coarse_to_fine_start_strength"":3,""coarse_to_fine_end_strength"":1,""stagnation_generations_after_selection"":0}",parent,True,16,16,8,6,8192,16384,49152,1292,3112960,2966.8794390830444,14280.6416015625
43,0.67138671875,0.67138671875,kl,0.67138671875,,,,,0,{},16,8,2,1,"[8,2,1]","[512,2048,8192]",5503193088,3.0,9872.5078125,82816598016,,,8,8,"{""type"":""mixed_depth_quantization"",""sequential_mode"":""none"",""joint_mutation_mode"":""standard"",""parent_before_generation_hash"":""b782ddeaffca6c9808b6b13443f63fa0343deb742764b4057adfe604f50db60b"",""parent_after_generation_hash"":""a9aacdce9a4d7158a263f8da5c7fbaf5b76e2ba253934e46c9aa4db21309e100"",""generated_offspring_by_type"":{""depth"":8,""quantization"":8,""joint_aware"":0,""interaction_aware"":0,""sequential_quantization"":0,""fixed_quant_depth"":0,""component crossover"":0,""component crossover + repair"":0,""layer bundle crossover"":0,""layer bundle crossover + repair"":0},""depth_mask_entries_changed_by_type"":{""depth"":26,""quantization"":0,""joint_aware"":0,""interaction_aware"":0,""sequential_quantization"":0,""fixed_quant_depth"":0,""component crossover"":0,""component crossover + repair"":0,""layer bundle crossover"":0,""layer bundle crossover + repair"":0},""quant_assignments_changed_by_type"":{""depth"":2,""quantization"":16,""joint_aware"":0,""interaction_aware"":0,""sequential_quantization"":0,""fixed_quant_depth"":0,""component crossover"":0,""component crossover + repair"":0,""layer bundle crossover"":0,""layer bundle crossover + repair"":0},""depth_mask_entries_changed_total"":26,""quant_assignments_changed_total"":18,""interaction_aware_details"":{""budget_repair_quant_changes"":0,""preferred_quant_exchanges_used"":0,""fallback_quant_exchanges_used"":0},""crossover_diagnostics"":{""crossover_type"":""component"",""crossover_parent_selection"":""uniform"",""crossover_offspring"":0,""crossover_offspring_accepted"":0,""mutation_offspring_accepted"":16,""mutation_offspring"":16,""crossover_offspring_attempted"":0,""crossover_duplicates"":0,""crossover_infeasible_candidates"":0,""crossover_repair_changed_gene_count"":0,""crossover_repaired_proposals"":0,""parent_distance_mean"":null,""parent_distance_min"":null,""parent_distance_max"":null,""child_distance_from_parent_a_mean"":null,""child_distance_from_parent_b_mean"":null,""layers_from_parent_a_mean"":null,""layers_from_parent_b_mean"":null,""crossover_no_legal_exchange"":0,""local_exchange_attention"":0,""local_exchange_mlp"":0,""local_exchange_quantization"":0,""local_exchange_block"":0,""child_distance_from_base_mean"":null,""child_distance_from_base_min"":null,""child_distance_from_base_max"":null,""child_distance_from_base_count"":0,""child_distance_from_donor_mean"":null,""child_distance_from_donor_min"":null,""child_distance_from_donor_max"":null,""child_distance_from_donor_count"":0,""donor_distance_reduction_mean"":null,""donor_distance_reduction_min"":null,""donor_distance_reduction_max"":null,""donor_distance_reduction_count"":0,""local_exchange_changed_gene_count_mean"":null,""local_exchange_changed_gene_count_min"":null,""local_exchange_changed_gene_count_max"":null,""local_exchange_changed_gene_count_count"":0,""child_distance_statistics_scope"":""accepted_unique_crossover_offspring"",""persistent_population_size"":4,""unique_population_size"":4,""best_population_fitness"":0.67138671875,""configured_survivors_per_selection"":[8,2,1],""effective_survivors_per_selection"":[8,2,4],""effective_final_survivor_count"":4},""offspring_generation"":{""attempts"":16,""no_op_mutations"":0,""duplicate_candidates"":0,""infeasible_candidates"":0,""fixed_quant_legal_swap_counts"":[]},""maximum_depth_mutations_per_offspring"":3,""quantization_step_size"":1,""quantization_mutations_per_offspring"":1,""joint_aware_probability"":0.0,""adaptive_mutation"":false,""adaptive_mutation_strength"":1,""adaptive_mutation_patience"":3,""adaptive_mutation_max_strength"":3,""coarse_to_fine_mutation"":false,""coarse_to_fine_start_strength"":3,""coarse_to_fine_end_strength"":1,""stagnation_generations_after_selection"":0}",parent,True,16,16,8,6,8192,16384,49152,1322,3186688,3021.4922809350537,14280.6416015625
44,0.669921875,0.67138671875,kl,0.669921875,,,,,0,{},16,8,2,1,"[8,2,1]","[512,2048,8192]",5503193088,3.0,9872.5078125,82816598016,,,8,8,"{""type"":""mixed_depth_quantization"",""sequential_mode"":""none"",""joint_mutation_mode"":""standard"",""parent_before_generation_hash"":""a9aacdce9a4d7158a263f8da5c7fbaf5b76e2ba253934e46c9aa4db21309e100"",""parent_after_generation_hash"":""102a04f4fbef87a5016be702e27d4c1b19ffc4597a06cc14e51e22d9a68925fb"",""generated_offspring_by_type"":{""depth"":8,""quantization"":8,""joint_aware"":0,""interaction_aware"":0,""sequential_quantization"":0,""fixed_quant_depth"":0,""component crossover"":0,""component crossover + repair"":0,""layer bundle crossover"":0,""layer bundle crossover + repair"":0},""depth_mask_entries_changed_by_type"":{""depth"":24,""quantization"":0,""joint_aware"":0,""interaction_aware"":0,""sequential_quantization"":0,""fixed_quant_depth"":0,""component crossover"":0,""component crossover + repair"":0,""layer bundle crossover"":0,""layer bundle crossover + repair"":0},""quant_assignments_changed_by_type"":{""depth"":3,""quantization"":16,""joint_aware"":0,""interaction_aware"":0,""sequential_quantization"":0,""fixed_quant_depth"":0,""component crossover"":0,""component crossover + repair"":0,""layer bundle crossover"":0,""layer bundle crossover + repair"":0},""depth_mask_entries_changed_total"":24,""quant_assignments_changed_total"":19,""interaction_aware_details"":{""budget_repair_quant_changes"":0,""preferred_quant_exchanges_used"":0,""fallback_quant_exchanges_used"":0},""crossover_diagnostics"":{""crossover_type"":""component"",""crossover_parent_selection"":""uniform"",""crossover_offspring"":0,""crossover_offspring_accepted"":0,""mutation_offspring_accepted"":16,""mutation_offspring"":16,""crossover_offspring_attempted"":0,""crossover_duplicates"":0,""crossover_infeasible_candidates"":0,""crossover_repair_changed_gene_count"":0,""crossover_repaired_proposals"":0,""parent_distance_mean"":null,""parent_distance_min"":null,""parent_distance_max"":null,""child_distance_from_parent_a_mean"":null,""child_distance_from_parent_b_mean"":null,""layers_from_parent_a_mean"":null,""layers_from_parent_b_mean"":null,""crossover_no_legal_exchange"":0,""local_exchange_attention"":0,""local_exchange_mlp"":0,""local_exchange_quantization"":0,""local_exchange_block"":0,""child_distance_from_base_mean"":null,""child_distance_from_base_min"":null,""child_distance_from_base_max"":null,""child_distance_from_base_count"":0,""child_distance_from_donor_mean"":null,""child_distance_from_donor_min"":null,""child_distance_from_donor_max"":null,""child_distance_from_donor_count"":0,""donor_distance_reduction_mean"":null,""donor_distance_reduction_min"":null,""donor_distance_reduction_max"":null,""donor_distance_reduction_count"":0,""local_exchange_changed_gene_count_mean"":null,""local_exchange_changed_gene_count_min"":null,""local_exchange_changed_gene_count_max"":null,""local_exchange_changed_gene_count_count"":0,""child_distance_statistics_scope"":""accepted_unique_crossover_offspring"",""persistent_population_size"":4,""unique_population_size"":4,""best_population_fitness"":0.669921875,""configured_survivors_per_selection"":[8,2,1],""effective_survivors_per_selection"":[8,2,4],""effective_final_survivor_count"":4},""offspring_generation"":{""attempts"":16,""no_op_mutations"":0,""duplicate_candidates"":0,""infeasible_candidates"":0,""fixed_quant_legal_swap_counts"":[]},""maximum_depth_mutations_per_offspring"":3,""quantization_step_size"":1,""quantization_mutations_per_offspring"":1,""joint_aware_probability"":0.0,""adaptive_mutation"":false,""adaptive_mutation_strength"":1,""adaptive_mutation_patience"":3,""adaptive_mutation_max_strength"":3,""coarse_to_fine_mutation"":false,""coarse_to_fine_start_strength"":3,""coarse_to_fine_end_strength"":1,""stagnation_generations_after_selection"":0}",depth,True,16,16,8,6,8192,16384,49152,1352,3260416,3075.501432447054,14280.6416015625
45,0.669921875,0.669921875,kl,0.669921875,,,,,0,{},16,8,2,1,"[8,2,1]","[512,2048,8192]",5503193088,3.0,9872.5078125,82816598016,,,8,8,"{""type"":""mixed_depth_quantization"",""sequential_mode"":""none"",""joint_mutation_mode"":""standard"",""parent_before_generation_hash"":""102a04f4fbef87a5016be702e27d4c1b19ffc4597a06cc14e51e22d9a68925fb"",""parent_after_generation_hash"":""102a04f4fbef87a5016be702e27d4c1b19ffc4597a06cc14e51e22d9a68925fb"",""generated_offspring_by_type"":{""depth"":8,""quantization"":8,""joint_aware"":0,""interaction_aware"":0,""sequential_quantization"":0,""fixed_quant_depth"":0,""component crossover"":0,""component crossover + repair"":0,""layer bundle crossover"":0,""layer bundle crossover + repair"":0},""depth_mask_entries_changed_by_type"":{""depth"":26,""quantization"":0,""joint_aware"":0,""interaction_aware"":0,""sequential_quantization"":0,""fixed_quant_depth"":0,""component crossover"":0,""component crossover + repair"":0,""layer bundle crossover"":0,""layer bundle crossover + repair"":0},""quant_assignments_changed_by_type"":{""depth"":3,""quantization"":16,""joint_aware"":0,""interaction_aware"":0,""sequential_quantization"":0,""fixed_quant_depth"":0,""component crossover"":0,""component crossover + repair"":0,""layer bundle crossover"":0,""layer bundle crossover + repair"":0},""depth_mask_entries_changed_total"":26,""quant_assignments_changed_total"":19,""interaction_aware_details"":{""budget_repair_quant_changes"":0,""preferred_quant_exchanges_used"":0,""fallback_quant_exchanges_used"":0},""crossover_diagnostics"":{""crossover_type"":""component"",""crossover_parent_selection"":""uniform"",""crossover_offspring"":0,""crossover_offspring_accepted"":0,""mutation_offspring_accepted"":16,""mutation_offspring"":16,""crossover_offspring_attempted"":0,""crossover_duplicates"":0,""crossover_infeasible_candidates"":0,""crossover_repair_changed_gene_count"":0,""crossover_repaired_proposals"":0,""parent_distance_mean"":null,""parent_distance_min"":null,""parent_distance_max"":null,""child_distance_from_parent_a_mean"":null,""child_distance_from_parent_b_mean"":null,""layers_from_parent_a_mean"":null,""layers_from_parent_b_mean"":null,""crossover_no_legal_exchange"":0,""local_exchange_attention"":0,""local_exchange_mlp"":0,""local_exchange_quantization"":0,""local_exchange_block"":0,""child_distance_from_base_mean"":null,""child_distance_from_base_min"":null,""child_distance_from_base_max"":null,""child_distance_from_base_count"":0,""child_distance_from_donor_mean"":null,""child_distance_from_donor_min"":null,""child_distance_from_donor_max"":null,""child_distance_from_donor_count"":0,""donor_distance_reduction_mean"":null,""donor_distance_reduction_min"":null,""donor_distance_reduction_max"":null,""donor_distance_reduction_count"":0,""local_exchange_changed_gene_count_mean"":null,""local_exchange_changed_gene_count_min"":null,""local_exchange_changed_gene_count_max"":null,""local_exchange_changed_gene_count_count"":0,""child_distance_statistics_scope"":""accepted_unique_crossover_offspring"",""persistent_population_size"":4,""unique_population_size"":4,""best_population_fitness"":0.669921875,""configured_survivors_per_selection"":[8,2,1],""effective_survivors_per_selection"":[8,2,4],""effective_final_survivor_count"":4},""offspring_generation"":{""attempts"":16,""no_op_mutations"":0,""duplicate_candidates"":0,""infeasible_candidates"":0,""fixed_quant_legal_swap_counts"":[]},""maximum_depth_mutations_per_offspring"":3,""quantization_step_size"":1,""quantization_mutations_per_offspring"":1,""joint_aware_probability"":0.0,""adaptive_mutation"":false,""adaptive_mutation_strength"":1,""adaptive_mutation_patience"":3,""adaptive_mutation_max_strength"":3,""coarse_to_fine_mutation"":false,""coarse_to_fine_start_strength"":3,""coarse_to_fine_end_strength"":1,""stagnation_generations_after_selection"":1}",parent,False,16,16,8,6,8192,16384,49152,1382,3334144,3131.0189356080373,14280.6416015625
46,0.6689453125,0.669921875,kl,0.6689453125,12.2265625,11.5546875,,,333824,"{""wikitext2"":333824}",16,8,2,1,"[8,2,1]","[512,2048,8192]",5503193088,3.0,9872.5078125,82816598016,,,8,8,"{""type"":""mixed_depth_quantization"",""sequential_mode"":""none"",""joint_mutation_mode"":""standard"",""parent_before_generation_hash"":""102a04f4fbef87a5016be702e27d4c1b19ffc4597a06cc14e51e22d9a68925fb"",""parent_after_generation_hash"":""102a04f4fbef87a5016be702e27d4c1b19ffc4597a06cc14e51e22d9a68925fb"",""generated_offspring_by_type"":{""depth"":9,""quantization"":7,""joint_aware"":0,""interaction_aware"":0,""sequential_quantization"":0,""fixed_quant_depth"":0,""component crossover"":0,""component crossover + repair"":0,""layer bundle crossover"":0,""layer bundle crossover + repair"":0},""depth_mask_entries_changed_by_type"":{""depth"":30,""quantization"":0,""joint_aware"":0,""interaction_aware"":0,""sequential_quantization"":0,""fixed_quant_depth"":0,""component crossover"":0,""component crossover + repair"":0,""layer bundle crossover"":0,""layer bundle crossover + repair"":0},""quant_assignments_changed_by_type"":{""depth"":2,""quantization"":14,""joint_aware"":0,""interaction_aware"":0,""sequential_quantization"":0,""fixed_quant_depth"":0,""component crossover"":0,""component crossover + repair"":0,""layer bundle crossover"":0,""layer bundle crossover + repair"":0},""depth_mask_entries_changed_total"":30,""quant_assignments_changed_total"":16,""interaction_aware_details"":{""budget_repair_quant_changes"":0,""preferred_quant_exchanges_used"":0,""fallback_quant_exchanges_used"":0},""crossover_diagnostics"":{""crossover_type"":""component"",""crossover_parent_selection"":""uniform"",""crossover_offspring"":0,""crossover_offspring_accepted"":0,""mutation_offspring_accepted"":16,""mutation_offspring"":16,""crossover_offspring_attempted"":0,""crossover_duplicates"":0,""crossover_infeasible_candidates"":0,""crossover_repair_changed_gene_count"":0,""crossover_repaired_proposals"":0,""parent_distance_mean"":null,""parent_distance_min"":null,""parent_distance_max"":null,""child_distance_from_parent_a_mean"":null,""child_distance_from_parent_b_mean"":null,""layers_from_parent_a_mean"":null,""layers_from_parent_b_mean"":null,""crossover_no_legal_exchange"":0,""local_exchange_attention"":0,""local_exchange_mlp"":0,""local_exchange_quantization"":0,""local_exchange_block"":0,""child_distance_from_base_mean"":null,""child_distance_from_base_min"":null,""child_distance_from_base_max"":null,""child_distance_from_base_count"":0,""child_distance_from_donor_mean"":null,""child_distance_from_donor_min"":null,""child_distance_from_donor_max"":null,""child_distance_from_donor_count"":0,""donor_distance_reduction_mean"":null,""donor_distance_reduction_min"":null,""donor_distance_reduction_max"":null,""donor_distance_reduction_count"":0,""local_exchange_changed_gene_count_mean"":null,""local_exchange_changed_gene_count_min"":null,""local_exchange_changed_gene_count_max"":null,""local_exchange_changed_gene_count_count"":0,""child_distance_statistics_scope"":""accepted_unique_crossover_offspring"",""persistent_population_size"":4,""unique_population_size"":4,""best_population_fitness"":0.6689453125,""configured_survivors_per_selection"":[8,2,1],""effective_survivors_per_selection"":[8,2,4],""effective_final_survivor_count"":4},""offspring_generation"":{""attempts"":16,""no_op_mutations"":0,""duplicate_candidates"":0,""infeasible_candidates"":0,""fixed_quant_legal_swap_counts"":[]},""maximum_depth_mutations_per_offspring"":3,""quantization_step_size"":1,""quantization_mutations_per_offspring"":1,""joint_aware_probability"":0.0,""adaptive_mutation"":false,""adaptive_mutation_strength"":1,""adaptive_mutation_patience"":3,""adaptive_mutation_max_strength"":3,""coarse_to_fine_mutation"":false,""coarse_to_fine_start_strength"":3,""coarse_to_fine_end_strength"":1,""stagnation_generations_after_selection"":2}",parent,False,16,16,8,6,8192,16384,49152,1412,3407872,3235.0718340090243,14280.6416015625
47,0.6689453125,0.6689453125,kl,0.6689453125,,,,,0,{},16,8,2,1,"[8,2,1]","[512,2048,8192]",5503193088,3.0,9872.5078125,82816598016,,,8,8,"{""type"":""mixed_depth_quantization"",""sequential_mode"":""none"",""joint_mutation_mode"":""standard"",""parent_before_generation_hash"":""102a04f4fbef87a5016be702e27d4c1b19ffc4597a06cc14e51e22d9a68925fb"",""parent_after_generation_hash"":""b1aa078aa4a585e9dbcfc4d06b8060afb8f0621c17f2009a71ea9199ea4336de"",""generated_offspring_by_type"":{""depth"":6,""quantization"":10,""joint_aware"":0,""interaction_aware"":0,""sequential_quantization"":0,""fixed_quant_depth"":0,""component crossover"":0,""component crossover + repair"":0,""layer bundle crossover"":0,""layer bundle crossover + repair"":0},""depth_mask_entries_changed_by_type"":{""depth"":18,""quantization"":0,""joint_aware"":0,""interaction_aware"":0,""sequential_quantization"":0,""fixed_quant_depth"":0,""component crossover"":0,""component crossover + repair"":0,""layer bundle crossover"":0,""layer bundle crossover + repair"":0},""quant_assignments_changed_by_type"":{""depth"":2,""quantization"":20,""joint_aware"":0,""interaction_aware"":0,""sequential_quantization"":0,""fixed_quant_depth"":0,""component crossover"":0,""component crossover + repair"":0,""layer bundle crossover"":0,""layer bundle crossover + repair"":0},""depth_mask_entries_changed_total"":18,""quant_assignments_changed_total"":22,""interaction_aware_details"":{""budget_repair_quant_changes"":0,""preferred_quant_exchanges_used"":0,""fallback_quant_exchanges_used"":0},""crossover_diagnostics"":{""crossover_type"":""component"",""crossover_parent_selection"":""uniform"",""crossover_offspring"":0,""crossover_offspring_accepted"":0,""mutation_offspring_accepted"":16,""mutation_offspring"":16,""crossover_offspring_attempted"":0,""crossover_duplicates"":0,""crossover_infeasible_candidates"":0,""crossover_repair_changed_gene_count"":0,""crossover_repaired_proposals"":0,""parent_distance_mean"":null,""parent_distance_min"":null,""parent_distance_max"":null,""child_distance_from_parent_a_mean"":null,""child_distance_from_parent_b_mean"":null,""layers_from_parent_a_mean"":null,""layers_from_parent_b_mean"":null,""crossover_no_legal_exchange"":0,""local_exchange_attention"":0,""local_exchange_mlp"":0,""local_exchange_quantization"":0,""local_exchange_block"":0,""child_distance_from_base_mean"":null,""child_distance_from_base_min"":null,""child_distance_from_base_max"":null,""child_distance_from_base_count"":0,""child_distance_from_donor_mean"":null,""child_distance_from_donor_min"":null,""child_distance_from_donor_max"":null,""child_distance_from_donor_count"":0,""donor_distance_reduction_mean"":null,""donor_distance_reduction_min"":null,""donor_distance_reduction_max"":null,""donor_distance_reduction_count"":0,""local_exchange_changed_gene_count_mean"":null,""local_exchange_changed_gene_count_min"":null,""local_exchange_changed_gene_count_max"":null,""local_exchange_changed_gene_count_count"":0,""child_distance_statistics_scope"":""accepted_unique_crossover_offspring"",""persistent_population_size"":4,""unique_population_size"":4,""best_population_fitness"":0.6689453125,""configured_survivors_per_selection"":[8,2,1],""effective_survivors_per_selection"":[8,2,4],""effective_final_survivor_count"":4},""offspring_generation"":{""attempts"":16,""no_op_mutations"":0,""duplicate_candidates"":0,""infeasible_candidates"":0,""fixed_quant_legal_swap_counts"":[]},""maximum_depth_mutations_per_offspring"":3,""quantization_step_size"":1,""quantization_mutations_per_offspring"":1,""joint_aware_probability"":0.0,""adaptive_mutation"":false,""adaptive_mutation_strength"":1,""adaptive_mutation_patience"":3,""adaptive_mutation_max_strength"":3,""coarse_to_fine_mutation"":false,""coarse_to_fine_start_strength"":3,""coarse_to_fine_end_strength"":1,""stagnation_generations_after_selection"":0}",quantization,True,16,16,8,6,8192,16384,49152,1442,3481600,3288.8643675330095,14280.6416015625
48,0.66943359375,0.6689453125,kl,0.66943359375,,,,,0,{},16,8,2,1,"[8,2,1]","[512,2048,8192]",5503193088,3.0,9872.5078125,82816598016,,,8,8,"{""type"":""mixed_depth_quantization"",""sequential_mode"":""none"",""joint_mutation_mode"":""standard"",""parent_before_generation_hash"":""b1aa078aa4a585e9dbcfc4d06b8060afb8f0621c17f2009a71ea9199ea4336de"",""parent_after_generation_hash"":""102a04f4fbef87a5016be702e27d4c1b19ffc4597a06cc14e51e22d9a68925fb"",""generated_offspring_by_type"":{""depth"":6,""quantization"":10,""joint_aware"":0,""interaction_aware"":0,""sequential_quantization"":0,""fixed_quant_depth"":0,""component crossover"":0,""component crossover + repair"":0,""layer bundle crossover"":0,""layer bundle crossover + repair"":0},""depth_mask_entries_changed_by_type"":{""depth"":20,""quantization"":0,""joint_aware"":0,""interaction_aware"":0,""sequential_quantization"":0,""fixed_quant_depth"":0,""component crossover"":0,""component crossover + repair"":0,""layer bundle crossover"":0,""layer bundle crossover + repair"":0},""quant_assignments_changed_by_type"":{""depth"":3,""quantization"":20,""joint_aware"":0,""interaction_aware"":0,""sequential_quantization"":0,""fixed_quant_depth"":0,""component crossover"":0,""component crossover + repair"":0,""layer bundle crossover"":0,""layer bundle crossover + repair"":0},""depth_mask_entries_changed_total"":20,""quant_assignments_changed_total"":23,""interaction_aware_details"":{""budget_repair_quant_changes"":0,""preferred_quant_exchanges_used"":0,""fallback_quant_exchanges_used"":0},""crossover_diagnostics"":{""crossover_type"":""component"",""crossover_parent_selection"":""uniform"",""crossover_offspring"":0,""crossover_offspring_accepted"":0,""mutation_offspring_accepted"":16,""mutation_offspring"":16,""crossover_offspring_attempted"":0,""crossover_duplicates"":0,""crossover_infeasible_candidates"":0,""crossover_repair_changed_gene_count"":0,""crossover_repaired_proposals"":0,""parent_distance_mean"":null,""parent_distance_min"":null,""parent_distance_max"":null,""child_distance_from_parent_a_mean"":null,""child_distance_from_parent_b_mean"":null,""layers_from_parent_a_mean"":null,""layers_from_parent_b_mean"":null,""crossover_no_legal_exchange"":0,""local_exchange_attention"":0,""local_exchange_mlp"":0,""local_exchange_quantization"":0,""local_exchange_block"":0,""child_distance_from_base_mean"":null,""child_distance_from_base_min"":null,""child_distance_from_base_max"":null,""child_distance_from_base_count"":0,""child_distance_from_donor_mean"":null,""child_distance_from_donor_min"":null,""child_distance_from_donor_max"":null,""child_distance_from_donor_count"":0,""donor_distance_reduction_mean"":null,""donor_distance_reduction_min"":null,""donor_distance_reduction_max"":null,""donor_distance_reduction_count"":0,""local_exchange_changed_gene_count_mean"":null,""local_exchange_changed_gene_count_min"":null,""local_exchange_changed_gene_count_max"":null,""local_exchange_changed_gene_count_count"":0,""child_distance_statistics_scope"":""accepted_unique_crossover_offspring"",""persistent_population_size"":4,""unique_population_size"":4,""best_population_fitness"":0.66943359375,""configured_survivors_per_selection"":[8,2,1],""effective_survivors_per_selection"":[8,2,4],""effective_final_survivor_count"":4},""offspring_generation"":{""attempts"":16,""no_op_mutations"":0,""duplicate_candidates"":0,""infeasible_candidates"":0,""fixed_quant_legal_swap_counts"":[]},""maximum_depth_mutations_per_offspring"":3,""quantization_step_size"":1,""quantization_mutations_per_offspring"":1,""joint_aware_probability"":0.0,""adaptive_mutation"":false,""adaptive_mutation_strength"":1,""adaptive_mutation_patience"":3,""adaptive_mutation_max_strength"":3,""coarse_to_fine_mutation"":false,""coarse_to_fine_start_strength"":3,""coarse_to_fine_end_strength"":1,""stagnation_generations_after_selection"":0}",parent,True,16,16,8,6,8192,16384,49152,1472,3555328,3343.632279916026,14280.6416015625
49,0.66845703125,0.66943359375,kl,0.66845703125,,,,,0,{},16,8,2,1,"[8,2,1]","[512,2048,8192]",5503193088,3.0,9872.5078125,82816598016,,,8,8,"{""type"":""mixed_depth_quantization"",""sequential_mode"":""none"",""joint_mutation_mode"":""standard"",""parent_before_generation_hash"":""102a04f4fbef87a5016be702e27d4c1b19ffc4597a06cc14e51e22d9a68925fb"",""parent_after_generation_hash"":""1a88c2c4538bbd4bdfb5faaf8c3d2fb664be3379295454cd862f7ceffa30a5ee"",""generated_offspring_by_type"":{""depth"":10,""quantization"":6,""joint_aware"":0,""interaction_aware"":0,""sequential_quantization"":0,""fixed_quant_depth"":0,""component crossover"":0,""component crossover + repair"":0,""layer bundle crossover"":0,""layer bundle crossover + repair"":0},""depth_mask_entries_changed_by_type"":{""depth"":24,""quantization"":0,""joint_aware"":0,""interaction_aware"":0,""sequential_quantization"":0,""fixed_quant_depth"":0,""component crossover"":0,""component crossover + repair"":0,""layer bundle crossover"":0,""layer bundle crossover + repair"":0},""quant_assignments_changed_by_type"":{""depth"":2,""quantization"":12,""joint_aware"":0,""interaction_aware"":0,""sequential_quantization"":0,""fixed_quant_depth"":0,""component crossover"":0,""component crossover + repair"":0,""layer bundle crossover"":0,""layer bundle crossover + repair"":0},""depth_mask_entries_changed_total"":24,""quant_assignments_changed_total"":14,""interaction_aware_details"":{""budget_repair_quant_changes"":0,""preferred_quant_exchanges_used"":0,""fallback_quant_exchanges_used"":0},""crossover_diagnostics"":{""crossover_type"":""component"",""crossover_parent_selection"":""uniform"",""crossover_offspring"":0,""crossover_offspring_accepted"":0,""mutation_offspring_accepted"":16,""mutation_offspring"":16,""crossover_offspring_attempted"":0,""crossover_duplicates"":0,""crossover_infeasible_candidates"":0,""crossover_repair_changed_gene_count"":0,""crossover_repaired_proposals"":0,""parent_distance_mean"":null,""parent_distance_min"":null,""parent_distance_max"":null,""child_distance_from_parent_a_mean"":null,""child_distance_from_parent_b_mean"":null,""layers_from_parent_a_mean"":null,""layers_from_parent_b_mean"":null,""crossover_no_legal_exchange"":0,""local_exchange_attention"":0,""local_exchange_mlp"":0,""local_exchange_quantization"":0,""local_exchange_block"":0,""child_distance_from_base_mean"":null,""child_distance_from_base_min"":null,""child_distance_from_base_max"":null,""child_distance_from_base_count"":0,""child_distance_from_donor_mean"":null,""child_distance_from_donor_min"":null,""child_distance_from_donor_max"":null,""child_distance_from_donor_count"":0,""donor_distance_reduction_mean"":null,""donor_distance_reduction_min"":null,""donor_distance_reduction_max"":null,""donor_distance_reduction_count"":0,""local_exchange_changed_gene_count_mean"":null,""local_exchange_changed_gene_count_min"":null,""local_exchange_changed_gene_count_max"":null,""local_exchange_changed_gene_count_count"":0,""child_distance_statistics_scope"":""accepted_unique_crossover_offspring"",""persistent_population_size"":4,""unique_population_size"":4,""best_population_fitness"":0.66845703125,""configured_survivors_per_selection"":[8,2,1],""effective_survivors_per_selection"":[8,2,4],""effective_final_survivor_count"":4},""offspring_generation"":{""attempts"":16,""no_op_mutations"":0,""duplicate_candidates"":0,""infeasible_candidates"":0,""fixed_quant_legal_swap_counts"":[]},""maximum_depth_mutations_per_offspring"":3,""quantization_step_size"":1,""quantization_mutations_per_offspring"":1,""joint_aware_probability"":0.0,""adaptive_mutation"":false,""adaptive_mutation_strength"":1,""adaptive_mutation_patience"":3,""adaptive_mutation_max_strength"":3,""coarse_to_fine_mutation"":false,""coarse_to_fine_start_strength"":3,""coarse_to_fine_end_strength"":1,""stagnation_generations_after_selection"":0}",quantization,True,16,16,8,6,8192,16384,49152,1502,3629056,3396.8604700370342,14280.6416015625
50,0.66748046875,0.66845703125,kl,0.66748046875,,,,,0,{},16,8,2,1,"[8,2,1]","[512,2048,8192]",5503193088,3.0,9872.5078125,82816598016,,,8,8,"{""type"":""mixed_depth_quantization"",""sequential_mode"":""none"",""joint_mutation_mode"":""standard"",""parent_before_generation_hash"":""1a88c2c4538bbd4bdfb5faaf8c3d2fb664be3379295454cd862f7ceffa30a5ee"",""parent_after_generation_hash"":""1a88c2c4538bbd4bdfb5faaf8c3d2fb664be3379295454cd862f7ceffa30a5ee"",""generated_offspring_by_type"":{""depth"":9,""quantization"":7,""joint_aware"":0,""interaction_aware"":0,""sequential_quantization"":0,""fixed_quant_depth"":0,""component crossover"":0,""component crossover + repair"":0,""layer bundle crossover"":0,""layer bundle crossover + repair"":0},""depth_mask_entries_changed_by_type"":{""depth"":32,""quantization"":0,""joint_aware"":0,""interaction_aware"":0,""sequential_quantization"":0,""fixed_quant_depth"":0,""component crossover"":0,""component crossover + repair"":0,""layer bundle crossover"":0,""layer bundle crossover + repair"":0},""quant_assignments_changed_by_type"":{""depth"":6,""quantization"":14,""joint_aware"":0,""interaction_aware"":0,""sequential_quantization"":0,""fixed_quant_depth"":0,""component crossover"":0,""component crossover + repair"":0,""layer bundle crossover"":0,""layer bundle crossover + repair"":0},""depth_mask_entries_changed_total"":32,""quant_assignments_changed_total"":20,""interaction_aware_details"":{""budget_repair_quant_changes"":0,""preferred_quant_exchanges_used"":0,""fallback_quant_exchanges_used"":0},""crossover_diagnostics"":{""crossover_type"":""component"",""crossover_parent_selection"":""uniform"",""crossover_offspring"":0,""crossover_offspring_accepted"":0,""mutation_offspring_accepted"":16,""mutation_offspring"":16,""crossover_offspring_attempted"":0,""crossover_duplicates"":0,""crossover_infeasible_candidates"":0,""crossover_repair_changed_gene_count"":0,""crossover_repaired_proposals"":0,""parent_distance_mean"":null,""parent_distance_min"":null,""parent_distance_max"":null,""child_distance_from_parent_a_mean"":null,""child_distance_from_parent_b_mean"":null,""layers_from_parent_a_mean"":null,""layers_from_parent_b_mean"":null,""crossover_no_legal_exchange"":0,""local_exchange_attention"":0,""local_exchange_mlp"":0,""local_exchange_quantization"":0,""local_exchange_block"":0,""child_distance_from_base_mean"":null,""child_distance_from_base_min"":null,""child_distance_from_base_max"":null,""child_distance_from_base_count"":0,""child_distance_from_donor_mean"":null,""child_distance_from_donor_min"":null,""child_distance_from_donor_max"":null,""child_distance_from_donor_count"":0,""donor_distance_reduction_mean"":null,""donor_distance_reduction_min"":null,""donor_distance_reduction_max"":null,""donor_distance_reduction_count"":0,""local_exchange_changed_gene_count_mean"":null,""local_exchange_changed_gene_count_min"":null,""local_exchange_changed_gene_count_max"":null,""local_exchange_changed_gene_count_count"":0,""child_distance_statistics_scope"":""accepted_unique_crossover_offspring"",""persistent_population_size"":4,""unique_population_size"":4,""best_population_fitness"":0.66748046875,""configured_survivors_per_selection"":[8,2,1],""effective_survivors_per_selection"":[8,2,4],""effective_final_survivor_count"":4},""offspring_generation"":{""attempts"":16,""no_op_mutations"":0,""duplicate_candidates"":0,""infeasible_candidates"":0,""fixed_quant_legal_swap_counts"":[]},""maximum_depth_mutations_per_offspring"":3,""quantization_step_size"":1,""quantization_mutations_per_offspring"":1,""joint_aware_probability"":0.0,""adaptive_mutation"":false,""adaptive_mutation_strength"":1,""adaptive_mutation_patience"":3,""adaptive_mutation_max_strength"":3,""coarse_to_fine_mutation"":false,""coarse_to_fine_start_strength"":3,""coarse_to_fine_end_strength"":1,""stagnation_generations_after_selection"":1}",parent,False,16,16,8,6,8192,16384,49152,1532,3702784,3453.1952194600017,14280.6416015625
